NUEVO_ID,ATSEG_first,Model_Prediction,Match
3,SEG_A,SEG_A,True
11,SEG_A,SEG_A,True
18,SEG_A,SEG_B,False
19,SEG_A,SEG_A,True
20,SEG_A,SEG_A,True
21,SEG_B,SEG_A,False
22,SEG_A,SEG_A,True
23,SEG_A,SEG_A,True
24,SEG_A,SEG_A,True
27,SEG_A,SEG_A,True
31,SEG_B,SEG_A,False
34,SEG_A,SEG_A,True
37,SEG_A,SEG_A,True
42,SEG_A,SEG_A,True
47,SEG_A,SEG_A,True
58,SEG_B,SEG_B,True
62,SEG_A,SEG_A,True
63,SEG_A,SEG_A,True
64,SEG_A,SEG_A,True
66,SEG_A,SEG_A,True
67,SEG_A,SEG_A,True
68,SEG_B,SEG_B,True
69,SEG_B,SEG_B,True
75,SEG_A,SEG_A,True
76,SEG_A,SEG_A,True
77,SEG_A,SEG_B,False
78,SEG_A,SEG_A,True
79,SEG_A,SEG_A,True
81,SEG_A,SEG_A,True
83,SEG_A,SEG_A,True
84,SEG_A,SEG_A,True
87,SEG_A,SEG_A,True
88,SEG_A,SEG_A,True
90,SEG_A,SEG_A,True
91,SEG_A,SEG_A,True
92,SEG_B,SEG_C,False
95,SEG_C,SEG_A,False
96,SEG_A,SEG_B,False
99,SEG_B,SEG_B,True
100,SEG_A,SEG_A,True
107,SEG_B,SEG_A,False
109,SEG_B,SEG_B,True
110,SEG_B,SEG_B,True
111,SEG_B,SEG_B,True
113,SEG_A,SEG_A,True
116,SEG_A,SEG_A,True
117,SEG_A,SEG_A,True
119,SEG_A,SEG_A,True
121,SEG_A,SEG_A,True
123,SEG_A,SEG_A,True
124,SEG_A,SEG_A,True
125,SEG_B,SEG_A,False
128,SEG_C,SEG_A,False
129,SEG_B,SEG_B,True
130,SEG_A,SEG_A,True
131,SEG_C,SEG_C,True
132,SEG_A,SEG_A,True
134,SEG_B,SEG_A,False
135,SEG_A,SEG_A,True
136,SEG_A,SEG_A,True
137,SEG_B,SEG_B,True
138,SEG_C,SEG_C,True
140,SEG_A,SEG_A,True
141,SEG_A,SEG_A,True
142,SEG_A,SEG_A,True
145,SEG_B,SEG_B,True
149,SEG_A,SEG_A,True
151,SEG_A,SEG_C,False
153,SEG_A,SEG_B,False
156,SEG_A,SEG_A,True
159,SEG_B,SEG_B,True
162,SEG_A,SEG_A,True
163,SEG_B,SEG_C,False
168,SEG_B,SEG_A,False
169,SEG_B,SEG_B,True
170,SEG_A,SEG_A,True
173,SEG_A,SEG_A,True
174,SEG_A,SEG_A,True
176,SEG_A,SEG_A,True
178,SEG_A,SEG_A,True
181,SEG_A,SEG_A,True
182,SEG_B,SEG_B,True
183,SEG_C,SEG_C,True
187,SEG_A,SEG_A,True
189,SEG_A,SEG_A,True
195,SEG_A,SEG_A,True
197,SEG_B,SEG_A,False
199,SEG_A,SEG_A,True
200,SEG_A,SEG_A,True
205,SEG_C,SEG_B,False
208,SEG_B,SEG_B,True
209,SEG_A,SEG_B,False
212,SEG_A,SEG_B,False
213,SEG_A,SEG_A,True
214,SEG_B,SEG_B,True
216,SEG_C,SEG_A,False
217,SEG_B,SEG_A,False
218,SEG_B,SEG_C,False
220,SEG_B,SEG_B,True
221,SEG_A,SEG_A,True
223,SEG_A,SEG_A,True
225,SEG_B,SEG_A,False
226,SEG_B,SEG_B,True
227,SEG_A,SEG_A,True
228,SEG_A,SEG_A,True
229,SEG_A,SEG_A,True
231,SEG_A,SEG_A,True
232,SEG_A,SEG_A,True
233,SEG_B,SEG_B,True
234,SEG_A,SEG_A,True
235,SEG_A,SEG_A,True
236,SEG_A,SEG_A,True
237,SEG_A,SEG_A,True
241,SEG_C,SEG_A,False
246,SEG_A,SEG_A,True
247,SEG_A,SEG_A,True
248,SEG_A,SEG_A,True
249,SEG_A,SEG_A,True
250,SEG_A,SEG_A,True
251,SEG_A,SEG_A,True
257,SEG_C,SEG_B,False
258,SEG_C,SEG_C,True
260,SEG_B,SEG_B,True
263,SEG_A,SEG_A,True
266,SEG_A,SEG_A,True
267,SEG_C,SEG_A,False
268,SEG_A,SEG_A,True
269,SEG_A,SEG_A,True
276,SEG_B,SEG_A,False
277,SEG_C,SEG_B,False
279,SEG_B,SEG_B,True
280,SEG_A,SEG_A,True
281,SEG_A,SEG_A,True
283,SEG_A,SEG_A,True
284,SEG_B,SEG_B,True
285,SEG_B,SEG_A,False
286,SEG_A,SEG_A,True
288,SEG_B,SEG_B,True
289,SEG_A,SEG_A,True
291,SEG_A,SEG_A,True
293,SEG_A,SEG_A,True
295,SEG_C,SEG_A,False
296,SEG_A,SEG_A,True
297,SEG_A,SEG_A,True
298,SEG_A,SEG_A,True
299,SEG_A,SEG_A,True
301,SEG_A,SEG_A,True
302,SEG_C,SEG_A,False
303,SEG_A,SEG_A,True
305,SEG_A,SEG_A,True
306,SEG_A,SEG_A,True
307,SEG_A,SEG_A,True
308,SEG_A,SEG_B,False
310,SEG_B,SEG_A,False
311,SEG_A,SEG_A,True
312,SEG_B,SEG_B,True
317,SEG_B,SEG_A,False
318,SEG_A,SEG_A,True
319,SEG_A,SEG_A,True
320,SEG_A,SEG_A,True
321,SEG_B,SEG_A,False
322,SEG_A,SEG_A,True
323,SEG_B,SEG_A,False
324,SEG_A,SEG_A,True
325,SEG_B,SEG_B,True
326,SEG_A,SEG_A,True
328,SEG_B,SEG_B,True
329,SEG_C,SEG_A,False
331,SEG_A,SEG_A,True
332,SEG_B,SEG_A,False
333,SEG_A,SEG_A,True
334,SEG_A,SEG_A,True
335,SEG_A,SEG_A,True
336,SEG_B,SEG_B,True
337,SEG_C,SEG_A,False
341,SEG_A,SEG_A,True
343,SEG_B,SEG_A,False
345,SEG_A,SEG_A,True
346,SEG_A,SEG_B,False
347,SEG_B,SEG_A,False
348,SEG_C,SEG_A,False
349,SEG_B,SEG_B,True
350,SEG_A,SEG_A,True
352,SEG_A,SEG_A,True
353,SEG_A,SEG_B,False
354,SEG_B,SEG_B,True
355,SEG_A,SEG_B,False
356,SEG_A,SEG_A,True
357,SEG_A,SEG_A,True
358,SEG_B,SEG_B,True
359,SEG_B,SEG_A,False
361,SEG_C,SEG_C,True
362,SEG_C,SEG_B,False
368,SEG_B,SEG_B,True
369,SEG_A,SEG_A,True
370,SEG_A,SEG_A,True
371,SEG_A,SEG_A,True
372,SEG_B,SEG_A,False
373,SEG_A,SEG_A,True
374,SEG_A,SEG_A,True
376,SEG_A,SEG_A,True
377,SEG_A,SEG_A,True
378,SEG_A,SEG_A,True
379,SEG_A,SEG_A,True
380,SEG_B,SEG_A,False
381,SEG_A,SEG_A,True
382,SEG_B,SEG_A,False
383,SEG_C,SEG_A,False
384,SEG_A,SEG_A,True
385,SEG_A,SEG_A,True
386,SEG_A,SEG_A,True
387,SEG_B,SEG_A,False
388,SEG_A,SEG_A,True
389,SEG_A,SEG_A,True
391,SEG_C,SEG_C,True
392,SEG_A,SEG_A,True
394,SEG_A,SEG_A,True
395,SEG_A,SEG_A,True
396,SEG_A,SEG_A,True
397,SEG_A,SEG_A,True
398,SEG_C,SEG_A,False
399,SEG_C,SEG_A,False
400,SEG_B,SEG_B,True
401,SEG_A,SEG_A,True
402,SEG_A,SEG_C,False
404,SEG_A,SEG_A,True
405,SEG_A,SEG_A,True
406,SEG_A,SEG_A,True
407,SEG_B,SEG_B,True
408,SEG_C,SEG_A,False
409,SEG_A,SEG_A,True
410,SEG_A,SEG_A,True
411,SEG_A,SEG_A,True
416,SEG_A,SEG_A,True
417,SEG_C,SEG_B,False
419,SEG_B,SEG_A,False
420,SEG_B,SEG_B,True
422,SEG_C,SEG_B,False
423,SEG_A,SEG_A,True
424,SEG_B,SEG_B,True
425,SEG_A,SEG_A,True
426,SEG_A,SEG_A,True
427,SEG_A,SEG_A,True
429,SEG_A,SEG_A,True
430,SEG_C,SEG_A,False
432,SEG_B,SEG_B,True
434,SEG_A,SEG_A,True
436,SEG_C,SEG_B,False
437,SEG_B,SEG_A,False
438,SEG_A,SEG_A,True
443,SEG_B,SEG_A,False
444,SEG_A,SEG_A,True
446,SEG_B,SEG_A,False
447,SEG_B,SEG_A,False
448,SEG_A,SEG_A,True
449,SEG_C,SEG_A,False
450,SEG_A,SEG_A,True
451,SEG_A,SEG_A,True
452,SEG_B,SEG_A,False
453,SEG_A,SEG_A,True
454,SEG_C,SEG_A,False
455,SEG_A,SEG_A,True
456,SEG_A,SEG_A,True
458,SEG_A,SEG_A,True
459,SEG_B,SEG_B,True
460,SEG_A,SEG_A,True
461,SEG_B,SEG_B,True
463,SEG_A,SEG_A,True
464,SEG_C,SEG_A,False
466,SEG_B,SEG_B,True
467,SEG_A,SEG_A,True
468,SEG_A,SEG_A,True
469,SEG_A,SEG_A,True
470,SEG_A,SEG_A,True
471,SEG_A,SEG_A,True
472,SEG_B,SEG_B,True
473,SEG_B,SEG_A,False
474,SEG_A,SEG_A,True
476,SEG_A,SEG_A,True
477,SEG_A,SEG_A,True
478,SEG_A,SEG_A,True
479,SEG_C,SEG_C,True
480,SEG_A,SEG_A,True
482,SEG_A,SEG_A,True
484,SEG_B,SEG_A,False
486,SEG_C,SEG_C,True
487,SEG_A,SEG_A,True
488,SEG_A,SEG_A,True
489,SEG_A,SEG_A,True
490,SEG_A,SEG_A,True
491,SEG_A,SEG_A,True
493,SEG_A,SEG_A,True
494,SEG_B,SEG_B,True
495,SEG_A,SEG_A,True
496,SEG_B,SEG_B,True
497,SEG_C,SEG_A,False
498,SEG_B,SEG_B,True
499,SEG_A,SEG_A,True
501,SEG_B,SEG_B,True
503,SEG_A,SEG_A,True
504,SEG_B,SEG_B,True
505,SEG_A,SEG_A,True
506,SEG_A,SEG_A,True
507,SEG_A,SEG_A,True
508,SEG_B,SEG_A,False
509,SEG_A,SEG_A,True
511,SEG_A,SEG_A,True
512,SEG_A,SEG_A,True
513,SEG_B,SEG_B,True
514,SEG_A,SEG_A,True
515,SEG_C,SEG_B,False
516,SEG_B,SEG_A,False
517,SEG_C,SEG_B,False
518,SEG_B,SEG_B,True
520,SEG_A,SEG_A,True
521,SEG_A,SEG_A,True
522,SEG_B,SEG_A,False
523,SEG_A,SEG_A,True
524,SEG_A,SEG_A,True
525,SEG_A,SEG_A,True
527,SEG_B,SEG_A,False
528,SEG_A,SEG_A,True
529,SEG_A,SEG_A,True
530,SEG_B,SEG_B,True
531,SEG_C,SEG_A,False
532,SEG_B,SEG_B,True
533,SEG_B,SEG_B,True
535,SEG_A,SEG_A,True
536,SEG_A,SEG_A,True
537,SEG_C,SEG_A,False
538,SEG_C,SEG_B,False
540,SEG_A,SEG_A,True
542,SEG_B,SEG_A,False
543,SEG_A,SEG_A,True
545,SEG_C,SEG_C,True
546,SEG_B,SEG_A,False
549,SEG_A,SEG_A,True
550,SEG_A,SEG_A,True
551,SEG_A,SEG_A,True
552,SEG_B,SEG_B,True
554,SEG_A,SEG_A,True
555,SEG_A,SEG_A,True
556,SEG_A,SEG_A,True
557,SEG_A,SEG_A,True
558,SEG_B,SEG_B,True
559,SEG_A,SEG_A,True
561,SEG_B,SEG_B,True
562,SEG_A,SEG_A,True
563,SEG_A,SEG_A,True
564,SEG_C,SEG_A,False
565,SEG_A,SEG_A,True
566,SEG_C,SEG_B,False
567,SEG_C,SEG_A,False
568,SEG_B,SEG_A,False
569,SEG_B,SEG_B,True
571,SEG_A,SEG_A,True
572,SEG_B,SEG_B,True
575,SEG_A,SEG_A,True
576,SEG_A,SEG_A,True
577,SEG_A,SEG_A,True
578,SEG_A,SEG_A,True
579,SEG_A,SEG_B,False
580,SEG_A,SEG_A,True
582,SEG_A,SEG_A,True
583,SEG_A,SEG_A,True
584,SEG_A,SEG_A,True
585,SEG_B,SEG_B,True
586,SEG_B,SEG_A,False
587,SEG_A,SEG_A,True
588,SEG_C,SEG_B,False
591,SEG_C,SEG_B,False
594,SEG_A,SEG_A,True
595,SEG_A,SEG_B,False
596,SEG_A,SEG_B,False
597,SEG_B,SEG_B,True
598,SEG_B,SEG_B,True
600,SEG_C,SEG_B,False
601,SEG_A,SEG_A,True
602,SEG_B,SEG_B,True
603,SEG_A,SEG_A,True
604,SEG_C,SEG_A,False
605,SEG_A,SEG_A,True
606,SEG_B,SEG_B,True
607,SEG_A,SEG_A,True
608,SEG_A,SEG_A,True
609,SEG_B,SEG_B,True
610,SEG_A,SEG_A,True
612,SEG_A,SEG_A,True
613,SEG_A,SEG_A,True
614,SEG_A,SEG_A,True
615,SEG_C,SEG_C,True
618,SEG_A,SEG_A,True
622,SEG_A,SEG_A,True
623,SEG_B,SEG_B,True
626,SEG_A,SEG_A,True
627,SEG_A,SEG_A,True
628,SEG_C,SEG_A,False
629,SEG_A,SEG_A,True
630,SEG_B,SEG_B,True
631,SEG_C,SEG_A,False
632,SEG_B,SEG_B,True
633,SEG_A,SEG_A,True
634,SEG_A,SEG_A,True
636,SEG_A,SEG_A,True
637,SEG_A,SEG_A,True
639,SEG_B,SEG_A,False
642,SEG_A,SEG_A,True
643,SEG_A,SEG_A,True
644,SEG_B,SEG_B,True
645,SEG_A,SEG_A,True
646,SEG_B,SEG_A,False
647,SEG_A,SEG_A,True
648,SEG_B,SEG_C,False
649,SEG_A,SEG_A,True
650,SEG_B,SEG_B,True
651,SEG_A,SEG_A,True
652,SEG_B,SEG_A,False
653,SEG_A,SEG_A,True
654,SEG_A,SEG_B,False
655,SEG_A,SEG_A,True
657,SEG_B,SEG_B,True
658,SEG_A,SEG_A,True
659,SEG_A,SEG_B,False
660,SEG_A,SEG_A,True
661,SEG_A,SEG_A,True
662,SEG_A,SEG_A,True
663,SEG_A,SEG_A,True
664,SEG_A,SEG_A,True
665,SEG_A,SEG_A,True
666,SEG_A,SEG_A,True
667,SEG_B,SEG_B,True
668,SEG_C,SEG_A,False
671,SEG_A,SEG_A,True
672,SEG_A,SEG_A,True
673,SEG_A,SEG_A,True
675,SEG_B,SEG_B,True
676,SEG_C,SEG_A,False
679,SEG_B,SEG_B,True
680,SEG_A,SEG_A,True
682,SEG_A,SEG_A,True
683,SEG_C,SEG_C,True
685,SEG_B,SEG_B,True
686,SEG_A,SEG_A,True
687,SEG_A,SEG_A,True
688,SEG_B,SEG_B,True
689,SEG_C,SEG_C,True
690,SEG_A,SEG_A,True
691,SEG_B,SEG_B,True
692,SEG_B,SEG_B,True
694,SEG_C,SEG_C,True
697,SEG_A,SEG_A,True
698,SEG_B,SEG_A,False
699,SEG_A,SEG_A,True
702,SEG_A,SEG_A,True
703,SEG_C,SEG_B,False
705,SEG_A,SEG_A,True
706,SEG_B,SEG_A,False
707,SEG_A,SEG_B,False
712,SEG_A,SEG_A,True
713,SEG_A,SEG_A,True
714,SEG_A,SEG_A,True
717,SEG_A,SEG_A,True
718,SEG_A,SEG_A,True
719,SEG_A,SEG_A,True
720,SEG_B,SEG_B,True
721,SEG_B,SEG_B,True
722,SEG_A,SEG_A,True
723,SEG_A,SEG_A,True
725,SEG_A,SEG_A,True
727,SEG_A,SEG_A,True
729,SEG_A,SEG_A,True
730,SEG_A,SEG_A,True
731,SEG_C,SEG_B,False
732,SEG_A,SEG_A,True
733,SEG_A,SEG_A,True
734,SEG_A,SEG_A,True
735,SEG_B,SEG_B,True
736,SEG_A,SEG_A,True
737,SEG_A,SEG_A,True
739,SEG_A,SEG_A,True
740,SEG_A,SEG_A,True
741,SEG_A,SEG_A,True
742,SEG_A,SEG_A,True
743,SEG_A,SEG_A,True
745,SEG_A,SEG_A,True
746,SEG_A,SEG_A,True
747,SEG_A,SEG_A,True
748,SEG_A,SEG_A,True
750,SEG_B,SEG_B,True
752,SEG_A,SEG_A,True
753,SEG_C,SEG_A,False
754,SEG_C,SEG_B,False
755,SEG_A,SEG_A,True
756,SEG_C,SEG_B,False
757,SEG_C,SEG_B,False
758,SEG_B,SEG_A,False
759,SEG_A,SEG_A,True
760,SEG_A,SEG_A,True
762,SEG_B,SEG_B,True
763,SEG_B,SEG_B,True
764,SEG_A,SEG_A,True
765,SEG_A,SEG_A,True
767,SEG_A,SEG_A,True
768,SEG_A,SEG_A,True
769,SEG_A,SEG_A,True
770,SEG_A,SEG_A,True
771,SEG_C,SEG_C,True
772,SEG_B,SEG_B,True
774,SEG_A,SEG_A,True
775,SEG_A,SEG_B,False
776,SEG_A,SEG_A,True
777,SEG_C,SEG_B,False
778,SEG_A,SEG_A,True
779,SEG_B,SEG_B,True
780,SEG_C,SEG_C,True
781,SEG_C,SEG_C,True
782,SEG_A,SEG_A,True
784,SEG_A,SEG_B,False
785,SEG_B,SEG_B,True
786,SEG_A,SEG_A,True
787,SEG_A,SEG_B,False
788,SEG_A,SEG_B,False
790,SEG_C,SEG_C,True
792,SEG_A,SEG_A,True
793,SEG_C,SEG_B,False
794,SEG_B,SEG_B,True
796,SEG_A,SEG_A,True
799,SEG_A,SEG_A,True
800,SEG_B,SEG_B,True
802,SEG_A,SEG_A,True
804,SEG_A,SEG_A,True
805,SEG_C,SEG_C,True
806,SEG_A,SEG_A,True
808,SEG_B,SEG_B,True
809,SEG_A,SEG_A,True
810,SEG_C,SEG_A,False
811,SEG_C,SEG_A,False
813,SEG_C,SEG_A,False
814,SEG_A,SEG_A,True
815,SEG_A,SEG_A,True
816,SEG_C,SEG_A,False
818,SEG_A,SEG_A,True
819,SEG_A,SEG_A,True
820,SEG_B,SEG_A,False
824,SEG_A,SEG_A,True
826,SEG_A,SEG_A,True
827,SEG_B,SEG_B,True
828,SEG_C,SEG_A,False
830,SEG_C,SEG_B,False
831,SEG_A,SEG_A,True
832,SEG_B,SEG_B,True
833,SEG_B,SEG_B,True
834,SEG_A,SEG_A,True
835,SEG_A,SEG_A,True
836,SEG_B,SEG_A,False
837,SEG_C,SEG_B,False
838,SEG_A,SEG_A,True
839,SEG_A,SEG_A,True
840,SEG_A,SEG_A,True
841,SEG_A,SEG_A,True
842,SEG_C,SEG_C,True
844,SEG_A,SEG_A,True
846,SEG_B,SEG_B,True
847,SEG_A,SEG_B,False
849,SEG_C,SEG_A,False
852,SEG_A,SEG_B,False
853,SEG_A,SEG_A,True
854,SEG_A,SEG_A,True
856,SEG_B,SEG_B,True
857,SEG_B,SEG_A,False
858,SEG_A,SEG_A,True
861,SEG_A,SEG_A,True
862,SEG_B,SEG_B,True
863,SEG_B,SEG_B,True
864,SEG_A,SEG_A,True
865,SEG_B,SEG_A,False
866,SEG_B,SEG_B,True
868,SEG_A,SEG_A,True
869,SEG_A,SEG_A,True
870,SEG_B,SEG_B,True
871,SEG_A,SEG_A,True
872,SEG_A,SEG_A,True
873,SEG_B,SEG_A,False
874,SEG_A,SEG_A,True
876,SEG_B,SEG_A,False
877,SEG_A,SEG_B,False
878,SEG_B,SEG_B,True
879,SEG_A,SEG_A,True
880,SEG_A,SEG_A,True
885,SEG_A,SEG_A,True
887,SEG_C,SEG_A,False
888,SEG_A,SEG_A,True
889,SEG_A,SEG_A,True
890,SEG_B,SEG_B,True
891,SEG_B,SEG_A,False
892,SEG_B,SEG_B,True
893,SEG_C,SEG_A,False
895,SEG_B,SEG_B,True
896,SEG_B,SEG_B,True
897,SEG_B,SEG_B,True
898,SEG_B,SEG_B,True
899,SEG_A,SEG_A,True
900,SEG_A,SEG_A,True
901,SEG_A,SEG_A,True
903,SEG_B,SEG_A,False
904,SEG_A,SEG_A,True
905,SEG_A,SEG_A,True
906,SEG_A,SEG_A,True
907,SEG_A,SEG_A,True
909,SEG_A,SEG_A,True
910,SEG_B,SEG_B,True
911,SEG_A,SEG_A,True
913,SEG_A,SEG_A,True
914,SEG_C,SEG_B,False
915,SEG_C,SEG_B,False
916,SEG_A,SEG_A,True
920,SEG_C,SEG_B,False
921,SEG_A,SEG_A,True
923,SEG_B,SEG_B,True
927,SEG_A,SEG_A,True
928,SEG_A,SEG_A,True
929,SEG_A,SEG_A,True
930,SEG_A,SEG_A,True
931,SEG_A,SEG_A,True
933,SEG_C,SEG_B,False
936,SEG_B,SEG_B,True
937,SEG_A,SEG_A,True
938,SEG_A,SEG_A,True
939,SEG_A,SEG_A,True
940,SEG_A,SEG_B,False
941,SEG_A,SEG_A,True
943,SEG_C,SEG_B,False
947,SEG_B,SEG_B,True
949,SEG_A,SEG_A,True
950,SEG_B,SEG_A,False
951,SEG_A,SEG_A,True
952,SEG_A,SEG_A,True
953,SEG_B,SEG_A,False
954,SEG_A,SEG_A,True
956,SEG_A,SEG_A,True
957,SEG_B,SEG_B,True
958,SEG_C,SEG_A,False
959,SEG_C,SEG_A,False
961,SEG_A,SEG_A,True
962,SEG_A,SEG_A,True
963,SEG_B,SEG_A,False
964,SEG_A,SEG_A,True
965,SEG_A,SEG_A,True
966,SEG_A,SEG_A,True
967,SEG_A,SEG_A,True
968,SEG_A,SEG_A,True
969,SEG_A,SEG_B,False
972,SEG_B,SEG_B,True
973,SEG_A,SEG_A,True
974,SEG_A,SEG_A,True
976,SEG_A,SEG_A,True
978,SEG_A,SEG_A,True
979,SEG_A,SEG_A,True
980,SEG_A,SEG_A,True
981,SEG_A,SEG_A,True
982,SEG_A,SEG_A,True
983,SEG_A,SEG_A,True
984,SEG_A,SEG_A,True
985,SEG_A,SEG_A,True
988,SEG_A,SEG_A,True
989,SEG_A,SEG_A,True
990,SEG_A,SEG_A,True
991,SEG_A,SEG_A,True
992,SEG_A,SEG_A,True
993,SEG_A,SEG_A,True
994,SEG_B,SEG_B,True
995,SEG_A,SEG_A,True
996,SEG_A,SEG_A,True
997,SEG_B,SEG_B,True
999,SEG_C,SEG_A,False
1001,SEG_A,SEG_A,True
1003,SEG_B,SEG_B,True
1005,SEG_A,SEG_A,True
1006,SEG_A,SEG_A,True
1007,SEG_A,SEG_A,True
1008,SEG_A,SEG_A,True
1010,SEG_B,SEG_B,True
1011,SEG_A,SEG_A,True
1012,SEG_C,SEG_A,False
1013,SEG_B,SEG_B,True
1014,SEG_A,SEG_A,True
1015,SEG_C,SEG_B,False
1017,SEG_A,SEG_A,True
1018,SEG_A,SEG_A,True
1020,SEG_A,SEG_B,False
1021,SEG_A,SEG_A,True
1023,SEG_B,SEG_B,True
1024,SEG_B,SEG_B,True
1026,SEG_C,SEG_A,False
1027,SEG_A,SEG_A,True
1028,SEG_A,SEG_A,True
1029,SEG_A,SEG_A,True
1030,SEG_A,SEG_A,True
1031,SEG_A,SEG_A,True
1032,SEG_C,SEG_B,False
1033,SEG_A,SEG_A,True
1034,SEG_C,SEG_B,False
1037,SEG_A,SEG_B,False
1038,SEG_B,SEG_A,False
1039,SEG_A,SEG_A,True
1040,SEG_C,SEG_A,False
1041,SEG_A,SEG_A,True
1043,SEG_A,SEG_A,True
1044,SEG_A,SEG_A,True
1045,SEG_A,SEG_B,False
1046,SEG_C,SEG_A,False
1047,SEG_B,SEG_B,True
1049,SEG_A,SEG_A,True
1051,SEG_A,SEG_A,True
1052,SEG_A,SEG_A,True
1053,SEG_A,SEG_A,True
1055,SEG_A,SEG_A,True
1056,SEG_A,SEG_A,True
1057,SEG_A,SEG_B,False
1058,SEG_B,SEG_A,False
1059,SEG_A,SEG_A,True
1060,SEG_A,SEG_A,True
1061,SEG_B,SEG_B,True
1062,SEG_A,SEG_A,True
1064,SEG_B,SEG_A,False
1066,SEG_A,SEG_A,True
1069,SEG_A,SEG_A,True
1070,SEG_C,SEG_A,False
1071,SEG_B,SEG_A,False
1072,SEG_A,SEG_A,True
1073,SEG_B,SEG_B,True
1075,SEG_B,SEG_B,True
1076,SEG_B,SEG_B,True
1077,SEG_B,SEG_B,True
1078,SEG_A,SEG_A,True
1079,SEG_A,SEG_A,True
1080,SEG_A,SEG_A,True
1081,SEG_A,SEG_B,False
1084,SEG_A,SEG_A,True
1085,SEG_B,SEG_A,False
1086,SEG_A,SEG_A,True
1087,SEG_A,SEG_A,True
1088,SEG_A,SEG_A,True
1089,SEG_A,SEG_A,True
1091,SEG_A,SEG_A,True
1093,SEG_C,SEG_C,True
1096,SEG_A,SEG_A,True
1098,SEG_A,SEG_A,True
1100,SEG_C,SEG_A,False
1102,SEG_A,SEG_A,True
1103,SEG_B,SEG_B,True
1104,SEG_A,SEG_B,False
1105,SEG_C,SEG_B,False
1106,SEG_C,SEG_B,False
1107,SEG_A,SEG_A,True
1110,SEG_C,SEG_A,False
1111,SEG_B,SEG_B,True
1112,SEG_A,SEG_A,True
1113,SEG_A,SEG_A,True
1115,SEG_B,SEG_B,True
1116,SEG_A,SEG_A,True
1117,SEG_A,SEG_A,True
1118,SEG_B,SEG_B,True
1119,SEG_A,SEG_B,False
1122,SEG_B,SEG_A,False
1124,SEG_A,SEG_A,True
1126,SEG_A,SEG_A,True
1127,SEG_C,SEG_C,True
1129,SEG_A,SEG_A,True
1130,SEG_A,SEG_A,True
1132,SEG_A,SEG_A,True
1133,SEG_A,SEG_A,True
1134,SEG_A,SEG_A,True
1136,SEG_C,SEG_A,False
1137,SEG_B,SEG_B,True
1139,SEG_A,SEG_A,True
1140,SEG_A,SEG_A,True
1142,SEG_A,SEG_A,True
1143,SEG_A,SEG_A,True
1144,SEG_B,SEG_B,True
1145,SEG_A,SEG_A,True
1147,SEG_B,SEG_A,False
1149,SEG_A,SEG_B,False
1152,SEG_B,SEG_B,True
1154,SEG_C,SEG_B,False
1155,SEG_A,SEG_A,True
1157,SEG_A,SEG_A,True
1158,SEG_B,SEG_A,False
1159,SEG_B,SEG_A,False
1160,SEG_A,SEG_A,True
1161,SEG_A,SEG_A,True
1162,SEG_A,SEG_A,True
1163,SEG_A,SEG_A,True
1164,SEG_B,SEG_B,True
1165,SEG_B,SEG_B,True
1167,SEG_A,SEG_A,True
1168,SEG_C,SEG_A,False
1171,SEG_B,SEG_B,True
1172,SEG_A,SEG_A,True
1173,SEG_A,SEG_A,True
1174,SEG_A,SEG_A,True
1175,SEG_B,SEG_B,True
1176,SEG_B,SEG_A,False
1177,SEG_B,SEG_B,True
1179,SEG_B,SEG_B,True
1180,SEG_B,SEG_B,True
1181,SEG_A,SEG_A,True
1185,SEG_C,SEG_B,False
1186,SEG_A,SEG_A,True
1188,SEG_A,SEG_A,True
1189,SEG_A,SEG_A,True
1191,SEG_B,SEG_A,False
1192,SEG_C,SEG_A,False
1194,SEG_A,SEG_A,True
1195,SEG_C,SEG_B,False
1196,SEG_B,SEG_B,True
1198,SEG_A,SEG_A,True
1199,SEG_A,SEG_A,True
1201,SEG_C,SEG_B,False
1202,SEG_B,SEG_A,False
1204,SEG_C,SEG_A,False
1205,SEG_A,SEG_A,True
1206,SEG_A,SEG_A,True
1208,SEG_C,SEG_A,False
1210,SEG_A,SEG_A,True
1212,SEG_A,SEG_A,True
1213,SEG_A,SEG_A,True
1214,SEG_C,SEG_A,False
1215,SEG_A,SEG_A,True
1216,SEG_B,SEG_A,False
1217,SEG_A,SEG_A,True
1218,SEG_B,SEG_A,False
1219,SEG_A,SEG_A,True
1221,SEG_A,SEG_A,True
1222,SEG_B,SEG_B,True
1223,SEG_A,SEG_A,True
1224,SEG_C,SEG_B,False
1225,SEG_B,SEG_B,True
1227,SEG_A,SEG_A,True
1228,SEG_B,SEG_A,False
1229,SEG_B,SEG_B,True
1230,SEG_B,SEG_B,True
1231,SEG_A,SEG_A,True
1233,SEG_B,SEG_A,False
1234,SEG_A,SEG_A,True
1235,SEG_C,SEG_A,False
1237,SEG_B,SEG_B,True
1238,SEG_A,SEG_A,True
1240,SEG_B,SEG_A,False
1242,SEG_A,SEG_A,True
1243,SEG_A,SEG_A,True
1244,SEG_A,SEG_A,True
1245,SEG_C,SEG_A,False
1246,SEG_B,SEG_A,False
1247,SEG_A,SEG_A,True
1248,SEG_A,SEG_A,True
1249,SEG_C,SEG_A,False
1250,SEG_A,SEG_A,True
1251,SEG_A,SEG_B,False
1253,SEG_C,SEG_C,True
1255,SEG_A,SEG_A,True
1256,SEG_B,SEG_B,True
1257,SEG_C,SEG_B,False
1258,SEG_A,SEG_A,True
1259,SEG_A,SEG_A,True
1262,SEG_C,SEG_A,False
1264,SEG_A,SEG_A,True
1266,SEG_B,SEG_B,True
1267,SEG_B,SEG_A,False
1268,SEG_C,SEG_A,False
1269,SEG_A,SEG_A,True
1270,SEG_B,SEG_B,True
1271,SEG_B,SEG_B,True
1272,SEG_C,SEG_C,True
1273,SEG_A,SEG_A,True
1275,SEG_A,SEG_A,True
1276,SEG_C,SEG_A,False
1277,SEG_B,SEG_B,True
1281,SEG_A,SEG_A,True
1285,SEG_A,SEG_A,True
1286,SEG_A,SEG_A,True
1287,SEG_B,SEG_B,True
1288,SEG_A,SEG_A,True
1289,SEG_A,SEG_A,True
1290,SEG_C,SEG_B,False
1291,SEG_B,SEG_A,False
1292,SEG_B,SEG_B,True
1295,SEG_A,SEG_A,True
1296,SEG_C,SEG_A,False
1297,SEG_C,SEG_C,True
1298,SEG_A,SEG_A,True
1299,SEG_B,SEG_C,False
1300,SEG_A,SEG_A,True
1301,SEG_A,SEG_A,True
1302,SEG_C,SEG_A,False
1304,SEG_B,SEG_B,True
1306,SEG_A,SEG_A,True
1307,SEG_A,SEG_A,True
1308,SEG_B,SEG_A,False
1309,SEG_B,SEG_A,False
1310,SEG_A,SEG_A,True
1311,SEG_C,SEG_C,True
1312,SEG_A,SEG_A,True
1313,SEG_A,SEG_A,True
1315,SEG_B,SEG_B,True
1316,SEG_A,SEG_A,True
1317,SEG_A,SEG_A,True
1318,SEG_B,SEG_A,False
1319,SEG_B,SEG_B,True
1320,SEG_A,SEG_A,True
1322,SEG_A,SEG_A,True
1323,SEG_A,SEG_A,True
1324,SEG_B,SEG_A,False
1325,SEG_A,SEG_A,True
1326,SEG_B,SEG_B,True
1327,SEG_A,SEG_A,True
1328,SEG_B,SEG_B,True
1330,SEG_B,SEG_B,True
1331,SEG_C,SEG_A,False
1332,SEG_C,SEG_B,False
1333,SEG_B,SEG_B,True
1334,SEG_A,SEG_A,True
1335,SEG_C,SEG_A,False
1336,SEG_A,SEG_A,True
1337,SEG_A,SEG_A,True
1338,SEG_C,SEG_A,False
1339,SEG_A,SEG_A,True
1340,SEG_A,SEG_B,False
1341,SEG_B,SEG_B,True
1342,SEG_A,SEG_A,True
1343,SEG_C,SEG_A,False
1344,SEG_B,SEG_A,False
1345,SEG_B,SEG_A,False
1346,SEG_A,SEG_A,True
1348,SEG_B,SEG_B,True
1349,SEG_A,SEG_A,True
1350,SEG_A,SEG_A,True
1351,SEG_A,SEG_A,True
1353,SEG_A,SEG_A,True
1355,SEG_A,SEG_A,True
1357,SEG_A,SEG_A,True
1362,SEG_C,SEG_B,False
1363,SEG_A,SEG_A,True
1364,SEG_C,SEG_C,True
1365,SEG_A,SEG_A,True
1366,SEG_B,SEG_A,False
1367,SEG_A,SEG_A,True
1368,SEG_B,SEG_A,False
1369,SEG_A,SEG_A,True
1370,SEG_C,SEG_C,True
1371,SEG_A,SEG_A,True
1372,SEG_B,SEG_B,True
1373,SEG_B,SEG_B,True
1374,SEG_C,SEG_A,False
1375,SEG_A,SEG_A,True
1376,SEG_A,SEG_A,True
1377,SEG_A,SEG_A,True
1378,SEG_A,SEG_A,True
1379,SEG_A,SEG_A,True
1380,SEG_A,SEG_A,True
1381,SEG_A,SEG_A,True
1383,SEG_B,SEG_B,True
1384,SEG_A,SEG_A,True
1385,SEG_B,SEG_B,True
1387,SEG_C,SEG_B,False
1389,SEG_A,SEG_A,True
1390,SEG_A,SEG_A,True
1391,SEG_A,SEG_A,True
1394,SEG_B,SEG_B,True
1395,SEG_A,SEG_A,True
1396,SEG_A,SEG_A,True
1398,SEG_B,SEG_B,True
1399,SEG_A,SEG_A,True
1401,SEG_B,SEG_A,False
1402,SEG_A,SEG_A,True
1403,SEG_B,SEG_B,True
1404,SEG_A,SEG_A,True
1405,SEG_C,SEG_B,False
1406,SEG_A,SEG_A,True
1407,SEG_A,SEG_A,True
1409,SEG_A,SEG_A,True
1410,SEG_A,SEG_A,True
1411,SEG_A,SEG_A,True
1412,SEG_A,SEG_A,True
1413,SEG_C,SEG_A,False
1414,SEG_B,SEG_B,True
1415,SEG_B,SEG_B,True
1416,SEG_A,SEG_B,False
1417,SEG_A,SEG_A,True
1418,SEG_A,SEG_A,True
1420,SEG_B,SEG_B,True
1421,SEG_A,SEG_A,True
1422,SEG_A,SEG_A,True
1423,SEG_A,SEG_B,False
1426,SEG_B,SEG_B,True
1428,SEG_A,SEG_A,True
1429,SEG_A,SEG_A,True
1430,SEG_A,SEG_A,True
1432,SEG_C,SEG_B,False
1434,SEG_C,SEG_A,False
1435,SEG_A,SEG_A,True
1438,SEG_B,SEG_A,False
1439,SEG_B,SEG_B,True
1440,SEG_A,SEG_A,True
1441,SEG_B,SEG_B,True
1442,SEG_A,SEG_A,True
1443,SEG_B,SEG_B,True
1444,SEG_A,SEG_A,True
1446,SEG_A,SEG_A,True
1448,SEG_B,SEG_A,False
1450,SEG_B,SEG_A,False
1452,SEG_C,SEG_A,False
1453,SEG_C,SEG_B,False
1454,SEG_C,SEG_A,False
1455,SEG_A,SEG_B,False
1456,SEG_A,SEG_A,True
1457,SEG_A,SEG_A,True
1462,SEG_A,SEG_A,True
1463,SEG_A,SEG_A,True
1464,SEG_B,SEG_A,False
1466,SEG_C,SEG_A,False
1467,SEG_B,SEG_B,True
1469,SEG_A,SEG_A,True
1470,SEG_A,SEG_A,True
1473,SEG_A,SEG_A,True
1474,SEG_A,SEG_A,True
1475,SEG_C,SEG_B,False
1476,SEG_B,SEG_C,False
1477,SEG_B,SEG_B,True
1478,SEG_A,SEG_A,True
1479,SEG_C,SEG_C,True
1482,SEG_B,SEG_B,True
1484,SEG_A,SEG_A,True
1485,SEG_A,SEG_A,True
1487,SEG_A,SEG_A,True
1488,SEG_B,SEG_A,False
1489,SEG_A,SEG_B,False
1490,SEG_A,SEG_A,True
1491,SEG_C,SEG_B,False
1493,SEG_C,SEG_A,False
1494,SEG_A,SEG_A,True
1496,SEG_A,SEG_A,True
1497,SEG_B,SEG_B,True
1499,SEG_A,SEG_A,True
1500,SEG_A,SEG_A,True
1501,SEG_B,SEG_B,True
1504,SEG_B,SEG_A,False
1505,SEG_A,SEG_A,True
1506,SEG_B,SEG_C,False
1507,SEG_B,SEG_A,False
1508,SEG_A,SEG_A,True
1509,SEG_B,SEG_A,False
1510,SEG_B,SEG_B,True
1511,SEG_A,SEG_A,True
1512,SEG_A,SEG_A,True
1513,SEG_A,SEG_A,True
1514,SEG_B,SEG_B,True
1515,SEG_B,SEG_B,True
1516,SEG_A,SEG_A,True
1517,SEG_B,SEG_A,False
1518,SEG_A,SEG_A,True
1521,SEG_B,SEG_A,False
1522,SEG_B,SEG_B,True
1524,SEG_A,SEG_A,True
1525,SEG_C,SEG_B,False
1526,SEG_A,SEG_A,True
1527,SEG_B,SEG_A,False
1528,SEG_B,SEG_A,False
1529,SEG_A,SEG_A,True
1530,SEG_A,SEG_A,True
1531,SEG_A,SEG_A,True
1534,SEG_A,SEG_A,True
1535,SEG_A,SEG_A,True
1536,SEG_A,SEG_A,True
1537,SEG_B,SEG_C,False
1538,SEG_C,SEG_B,False
1540,SEG_A,SEG_A,True
1541,SEG_A,SEG_A,True
1543,SEG_B,SEG_A,False
1544,SEG_A,SEG_A,True
1546,SEG_B,SEG_B,True
1548,SEG_B,SEG_A,False
1549,SEG_A,SEG_A,True
1550,SEG_B,SEG_A,False
1551,SEG_A,SEG_A,True
1552,SEG_B,SEG_B,True
1553,SEG_A,SEG_A,True
1554,SEG_A,SEG_A,True
1555,SEG_A,SEG_A,True
1556,SEG_A,SEG_A,True
1557,SEG_A,SEG_A,True
1559,SEG_A,SEG_A,True
1560,SEG_A,SEG_A,True
1561,SEG_A,SEG_A,True
1563,SEG_B,SEG_B,True
1564,SEG_A,SEG_A,True
1565,SEG_B,SEG_A,False
1566,SEG_B,SEG_A,False
1567,SEG_B,SEG_B,True
1568,SEG_A,SEG_A,True
1569,SEG_A,SEG_A,True
1570,SEG_A,SEG_A,True
1572,SEG_B,SEG_B,True
1573,SEG_A,SEG_A,True
1575,SEG_B,SEG_A,False
1576,SEG_B,SEG_B,True
1577,SEG_C,SEG_A,False
1578,SEG_A,SEG_A,True
1579,SEG_A,SEG_A,True
1580,SEG_A,SEG_A,True
1582,SEG_A,SEG_A,True
1586,SEG_A,SEG_A,True
1587,SEG_C,SEG_A,False
1588,SEG_A,SEG_A,True
1589,SEG_A,SEG_A,True
1590,SEG_B,SEG_B,True
1592,SEG_C,SEG_A,False
1593,SEG_B,SEG_B,True
1594,SEG_B,SEG_A,False
1595,SEG_A,SEG_A,True
1596,SEG_C,SEG_A,False
1598,SEG_B,SEG_A,False
1599,SEG_A,SEG_A,True
1600,SEG_A,SEG_A,True
1601,SEG_B,SEG_A,False
1602,SEG_A,SEG_A,True
1603,SEG_B,SEG_A,False
1605,SEG_A,SEG_A,True
1609,SEG_A,SEG_A,True
1610,SEG_A,SEG_A,True
1611,SEG_C,SEG_A,False
1612,SEG_A,SEG_A,True
1613,SEG_C,SEG_A,False
1614,SEG_C,SEG_B,False
1615,SEG_A,SEG_B,False
1616,SEG_C,SEG_A,False
1617,SEG_C,SEG_B,False
1618,SEG_B,SEG_A,False
1619,SEG_A,SEG_A,True
1620,SEG_A,SEG_A,True
1621,SEG_C,SEG_A,False
1622,SEG_C,SEG_A,False
1623,SEG_C,SEG_B,False
1624,SEG_A,SEG_A,True
1625,SEG_B,SEG_B,True
1627,SEG_A,SEG_A,True
1628,SEG_B,SEG_B,True
1630,SEG_A,SEG_A,True
1631,SEG_B,SEG_B,True
1632,SEG_A,SEG_A,True
1634,SEG_A,SEG_A,True
1635,SEG_B,SEG_A,False
1637,SEG_A,SEG_B,False
1638,SEG_A,SEG_A,True
1639,SEG_B,SEG_B,True
1640,SEG_A,SEG_A,True
1641,SEG_A,SEG_A,True
1642,SEG_A,SEG_A,True
1643,SEG_C,SEG_B,False
1644,SEG_B,SEG_B,True
1645,SEG_A,SEG_A,True
1646,SEG_A,SEG_A,True
1647,SEG_A,SEG_A,True
1648,SEG_B,SEG_B,True
1649,SEG_A,SEG_A,True
1651,SEG_A,SEG_A,True
1652,SEG_B,SEG_B,True
1654,SEG_C,SEG_A,False
1655,SEG_A,SEG_A,True
1656,SEG_C,SEG_B,False
1657,SEG_A,SEG_A,True
1658,SEG_A,SEG_A,True
1659,SEG_B,SEG_B,True
1660,SEG_A,SEG_A,True
1661,SEG_A,SEG_A,True
1662,SEG_A,SEG_A,True
1663,SEG_C,SEG_A,False
1666,SEG_C,SEG_A,False
1667,SEG_A,SEG_A,True
1668,SEG_C,SEG_A,False
1670,SEG_B,SEG_A,False
1671,SEG_A,SEG_A,True
1672,SEG_C,SEG_B,False
1673,SEG_B,SEG_B,True
1674,SEG_B,SEG_B,True
1675,SEG_A,SEG_A,True
1678,SEG_B,SEG_B,True
1679,SEG_B,SEG_A,False
1680,SEG_B,SEG_B,True
1681,SEG_A,SEG_A,True
1682,SEG_B,SEG_B,True
1683,SEG_C,SEG_B,False
1684,SEG_C,SEG_C,True
1687,SEG_B,SEG_B,True
1689,SEG_B,SEG_A,False
1690,SEG_B,SEG_B,True
1691,SEG_B,SEG_B,True
1692,SEG_B,SEG_A,False
1693,SEG_A,SEG_A,True
1694,SEG_C,SEG_B,False
1695,SEG_A,SEG_A,True
1696,SEG_B,SEG_A,False
1697,SEG_A,SEG_A,True
1699,SEG_A,SEG_B,False
1700,SEG_A,SEG_A,True
1701,SEG_C,SEG_A,False
1702,SEG_C,SEG_C,True
1703,SEG_A,SEG_A,True
1704,SEG_A,SEG_A,True
1705,SEG_A,SEG_A,True
1707,SEG_A,SEG_A,True
1709,SEG_A,SEG_A,True
1710,SEG_C,SEG_A,False
1711,SEG_C,SEG_A,False
1712,SEG_A,SEG_A,True
1713,SEG_A,SEG_A,True
1714,SEG_A,SEG_A,True
1715,SEG_A,SEG_A,True
1716,SEG_B,SEG_A,False
1717,SEG_C,SEG_A,False
1720,SEG_A,SEG_A,True
1721,SEG_A,SEG_A,True
1722,SEG_C,SEG_C,True
1723,SEG_B,SEG_A,False
1724,SEG_A,SEG_A,True
1726,SEG_B,SEG_A,False
1732,SEG_A,SEG_B,False
1733,SEG_B,SEG_B,True
1734,SEG_A,SEG_B,False
1735,SEG_B,SEG_B,True
1736,SEG_B,SEG_B,True
1737,SEG_C,SEG_B,False
1738,SEG_C,SEG_A,False
1739,SEG_A,SEG_A,True
1740,SEG_A,SEG_A,True
1741,SEG_A,SEG_B,False
1742,SEG_C,SEG_A,False
1743,SEG_C,SEG_A,False
1744,SEG_B,SEG_B,True
1745,SEG_A,SEG_A,True
1746,SEG_B,SEG_B,True
1748,SEG_A,SEG_A,True
1749,SEG_A,SEG_A,True
1750,SEG_B,SEG_B,True
1751,SEG_A,SEG_A,True
1754,SEG_C,SEG_A,False
1756,SEG_C,SEG_C,True
1759,SEG_A,SEG_A,True
1760,SEG_B,SEG_B,True
1761,SEG_A,SEG_A,True
1762,SEG_A,SEG_A,True
1763,SEG_A,SEG_A,True
1764,SEG_A,SEG_A,True
1765,SEG_C,SEG_A,False
1766,SEG_B,SEG_A,False
1767,SEG_A,SEG_A,True
1769,SEG_A,SEG_A,True
1770,SEG_A,SEG_A,True
1771,SEG_B,SEG_B,True
1772,SEG_B,SEG_A,False
1774,SEG_C,SEG_B,False
1775,SEG_A,SEG_A,True
1776,SEG_A,SEG_A,True
1778,SEG_A,SEG_A,True
1779,SEG_C,SEG_A,False
1781,SEG_C,SEG_A,False
1783,SEG_B,SEG_B,True
1785,SEG_A,SEG_A,True
1786,SEG_A,SEG_A,True
1787,SEG_B,SEG_C,False
1788,SEG_A,SEG_A,True
1790,SEG_A,SEG_A,True
1791,SEG_A,SEG_B,False
1792,SEG_C,SEG_B,False
1793,SEG_B,SEG_B,True
1796,SEG_A,SEG_A,True
1797,SEG_A,SEG_A,True
1798,SEG_A,SEG_A,True
1799,SEG_A,SEG_A,True
1800,SEG_C,SEG_A,False
1801,SEG_C,SEG_B,False
1803,SEG_C,SEG_C,True
1804,SEG_A,SEG_A,True
1805,SEG_B,SEG_B,True
1806,SEG_A,SEG_A,True
1808,SEG_B,SEG_A,False
1809,SEG_A,SEG_A,True
1810,SEG_A,SEG_A,True
1811,SEG_A,SEG_A,True
1812,SEG_C,SEG_A,False
1813,SEG_A,SEG_A,True
1814,SEG_C,SEG_A,False
1815,SEG_B,SEG_A,False
1816,SEG_B,SEG_B,True
1818,SEG_A,SEG_A,True
1820,SEG_B,SEG_B,True
1821,SEG_B,SEG_B,True
1822,SEG_A,SEG_A,True
1824,SEG_A,SEG_A,True
1825,SEG_B,SEG_B,True
1827,SEG_C,SEG_B,False
1828,SEG_C,SEG_B,False
1829,SEG_B,SEG_A,False
1830,SEG_A,SEG_A,True
1831,SEG_A,SEG_A,True
1832,SEG_A,SEG_A,True
1833,SEG_C,SEG_C,True
1834,SEG_B,SEG_A,False
1835,SEG_A,SEG_A,True
1836,SEG_A,SEG_A,True
1837,SEG_A,SEG_A,True
1838,SEG_A,SEG_A,True
1839,SEG_B,SEG_B,True
1840,SEG_B,SEG_B,True
1841,SEG_B,SEG_B,True
1842,SEG_A,SEG_A,True
1843,SEG_A,SEG_A,True
1845,SEG_A,SEG_A,True
1846,SEG_A,SEG_A,True
1848,SEG_C,SEG_B,False
1849,SEG_A,SEG_A,True
1850,SEG_A,SEG_A,True
1851,SEG_C,SEG_A,False
1852,SEG_B,SEG_B,True
1853,SEG_A,SEG_A,True
1854,SEG_A,SEG_B,False
1855,SEG_A,SEG_A,True
1858,SEG_A,SEG_A,True
1859,SEG_A,SEG_A,True
1860,SEG_B,SEG_A,False
1861,SEG_A,SEG_A,True
1862,SEG_A,SEG_A,True
1863,SEG_A,SEG_A,True
1864,SEG_B,SEG_B,True
1865,SEG_B,SEG_A,False
1867,SEG_B,SEG_A,False
1868,SEG_A,SEG_A,True
1869,SEG_C,SEG_A,False
1870,SEG_A,SEG_A,True
1871,SEG_C,SEG_A,False
1874,SEG_C,SEG_B,False
1875,SEG_A,SEG_A,True
1876,SEG_A,SEG_A,True
1877,SEG_A,SEG_A,True
1878,SEG_A,SEG_A,True
1879,SEG_C,SEG_C,True
1880,SEG_A,SEG_A,True
1883,SEG_A,SEG_A,True
1884,SEG_C,SEG_B,False
1886,SEG_B,SEG_B,True
1887,SEG_A,SEG_A,True
1888,SEG_C,SEG_C,True
1889,SEG_A,SEG_A,True
1890,SEG_C,SEG_B,False
1893,SEG_A,SEG_A,True
1894,SEG_A,SEG_A,True
1895,SEG_A,SEG_A,True
1896,SEG_A,SEG_A,True
1898,SEG_A,SEG_A,True
1900,SEG_A,SEG_A,True
1901,SEG_A,SEG_A,True
1902,SEG_A,SEG_A,True
1903,SEG_A,SEG_A,True
1904,SEG_C,SEG_B,False
1905,SEG_A,SEG_A,True
1906,SEG_A,SEG_A,True
1908,SEG_C,SEG_C,True
1909,SEG_A,SEG_A,True
1912,SEG_A,SEG_A,True
1913,SEG_A,SEG_A,True
1914,SEG_C,SEG_A,False
1915,SEG_B,SEG_A,False
1916,SEG_B,SEG_B,True
1917,SEG_C,SEG_A,False
1918,SEG_B,SEG_C,False
1919,SEG_B,SEG_B,True
1921,SEG_A,SEG_A,True
1922,SEG_C,SEG_A,False
1924,SEG_A,SEG_A,True
1925,SEG_C,SEG_C,True
1926,SEG_C,SEG_B,False
1927,SEG_B,SEG_B,True
1928,SEG_B,SEG_B,True
1929,SEG_C,SEG_A,False
1930,SEG_C,SEG_A,False
1933,SEG_A,SEG_A,True
1934,SEG_A,SEG_A,True
1935,SEG_C,SEG_B,False
1937,SEG_A,SEG_A,True
1939,SEG_A,SEG_A,True
1940,SEG_B,SEG_A,False
1941,SEG_B,SEG_B,True
1943,SEG_A,SEG_A,True
1944,SEG_B,SEG_B,True
1945,SEG_B,SEG_B,True
1947,SEG_B,SEG_B,True
1948,SEG_A,SEG_A,True
1949,SEG_A,SEG_A,True
1950,SEG_A,SEG_A,True
1952,SEG_A,SEG_A,True
1953,SEG_B,SEG_B,True
1954,SEG_B,SEG_B,True
1955,SEG_B,SEG_B,True
1957,SEG_B,SEG_A,False
1958,SEG_A,SEG_A,True
1959,SEG_B,SEG_B,True
1960,SEG_A,SEG_A,True
1962,SEG_A,SEG_A,True
1963,SEG_B,SEG_B,True
1964,SEG_A,SEG_A,True
1965,SEG_A,SEG_A,True
1966,SEG_C,SEG_A,False
1967,SEG_A,SEG_A,True
1968,SEG_B,SEG_B,True
1969,SEG_B,SEG_B,True
1970,SEG_A,SEG_A,True
1971,SEG_B,SEG_B,True
1973,SEG_B,SEG_B,True
1974,SEG_B,SEG_A,False
1975,SEG_A,SEG_A,True
1976,SEG_A,SEG_A,True
1977,SEG_B,SEG_B,True
1978,SEG_B,SEG_B,True
1979,SEG_A,SEG_A,True
1980,SEG_A,SEG_A,True
1981,SEG_A,SEG_A,True
1982,SEG_A,SEG_A,True
1983,SEG_A,SEG_A,True
1984,SEG_A,SEG_A,True
1986,SEG_B,SEG_B,True
1987,SEG_C,SEG_A,False
1988,SEG_B,SEG_A,False
1989,SEG_A,SEG_A,True
1990,SEG_B,SEG_B,True
1991,SEG_C,SEG_B,False
1993,SEG_A,SEG_A,True
1994,SEG_A,SEG_A,True
1995,SEG_A,SEG_C,False
1996,SEG_B,SEG_A,False
1997,SEG_A,SEG_A,True
1998,SEG_B,SEG_B,True
1999,SEG_C,SEG_A,False
2000,SEG_C,SEG_A,False
2002,SEG_A,SEG_A,True
2004,SEG_B,SEG_B,True
2005,SEG_A,SEG_B,False
2006,SEG_A,SEG_B,False
2007,SEG_C,SEG_A,False
2008,SEG_A,SEG_A,True
2009,SEG_C,SEG_A,False
2010,SEG_C,SEG_A,False
2011,SEG_A,SEG_A,True
2013,SEG_A,SEG_A,True
2014,SEG_A,SEG_A,True
2015,SEG_B,SEG_A,False
2016,SEG_B,SEG_C,False
2017,SEG_A,SEG_A,True
2018,SEG_C,SEG_B,False
2019,SEG_A,SEG_A,True
2020,SEG_A,SEG_A,True
2021,SEG_A,SEG_A,True
2022,SEG_C,SEG_A,False
2024,SEG_B,SEG_B,True
2026,SEG_A,SEG_A,True
2027,SEG_A,SEG_A,True
2028,SEG_A,SEG_A,True
2029,SEG_A,SEG_A,True
2030,SEG_A,SEG_A,True
2031,SEG_A,SEG_B,False
2032,SEG_A,SEG_A,True
2033,SEG_A,SEG_A,True
2034,SEG_C,SEG_A,False
2036,SEG_C,SEG_B,False
2038,SEG_A,SEG_A,True
2040,SEG_B,SEG_B,True
2041,SEG_B,SEG_A,False
2043,SEG_C,SEG_B,False
2044,SEG_A,SEG_A,True
2046,SEG_A,SEG_A,True
2047,SEG_A,SEG_A,True
2048,SEG_A,SEG_A,True
2049,SEG_B,SEG_A,False
2053,SEG_C,SEG_A,False
2054,SEG_A,SEG_A,True
2056,SEG_A,SEG_A,True
2057,SEG_B,SEG_A,False
2058,SEG_A,SEG_A,True
2059,SEG_A,SEG_A,True
2063,SEG_B,SEG_B,True
2064,SEG_C,SEG_A,False
2065,SEG_B,SEG_A,False
2066,SEG_A,SEG_A,True
2067,SEG_C,SEG_A,False
2068,SEG_A,SEG_B,False
2069,SEG_B,SEG_A,False
2071,SEG_A,SEG_A,True
2072,SEG_A,SEG_A,True
2074,SEG_A,SEG_A,True
2076,SEG_A,SEG_A,True
2077,SEG_A,SEG_A,True
2078,SEG_C,SEG_B,False
2079,SEG_C,SEG_A,False
2080,SEG_A,SEG_A,True
2081,SEG_A,SEG_A,True
2082,SEG_A,SEG_B,False
2084,SEG_A,SEG_A,True
2085,SEG_A,SEG_A,True
2086,SEG_B,SEG_A,False
2087,SEG_B,SEG_B,True
2088,SEG_B,SEG_A,False
2090,SEG_A,SEG_A,True
2091,SEG_A,SEG_A,True
2092,SEG_A,SEG_A,True
2094,SEG_A,SEG_A,True
2095,SEG_C,SEG_B,False
2097,SEG_A,SEG_A,True
2098,SEG_B,SEG_B,True
2100,SEG_A,SEG_A,True
2101,SEG_A,SEG_A,True
2102,SEG_B,SEG_B,True
2103,SEG_B,SEG_A,False
2105,SEG_A,SEG_A,True
2106,SEG_B,SEG_A,False
2107,SEG_A,SEG_A,True
2109,SEG_C,SEG_A,False
2110,SEG_A,SEG_B,False
2111,SEG_A,SEG_A,True
2115,SEG_C,SEG_B,False
2116,SEG_A,SEG_A,True
2117,SEG_B,SEG_B,True
2118,SEG_A,SEG_A,True
2120,SEG_A,SEG_A,True
2121,SEG_A,SEG_A,True
2124,SEG_C,SEG_A,False
2125,SEG_B,SEG_A,False
2127,SEG_B,SEG_B,True
2128,SEG_B,SEG_A,False
2129,SEG_A,SEG_A,True
2130,SEG_B,SEG_B,True
2131,SEG_A,SEG_A,True
2134,SEG_A,SEG_B,False
2135,SEG_B,SEG_B,True
2136,SEG_C,SEG_B,False
2137,SEG_A,SEG_A,True
2138,SEG_B,SEG_B,True
2139,SEG_B,SEG_B,True
2142,SEG_A,SEG_A,True
2143,SEG_A,SEG_A,True
2145,SEG_B,SEG_B,True
2146,SEG_A,SEG_A,True
2147,SEG_A,SEG_A,True
2148,SEG_C,SEG_B,False
2149,SEG_A,SEG_A,True
2150,SEG_B,SEG_A,False
2152,SEG_C,SEG_A,False
2153,SEG_A,SEG_A,True
2154,SEG_A,SEG_A,True
2155,SEG_A,SEG_A,True
2157,SEG_A,SEG_A,True
2158,SEG_A,SEG_A,True
2159,SEG_A,SEG_A,True
2160,SEG_A,SEG_B,False
2162,SEG_A,SEG_B,False
2164,SEG_C,SEG_B,False
2165,SEG_A,SEG_A,True
2166,SEG_C,SEG_B,False
2168,SEG_C,SEG_C,True
2169,SEG_A,SEG_B,False
2170,SEG_A,SEG_A,True
2171,SEG_A,SEG_A,True
2172,SEG_A,SEG_A,True
2174,SEG_A,SEG_B,False
2175,SEG_A,SEG_A,True
2176,SEG_A,SEG_A,True
2177,SEG_B,SEG_B,True
2178,SEG_C,SEG_A,False
2180,SEG_B,SEG_B,True
2184,SEG_C,SEG_B,False
2185,SEG_A,SEG_A,True
2186,SEG_B,SEG_A,False
2188,SEG_B,SEG_B,True
2189,SEG_A,SEG_A,True
2190,SEG_B,SEG_B,True
2192,SEG_C,SEG_A,False
2193,SEG_A,SEG_B,False
2194,SEG_B,SEG_A,False
2195,SEG_A,SEG_A,True
2196,SEG_A,SEG_A,True
2197,SEG_B,SEG_B,True
2198,SEG_A,SEG_A,True
2199,SEG_C,SEG_B,False
2200,SEG_B,SEG_A,False
2201,SEG_A,SEG_A,True
2202,SEG_A,SEG_A,True
2203,SEG_C,SEG_B,False
2204,SEG_A,SEG_A,True
2205,SEG_A,SEG_A,True
2206,SEG_A,SEG_A,True
2207,SEG_A,SEG_B,False
2208,SEG_A,SEG_A,True
2209,SEG_B,SEG_A,False
2210,SEG_B,SEG_B,True
2212,SEG_A,SEG_A,True
2213,SEG_B,SEG_B,True
2214,SEG_B,SEG_A,False
2215,SEG_A,SEG_A,True
2216,SEG_C,SEG_C,True
2217,SEG_A,SEG_A,True
2218,SEG_A,SEG_A,True
2219,SEG_A,SEG_A,True
2220,SEG_B,SEG_B,True
2221,SEG_A,SEG_A,True
2222,SEG_A,SEG_A,True
2223,SEG_C,SEG_B,False
2224,SEG_A,SEG_A,True
2225,SEG_A,SEG_A,True
2226,SEG_A,SEG_B,False
2227,SEG_A,SEG_A,True
2228,SEG_A,SEG_A,True
2229,SEG_C,SEG_C,True
2230,SEG_C,SEG_B,False
2231,SEG_A,SEG_A,True
2232,SEG_A,SEG_A,True
2235,SEG_C,SEG_A,False
2236,SEG_A,SEG_A,True
2238,SEG_A,SEG_A,True
2240,SEG_A,SEG_A,True
2241,SEG_A,SEG_A,True
2242,SEG_A,SEG_A,True
2243,SEG_B,SEG_A,False
2245,SEG_A,SEG_A,True
2246,SEG_A,SEG_A,True
2247,SEG_C,SEG_A,False
2248,SEG_B,SEG_A,False
2250,SEG_A,SEG_A,True
2251,SEG_C,SEG_C,True
2252,SEG_A,SEG_A,True
2253,SEG_C,SEG_A,False
2255,SEG_A,SEG_A,True
2256,SEG_A,SEG_A,True
2257,SEG_B,SEG_A,False
2259,SEG_B,SEG_A,False
2260,SEG_A,SEG_A,True
2262,SEG_A,SEG_A,True
2263,SEG_A,SEG_A,True
2264,SEG_B,SEG_B,True
2265,SEG_A,SEG_A,True
2266,SEG_C,SEG_A,False
2267,SEG_A,SEG_A,True
2268,SEG_B,SEG_B,True
2270,SEG_C,SEG_A,False
2272,SEG_A,SEG_A,True
2273,SEG_B,SEG_B,True
2275,SEG_A,SEG_A,True
2276,SEG_A,SEG_A,True
2277,SEG_A,SEG_A,True
2278,SEG_A,SEG_A,True
2282,SEG_C,SEG_C,True
2283,SEG_B,SEG_A,False
2285,SEG_A,SEG_A,True
2286,SEG_A,SEG_A,True
2287,SEG_A,SEG_A,True
2288,SEG_C,SEG_A,False
2292,SEG_C,SEG_C,True
2293,SEG_A,SEG_A,True
2296,SEG_C,SEG_A,False
2298,SEG_A,SEG_A,True
2300,SEG_A,SEG_A,True
2301,SEG_A,SEG_A,True
2303,SEG_B,SEG_B,True
2305,SEG_B,SEG_A,False
2306,SEG_C,SEG_A,False
2308,SEG_A,SEG_A,True
2309,SEG_A,SEG_A,True
2310,SEG_A,SEG_A,True
2311,SEG_A,SEG_A,True
2313,SEG_A,SEG_A,True
2314,SEG_B,SEG_B,True
2317,SEG_C,SEG_A,False
2318,SEG_A,SEG_A,True
2319,SEG_A,SEG_A,True
2320,SEG_A,SEG_A,True
2321,SEG_A,SEG_B,False
2323,SEG_A,SEG_B,False
2324,SEG_C,SEG_A,False
2326,SEG_A,SEG_A,True
2328,SEG_A,SEG_A,True
2331,SEG_B,SEG_A,False
2332,SEG_C,SEG_B,False
2333,SEG_A,SEG_A,True
2334,SEG_A,SEG_A,True
2336,SEG_A,SEG_A,True
2337,SEG_A,SEG_A,True
2338,SEG_A,SEG_A,True
2339,SEG_A,SEG_A,True
2340,SEG_B,SEG_B,True
2341,SEG_B,SEG_A,False
2342,SEG_A,SEG_A,True
2343,SEG_B,SEG_B,True
2344,SEG_B,SEG_A,False
2345,SEG_B,SEG_B,True
2346,SEG_A,SEG_A,True
2347,SEG_A,SEG_A,True
2348,SEG_A,SEG_A,True
2349,SEG_A,SEG_A,True
2350,SEG_A,SEG_A,True
2351,SEG_A,SEG_A,True
2352,SEG_A,SEG_A,True
2353,SEG_A,SEG_A,True
2354,SEG_C,SEG_A,False
2356,SEG_C,SEG_A,False
2358,SEG_A,SEG_A,True
2359,SEG_B,SEG_B,True
2360,SEG_A,SEG_A,True
2362,SEG_A,SEG_A,True
2363,SEG_A,SEG_A,True
2364,SEG_A,SEG_A,True
2365,SEG_B,SEG_B,True
2366,SEG_A,SEG_A,True
2367,SEG_A,SEG_A,True
2368,SEG_B,SEG_B,True
2369,SEG_A,SEG_A,True
2370,SEG_C,SEG_A,False
2371,SEG_A,SEG_A,True
2372,SEG_B,SEG_B,True
2373,SEG_A,SEG_A,True
2374,SEG_A,SEG_A,True
2375,SEG_C,SEG_B,False
2376,SEG_C,SEG_A,False
2377,SEG_B,SEG_A,False
2378,SEG_A,SEG_A,True
2379,SEG_B,SEG_B,True
2380,SEG_B,SEG_B,True
2381,SEG_A,SEG_A,True
2382,SEG_A,SEG_A,True
2383,SEG_C,SEG_A,False
2384,SEG_C,SEG_A,False
2385,SEG_A,SEG_A,True
2386,SEG_A,SEG_A,True
2388,SEG_A,SEG_A,True
2389,SEG_B,SEG_B,True
2390,SEG_C,SEG_C,True
2391,SEG_B,SEG_B,True
2392,SEG_B,SEG_A,False
2393,SEG_A,SEG_A,True
2395,SEG_A,SEG_A,True
2396,SEG_B,SEG_B,True
2397,SEG_B,SEG_B,True
2399,SEG_A,SEG_A,True
2400,SEG_A,SEG_A,True
2401,SEG_C,SEG_B,False
2402,SEG_A,SEG_A,True
2404,SEG_A,SEG_A,True
2405,SEG_B,SEG_A,False
2407,SEG_A,SEG_A,True
2408,SEG_C,SEG_A,False
2409,SEG_A,SEG_A,True
2411,SEG_B,SEG_B,True
2412,SEG_C,SEG_A,False
2413,SEG_A,SEG_A,True
2414,SEG_B,SEG_A,False
2415,SEG_A,SEG_A,True
2416,SEG_C,SEG_C,True
2417,SEG_A,SEG_A,True
2418,SEG_A,SEG_A,True
2419,SEG_C,SEG_A,False
2420,SEG_A,SEG_A,True
2421,SEG_A,SEG_B,False
2422,SEG_A,SEG_A,True
2423,SEG_A,SEG_B,False
2424,SEG_A,SEG_A,True
2425,SEG_A,SEG_A,True
2426,SEG_B,SEG_B,True
2428,SEG_A,SEG_A,True
2429,SEG_A,SEG_A,True
2430,SEG_A,SEG_A,True
2432,SEG_A,SEG_A,True
2433,SEG_A,SEG_A,True
2434,SEG_A,SEG_A,True
2435,SEG_A,SEG_A,True
2436,SEG_A,SEG_B,False
2437,SEG_A,SEG_A,True
2438,SEG_A,SEG_A,True
2439,SEG_A,SEG_A,True
2441,SEG_B,SEG_B,True
2442,SEG_C,SEG_A,False
2444,SEG_B,SEG_A,False
2445,SEG_A,SEG_A,True
2446,SEG_A,SEG_A,True
2447,SEG_B,SEG_B,True
2448,SEG_A,SEG_A,True
2449,SEG_A,SEG_A,True
2450,SEG_B,SEG_B,True
2451,SEG_A,SEG_A,True
2452,SEG_B,SEG_C,False
2453,SEG_A,SEG_A,True
2454,SEG_A,SEG_A,True
2455,SEG_B,SEG_A,False
2456,SEG_A,SEG_A,True
2457,SEG_B,SEG_B,True
2460,SEG_B,SEG_A,False
2461,SEG_C,SEG_A,False
2463,SEG_B,SEG_A,False
2464,SEG_A,SEG_A,True
2465,SEG_A,SEG_B,False
2466,SEG_A,SEG_A,True
2467,SEG_A,SEG_A,True
2468,SEG_B,SEG_B,True
2469,SEG_C,SEG_A,False
2470,SEG_B,SEG_B,True
2473,SEG_A,SEG_A,True
2474,SEG_B,SEG_B,True
2475,SEG_C,SEG_A,False
2477,SEG_A,SEG_A,True
2479,SEG_A,SEG_A,True
2480,SEG_A,SEG_B,False
2481,SEG_A,SEG_A,True
2482,SEG_A,SEG_A,True
2483,SEG_A,SEG_A,True
2485,SEG_C,SEG_A,False
2486,SEG_A,SEG_A,True
2487,SEG_B,SEG_A,False
2488,SEG_B,SEG_B,True
2491,SEG_C,SEG_A,False
2492,SEG_A,SEG_A,True
2494,SEG_A,SEG_A,True
2497,SEG_C,SEG_B,False
2498,SEG_B,SEG_B,True
2499,SEG_A,SEG_A,True
2500,SEG_A,SEG_A,True
2501,SEG_A,SEG_A,True
2502,SEG_C,SEG_B,False
2503,SEG_A,SEG_A,True
2504,SEG_A,SEG_A,True
2505,SEG_A,SEG_A,True
2507,SEG_C,SEG_C,True
2508,SEG_B,SEG_A,False
2509,SEG_C,SEG_B,False
2510,SEG_B,SEG_B,True
2511,SEG_A,SEG_A,True
2513,SEG_A,SEG_A,True
2515,SEG_A,SEG_A,True
2516,SEG_B,SEG_B,True
2517,SEG_A,SEG_A,True
2518,SEG_A,SEG_A,True
2520,SEG_C,SEG_A,False
2521,SEG_B,SEG_B,True
2522,SEG_A,SEG_A,True
2523,SEG_A,SEG_A,True
2524,SEG_A,SEG_A,True
2525,SEG_A,SEG_A,True
2527,SEG_A,SEG_A,True
2528,SEG_B,SEG_B,True
2530,SEG_A,SEG_A,True
2532,SEG_A,SEG_A,True
2534,SEG_A,SEG_A,True
2536,SEG_C,SEG_A,False
2537,SEG_A,SEG_A,True
2538,SEG_C,SEG_A,False
2539,SEG_B,SEG_B,True
2540,SEG_A,SEG_A,True
2542,SEG_B,SEG_A,False
2543,SEG_A,SEG_A,True
2544,SEG_B,SEG_A,False
2546,SEG_B,SEG_B,True
2548,SEG_A,SEG_A,True
2550,SEG_A,SEG_A,True
2551,SEG_A,SEG_A,True
2552,SEG_A,SEG_A,True
2554,SEG_A,SEG_A,True
2556,SEG_C,SEG_A,False
2557,SEG_C,SEG_A,False
2559,SEG_C,SEG_C,True
2561,SEG_B,SEG_A,False
2562,SEG_A,SEG_A,True
2564,SEG_C,SEG_B,False
2565,SEG_B,SEG_A,False
2566,SEG_B,SEG_A,False
2568,SEG_A,SEG_A,True
2571,SEG_C,SEG_A,False
2572,SEG_A,SEG_A,True
2573,SEG_A,SEG_A,True
2575,SEG_C,SEG_A,False
2576,SEG_A,SEG_A,True
2577,SEG_A,SEG_B,False
2578,SEG_A,SEG_A,True
2581,SEG_C,SEG_A,False
2583,SEG_B,SEG_B,True
2585,SEG_B,SEG_B,True
2586,SEG_A,SEG_A,True
2588,SEG_A,SEG_A,True
2589,SEG_B,SEG_B,True
2590,SEG_A,SEG_A,True
2592,SEG_A,SEG_A,True
2593,SEG_C,SEG_A,False
2594,SEG_A,SEG_A,True
2595,SEG_A,SEG_A,True
2596,SEG_A,SEG_B,False
2597,SEG_C,SEG_A,False
2598,SEG_A,SEG_A,True
2599,SEG_A,SEG_A,True
2600,SEG_A,SEG_A,True
2601,SEG_A,SEG_A,True
2602,SEG_A,SEG_A,True
2603,SEG_C,SEG_A,False
2604,SEG_B,SEG_B,True
2605,SEG_C,SEG_A,False
2606,SEG_B,SEG_B,True
2607,SEG_B,SEG_A,False
2608,SEG_B,SEG_A,False
2609,SEG_C,SEG_B,False
2610,SEG_C,SEG_A,False
2611,SEG_A,SEG_A,True
2612,SEG_B,SEG_B,True
2617,SEG_A,SEG_A,True
2618,SEG_A,SEG_A,True
2619,SEG_C,SEG_C,True
2621,SEG_A,SEG_A,True
2622,SEG_A,SEG_A,True
2624,SEG_B,SEG_A,False
2625,SEG_B,SEG_A,False
2626,SEG_A,SEG_A,True
2627,SEG_B,SEG_B,True
2628,SEG_B,SEG_B,True
2630,SEG_A,SEG_A,True
2631,SEG_A,SEG_A,True
2632,SEG_A,SEG_A,True
2636,SEG_A,SEG_A,True
2637,SEG_B,SEG_B,True
2638,SEG_A,SEG_A,True
2639,SEG_B,SEG_A,False
2640,SEG_C,SEG_A,False
2641,SEG_A,SEG_A,True
2643,SEG_A,SEG_B,False
2644,SEG_A,SEG_A,True
2645,SEG_A,SEG_B,False
2648,SEG_C,SEG_C,True
2650,SEG_C,SEG_C,True
2651,SEG_A,SEG_A,True
2652,SEG_C,SEG_A,False
2653,SEG_C,SEG_C,True
2654,SEG_A,SEG_A,True
2655,SEG_A,SEG_A,True
2656,SEG_A,SEG_A,True
2657,SEG_A,SEG_A,True
2658,SEG_A,SEG_A,True
2659,SEG_A,SEG_A,True
2660,SEG_A,SEG_A,True
2661,SEG_B,SEG_B,True
2662,SEG_A,SEG_A,True
2663,SEG_A,SEG_A,True
2664,SEG_C,SEG_B,False
2665,SEG_B,SEG_B,True
2666,SEG_B,SEG_A,False
2668,SEG_A,SEG_A,True
2669,SEG_A,SEG_A,True
2670,SEG_A,SEG_A,True
2671,SEG_A,SEG_A,True
2673,SEG_B,SEG_A,False
2675,SEG_B,SEG_A,False
2676,SEG_C,SEG_B,False
2677,SEG_A,SEG_A,True
2678,SEG_B,SEG_B,True
2680,SEG_A,SEG_A,True
2681,SEG_C,SEG_A,False
2682,SEG_A,SEG_A,True
2683,SEG_A,SEG_B,False
2688,SEG_C,SEG_A,False
2692,SEG_A,SEG_A,True
2696,SEG_A,SEG_A,True
2697,SEG_B,SEG_B,True
2699,SEG_A,SEG_A,True
2700,SEG_A,SEG_A,True
2701,SEG_A,SEG_A,True
2702,SEG_B,SEG_B,True
2704,SEG_A,SEG_A,True
2705,SEG_B,SEG_B,True
2706,SEG_A,SEG_A,True
2709,SEG_A,SEG_A,True
2710,SEG_B,SEG_B,True
2711,SEG_A,SEG_A,True
2713,SEG_A,SEG_A,True
2714,SEG_B,SEG_A,False
2715,SEG_A,SEG_A,True
2716,SEG_A,SEG_A,True
2717,SEG_A,SEG_A,True
2718,SEG_B,SEG_B,True
2720,SEG_C,SEG_B,False
2722,SEG_C,SEG_B,False
2723,SEG_C,SEG_B,False
2724,SEG_B,SEG_B,True
2725,SEG_A,SEG_A,True
2726,SEG_C,SEG_C,True
2727,SEG_B,SEG_B,True
2728,SEG_B,SEG_B,True
2731,SEG_B,SEG_B,True
2733,SEG_C,SEG_B,False
2734,SEG_A,SEG_A,True
2737,SEG_C,SEG_C,True
2738,SEG_A,SEG_A,True
2739,SEG_B,SEG_B,True
2740,SEG_A,SEG_A,True
2742,SEG_C,SEG_B,False
2743,SEG_B,SEG_A,False
2744,SEG_B,SEG_A,False
2745,SEG_C,SEG_B,False
2746,SEG_B,SEG_A,False
2747,SEG_A,SEG_A,True
2749,SEG_C,SEG_A,False
2750,SEG_B,SEG_B,True
2751,SEG_A,SEG_A,True
2752,SEG_C,SEG_B,False
2754,SEG_C,SEG_A,False
2755,SEG_A,SEG_A,True
2756,SEG_C,SEG_B,False
2758,SEG_B,SEG_A,False
2759,SEG_A,SEG_A,True
2760,SEG_C,SEG_A,False
2761,SEG_C,SEG_A,False
2764,SEG_A,SEG_A,True
2767,SEG_B,SEG_B,True
2768,SEG_B,SEG_B,True
2769,SEG_C,SEG_B,False
2770,SEG_B,SEG_B,True
2771,SEG_A,SEG_A,True
2772,SEG_A,SEG_A,True
2774,SEG_B,SEG_B,True
2775,SEG_B,SEG_A,False
2776,SEG_B,SEG_A,False
2778,SEG_B,SEG_B,True
2779,SEG_A,SEG_A,True
2780,SEG_B,SEG_B,True
2782,SEG_A,SEG_A,True
2783,SEG_C,SEG_C,True
2784,SEG_C,SEG_C,True
2785,SEG_A,SEG_B,False
2787,SEG_A,SEG_A,True
2788,SEG_B,SEG_B,True
2789,SEG_C,SEG_B,False
2791,SEG_A,SEG_A,True
2792,SEG_C,SEG_A,False
2793,SEG_B,SEG_A,False
2794,SEG_A,SEG_A,True
2795,SEG_C,SEG_B,False
2796,SEG_C,SEG_B,False
2797,SEG_A,SEG_A,True
2798,SEG_A,SEG_A,True
2799,SEG_A,SEG_A,True
2800,SEG_B,SEG_A,False
2801,SEG_B,SEG_B,True
2802,SEG_B,SEG_B,True
2804,SEG_B,SEG_B,True
2805,SEG_C,SEG_A,False
2806,SEG_A,SEG_B,False
2807,SEG_B,SEG_B,True
2809,SEG_C,SEG_C,True
2812,SEG_B,SEG_B,True
2813,SEG_B,SEG_A,False
2815,SEG_A,SEG_A,True
2818,SEG_B,SEG_B,True
2819,SEG_C,SEG_A,False
2820,SEG_A,SEG_A,True
2821,SEG_A,SEG_A,True
2822,SEG_B,SEG_A,False
2823,SEG_C,SEG_B,False
2824,SEG_B,SEG_B,True
2825,SEG_C,SEG_A,False
2827,SEG_C,SEG_B,False
2828,SEG_B,SEG_B,True
2829,SEG_A,SEG_A,True
2830,SEG_B,SEG_A,False
2831,SEG_A,SEG_A,True
2832,SEG_A,SEG_A,True
2833,SEG_A,SEG_A,True
2835,SEG_C,SEG_A,False
2837,SEG_A,SEG_A,True
2839,SEG_A,SEG_A,True
2840,SEG_C,SEG_B,False
2841,SEG_B,SEG_A,False
2842,SEG_A,SEG_A,True
2843,SEG_B,SEG_B,True
2844,SEG_A,SEG_A,True
2846,SEG_A,SEG_A,True
2848,SEG_C,SEG_C,True
2849,SEG_A,SEG_A,True
2850,SEG_C,SEG_A,False
2851,SEG_A,SEG_A,True
2852,SEG_A,SEG_A,True
2853,SEG_A,SEG_A,True
2854,SEG_B,SEG_A,False
2855,SEG_C,SEG_C,True
2856,SEG_A,SEG_A,True
2858,SEG_A,SEG_A,True
2859,SEG_A,SEG_A,True
2860,SEG_B,SEG_B,True
2862,SEG_C,SEG_B,False
2863,SEG_A,SEG_A,True
2864,SEG_A,SEG_A,True
2865,SEG_B,SEG_B,True
2866,SEG_A,SEG_A,True
2867,SEG_B,SEG_B,True
2868,SEG_B,SEG_A,False
2869,SEG_A,SEG_A,True
2870,SEG_C,SEG_B,False
2871,SEG_C,SEG_C,True
2872,SEG_B,SEG_A,False
2873,SEG_A,SEG_A,True
2874,SEG_C,SEG_B,False
2875,SEG_C,SEG_A,False
2876,SEG_A,SEG_A,True
2877,SEG_C,SEG_C,True
2878,SEG_A,SEG_A,True
2879,SEG_A,SEG_A,True
2880,SEG_C,SEG_C,True
2881,SEG_B,SEG_A,False
2882,SEG_A,SEG_B,False
2884,SEG_A,SEG_A,True
2885,SEG_B,SEG_A,False
2887,SEG_C,SEG_A,False
2888,SEG_B,SEG_B,True
2889,SEG_C,SEG_B,False
2890,SEG_B,SEG_B,True
2891,SEG_C,SEG_A,False
2892,SEG_C,SEG_A,False
2893,SEG_A,SEG_A,True
2894,SEG_A,SEG_A,True
2895,SEG_B,SEG_A,False
2896,SEG_A,SEG_A,True
2897,SEG_A,SEG_A,True
2898,SEG_A,SEG_B,False
2899,SEG_A,SEG_B,False
2900,SEG_C,SEG_B,False
2901,SEG_A,SEG_A,True
2903,SEG_C,SEG_A,False
2904,SEG_A,SEG_A,True
2905,SEG_C,SEG_B,False
2906,SEG_B,SEG_B,True
2907,SEG_A,SEG_A,True
2908,SEG_B,SEG_A,False
2910,SEG_B,SEG_A,False
2911,SEG_A,SEG_A,True
2912,SEG_A,SEG_B,False
2914,SEG_A,SEG_A,True
2915,SEG_C,SEG_A,False
2917,SEG_A,SEG_C,False
2920,SEG_C,SEG_A,False
2921,SEG_A,SEG_A,True
2922,SEG_B,SEG_B,True
2923,SEG_C,SEG_B,False
2924,SEG_A,SEG_A,True
2927,SEG_A,SEG_A,True
2928,SEG_A,SEG_A,True
2931,SEG_C,SEG_A,False
2932,SEG_C,SEG_A,False
2933,SEG_B,SEG_B,True
2935,SEG_C,SEG_A,False
2936,SEG_B,SEG_B,True
2937,SEG_A,SEG_A,True
2938,SEG_C,SEG_B,False
2939,SEG_B,SEG_B,True
2940,SEG_C,SEG_A,False
2941,SEG_C,SEG_B,False
2942,SEG_A,SEG_A,True
2943,SEG_A,SEG_A,True
2944,SEG_C,SEG_A,False
2949,SEG_A,SEG_A,True
2950,SEG_C,SEG_C,True
2951,SEG_C,SEG_A,False
2952,SEG_A,SEG_A,True
2954,SEG_A,SEG_A,True
2955,SEG_A,SEG_A,True
2956,SEG_A,SEG_A,True
2957,SEG_A,SEG_A,True
2958,SEG_C,SEG_A,False
2959,SEG_B,SEG_A,False
2960,SEG_B,SEG_A,False
2961,SEG_A,SEG_A,True
2962,SEG_B,SEG_B,True
2963,SEG_C,SEG_C,True
2964,SEG_A,SEG_A,True
2965,SEG_B,SEG_B,True
2966,SEG_C,SEG_A,False
2967,SEG_C,SEG_C,True
2968,SEG_A,SEG_A,True
2969,SEG_A,SEG_A,True
2970,SEG_B,SEG_B,True
2973,SEG_A,SEG_A,True
2976,SEG_C,SEG_A,False
2977,SEG_C,SEG_B,False
2978,SEG_A,SEG_A,True
2979,SEG_B,SEG_A,False
2980,SEG_A,SEG_A,True
2981,SEG_A,SEG_A,True
2982,SEG_A,SEG_A,True
2984,SEG_A,SEG_A,True
2985,SEG_A,SEG_A,True
2986,SEG_A,SEG_B,False
2987,SEG_A,SEG_A,True
2988,SEG_B,SEG_A,False
2989,SEG_A,SEG_A,True
2990,SEG_B,SEG_B,True
2992,SEG_A,SEG_A,True
2993,SEG_B,SEG_B,True
2996,SEG_B,SEG_A,False
2997,SEG_A,SEG_A,True
2999,SEG_A,SEG_A,True
3000,SEG_B,SEG_A,False
3001,SEG_A,SEG_A,True
3003,SEG_B,SEG_B,True
3005,SEG_B,SEG_B,True
3006,SEG_A,SEG_B,False
3008,SEG_C,SEG_A,False
3009,SEG_A,SEG_A,True
3010,SEG_A,SEG_A,True
3012,SEG_A,SEG_A,True
3013,SEG_A,SEG_A,True
3014,SEG_B,SEG_B,True
3015,SEG_A,SEG_A,True
3016,SEG_C,SEG_B,False
3017,SEG_C,SEG_B,False
3018,SEG_A,SEG_A,True
3019,SEG_B,SEG_A,False
3021,SEG_A,SEG_A,True
3022,SEG_A,SEG_A,True
3023,SEG_A,SEG_A,True
3024,SEG_A,SEG_A,True
3025,SEG_B,SEG_B,True
3026,SEG_A,SEG_A,True
3027,SEG_C,SEG_A,False
3028,SEG_B,SEG_A,False
3029,SEG_C,SEG_A,False
3030,SEG_A,SEG_A,True
3031,SEG_C,SEG_A,False
3033,SEG_A,SEG_A,True
3035,SEG_C,SEG_A,False
3037,SEG_C,SEG_C,True
3038,SEG_C,SEG_A,False
3039,SEG_C,SEG_B,False
3040,SEG_A,SEG_A,True
3042,SEG_A,SEG_B,False
3044,SEG_C,SEG_B,False
3045,SEG_A,SEG_A,True
3046,SEG_B,SEG_A,False
3047,SEG_A,SEG_A,True
3051,SEG_A,SEG_A,True
3053,SEG_A,SEG_A,True
3054,SEG_A,SEG_A,True
3056,SEG_A,SEG_A,True
3057,SEG_A,SEG_A,True
3058,SEG_A,SEG_A,True
3060,SEG_A,SEG_A,True
3062,SEG_B,SEG_B,True
3063,SEG_A,SEG_B,False
3064,SEG_B,SEG_B,True
3065,SEG_B,SEG_A,False
3066,SEG_A,SEG_A,True
3067,SEG_A,SEG_A,True
3069,SEG_B,SEG_B,True
3070,SEG_A,SEG_A,True
3071,SEG_B,SEG_B,True
3072,SEG_A,SEG_A,True
3074,SEG_A,SEG_A,True
3075,SEG_A,SEG_A,True
3076,SEG_A,SEG_A,True
3078,SEG_A,SEG_A,True
3079,SEG_B,SEG_A,False
3080,SEG_B,SEG_B,True
3081,SEG_A,SEG_A,True
3082,SEG_C,SEG_C,True
3083,SEG_A,SEG_A,True
3084,SEG_A,SEG_A,True
3086,SEG_C,SEG_B,False
3087,SEG_A,SEG_A,True
3088,SEG_A,SEG_A,True
3089,SEG_B,SEG_A,False
3090,SEG_A,SEG_A,True
3092,SEG_B,SEG_B,True
3093,SEG_C,SEG_A,False
3094,SEG_A,SEG_A,True
3095,SEG_A,SEG_A,True
3097,SEG_C,SEG_A,False
3098,SEG_A,SEG_A,True
3100,SEG_B,SEG_B,True
3102,SEG_B,SEG_A,False
3106,SEG_B,SEG_B,True
3107,SEG_A,SEG_A,True
3109,SEG_B,SEG_B,True
3110,SEG_B,SEG_A,False
3111,SEG_B,SEG_B,True
3112,SEG_A,SEG_A,True
3113,SEG_C,SEG_A,False
3114,SEG_C,SEG_B,False
3115,SEG_B,SEG_B,True
3116,SEG_B,SEG_B,True
3117,SEG_A,SEG_A,True
3118,SEG_A,SEG_A,True
3120,SEG_B,SEG_B,True
3121,SEG_B,SEG_C,False
3122,SEG_A,SEG_A,True
3124,SEG_A,SEG_A,True
3125,SEG_A,SEG_B,False
3126,SEG_A,SEG_A,True
3128,SEG_A,SEG_A,True
3130,SEG_A,SEG_A,True
3131,SEG_A,SEG_A,True
3133,SEG_A,SEG_A,True
3135,SEG_B,SEG_B,True
3136,SEG_B,SEG_A,False
3137,SEG_C,SEG_B,False
3139,SEG_A,SEG_A,True
3140,SEG_A,SEG_A,True
3141,SEG_A,SEG_A,True
3143,SEG_C,SEG_C,True
3144,SEG_B,SEG_B,True
3145,SEG_A,SEG_B,False
3147,SEG_A,SEG_A,True
3148,SEG_A,SEG_A,True
3149,SEG_A,SEG_A,True
3150,SEG_B,SEG_A,False
3152,SEG_C,SEG_C,True
3153,SEG_B,SEG_B,True
3154,SEG_A,SEG_A,True
3155,SEG_C,SEG_C,True
3156,SEG_C,SEG_B,False
3157,SEG_A,SEG_B,False
3158,SEG_C,SEG_C,True
3159,SEG_B,SEG_B,True
3160,SEG_B,SEG_B,True
3161,SEG_A,SEG_A,True
3163,SEG_B,SEG_B,True
3164,SEG_A,SEG_A,True
3165,SEG_A,SEG_A,True
3166,SEG_A,SEG_A,True
3167,SEG_A,SEG_A,True
3168,SEG_C,SEG_A,False
3169,SEG_C,SEG_A,False
3170,SEG_C,SEG_A,False
3171,SEG_A,SEG_A,True
3173,SEG_C,SEG_C,True
3174,SEG_C,SEG_C,True
3176,SEG_C,SEG_A,False
3177,SEG_B,SEG_B,True
3178,SEG_C,SEG_C,True
3179,SEG_A,SEG_A,True
3180,SEG_A,SEG_A,True
3181,SEG_C,SEG_B,False
3182,SEG_A,SEG_A,True
3183,SEG_B,SEG_B,True
3185,SEG_A,SEG_A,True
3186,SEG_C,SEG_B,False
3187,SEG_A,SEG_A,True
3188,SEG_B,SEG_A,False
3189,SEG_B,SEG_B,True
3190,SEG_A,SEG_A,True
3192,SEG_A,SEG_A,True
3193,SEG_B,SEG_C,False
3194,SEG_C,SEG_A,False
3196,SEG_C,SEG_A,False
3197,SEG_C,SEG_B,False
3198,SEG_A,SEG_A,True
3199,SEG_C,SEG_C,True
3200,SEG_A,SEG_A,True
3202,SEG_A,SEG_A,True
3203,SEG_C,SEG_B,False
3204,SEG_A,SEG_A,True
3205,SEG_A,SEG_B,False
3206,SEG_A,SEG_A,True
3207,SEG_A,SEG_A,True
3208,SEG_A,SEG_A,True
3209,SEG_A,SEG_A,True
3211,SEG_A,SEG_A,True
3212,SEG_A,SEG_A,True
3213,SEG_A,SEG_A,True
3214,SEG_C,SEG_B,False
3215,SEG_B,SEG_B,True
3216,SEG_A,SEG_A,True
3218,SEG_C,SEG_B,False
3219,SEG_B,SEG_B,True
3221,SEG_A,SEG_B,False
3222,SEG_A,SEG_A,True
3223,SEG_B,SEG_B,True
3224,SEG_C,SEG_A,False
3225,SEG_A,SEG_A,True
3226,SEG_A,SEG_A,True
3227,SEG_A,SEG_A,True
3229,SEG_A,SEG_A,True
3231,SEG_A,SEG_A,True
3232,SEG_B,SEG_A,False
3233,SEG_C,SEG_A,False
3234,SEG_A,SEG_A,True
3235,SEG_B,SEG_A,False
3237,SEG_A,SEG_A,True
3238,SEG_A,SEG_A,True
3239,SEG_A,SEG_A,True
3240,SEG_A,SEG_A,True
3241,SEG_C,SEG_B,False
3243,SEG_A,SEG_C,False
3244,SEG_B,SEG_B,True
3245,SEG_B,SEG_B,True
3246,SEG_A,SEG_A,True
3247,SEG_A,SEG_A,True
3248,SEG_A,SEG_A,True
3249,SEG_B,SEG_B,True
3250,SEG_B,SEG_A,False
3252,SEG_A,SEG_A,True
3253,SEG_A,SEG_A,True
3255,SEG_A,SEG_A,True
3256,SEG_A,SEG_A,True
3258,SEG_A,SEG_A,True
3259,SEG_A,SEG_A,True
3260,SEG_A,SEG_A,True
3261,SEG_A,SEG_A,True
3262,SEG_A,SEG_A,True
3263,SEG_B,SEG_B,True
3264,SEG_C,SEG_B,False
3266,SEG_C,SEG_C,True
3267,SEG_C,SEG_B,False
3268,SEG_B,SEG_B,True
3269,SEG_B,SEG_B,True
3271,SEG_B,SEG_A,False
3272,SEG_C,SEG_C,True
3273,SEG_C,SEG_A,False
3274,SEG_B,SEG_B,True
3275,SEG_B,SEG_B,True
3276,SEG_A,SEG_A,True
3277,SEG_B,SEG_A,False
3278,SEG_A,SEG_A,True
3279,SEG_C,SEG_A,False
3280,SEG_A,SEG_A,True
3281,SEG_A,SEG_A,True
3282,SEG_B,SEG_B,True
3283,SEG_C,SEG_A,False
3284,SEG_B,SEG_B,True
3285,SEG_B,SEG_B,True
3286,SEG_C,SEG_C,True
3287,SEG_A,SEG_A,True
3288,SEG_C,SEG_A,False
3289,SEG_A,SEG_A,True
3290,SEG_B,SEG_A,False
3291,SEG_B,SEG_A,False
3292,SEG_A,SEG_A,True
3293,SEG_A,SEG_A,True
3294,SEG_C,SEG_B,False
3295,SEG_B,SEG_B,True
3296,SEG_A,SEG_A,True
3297,SEG_B,SEG_B,True
3298,SEG_A,SEG_A,True
3299,SEG_B,SEG_B,True
3300,SEG_A,SEG_A,True
3301,SEG_A,SEG_A,True
3302,SEG_B,SEG_B,True
3303,SEG_A,SEG_A,True
3304,SEG_C,SEG_B,False
3305,SEG_C,SEG_A,False
3307,SEG_A,SEG_A,True
3308,SEG_B,SEG_B,True
3309,SEG_B,SEG_B,True
3310,SEG_A,SEG_A,True
3311,SEG_C,SEG_A,False
3312,SEG_C,SEG_A,False
3314,SEG_B,SEG_A,False
3315,SEG_C,SEG_C,True
3316,SEG_A,SEG_A,True
3319,SEG_A,SEG_A,True
3320,SEG_B,SEG_B,True
3321,SEG_B,SEG_A,False
3322,SEG_A,SEG_A,True
3323,SEG_A,SEG_A,True
3324,SEG_C,SEG_A,False
3325,SEG_B,SEG_A,False
3326,SEG_A,SEG_A,True
3327,SEG_A,SEG_A,True
3328,SEG_C,SEG_B,False
3329,SEG_A,SEG_A,True
3330,SEG_B,SEG_A,False
3331,SEG_B,SEG_B,True
3332,SEG_B,SEG_A,False
3333,SEG_A,SEG_A,True
3334,SEG_C,SEG_A,False
3335,SEG_A,SEG_A,True
3337,SEG_A,SEG_A,True
3338,SEG_C,SEG_A,False
3339,SEG_B,SEG_B,True
3340,SEG_A,SEG_B,False
3341,SEG_A,SEG_A,True
3342,SEG_B,SEG_B,True
3343,SEG_C,SEG_A,False
3344,SEG_A,SEG_A,True
3345,SEG_A,SEG_A,True
3346,SEG_A,SEG_A,True
3347,SEG_A,SEG_A,True
3348,SEG_A,SEG_A,True
3351,SEG_A,SEG_B,False
3352,SEG_A,SEG_C,False
3353,SEG_C,SEG_B,False
3354,SEG_C,SEG_C,True
3355,SEG_A,SEG_A,True
3356,SEG_A,SEG_A,True
3357,SEG_A,SEG_A,True
3358,SEG_A,SEG_A,True
3359,SEG_B,SEG_B,True
3361,SEG_A,SEG_A,True
3362,SEG_A,SEG_A,True
3363,SEG_B,SEG_B,True
3364,SEG_B,SEG_A,False
3365,SEG_C,SEG_A,False
3366,SEG_B,SEG_C,False
3367,SEG_B,SEG_B,True
3368,SEG_C,SEG_B,False
3369,SEG_A,SEG_A,True
3371,SEG_A,SEG_A,True
3373,SEG_A,SEG_A,True
3374,SEG_A,SEG_A,True
3376,SEG_C,SEG_C,True
3378,SEG_A,SEG_B,False
3379,SEG_A,SEG_A,True
3381,SEG_A,SEG_A,True
3382,SEG_A,SEG_A,True
3383,SEG_B,SEG_B,True
3384,SEG_A,SEG_A,True
3385,SEG_A,SEG_A,True
3386,SEG_A,SEG_A,True
3387,SEG_C,SEG_A,False
3388,SEG_A,SEG_A,True
3389,SEG_A,SEG_A,True
3390,SEG_B,SEG_B,True
3391,SEG_A,SEG_A,True
3392,SEG_B,SEG_B,True
3393,SEG_B,SEG_B,True
3394,SEG_A,SEG_C,False
3395,SEG_B,SEG_B,True
3396,SEG_B,SEG_B,True
3397,SEG_B,SEG_B,True
3405,SEG_B,SEG_A,False
3406,SEG_A,SEG_A,True
3407,SEG_B,SEG_B,True
3410,SEG_C,SEG_A,False
3411,SEG_B,SEG_B,True
3412,SEG_C,SEG_A,False
3413,SEG_B,SEG_B,True
3415,SEG_A,SEG_A,True
3416,SEG_A,SEG_A,True
3417,SEG_C,SEG_A,False
3418,SEG_B,SEG_A,False
3419,SEG_A,SEG_A,True
3421,SEG_A,SEG_A,True
3422,SEG_A,SEG_A,True
3423,SEG_A,SEG_A,True
3424,SEG_A,SEG_A,True
3426,SEG_B,SEG_B,True
3428,SEG_B,SEG_B,True
3429,SEG_C,SEG_A,False
3431,SEG_C,SEG_A,False
3432,SEG_B,SEG_B,True
3433,SEG_C,SEG_C,True
3434,SEG_A,SEG_B,False
3435,SEG_B,SEG_B,True
3436,SEG_A,SEG_A,True
3437,SEG_A,SEG_A,True
3439,SEG_B,SEG_B,True
3440,SEG_B,SEG_A,False
3441,SEG_A,SEG_A,True
3444,SEG_C,SEG_A,False
3447,SEG_A,SEG_A,True
3448,SEG_A,SEG_A,True
3449,SEG_A,SEG_A,True
3450,SEG_A,SEG_A,True
3451,SEG_B,SEG_B,True
3452,SEG_A,SEG_A,True
3453,SEG_A,SEG_A,True
3454,SEG_C,SEG_C,True
3455,SEG_B,SEG_B,True
3458,SEG_B,SEG_B,True
3460,SEG_B,SEG_A,False
3461,SEG_C,SEG_A,False
3462,SEG_C,SEG_A,False
3463,SEG_B,SEG_B,True
3464,SEG_C,SEG_C,True
3465,SEG_A,SEG_A,True
3466,SEG_C,SEG_B,False
3467,SEG_C,SEG_A,False
3468,SEG_A,SEG_A,True
3469,SEG_C,SEG_C,True
3470,SEG_A,SEG_A,True
3471,SEG_B,SEG_B,True
3472,SEG_A,SEG_A,True
3473,SEG_A,SEG_A,True
3474,SEG_C,SEG_A,False
3475,SEG_A,SEG_A,True
3476,SEG_B,SEG_B,True
3477,SEG_B,SEG_A,False
3478,SEG_B,SEG_C,False
3479,SEG_A,SEG_A,True
3480,SEG_A,SEG_A,True
3481,SEG_C,SEG_B,False
3482,SEG_A,SEG_A,True
3483,SEG_B,SEG_A,False
3484,SEG_B,SEG_A,False
3486,SEG_B,SEG_A,False
3487,SEG_A,SEG_A,True
3488,SEG_B,SEG_B,True
3489,SEG_A,SEG_A,True
3492,SEG_A,SEG_A,True
3494,SEG_A,SEG_A,True
3495,SEG_B,SEG_A,False
3496,SEG_B,SEG_B,True
3497,SEG_A,SEG_A,True
3498,SEG_A,SEG_B,False
3499,SEG_C,SEG_C,True
3500,SEG_C,SEG_C,True
3501,SEG_B,SEG_B,True
3502,SEG_C,SEG_A,False
3503,SEG_A,SEG_A,True
3504,SEG_A,SEG_A,True
3505,SEG_A,SEG_A,True
3507,SEG_A,SEG_A,True
3508,SEG_A,SEG_B,False
3509,SEG_B,SEG_B,True
3510,SEG_A,SEG_A,True
3511,SEG_B,SEG_B,True
3512,SEG_A,SEG_A,True
3513,SEG_B,SEG_B,True
3514,SEG_C,SEG_A,False
3515,SEG_A,SEG_A,True
3516,SEG_A,SEG_A,True
3517,SEG_A,SEG_A,True
3518,SEG_A,SEG_A,True
3519,SEG_B,SEG_A,False
3520,SEG_C,SEG_B,False
3521,SEG_A,SEG_A,True
3522,SEG_B,SEG_B,True
3523,SEG_B,SEG_B,True
3524,SEG_A,SEG_A,True
3525,SEG_B,SEG_A,False
3527,SEG_A,SEG_A,True
3528,SEG_A,SEG_A,True
3530,SEG_C,SEG_C,True
3531,SEG_C,SEG_A,False
3532,SEG_A,SEG_A,True
3533,SEG_C,SEG_A,False
3534,SEG_A,SEG_A,True
3536,SEG_A,SEG_A,True
3537,SEG_B,SEG_B,True
3538,SEG_B,SEG_B,True
3539,SEG_B,SEG_B,True
3540,SEG_A,SEG_A,True
3541,SEG_A,SEG_A,True
3542,SEG_B,SEG_B,True
3543,SEG_A,SEG_A,True
3544,SEG_C,SEG_A,False
3545,SEG_A,SEG_A,True
3547,SEG_A,SEG_A,True
3548,SEG_A,SEG_B,False
3549,SEG_A,SEG_A,True
3550,SEG_A,SEG_A,True
3551,SEG_A,SEG_A,True
3552,SEG_A,SEG_A,True
3553,SEG_B,SEG_B,True
3554,SEG_B,SEG_B,True
3555,SEG_A,SEG_A,True
3556,SEG_A,SEG_A,True
3557,SEG_B,SEG_B,True
3558,SEG_A,SEG_A,True
3559,SEG_A,SEG_A,True
3560,SEG_A,SEG_A,True
3561,SEG_B,SEG_B,True
3563,SEG_A,SEG_A,True
3564,SEG_C,SEG_A,False
3565,SEG_A,SEG_C,False
3566,SEG_B,SEG_B,True
3567,SEG_A,SEG_A,True
3568,SEG_B,SEG_A,False
3569,SEG_A,SEG_A,True
3570,SEG_A,SEG_A,True
3572,SEG_C,SEG_A,False
3574,SEG_B,SEG_C,False
3575,SEG_C,SEG_B,False
3576,SEG_A,SEG_A,True
3577,SEG_B,SEG_A,False
3578,SEG_B,SEG_B,True
3579,SEG_B,SEG_B,True
3580,SEG_B,SEG_B,True
3581,SEG_C,SEG_B,False
3583,SEG_A,SEG_A,True
3584,SEG_A,SEG_A,True
3585,SEG_B,SEG_B,True
3586,SEG_A,SEG_A,True
3587,SEG_A,SEG_A,True
3590,SEG_A,SEG_A,True
3591,SEG_A,SEG_A,True
3592,SEG_A,SEG_A,True
3594,SEG_A,SEG_A,True
3595,SEG_B,SEG_A,False
3596,SEG_B,SEG_B,True
3597,SEG_A,SEG_A,True
3598,SEG_C,SEG_B,False
3600,SEG_B,SEG_B,True
3601,SEG_A,SEG_A,True
3602,SEG_B,SEG_B,True
3603,SEG_C,SEG_A,False
3604,SEG_A,SEG_B,False
3605,SEG_C,SEG_B,False
3607,SEG_B,SEG_B,True
3608,SEG_A,SEG_A,True
3609,SEG_C,SEG_A,False
3610,SEG_A,SEG_A,True
3611,SEG_C,SEG_B,False
3612,SEG_A,SEG_A,True
3613,SEG_C,SEG_B,False
3614,SEG_A,SEG_A,True
3615,SEG_C,SEG_B,False
3617,SEG_C,SEG_A,False
3618,SEG_A,SEG_A,True
3619,SEG_A,SEG_A,True
3620,SEG_B,SEG_B,True
3621,SEG_A,SEG_A,True
3622,SEG_C,SEG_A,False
3623,SEG_A,SEG_A,True
3624,SEG_A,SEG_A,True
3625,SEG_A,SEG_A,True
3626,SEG_A,SEG_A,True
3627,SEG_B,SEG_B,True
3628,SEG_B,SEG_B,True
3629,SEG_B,SEG_B,True
3630,SEG_A,SEG_A,True
3631,SEG_A,SEG_A,True
3632,SEG_B,SEG_A,False
3633,SEG_A,SEG_A,True
3634,SEG_A,SEG_A,True
3635,SEG_A,SEG_A,True
3636,SEG_C,SEG_A,False
3637,SEG_A,SEG_A,True
3638,SEG_C,SEG_A,False
3639,SEG_C,SEG_B,False
3640,SEG_A,SEG_A,True
3641,SEG_C,SEG_A,False
3642,SEG_A,SEG_A,True
3643,SEG_B,SEG_B,True
3644,SEG_B,SEG_A,False
3646,SEG_C,SEG_B,False
3647,SEG_B,SEG_B,True
3648,SEG_B,SEG_A,False
3649,SEG_C,SEG_B,False
3650,SEG_A,SEG_A,True
3651,SEG_C,SEG_B,False
3652,SEG_A,SEG_A,True
3653,SEG_C,SEG_A,False
3654,SEG_C,SEG_A,False
3655,SEG_A,SEG_A,True
3656,SEG_C,SEG_B,False
3657,SEG_A,SEG_A,True
3659,SEG_C,SEG_A,False
3660,SEG_B,SEG_C,False
3661,SEG_A,SEG_A,True
3662,SEG_A,SEG_A,True
3663,SEG_A,SEG_A,True
3664,SEG_B,SEG_B,True
3665,SEG_C,SEG_C,True
3666,SEG_C,SEG_A,False
3667,SEG_B,SEG_B,True
3668,SEG_C,SEG_B,False
3669,SEG_A,SEG_B,False
3670,SEG_B,SEG_B,True
3671,SEG_C,SEG_C,True
3672,SEG_B,SEG_B,True
3673,SEG_C,SEG_C,True
3674,SEG_B,SEG_B,True
3675,SEG_C,SEG_B,False
3677,SEG_A,SEG_A,True
3678,SEG_B,SEG_B,True
3679,SEG_B,SEG_C,False
3680,SEG_A,SEG_A,True
3682,SEG_B,SEG_A,False
3683,SEG_A,SEG_A,True
3685,SEG_B,SEG_B,True
3686,SEG_A,SEG_A,True
3687,SEG_B,SEG_B,True
3688,SEG_A,SEG_A,True
3690,SEG_A,SEG_A,True
3691,SEG_A,SEG_A,True
3692,SEG_A,SEG_A,True
3693,SEG_C,SEG_B,False
3695,SEG_B,SEG_A,False
3696,SEG_B,SEG_B,True
3698,SEG_B,SEG_B,True
3702,SEG_B,SEG_C,False
3703,SEG_C,SEG_B,False
3704,SEG_B,SEG_B,True
3705,SEG_C,SEG_A,False
3707,SEG_C,SEG_B,False
3708,SEG_B,SEG_B,True
3709,SEG_A,SEG_A,True
3710,SEG_B,SEG_A,False
3711,SEG_C,SEG_B,False
3712,SEG_A,SEG_A,True
3713,SEG_A,SEG_B,False
3714,SEG_B,SEG_B,True
3715,SEG_A,SEG_A,True
3718,SEG_B,SEG_B,True
3720,SEG_B,SEG_A,False
3721,SEG_A,SEG_B,False
3724,SEG_B,SEG_B,True
3725,SEG_B,SEG_B,True
3726,SEG_C,SEG_A,False
3728,SEG_B,SEG_B,True
3730,SEG_B,SEG_A,False
3731,SEG_C,SEG_B,False
3732,SEG_A,SEG_A,True
3733,SEG_B,SEG_B,True
3734,SEG_A,SEG_A,True
3735,SEG_C,SEG_A,False
3736,SEG_A,SEG_A,True
3737,SEG_A,SEG_A,True
3738,SEG_B,SEG_B,True
3739,SEG_A,SEG_A,True
3741,SEG_B,SEG_B,True
3742,SEG_A,SEG_A,True
3743,SEG_B,SEG_B,True
3744,SEG_B,SEG_B,True
3745,SEG_A,SEG_A,True
3746,SEG_A,SEG_A,True
3747,SEG_A,SEG_A,True
3749,SEG_A,SEG_A,True
3750,SEG_B,SEG_A,False
3752,SEG_B,SEG_B,True
3753,SEG_C,SEG_A,False
3755,SEG_B,SEG_B,True
3756,SEG_B,SEG_B,True
3760,SEG_B,SEG_B,True
3761,SEG_B,SEG_B,True
3762,SEG_B,SEG_B,True
3764,SEG_B,SEG_A,False
3765,SEG_B,SEG_B,True
3767,SEG_C,SEG_A,False
3768,SEG_B,SEG_B,True
3769,SEG_A,SEG_A,True
3770,SEG_B,SEG_A,False
3771,SEG_C,SEG_B,False
3772,SEG_A,SEG_A,True
3773,SEG_A,SEG_A,True
3775,SEG_A,SEG_A,True
3776,SEG_C,SEG_A,False
3777,SEG_B,SEG_A,False
3779,SEG_B,SEG_B,True
3780,SEG_C,SEG_A,False
3781,SEG_A,SEG_A,True
3782,SEG_C,SEG_A,False
3783,SEG_C,SEG_B,False
3784,SEG_A,SEG_A,True
3785,SEG_C,SEG_A,False
3787,SEG_A,SEG_A,True
3788,SEG_C,SEG_B,False
3790,SEG_B,SEG_A,False
3791,SEG_B,SEG_A,False
3792,SEG_C,SEG_A,False
3793,SEG_A,SEG_A,True
3795,SEG_A,SEG_A,True
3796,SEG_B,SEG_A,False
3798,SEG_C,SEG_B,False
3799,SEG_B,SEG_B,True
3802,SEG_C,SEG_C,True
3805,SEG_C,SEG_C,True
3808,SEG_C,SEG_C,True
3809,SEG_A,SEG_A,True
3810,SEG_C,SEG_C,True
3811,SEG_A,SEG_B,False
3812,SEG_C,SEG_A,False
3813,SEG_A,SEG_A,True
3814,SEG_A,SEG_A,True
3815,SEG_A,SEG_A,True
3816,SEG_C,SEG_B,False
3817,SEG_C,SEG_B,False
3818,SEG_B,SEG_B,True
3820,SEG_C,SEG_B,False
3822,SEG_B,SEG_B,True
3823,SEG_A,SEG_A,True
3824,SEG_B,SEG_A,False
3825,SEG_C,SEG_A,False
3826,SEG_C,SEG_B,False
3827,SEG_A,SEG_A,True
3828,SEG_B,SEG_A,False
3829,SEG_B,SEG_A,False
3832,SEG_C,SEG_A,False
3833,SEG_C,SEG_C,True
3834,SEG_A,SEG_A,True
3835,SEG_A,SEG_A,True
3836,SEG_C,SEG_B,False
3837,SEG_B,SEG_B,True
3839,SEG_C,SEG_B,False
3840,SEG_C,SEG_A,False
3841,SEG_C,SEG_C,True
3842,SEG_A,SEG_A,True
3843,SEG_C,SEG_C,True
3845,SEG_C,SEG_C,True
3848,SEG_C,SEG_A,False
3849,SEG_A,SEG_B,False
3850,SEG_C,SEG_A,False
3851,SEG_A,SEG_A,True
3852,SEG_A,SEG_A,True
3853,SEG_A,SEG_A,True
3854,SEG_C,SEG_A,False
3855,SEG_C,SEG_C,True
3856,SEG_C,SEG_A,False
3857,SEG_C,SEG_B,False
3858,SEG_A,SEG_A,True
3859,SEG_A,SEG_A,True
3860,SEG_A,SEG_A,True
3861,SEG_A,SEG_A,True
3862,SEG_B,SEG_A,False
3863,SEG_A,SEG_A,True
3864,SEG_A,SEG_A,True
3865,SEG_B,SEG_B,True
3866,SEG_C,SEG_C,True
3867,SEG_B,SEG_A,False
3868,SEG_A,SEG_A,True
3869,SEG_B,SEG_B,True
3870,SEG_B,SEG_B,True
3871,SEG_A,SEG_A,True
3873,SEG_C,SEG_B,False
3874,SEG_C,SEG_A,False
3876,SEG_A,SEG_A,True
3877,SEG_B,SEG_B,True
3880,SEG_B,SEG_B,True
3882,SEG_C,SEG_B,False
3883,SEG_B,SEG_A,False
3884,SEG_C,SEG_B,False
3885,SEG_C,SEG_C,True
3886,SEG_C,SEG_B,False
3887,SEG_A,SEG_A,True
3888,SEG_A,SEG_A,True
3889,SEG_A,SEG_A,True
3892,SEG_B,SEG_B,True
3893,SEG_B,SEG_B,True
3894,SEG_A,SEG_A,True
3895,SEG_C,SEG_A,False
3896,SEG_A,SEG_A,True
3898,SEG_A,SEG_A,True
3899,SEG_C,SEG_A,False
3900,SEG_A,SEG_A,True
3901,SEG_A,SEG_A,True
3902,SEG_A,SEG_A,True
3903,SEG_B,SEG_A,False
3904,SEG_C,SEG_B,False
3905,SEG_C,SEG_A,False
3906,SEG_A,SEG_A,True
3907,SEG_A,SEG_A,True
3908,SEG_B,SEG_B,True
3909,SEG_A,SEG_A,True
3910,SEG_A,SEG_A,True
3911,SEG_C,SEG_A,False
3912,SEG_A,SEG_B,False
3913,SEG_C,SEG_C,True
3914,SEG_B,SEG_B,True
3915,SEG_C,SEG_C,True
3916,SEG_A,SEG_A,True
3917,SEG_A,SEG_A,True
3918,SEG_C,SEG_A,False
3920,SEG_A,SEG_A,True
3921,SEG_A,SEG_A,True
3922,SEG_A,SEG_A,True
3924,SEG_A,SEG_A,True
3926,SEG_A,SEG_A,True
3927,SEG_B,SEG_B,True
3928,SEG_A,SEG_A,True
3932,SEG_C,SEG_C,True
3933,SEG_C,SEG_A,False
3934,SEG_A,SEG_A,True
3935,SEG_C,SEG_A,False
3937,SEG_C,SEG_B,False
3938,SEG_A,SEG_A,True
3939,SEG_B,SEG_B,True
3940,SEG_B,SEG_B,True
3941,SEG_A,SEG_A,True
3943,SEG_C,SEG_C,True
3944,SEG_B,SEG_A,False
3945,SEG_C,SEG_A,False
3946,SEG_A,SEG_A,True
3947,SEG_A,SEG_A,True
3948,SEG_A,SEG_C,False
3949,SEG_C,SEG_B,False
3950,SEG_C,SEG_B,False
3951,SEG_A,SEG_A,True
3953,SEG_B,SEG_A,False
3954,SEG_A,SEG_A,True
3955,SEG_A,SEG_A,True
3956,SEG_C,SEG_B,False
3957,SEG_A,SEG_A,True
3958,SEG_C,SEG_A,False
3959,SEG_A,SEG_A,True
3960,SEG_C,SEG_B,False
3961,SEG_A,SEG_A,True
3962,SEG_B,SEG_B,True
3963,SEG_C,SEG_C,True
3964,SEG_A,SEG_B,False
3965,SEG_B,SEG_A,False
3966,SEG_B,SEG_A,False
3967,SEG_A,SEG_A,True
3968,SEG_A,SEG_A,True
3970,SEG_A,SEG_A,True
3971,SEG_B,SEG_A,False
3972,SEG_C,SEG_B,False
3974,SEG_A,SEG_A,True
3975,SEG_B,SEG_A,False
3977,SEG_C,SEG_A,False
3978,SEG_B,SEG_A,False
3979,SEG_C,SEG_B,False
3980,SEG_C,SEG_A,False
3981,SEG_A,SEG_A,True
3982,SEG_C,SEG_A,False
3983,SEG_B,SEG_B,True
3984,SEG_C,SEG_A,False
3985,SEG_A,SEG_A,True
3986,SEG_B,SEG_B,True
3987,SEG_A,SEG_A,True
3988,SEG_A,SEG_A,True
3989,SEG_C,SEG_C,True
3991,SEG_B,SEG_B,True
3992,SEG_B,SEG_B,True
3993,SEG_A,SEG_A,True
3994,SEG_A,SEG_A,True
3995,SEG_B,SEG_B,True
3996,SEG_C,SEG_A,False
3997,SEG_C,SEG_A,False
3998,SEG_B,SEG_B,True
3999,SEG_B,SEG_A,False
4000,SEG_B,SEG_C,False
4001,SEG_B,SEG_B,True
4002,SEG_B,SEG_B,True
4003,SEG_A,SEG_A,True
4004,SEG_A,SEG_B,False
4005,SEG_C,SEG_B,False
4006,SEG_A,SEG_A,True
4007,SEG_B,SEG_A,False
4008,SEG_A,SEG_A,True
4009,SEG_A,SEG_A,True
4011,SEG_A,SEG_A,True
4013,SEG_A,SEG_A,True
4014,SEG_B,SEG_B,True
4015,SEG_C,SEG_B,False
4016,SEG_A,SEG_A,True
4017,SEG_A,SEG_A,True
4018,SEG_B,SEG_A,False
4019,SEG_B,SEG_A,False
4020,SEG_C,SEG_B,False
4021,SEG_C,SEG_B,False
4022,SEG_C,SEG_C,True
4023,SEG_B,SEG_B,True
4024,SEG_A,SEG_A,True
4025,SEG_A,SEG_A,True
4026,SEG_A,SEG_A,True
4027,SEG_A,SEG_A,True
4028,SEG_B,SEG_B,True
4030,SEG_C,SEG_B,False
4031,SEG_B,SEG_A,False
4032,SEG_B,SEG_B,True
4033,SEG_A,SEG_A,True
4035,SEG_A,SEG_A,True
4036,SEG_A,SEG_A,True
4037,SEG_A,SEG_A,True
4039,SEG_B,SEG_C,False
4040,SEG_A,SEG_A,True
4042,SEG_C,SEG_C,True
4043,SEG_B,SEG_B,True
4044,SEG_A,SEG_A,True
4045,SEG_A,SEG_A,True
4046,SEG_B,SEG_B,True
4047,SEG_A,SEG_A,True
4052,SEG_C,SEG_A,False
4053,SEG_B,SEG_B,True
4054,SEG_A,SEG_A,True
4056,SEG_A,SEG_A,True
4060,SEG_A,SEG_A,True
4061,SEG_A,SEG_A,True
4062,SEG_A,SEG_A,True
4063,SEG_C,SEG_A,False
4065,SEG_B,SEG_B,True
4067,SEG_A,SEG_A,True
4069,SEG_B,SEG_B,True
4070,SEG_A,SEG_A,True
4071,SEG_A,SEG_A,True
4072,SEG_B,SEG_A,False
4073,SEG_B,SEG_B,True
4074,SEG_A,SEG_A,True
4075,SEG_A,SEG_A,True
4076,SEG_C,SEG_A,False
4077,SEG_B,SEG_B,True
4078,SEG_C,SEG_C,True
4079,SEG_A,SEG_A,True
4080,SEG_B,SEG_B,True
4081,SEG_A,SEG_A,True
4084,SEG_A,SEG_A,True
4086,SEG_B,SEG_C,False
4087,SEG_B,SEG_B,True
4088,SEG_C,SEG_B,False
4089,SEG_A,SEG_A,True
4091,SEG_A,SEG_A,True
4092,SEG_B,SEG_A,False
4093,SEG_A,SEG_A,True
4094,SEG_A,SEG_A,True
4095,SEG_A,SEG_A,True
4096,SEG_A,SEG_A,True
4097,SEG_B,SEG_B,True
4098,SEG_C,SEG_B,False
4101,SEG_A,SEG_B,False
4102,SEG_A,SEG_A,True
4103,SEG_B,SEG_B,True
4104,SEG_C,SEG_C,True
4105,SEG_A,SEG_A,True
4106,SEG_B,SEG_B,True
4107,SEG_A,SEG_A,True
4109,SEG_C,SEG_C,True
4110,SEG_C,SEG_A,False
4111,SEG_C,SEG_C,True
4112,SEG_C,SEG_C,True
4113,SEG_C,SEG_B,False
4114,SEG_C,SEG_A,False
4115,SEG_B,SEG_B,True
4116,SEG_C,SEG_B,False
4117,SEG_A,SEG_A,True
4118,SEG_C,SEG_C,True
4120,SEG_C,SEG_B,False
4121,SEG_A,SEG_A,True
4122,SEG_B,SEG_A,False
4126,SEG_B,SEG_A,False
4127,SEG_C,SEG_C,True
4128,SEG_A,SEG_A,True
4129,SEG_A,SEG_A,True
4130,SEG_C,SEG_A,False
4131,SEG_A,SEG_A,True
4132,SEG_B,SEG_B,True
4133,SEG_A,SEG_A,True
4134,SEG_B,SEG_B,True
4135,SEG_A,SEG_A,True
4136,SEG_C,SEG_B,False
4138,SEG_C,SEG_C,True
4139,SEG_C,SEG_B,False
4140,SEG_A,SEG_A,True
4142,SEG_B,SEG_B,True
4143,SEG_B,SEG_B,True
4146,SEG_A,SEG_A,True
4147,SEG_C,SEG_A,False
4148,SEG_C,SEG_A,False
4150,SEG_C,SEG_C,True
4151,SEG_A,SEG_A,True
4152,SEG_A,SEG_A,True
4153,SEG_C,SEG_A,False
4154,SEG_A,SEG_A,True
4155,SEG_B,SEG_B,True
4156,SEG_B,SEG_B,True
4157,SEG_A,SEG_A,True
4158,SEG_C,SEG_C,True
4159,SEG_C,SEG_B,False
4160,SEG_B,SEG_A,False
4161,SEG_A,SEG_A,True
4162,SEG_B,SEG_B,True
4163,SEG_B,SEG_A,False
4164,SEG_A,SEG_A,True
4165,SEG_B,SEG_A,False
4166,SEG_C,SEG_A,False
4167,SEG_A,SEG_A,True
4168,SEG_B,SEG_B,True
4169,SEG_C,SEG_A,False
4173,SEG_C,SEG_B,False
4174,SEG_B,SEG_B,True
4175,SEG_A,SEG_A,True
4176,SEG_B,SEG_A,False
4177,SEG_C,SEG_A,False
4178,SEG_C,SEG_C,True
4179,SEG_A,SEG_A,True
4181,SEG_C,SEG_B,False
4182,SEG_A,SEG_A,True
4183,SEG_A,SEG_B,False
4184,SEG_A,SEG_A,True
4185,SEG_A,SEG_A,True
4189,SEG_A,SEG_A,True
4190,SEG_B,SEG_B,True
4192,SEG_A,SEG_A,True
4193,SEG_A,SEG_A,True
4195,SEG_A,SEG_A,True
4196,SEG_B,SEG_B,True
4197,SEG_B,SEG_A,False
4198,SEG_A,SEG_A,True
4199,SEG_C,SEG_B,False
4200,SEG_A,SEG_A,True
4202,SEG_B,SEG_B,True
4204,SEG_C,SEG_B,False
4205,SEG_B,SEG_B,True
4208,SEG_A,SEG_A,True
4210,SEG_B,SEG_A,False
4211,SEG_C,SEG_B,False
4213,SEG_C,SEG_C,True
4217,SEG_C,SEG_A,False
4218,SEG_C,SEG_C,True
4219,SEG_A,SEG_A,True
4220,SEG_C,SEG_C,True
4221,SEG_B,SEG_C,False
4222,SEG_A,SEG_A,True
4224,SEG_C,SEG_A,False
4228,SEG_B,SEG_B,True
4229,SEG_A,SEG_A,True
4230,SEG_A,SEG_B,False
4232,SEG_C,SEG_A,False
4233,SEG_C,SEG_A,False
4234,SEG_A,SEG_A,True
4235,SEG_A,SEG_A,True
4236,SEG_C,SEG_C,True
4237,SEG_A,SEG_B,False
4239,SEG_B,SEG_B,True
4240,SEG_A,SEG_A,True
4241,SEG_A,SEG_A,True
4242,SEG_C,SEG_A,False
4244,SEG_B,SEG_B,True
4245,SEG_C,SEG_A,False
4246,SEG_C,SEG_A,False
4247,SEG_A,SEG_A,True
4248,SEG_C,SEG_A,False
4249,SEG_A,SEG_A,True
4251,SEG_C,SEG_B,False
4252,SEG_C,SEG_C,True
4253,SEG_A,SEG_A,True
4254,SEG_B,SEG_B,True
4256,SEG_B,SEG_B,True
4257,SEG_A,SEG_A,True
4261,SEG_C,SEG_A,False
4262,SEG_B,SEG_A,False
4263,SEG_C,SEG_A,False
4264,SEG_A,SEG_A,True
4265,SEG_A,SEG_A,True
4266,SEG_C,SEG_A,False
4267,SEG_A,SEG_A,True
4268,SEG_A,SEG_A,True
4269,SEG_C,SEG_A,False
4270,SEG_C,SEG_C,True
4271,SEG_A,SEG_A,True
4272,SEG_A,SEG_A,True
4273,SEG_A,SEG_A,True
4276,SEG_B,SEG_B,True
4277,SEG_A,SEG_C,False
4280,SEG_B,SEG_A,False
4281,SEG_C,SEG_C,True
4282,SEG_A,SEG_A,True
4283,SEG_A,SEG_A,True
4284,SEG_A,SEG_A,True
4286,SEG_B,SEG_A,False
4287,SEG_A,SEG_A,True
4288,SEG_C,SEG_B,False
4289,SEG_A,SEG_A,True
4290,SEG_A,SEG_A,True
4292,SEG_C,SEG_C,True
4293,SEG_C,SEG_A,False
4295,SEG_B,SEG_B,True
4297,SEG_C,SEG_A,False
4299,SEG_C,SEG_B,False
4300,SEG_A,SEG_A,True
4302,SEG_A,SEG_A,True
4303,SEG_C,SEG_C,True
4304,SEG_A,SEG_A,True
4305,SEG_B,SEG_B,True
4306,SEG_A,SEG_B,False
4307,SEG_C,SEG_A,False
4308,SEG_B,SEG_B,True
4309,SEG_A,SEG_A,True
4310,SEG_A,SEG_A,True
4311,SEG_C,SEG_A,False
4313,SEG_B,SEG_B,True
4314,SEG_A,SEG_A,True
4315,SEG_C,SEG_A,False
4316,SEG_A,SEG_A,True
4317,SEG_A,SEG_A,True
4318,SEG_B,SEG_A,False
4320,SEG_C,SEG_B,False
4321,SEG_C,SEG_B,False
4322,SEG_A,SEG_A,True
4323,SEG_B,SEG_B,True
4324,SEG_C,SEG_A,False
4326,SEG_B,SEG_B,True
4327,SEG_C,SEG_B,False
4328,SEG_C,SEG_A,False
4329,SEG_B,SEG_B,True
4330,SEG_A,SEG_C,False
4331,SEG_A,SEG_A,True
4333,SEG_A,SEG_A,True
4334,SEG_A,SEG_A,True
4335,SEG_A,SEG_A,True
4336,SEG_A,SEG_A,True
4337,SEG_A,SEG_A,True
4338,SEG_A,SEG_A,True
4339,SEG_C,SEG_B,False
4340,SEG_A,SEG_A,True
4342,SEG_A,SEG_A,True
4344,SEG_C,SEG_A,False
4345,SEG_C,SEG_B,False
4346,SEG_A,SEG_B,False
4347,SEG_C,SEG_B,False
4348,SEG_C,SEG_A,False
4349,SEG_A,SEG_A,True
4351,SEG_A,SEG_A,True
4352,SEG_B,SEG_A,False
4353,SEG_B,SEG_A,False
4354,SEG_A,SEG_A,True
4356,SEG_A,SEG_A,True
4357,SEG_C,SEG_B,False
4358,SEG_B,SEG_A,False
4360,SEG_C,SEG_B,False
4361,SEG_C,SEG_B,False
4362,SEG_B,SEG_B,True
4363,SEG_A,SEG_A,True
4364,SEG_A,SEG_A,True
4365,SEG_A,SEG_A,True
4367,SEG_A,SEG_A,True
4369,SEG_A,SEG_B,False
4370,SEG_B,SEG_A,False
4371,SEG_A,SEG_A,True
4372,SEG_C,SEG_A,False
4373,SEG_A,SEG_A,True
4374,SEG_B,SEG_B,True
4377,SEG_A,SEG_A,True
4378,SEG_A,SEG_A,True
4379,SEG_B,SEG_B,True
4380,SEG_A,SEG_A,True
4384,SEG_B,SEG_A,False
4385,SEG_B,SEG_C,False
4386,SEG_B,SEG_A,False
4387,SEG_A,SEG_A,True
4388,SEG_C,SEG_C,True
4389,SEG_B,SEG_B,True
4391,SEG_A,SEG_A,True
4392,SEG_A,SEG_A,True
4393,SEG_A,SEG_A,True
4394,SEG_A,SEG_B,False
4395,SEG_C,SEG_A,False
4396,SEG_B,SEG_B,True
4398,SEG_A,SEG_A,True
4399,SEG_B,SEG_A,False
4400,SEG_C,SEG_A,False
4402,SEG_C,SEG_A,False
4403,SEG_A,SEG_A,True
4405,SEG_A,SEG_A,True
4406,SEG_A,SEG_A,True
4407,SEG_B,SEG_B,True
4408,SEG_C,SEG_B,False
4409,SEG_B,SEG_B,True
4410,SEG_B,SEG_B,True
4411,SEG_C,SEG_C,True
4412,SEG_B,SEG_B,True
4414,SEG_C,SEG_B,False
4415,SEG_B,SEG_B,True
4416,SEG_B,SEG_B,True
4418,SEG_A,SEG_A,True
4419,SEG_B,SEG_A,False
4420,SEG_A,SEG_A,True
4422,SEG_A,SEG_A,True
4423,SEG_A,SEG_A,True
4424,SEG_A,SEG_A,True
4425,SEG_B,SEG_A,False
4426,SEG_C,SEG_B,False
4427,SEG_A,SEG_A,True
4430,SEG_A,SEG_A,True
4432,SEG_C,SEG_B,False
4433,SEG_B,SEG_B,True
4434,SEG_A,SEG_A,True
4436,SEG_B,SEG_A,False
4438,SEG_A,SEG_A,True
4439,SEG_C,SEG_B,False
4440,SEG_B,SEG_B,True
4441,SEG_C,SEG_A,False
4443,SEG_C,SEG_C,True
4444,SEG_B,SEG_B,True
4445,SEG_C,SEG_C,True
4446,SEG_A,SEG_A,True
4448,SEG_A,SEG_A,True
4449,SEG_A,SEG_A,True
4450,SEG_A,SEG_A,True
4451,SEG_B,SEG_B,True
4452,SEG_A,SEG_A,True
4453,SEG_C,SEG_A,False
4454,SEG_C,SEG_A,False
4455,SEG_C,SEG_B,False
4456,SEG_B,SEG_B,True
4458,SEG_A,SEG_A,True
4459,SEG_C,SEG_C,True
4460,SEG_A,SEG_A,True
4461,SEG_A,SEG_A,True
4462,SEG_B,SEG_B,True
4463,SEG_A,SEG_A,True
4464,SEG_B,SEG_A,False
4465,SEG_B,SEG_A,False
4466,SEG_A,SEG_A,True
4467,SEG_B,SEG_A,False
4468,SEG_C,SEG_B,False
4469,SEG_B,SEG_B,True
4471,SEG_A,SEG_A,True
4472,SEG_B,SEG_B,True
4473,SEG_B,SEG_A,False
4474,SEG_A,SEG_A,True
4477,SEG_A,SEG_A,True
4478,SEG_A,SEG_A,True
4479,SEG_A,SEG_A,True
4480,SEG_A,SEG_A,True
4482,SEG_A,SEG_B,False
4483,SEG_B,SEG_B,True
4484,SEG_B,SEG_B,True
4486,SEG_A,SEG_A,True
4487,SEG_C,SEG_A,False
4488,SEG_A,SEG_A,True
4489,SEG_A,SEG_A,True
4491,SEG_A,SEG_A,True
4492,SEG_B,SEG_C,False
4493,SEG_A,SEG_A,True
4494,SEG_B,SEG_B,True
4495,SEG_A,SEG_A,True
4496,SEG_A,SEG_A,True
4497,SEG_A,SEG_A,True
4499,SEG_B,SEG_A,False
4500,SEG_B,SEG_C,False
4501,SEG_A,SEG_B,False
4502,SEG_A,SEG_A,True
4503,SEG_A,SEG_A,True
4504,SEG_A,SEG_A,True
4505,SEG_A,SEG_A,True
4506,SEG_B,SEG_B,True
4507,SEG_A,SEG_A,True
4508,SEG_A,SEG_A,True
4509,SEG_C,SEG_A,False
4510,SEG_B,SEG_B,True
4511,SEG_A,SEG_A,True
4512,SEG_A,SEG_A,True
4513,SEG_A,SEG_A,True
4514,SEG_A,SEG_A,True
4516,SEG_A,SEG_A,True
4517,SEG_B,SEG_A,False
4518,SEG_A,SEG_A,True
4519,SEG_A,SEG_A,True
4520,SEG_B,SEG_A,False
4522,SEG_A,SEG_A,True
4523,SEG_A,SEG_A,True
4524,SEG_B,SEG_B,True
4526,SEG_B,SEG_A,False
4527,SEG_C,SEG_C,True
4528,SEG_C,SEG_B,False
4529,SEG_A,SEG_A,True
4530,SEG_B,SEG_B,True
4531,SEG_C,SEG_B,False
4532,SEG_B,SEG_B,True
4533,SEG_B,SEG_B,True
4534,SEG_B,SEG_A,False
4535,SEG_A,SEG_A,True
4536,SEG_A,SEG_A,True
4537,SEG_A,SEG_A,True
4538,SEG_C,SEG_C,True
4539,SEG_A,SEG_A,True
4540,SEG_A,SEG_A,True
4541,SEG_B,SEG_B,True
4545,SEG_A,SEG_A,True
4546,SEG_B,SEG_B,True
4547,SEG_A,SEG_A,True
4548,SEG_A,SEG_A,True
4549,SEG_A,SEG_A,True
4550,SEG_B,SEG_A,False
4551,SEG_C,SEG_A,False
4552,SEG_A,SEG_A,True
4554,SEG_B,SEG_A,False
4555,SEG_C,SEG_A,False
4556,SEG_C,SEG_B,False
4557,SEG_B,SEG_B,True
4558,SEG_B,SEG_B,True
4560,SEG_A,SEG_A,True
4561,SEG_C,SEG_A,False
4562,SEG_B,SEG_A,False
4563,SEG_A,SEG_A,True
4564,SEG_B,SEG_B,True
4565,SEG_A,SEG_B,False
4566,SEG_B,SEG_B,True
4567,SEG_A,SEG_A,True
4568,SEG_A,SEG_A,True
4569,SEG_A,SEG_A,True
4570,SEG_B,SEG_A,False
4571,SEG_A,SEG_A,True
4572,SEG_B,SEG_B,True
4573,SEG_B,SEG_B,True
4574,SEG_C,SEG_C,True
4575,SEG_C,SEG_B,False
4576,SEG_A,SEG_A,True
4578,SEG_C,SEG_C,True
4580,SEG_B,SEG_B,True
4581,SEG_A,SEG_B,False
4582,SEG_B,SEG_B,True
4583,SEG_B,SEG_B,True
4584,SEG_B,SEG_B,True
4585,SEG_A,SEG_A,True
4586,SEG_C,SEG_A,False
4588,SEG_C,SEG_C,True
4589,SEG_A,SEG_A,True
4590,SEG_B,SEG_B,True
4591,SEG_A,SEG_A,True
4592,SEG_C,SEG_B,False
4593,SEG_C,SEG_A,False
4594,SEG_C,SEG_A,False
4595,SEG_A,SEG_A,True
4596,SEG_A,SEG_A,True
4597,SEG_C,SEG_A,False
4598,SEG_A,SEG_A,True
4599,SEG_C,SEG_B,False
4600,SEG_B,SEG_B,True
4601,SEG_A,SEG_A,True
4602,SEG_A,SEG_A,True
4603,SEG_A,SEG_A,True
4604,SEG_C,SEG_C,True
4605,SEG_A,SEG_A,True
4606,SEG_A,SEG_A,True
4607,SEG_A,SEG_A,True
4608,SEG_C,SEG_A,False
4609,SEG_B,SEG_B,True
4610,SEG_B,SEG_A,False
4611,SEG_A,SEG_A,True
4612,SEG_B,SEG_A,False
4613,SEG_A,SEG_A,True
4614,SEG_C,SEG_B,False
4615,SEG_C,SEG_A,False
4616,SEG_A,SEG_A,True
4617,SEG_C,SEG_C,True
4618,SEG_A,SEG_A,True
4619,SEG_C,SEG_A,False
4620,SEG_C,SEG_A,False
4621,SEG_C,SEG_B,False
4622,SEG_A,SEG_A,True
4623,SEG_A,SEG_A,True
4624,SEG_A,SEG_B,False
4625,SEG_A,SEG_A,True
4628,SEG_B,SEG_A,False
4629,SEG_A,SEG_A,True
4630,SEG_B,SEG_B,True
4631,SEG_A,SEG_A,True
4632,SEG_B,SEG_B,True
4633,SEG_A,SEG_A,True
4635,SEG_C,SEG_A,False
4636,SEG_B,SEG_C,False
4637,SEG_B,SEG_A,False
4638,SEG_B,SEG_C,False
4639,SEG_A,SEG_A,True
4640,SEG_C,SEG_C,True
4641,SEG_A,SEG_A,True
4642,SEG_C,SEG_A,False
4643,SEG_A,SEG_B,False
4644,SEG_C,SEG_B,False
4645,SEG_A,SEG_A,True
4646,SEG_A,SEG_A,True
4648,SEG_A,SEG_A,True
4649,SEG_B,SEG_B,True
4651,SEG_C,SEG_B,False
4652,SEG_B,SEG_B,True
4653,SEG_A,SEG_A,True
4655,SEG_A,SEG_A,True
4656,SEG_A,SEG_C,False
4657,SEG_C,SEG_C,True
4659,SEG_C,SEG_A,False
4660,SEG_A,SEG_A,True
4662,SEG_A,SEG_A,True
4663,SEG_A,SEG_A,True
4664,SEG_A,SEG_A,True
4666,SEG_B,SEG_B,True
4667,SEG_A,SEG_A,True
4669,SEG_C,SEG_A,False
4670,SEG_B,SEG_A,False
4672,SEG_A,SEG_B,False
4673,SEG_B,SEG_A,False
4674,SEG_B,SEG_A,False
4675,SEG_A,SEG_A,True
4677,SEG_B,SEG_B,True
4678,SEG_A,SEG_B,False
4679,SEG_C,SEG_C,True
4680,SEG_A,SEG_A,True
4681,SEG_B,SEG_A,False
4682,SEG_A,SEG_A,True
4683,SEG_B,SEG_B,True
4685,SEG_A,SEG_A,True
4686,SEG_A,SEG_A,True
4687,SEG_A,SEG_A,True
4688,SEG_A,SEG_A,True
4689,SEG_B,SEG_A,False
4690,SEG_B,SEG_B,True
4691,SEG_A,SEG_A,True
4692,SEG_C,SEG_B,False
4693,SEG_A,SEG_A,True
4694,SEG_B,SEG_A,False
4695,SEG_A,SEG_A,True
4696,SEG_B,SEG_A,False
4697,SEG_A,SEG_A,True
4698,SEG_C,SEG_A,False
4700,SEG_B,SEG_B,True
4702,SEG_C,SEG_A,False
4705,SEG_B,SEG_A,False
4706,SEG_A,SEG_A,True
4707,SEG_A,SEG_B,False
4709,SEG_B,SEG_B,True
4710,SEG_B,SEG_A,False
4711,SEG_A,SEG_A,True
4712,SEG_C,SEG_B,False
4713,SEG_A,SEG_A,True
4714,SEG_B,SEG_B,True
4715,SEG_A,SEG_A,True
4716,SEG_C,SEG_B,False
4717,SEG_A,SEG_A,True
4718,SEG_B,SEG_B,True
4719,SEG_A,SEG_A,True
4720,SEG_C,SEG_B,False
4722,SEG_A,SEG_A,True
4723,SEG_B,SEG_B,True
4724,SEG_C,SEG_B,False
4725,SEG_C,SEG_C,True
4726,SEG_B,SEG_A,False
4727,SEG_A,SEG_A,True
4728,SEG_A,SEG_A,True
4729,SEG_B,SEG_A,False
4730,SEG_B,SEG_B,True
4733,SEG_A,SEG_A,True
4734,SEG_A,SEG_A,True
4736,SEG_B,SEG_A,False
4738,SEG_C,SEG_B,False
4740,SEG_B,SEG_B,True
4741,SEG_C,SEG_B,False
4745,SEG_A,SEG_B,False
4746,SEG_A,SEG_A,True
4748,SEG_A,SEG_A,True
4749,SEG_A,SEG_A,True
4750,SEG_B,SEG_A,False
4751,SEG_C,SEG_A,False
4752,SEG_A,SEG_A,True
4753,SEG_A,SEG_A,True
4754,SEG_B,SEG_B,True
4755,SEG_B,SEG_A,False
4756,SEG_B,SEG_B,True
4757,SEG_C,SEG_C,True
4758,SEG_A,SEG_A,True
4759,SEG_A,SEG_A,True
4760,SEG_A,SEG_A,True
4761,SEG_B,SEG_B,True
4762,SEG_A,SEG_A,True
4763,SEG_B,SEG_B,True
4765,SEG_A,SEG_A,True
4766,SEG_A,SEG_A,True
4767,SEG_A,SEG_A,True
4768,SEG_A,SEG_A,True
4769,SEG_A,SEG_A,True
4770,SEG_A,SEG_A,True
4771,SEG_B,SEG_B,True
4772,SEG_B,SEG_A,False
4774,SEG_A,SEG_A,True
4775,SEG_B,SEG_A,False
4776,SEG_B,SEG_B,True
4777,SEG_A,SEG_A,True
4779,SEG_A,SEG_A,True
4780,SEG_B,SEG_A,False
4781,SEG_A,SEG_A,True
4782,SEG_A,SEG_A,True
4783,SEG_A,SEG_A,True
4784,SEG_C,SEG_A,False
4785,SEG_B,SEG_B,True
4786,SEG_C,SEG_B,False
4787,SEG_B,SEG_B,True
4788,SEG_A,SEG_A,True
4789,SEG_B,SEG_B,True
4790,SEG_A,SEG_A,True
4791,SEG_B,SEG_B,True
4793,SEG_B,SEG_A,False
4794,SEG_C,SEG_A,False
4795,SEG_C,SEG_B,False
4797,SEG_A,SEG_A,True
4798,SEG_C,SEG_A,False
4799,SEG_C,SEG_C,True
4800,SEG_A,SEG_A,True
4801,SEG_C,SEG_C,True
4803,SEG_A,SEG_A,True
4804,SEG_B,SEG_A,False
4805,SEG_B,SEG_A,False
4806,SEG_B,SEG_A,False
4807,SEG_B,SEG_A,False
4808,SEG_C,SEG_A,False
4810,SEG_B,SEG_B,True
4812,SEG_A,SEG_A,True
4813,SEG_C,SEG_B,False
4814,SEG_C,SEG_C,True
4815,SEG_A,SEG_A,True
4818,SEG_A,SEG_A,True
4819,SEG_C,SEG_B,False
4820,SEG_B,SEG_A,False
4823,SEG_A,SEG_A,True
4824,SEG_A,SEG_A,True
4825,SEG_A,SEG_A,True
4826,SEG_A,SEG_A,True
4827,SEG_B,SEG_B,True
4828,SEG_B,SEG_B,True
4829,SEG_A,SEG_A,True
4830,SEG_A,SEG_A,True
4831,SEG_C,SEG_B,False
4833,SEG_C,SEG_A,False
4835,SEG_C,SEG_A,False
4836,SEG_C,SEG_A,False
4837,SEG_B,SEG_A,False
4838,SEG_B,SEG_C,False
4840,SEG_A,SEG_A,True
4841,SEG_A,SEG_A,True
4842,SEG_A,SEG_A,True
4843,SEG_C,SEG_A,False
4844,SEG_B,SEG_B,True
4845,SEG_A,SEG_A,True
4846,SEG_A,SEG_A,True
4847,SEG_B,SEG_B,True
4848,SEG_B,SEG_B,True
4849,SEG_A,SEG_A,True
4851,SEG_A,SEG_A,True
4852,SEG_C,SEG_A,False
4853,SEG_A,SEG_B,False
4854,SEG_B,SEG_B,True
4855,SEG_A,SEG_A,True
4856,SEG_A,SEG_B,False
4857,SEG_A,SEG_A,True
4859,SEG_C,SEG_B,False
4860,SEG_A,SEG_A,True
4861,SEG_C,SEG_A,False
4862,SEG_A,SEG_A,True
4863,SEG_A,SEG_A,True
4864,SEG_A,SEG_A,True
4865,SEG_A,SEG_A,True
4866,SEG_A,SEG_A,True
4867,SEG_C,SEG_C,True
4868,SEG_B,SEG_B,True
4869,SEG_A,SEG_B,False
4871,SEG_A,SEG_A,True
4872,SEG_A,SEG_A,True
4873,SEG_B,SEG_B,True
4874,SEG_A,SEG_A,True
4875,SEG_B,SEG_B,True
4876,SEG_A,SEG_A,True
4877,SEG_C,SEG_A,False
4878,SEG_B,SEG_B,True
4879,SEG_C,SEG_B,False
4880,SEG_C,SEG_A,False
4881,SEG_A,SEG_A,True
4882,SEG_B,SEG_A,False
4883,SEG_C,SEG_C,True
4884,SEG_B,SEG_B,True
4885,SEG_A,SEG_A,True
4886,SEG_B,SEG_B,True
4887,SEG_A,SEG_A,True
4888,SEG_A,SEG_A,True
4889,SEG_A,SEG_A,True
4890,SEG_B,SEG_A,False
4891,SEG_B,SEG_B,True
4892,SEG_B,SEG_B,True
4893,SEG_B,SEG_B,True
4894,SEG_B,SEG_B,True
4895,SEG_A,SEG_A,True
4896,SEG_B,SEG_B,True
4897,SEG_C,SEG_B,False
4898,SEG_A,SEG_B,False
4899,SEG_A,SEG_A,True
4900,SEG_C,SEG_B,False
4901,SEG_A,SEG_A,True
4904,SEG_B,SEG_B,True
4906,SEG_B,SEG_B,True
4907,SEG_C,SEG_A,False
4908,SEG_B,SEG_A,False
4909,SEG_A,SEG_A,True
4910,SEG_A,SEG_A,True
4911,SEG_C,SEG_B,False
4912,SEG_B,SEG_B,True
4913,SEG_C,SEG_C,True
4914,SEG_A,SEG_A,True
4915,SEG_B,SEG_A,False
4916,SEG_A,SEG_A,True
4918,SEG_B,SEG_B,True
4919,SEG_B,SEG_C,False
4920,SEG_B,SEG_B,True
4921,SEG_A,SEG_A,True
4922,SEG_C,SEG_C,True
4923,SEG_C,SEG_C,True
4924,SEG_A,SEG_A,True
4926,SEG_A,SEG_A,True
4927,SEG_C,SEG_A,False
4929,SEG_A,SEG_A,True
4930,SEG_B,SEG_A,False
4931,SEG_C,SEG_C,True
4932,SEG_B,SEG_C,False
4933,SEG_C,SEG_B,False
4934,SEG_C,SEG_A,False
4935,SEG_A,SEG_A,True
4936,SEG_B,SEG_B,True
4937,SEG_A,SEG_A,True
4938,SEG_B,SEG_B,True
4939,SEG_A,SEG_A,True
4941,SEG_A,SEG_A,True
4942,SEG_A,SEG_A,True
4943,SEG_C,SEG_B,False
4944,SEG_B,SEG_A,False
4945,SEG_B,SEG_B,True
4946,SEG_A,SEG_A,True
4947,SEG_C,SEG_C,True
4948,SEG_A,SEG_A,True
4949,SEG_B,SEG_B,True
4950,SEG_A,SEG_A,True
4951,SEG_B,SEG_A,False
4952,SEG_B,SEG_A,False
4953,SEG_A,SEG_A,True
4954,SEG_A,SEG_C,False
4955,SEG_C,SEG_B,False
4956,SEG_C,SEG_A,False
4957,SEG_C,SEG_A,False
4958,SEG_B,SEG_B,True
4959,SEG_A,SEG_A,True
4961,SEG_A,SEG_A,True
4962,SEG_B,SEG_B,True
4963,SEG_C,SEG_C,True
4964,SEG_C,SEG_B,False
4965,SEG_B,SEG_B,True
4966,SEG_B,SEG_B,True
4967,SEG_A,SEG_A,True
4968,SEG_A,SEG_B,False
4969,SEG_C,SEG_B,False
4970,SEG_C,SEG_C,True
4971,SEG_B,SEG_A,False
4972,SEG_B,SEG_B,True
4973,SEG_A,SEG_A,True
4974,SEG_B,SEG_B,True
4975,SEG_B,SEG_B,True
4976,SEG_A,SEG_A,True
4978,SEG_C,SEG_B,False
4979,SEG_C,SEG_A,False
4980,SEG_C,SEG_A,False
4981,SEG_B,SEG_A,False
4982,SEG_B,SEG_B,True
4983,SEG_A,SEG_A,True
4984,SEG_A,SEG_A,True
4986,SEG_B,SEG_B,True
4987,SEG_A,SEG_A,True
4990,SEG_A,SEG_A,True
4991,SEG_C,SEG_A,False
4992,SEG_B,SEG_B,True
4993,SEG_B,SEG_A,False
4994,SEG_A,SEG_A,True
4995,SEG_B,SEG_B,True
4996,SEG_B,SEG_B,True
4997,SEG_A,SEG_A,True
4998,SEG_A,SEG_A,True
4999,SEG_B,SEG_A,False
5000,SEG_A,SEG_A,True
5002,SEG_A,SEG_C,False
5003,SEG_C,SEG_A,False
5004,SEG_B,SEG_B,True
5005,SEG_A,SEG_A,True
5006,SEG_B,SEG_B,True
5007,SEG_A,SEG_A,True
5008,SEG_A,SEG_A,True
5009,SEG_A,SEG_A,True
5010,SEG_A,SEG_A,True
5012,SEG_B,SEG_A,False
5013,SEG_B,SEG_B,True
5014,SEG_A,SEG_A,True
5015,SEG_A,SEG_A,True
5016,SEG_A,SEG_A,True
5017,SEG_A,SEG_A,True
5018,SEG_C,SEG_C,True
5019,SEG_B,SEG_B,True
5020,SEG_C,SEG_C,True
5021,SEG_B,SEG_B,True
5022,SEG_A,SEG_A,True
5023,SEG_B,SEG_B,True
5024,SEG_A,SEG_A,True
5025,SEG_A,SEG_A,True
5026,SEG_B,SEG_B,True
5028,SEG_C,SEG_C,True
5029,SEG_A,SEG_A,True
5030,SEG_A,SEG_A,True
5031,SEG_A,SEG_A,True
5032,SEG_B,SEG_A,False
5033,SEG_C,SEG_C,True
5034,SEG_A,SEG_A,True
5035,SEG_B,SEG_B,True
5036,SEG_B,SEG_B,True
5037,SEG_A,SEG_A,True
5038,SEG_B,SEG_B,True
5039,SEG_C,SEG_C,True
5040,SEG_B,SEG_B,True
5041,SEG_A,SEG_B,False
5044,SEG_A,SEG_A,True
5045,SEG_B,SEG_B,True
5046,SEG_A,SEG_A,True
5049,SEG_B,SEG_B,True
5050,SEG_A,SEG_A,True
5051,SEG_C,SEG_A,False
5052,SEG_A,SEG_B,False
5054,SEG_A,SEG_A,True
5055,SEG_A,SEG_A,True
5056,SEG_B,SEG_C,False
5057,SEG_A,SEG_A,True
5058,SEG_A,SEG_A,True
5060,SEG_A,SEG_A,True
5061,SEG_B,SEG_A,False
5062,SEG_A,SEG_A,True
5063,SEG_B,SEG_A,False
5065,SEG_A,SEG_A,True
5066,SEG_A,SEG_A,True
5067,SEG_A,SEG_A,True
5068,SEG_C,SEG_C,True
5069,SEG_A,SEG_A,True
5070,SEG_B,SEG_A,False
5072,SEG_A,SEG_A,True
5074,SEG_A,SEG_A,True
5075,SEG_A,SEG_A,True
5076,SEG_C,SEG_B,False
5077,SEG_B,SEG_B,True
5078,SEG_C,SEG_B,False
5079,SEG_B,SEG_A,False
5080,SEG_B,SEG_A,False
5081,SEG_A,SEG_C,False
5082,SEG_C,SEG_C,True
5084,SEG_A,SEG_A,True
5085,SEG_B,SEG_A,False
5086,SEG_A,SEG_A,True
5087,SEG_A,SEG_A,True
5088,SEG_B,SEG_C,False
5089,SEG_A,SEG_A,True
5090,SEG_B,SEG_B,True
5091,SEG_A,SEG_A,True
5092,SEG_A,SEG_A,True
5093,SEG_B,SEG_B,True
5095,SEG_A,SEG_A,True
5096,SEG_B,SEG_B,True
5097,SEG_A,SEG_A,True
5098,SEG_A,SEG_A,True
5099,SEG_B,SEG_A,False
5100,SEG_C,SEG_B,False
5101,SEG_C,SEG_A,False
5102,SEG_C,SEG_B,False
5103,SEG_A,SEG_A,True
5104,SEG_C,SEG_A,False
5106,SEG_B,SEG_A,False
5107,SEG_C,SEG_C,True
5108,SEG_A,SEG_A,True
5110,SEG_B,SEG_A,False
5112,SEG_B,SEG_B,True
5113,SEG_B,SEG_B,True
5115,SEG_B,SEG_B,True
5116,SEG_A,SEG_A,True
5117,SEG_A,SEG_A,True
5118,SEG_A,SEG_A,True
5119,SEG_A,SEG_A,True
5120,SEG_C,SEG_A,False
5121,SEG_A,SEG_A,True
5122,SEG_B,SEG_B,True
5124,SEG_A,SEG_B,False
5125,SEG_C,SEG_A,False
5126,SEG_A,SEG_A,True
5127,SEG_A,SEG_B,False
5128,SEG_A,SEG_A,True
5132,SEG_B,SEG_B,True
5134,SEG_A,SEG_A,True
5136,SEG_A,SEG_A,True
5137,SEG_B,SEG_B,True
5138,SEG_A,SEG_A,True
5139,SEG_A,SEG_A,True
5140,SEG_C,SEG_A,False
5141,SEG_A,SEG_A,True
5142,SEG_B,SEG_A,False
5143,SEG_A,SEG_A,True
5144,SEG_A,SEG_B,False
5145,SEG_A,SEG_A,True
5147,SEG_B,SEG_B,True
5148,SEG_B,SEG_B,True
5149,SEG_C,SEG_A,False
5150,SEG_A,SEG_A,True
5151,SEG_C,SEG_A,False
5153,SEG_C,SEG_A,False
5154,SEG_C,SEG_C,True
5155,SEG_B,SEG_B,True
5156,SEG_A,SEG_A,True
5157,SEG_B,SEG_B,True
5158,SEG_A,SEG_A,True
5159,SEG_A,SEG_A,True
5161,SEG_B,SEG_B,True
5163,SEG_A,SEG_A,True
5165,SEG_C,SEG_B,False
5167,SEG_B,SEG_A,False
5168,SEG_A,SEG_A,True
5169,SEG_A,SEG_A,True
5170,SEG_A,SEG_A,True
5173,SEG_A,SEG_A,True
5174,SEG_A,SEG_A,True
5175,SEG_A,SEG_A,True
5176,SEG_B,SEG_B,True
5177,SEG_B,SEG_B,True
5178,SEG_A,SEG_A,True
5179,SEG_A,SEG_A,True
5180,SEG_C,SEG_A,False
5182,SEG_B,SEG_B,True
5183,SEG_A,SEG_A,True
5184,SEG_A,SEG_A,True
5185,SEG_B,SEG_C,False
5186,SEG_A,SEG_A,True
5187,SEG_B,SEG_A,False
5188,SEG_A,SEG_A,True
5189,SEG_A,SEG_A,True
5190,SEG_C,SEG_B,False
5191,SEG_C,SEG_A,False
5192,SEG_A,SEG_A,True
5193,SEG_A,SEG_A,True
5194,SEG_B,SEG_B,True
5195,SEG_C,SEG_B,False
5196,SEG_B,SEG_B,True
5197,SEG_A,SEG_C,False
5199,SEG_A,SEG_A,True
5200,SEG_C,SEG_A,False
5201,SEG_B,SEG_B,True
5202,SEG_A,SEG_A,True
5205,SEG_A,SEG_A,True
5206,SEG_A,SEG_A,True
5207,SEG_B,SEG_B,True
5208,SEG_A,SEG_A,True
5209,SEG_C,SEG_C,True
5210,SEG_A,SEG_A,True
5211,SEG_C,SEG_A,False
5213,SEG_C,SEG_B,False
5214,SEG_C,SEG_A,False
5215,SEG_B,SEG_A,False
5217,SEG_C,SEG_B,False
5218,SEG_B,SEG_B,True
5219,SEG_C,SEG_A,False
5222,SEG_C,SEG_A,False
5223,SEG_C,SEG_B,False
5225,SEG_B,SEG_B,True
5226,SEG_A,SEG_A,True
5228,SEG_A,SEG_A,True
5230,SEG_B,SEG_B,True
5231,SEG_A,SEG_A,True
5232,SEG_C,SEG_B,False
5233,SEG_C,SEG_B,False
5234,SEG_C,SEG_A,False
5235,SEG_A,SEG_A,True
5236,SEG_A,SEG_A,True
5237,SEG_C,SEG_B,False
5238,SEG_A,SEG_A,True
5239,SEG_B,SEG_A,False
5240,SEG_A,SEG_A,True
5241,SEG_C,SEG_B,False
5243,SEG_C,SEG_B,False
5244,SEG_A,SEG_B,False
5246,SEG_A,SEG_A,True
5247,SEG_C,SEG_B,False
5248,SEG_A,SEG_A,True
5249,SEG_C,SEG_A,False
5250,SEG_A,SEG_A,True
5251,SEG_A,SEG_A,True
5252,SEG_B,SEG_B,True
5253,SEG_A,SEG_A,True
5256,SEG_B,SEG_A,False
5258,SEG_C,SEG_B,False
5259,SEG_A,SEG_A,True
5260,SEG_C,SEG_A,False
5261,SEG_A,SEG_C,False
5264,SEG_A,SEG_A,True
5265,SEG_C,SEG_A,False
5266,SEG_B,SEG_B,True
5267,SEG_B,SEG_B,True
5268,SEG_A,SEG_A,True
5269,SEG_C,SEG_A,False
5270,SEG_A,SEG_A,True
5271,SEG_A,SEG_B,False
5272,SEG_A,SEG_A,True
5273,SEG_C,SEG_C,True
5274,SEG_B,SEG_B,True
5275,SEG_A,SEG_A,True
5276,SEG_C,SEG_B,False
5277,SEG_B,SEG_B,True
5278,SEG_A,SEG_A,True
5279,SEG_C,SEG_C,True
5280,SEG_A,SEG_A,True
5281,SEG_C,SEG_A,False
5282,SEG_B,SEG_B,True
5283,SEG_A,SEG_A,True
5284,SEG_A,SEG_A,True
5285,SEG_B,SEG_A,False
5287,SEG_C,SEG_C,True
5288,SEG_A,SEG_A,True
5289,SEG_B,SEG_B,True
5290,SEG_B,SEG_A,False
5291,SEG_C,SEG_A,False
5292,SEG_A,SEG_A,True
5293,SEG_A,SEG_A,True
5297,SEG_A,SEG_A,True
5298,SEG_C,SEG_B,False
5300,SEG_A,SEG_A,True
5301,SEG_B,SEG_B,True
5302,SEG_A,SEG_A,True
5303,SEG_A,SEG_A,True
5304,SEG_B,SEG_B,True
5305,SEG_A,SEG_A,True
5306,SEG_A,SEG_A,True
5307,SEG_B,SEG_B,True
5308,SEG_C,SEG_C,True
5309,SEG_B,SEG_B,True
5310,SEG_A,SEG_A,True
5311,SEG_C,SEG_B,False
5312,SEG_A,SEG_A,True
5313,SEG_C,SEG_A,False
5316,SEG_C,SEG_B,False
5317,SEG_B,SEG_B,True
5320,SEG_A,SEG_A,True
5321,SEG_B,SEG_B,True
5322,SEG_C,SEG_A,False
5323,SEG_B,SEG_B,True
5324,SEG_A,SEG_A,True
5325,SEG_A,SEG_A,True
5327,SEG_A,SEG_A,True
5328,SEG_C,SEG_B,False
5329,SEG_B,SEG_C,False
5330,SEG_A,SEG_A,True
5331,SEG_B,SEG_B,True
5332,SEG_A,SEG_A,True
5333,SEG_C,SEG_B,False
5334,SEG_B,SEG_B,True
5335,SEG_B,SEG_B,True
5336,SEG_B,SEG_B,True
5337,SEG_C,SEG_A,False
5338,SEG_A,SEG_A,True
5339,SEG_C,SEG_A,False
5340,SEG_A,SEG_A,True
5341,SEG_A,SEG_A,True
5342,SEG_B,SEG_B,True
5343,SEG_A,SEG_A,True
5344,SEG_B,SEG_B,True
5345,SEG_C,SEG_B,False
5346,SEG_C,SEG_A,False
5347,SEG_B,SEG_A,False
5348,SEG_B,SEG_B,True
5349,SEG_A,SEG_A,True
5350,SEG_B,SEG_B,True
5351,SEG_C,SEG_B,False
5352,SEG_B,SEG_B,True
5353,SEG_A,SEG_A,True
5354,SEG_A,SEG_A,True
5355,SEG_A,SEG_A,True
5356,SEG_A,SEG_A,True
5359,SEG_C,SEG_C,True
5360,SEG_B,SEG_A,False
5361,SEG_A,SEG_A,True
5362,SEG_A,SEG_A,True
5363,SEG_A,SEG_A,True
5364,SEG_A,SEG_A,True
5365,SEG_A,SEG_A,True
5366,SEG_B,SEG_A,False
5367,SEG_A,SEG_A,True
5369,SEG_C,SEG_A,False
5372,SEG_C,SEG_A,False
5375,SEG_B,SEG_A,False
5377,SEG_B,SEG_B,True
5378,SEG_C,SEG_A,False
5379,SEG_A,SEG_A,True
5380,SEG_C,SEG_B,False
5381,SEG_B,SEG_A,False
5382,SEG_C,SEG_B,False
5383,SEG_A,SEG_A,True
5384,SEG_C,SEG_C,True
5386,SEG_C,SEG_A,False
5387,SEG_A,SEG_B,False
5388,SEG_A,SEG_A,True
5389,SEG_B,SEG_A,False
5390,SEG_B,SEG_A,False
5391,SEG_B,SEG_A,False
5392,SEG_C,SEG_C,True
5393,SEG_C,SEG_A,False
5394,SEG_A,SEG_A,True
5395,SEG_A,SEG_A,True
5396,SEG_A,SEG_A,True
5397,SEG_C,SEG_A,False
5398,SEG_B,SEG_B,True
5399,SEG_A,SEG_A,True
5400,SEG_A,SEG_A,True
5401,SEG_A,SEG_A,True
5403,SEG_B,SEG_B,True
5405,SEG_C,SEG_C,True
5406,SEG_C,SEG_B,False
5407,SEG_B,SEG_B,True
5408,SEG_C,SEG_A,False
5409,SEG_A,SEG_A,True
5410,SEG_B,SEG_C,False
5411,SEG_B,SEG_A,False
5412,SEG_A,SEG_A,True
5413,SEG_A,SEG_A,True
5414,SEG_B,SEG_B,True
5415,SEG_C,SEG_A,False
5416,SEG_B,SEG_B,True
5417,SEG_C,SEG_C,True
5418,SEG_C,SEG_B,False
5419,SEG_C,SEG_B,False
5420,SEG_B,SEG_A,False
5421,SEG_A,SEG_A,True
5422,SEG_A,SEG_A,True
5423,SEG_A,SEG_A,True
5424,SEG_A,SEG_A,True
5425,SEG_A,SEG_A,True
5426,SEG_B,SEG_A,False
5428,SEG_B,SEG_B,True
5431,SEG_B,SEG_B,True
5432,SEG_A,SEG_A,True
5433,SEG_B,SEG_B,True
5434,SEG_C,SEG_B,False
5436,SEG_B,SEG_C,False
5438,SEG_A,SEG_A,True
5439,SEG_A,SEG_A,True
5440,SEG_B,SEG_B,True
5441,SEG_A,SEG_A,True
5442,SEG_C,SEG_C,True
5444,SEG_A,SEG_A,True
5445,SEG_C,SEG_A,False
5446,SEG_C,SEG_B,False
5447,SEG_B,SEG_B,True
5448,SEG_B,SEG_B,True
5449,SEG_A,SEG_A,True
5450,SEG_A,SEG_A,True
5451,SEG_C,SEG_B,False
5453,SEG_A,SEG_B,False
5454,SEG_A,SEG_A,True
5455,SEG_A,SEG_A,True
5456,SEG_B,SEG_B,True
5457,SEG_B,SEG_A,False
5458,SEG_A,SEG_A,True
5460,SEG_A,SEG_A,True
5461,SEG_A,SEG_A,True
5462,SEG_A,SEG_A,True
5463,SEG_C,SEG_A,False
5464,SEG_B,SEG_B,True
5465,SEG_C,SEG_B,False
5466,SEG_B,SEG_B,True
5467,SEG_B,SEG_B,True
5468,SEG_B,SEG_A,False
5469,SEG_C,SEG_B,False
5471,SEG_A,SEG_A,True
5472,SEG_A,SEG_A,True
5474,SEG_A,SEG_A,True
5475,SEG_B,SEG_B,True
5476,SEG_B,SEG_A,False
5479,SEG_A,SEG_A,True
5480,SEG_B,SEG_A,False
5483,SEG_A,SEG_A,True
5484,SEG_B,SEG_A,False
5485,SEG_A,SEG_A,True
5486,SEG_B,SEG_B,True
5487,SEG_B,SEG_B,True
5488,SEG_A,SEG_A,True
5489,SEG_B,SEG_A,False
5490,SEG_B,SEG_B,True
5491,SEG_A,SEG_A,True
5494,SEG_A,SEG_A,True
5496,SEG_C,SEG_C,True
5497,SEG_B,SEG_A,False
5498,SEG_B,SEG_B,True
5499,SEG_A,SEG_A,True
5500,SEG_A,SEG_A,True
5501,SEG_A,SEG_A,True
5502,SEG_C,SEG_C,True
5503,SEG_A,SEG_C,False
5504,SEG_A,SEG_A,True
5506,SEG_A,SEG_A,True
5507,SEG_C,SEG_B,False
5508,SEG_A,SEG_A,True
5509,SEG_C,SEG_A,False
5510,SEG_C,SEG_B,False
5511,SEG_A,SEG_A,True
5512,SEG_A,SEG_A,True
5513,SEG_A,SEG_A,True
5514,SEG_B,SEG_A,False
5515,SEG_C,SEG_C,True
5516,SEG_B,SEG_A,False
5517,SEG_B,SEG_B,True
5518,SEG_C,SEG_C,True
5519,SEG_B,SEG_B,True
5520,SEG_B,SEG_A,False
5521,SEG_B,SEG_B,True
5522,SEG_B,SEG_A,False
5524,SEG_C,SEG_B,False
5525,SEG_A,SEG_A,True
5526,SEG_A,SEG_A,True
5527,SEG_C,SEG_B,False
5528,SEG_A,SEG_A,True
5530,SEG_A,SEG_A,True
5532,SEG_A,SEG_A,True
5533,SEG_A,SEG_A,True
5534,SEG_A,SEG_A,True
5536,SEG_A,SEG_A,True
5537,SEG_B,SEG_B,True
5538,SEG_C,SEG_A,False
5539,SEG_A,SEG_A,True
5540,SEG_A,SEG_A,True
5541,SEG_A,SEG_A,True
5542,SEG_B,SEG_B,True
5543,SEG_C,SEG_A,False
5544,SEG_B,SEG_B,True
5545,SEG_C,SEG_A,False
5547,SEG_C,SEG_A,False
5548,SEG_C,SEG_A,False
5551,SEG_C,SEG_C,True
5552,SEG_B,SEG_B,True
5553,SEG_C,SEG_B,False
5554,SEG_B,SEG_B,True
5555,SEG_B,SEG_A,False
5556,SEG_C,SEG_B,False
5557,SEG_C,SEG_B,False
5559,SEG_C,SEG_A,False
5562,SEG_B,SEG_A,False
5563,SEG_A,SEG_A,True
5564,SEG_B,SEG_B,True
5565,SEG_A,SEG_A,True
5566,SEG_B,SEG_A,False
5567,SEG_C,SEG_C,True
5568,SEG_C,SEG_C,True
5569,SEG_B,SEG_B,True
5570,SEG_A,SEG_A,True
5571,SEG_C,SEG_B,False
5572,SEG_A,SEG_A,True
5573,SEG_A,SEG_A,True
5574,SEG_B,SEG_B,True
5575,SEG_A,SEG_A,True
5576,SEG_A,SEG_A,True
5577,SEG_C,SEG_C,True
5578,SEG_B,SEG_B,True
5579,SEG_C,SEG_A,False
5581,SEG_A,SEG_A,True
5582,SEG_C,SEG_A,False
5583,SEG_A,SEG_A,True
5584,SEG_A,SEG_A,True
5585,SEG_B,SEG_B,True
5586,SEG_A,SEG_B,False
5587,SEG_B,SEG_B,True
5588,SEG_C,SEG_C,True
5589,SEG_A,SEG_A,True
5590,SEG_B,SEG_A,False
5591,SEG_B,SEG_B,True
5592,SEG_A,SEG_A,True
5593,SEG_A,SEG_A,True
5594,SEG_C,SEG_A,False
5595,SEG_A,SEG_A,True
5597,SEG_A,SEG_B,False
5598,SEG_B,SEG_A,False
5599,SEG_B,SEG_B,True
5601,SEG_A,SEG_A,True
5602,SEG_A,SEG_A,True
5603,SEG_C,SEG_B,False
5604,SEG_C,SEG_A,False
5605,SEG_A,SEG_A,True
5606,SEG_C,SEG_A,False
5607,SEG_C,SEG_A,False
5608,SEG_B,SEG_B,True
5609,SEG_B,SEG_B,True
5610,SEG_C,SEG_A,False
5611,SEG_C,SEG_A,False
5612,SEG_A,SEG_A,True
5613,SEG_C,SEG_A,False
5614,SEG_B,SEG_A,False
5616,SEG_A,SEG_A,True
5617,SEG_C,SEG_A,False
5619,SEG_A,SEG_A,True
5620,SEG_A,SEG_A,True
5621,SEG_A,SEG_A,True
5622,SEG_A,SEG_A,True
5623,SEG_B,SEG_B,True
5624,SEG_B,SEG_A,False
5625,SEG_A,SEG_A,True
5627,SEG_A,SEG_A,True
5629,SEG_B,SEG_B,True
5630,SEG_A,SEG_A,True
5632,SEG_A,SEG_A,True
5633,SEG_A,SEG_A,True
5634,SEG_A,SEG_A,True
5635,SEG_A,SEG_A,True
5636,SEG_A,SEG_A,True
5638,SEG_A,SEG_A,True
5639,SEG_A,SEG_A,True
5641,SEG_A,SEG_A,True
5642,SEG_B,SEG_A,False
5643,SEG_C,SEG_B,False
5645,SEG_B,SEG_A,False
5646,SEG_C,SEG_C,True
5647,SEG_A,SEG_A,True
5648,SEG_B,SEG_B,True
5649,SEG_A,SEG_A,True
5650,SEG_A,SEG_A,True
5651,SEG_A,SEG_C,False
5652,SEG_A,SEG_A,True
5653,SEG_A,SEG_A,True
5654,SEG_B,SEG_B,True
5655,SEG_A,SEG_A,True
5656,SEG_B,SEG_B,True
5657,SEG_C,SEG_C,True
5658,SEG_A,SEG_A,True
5659,SEG_B,SEG_B,True
5660,SEG_B,SEG_B,True
5661,SEG_B,SEG_A,False
5662,SEG_A,SEG_A,True
5663,SEG_A,SEG_A,True
5664,SEG_B,SEG_B,True
5665,SEG_C,SEG_B,False
5666,SEG_B,SEG_A,False
5667,SEG_A,SEG_A,True
5668,SEG_A,SEG_A,True
5669,SEG_A,SEG_B,False
5670,SEG_C,SEG_B,False
5671,SEG_C,SEG_B,False
5675,SEG_B,SEG_B,True
5676,SEG_A,SEG_A,True
5677,SEG_A,SEG_A,True
5678,SEG_B,SEG_B,True
5679,SEG_C,SEG_C,True
5681,SEG_A,SEG_B,False
5684,SEG_C,SEG_B,False
5685,SEG_A,SEG_A,True
5686,SEG_A,SEG_A,True
5687,SEG_A,SEG_B,False
5689,SEG_C,SEG_A,False
5691,SEG_C,SEG_C,True
5692,SEG_C,SEG_C,True
5693,SEG_C,SEG_A,False
5694,SEG_A,SEG_B,False
5696,SEG_A,SEG_A,True
5698,SEG_B,SEG_B,True
5699,SEG_C,SEG_B,False
5700,SEG_B,SEG_B,True
5701,SEG_A,SEG_A,True
5702,SEG_A,SEG_A,True
5704,SEG_C,SEG_B,False
5705,SEG_B,SEG_B,True
5706,SEG_A,SEG_A,True
5707,SEG_A,SEG_A,True
5708,SEG_A,SEG_A,True
5709,SEG_B,SEG_B,True
5710,SEG_A,SEG_A,True
5711,SEG_A,SEG_A,True
5713,SEG_C,SEG_B,False
5714,SEG_C,SEG_A,False
5715,SEG_A,SEG_B,False
5717,SEG_B,SEG_A,False
5718,SEG_B,SEG_B,True
5719,SEG_B,SEG_B,True
5720,SEG_C,SEG_B,False
5721,SEG_C,SEG_A,False
5722,SEG_A,SEG_A,True
5723,SEG_A,SEG_A,True
5724,SEG_B,SEG_A,False
5726,SEG_C,SEG_B,False
5727,SEG_A,SEG_A,True
5728,SEG_A,SEG_A,True
5729,SEG_C,SEG_A,False
5730,SEG_B,SEG_B,True
5731,SEG_C,SEG_B,False
5732,SEG_B,SEG_B,True
5736,SEG_B,SEG_B,True
5737,SEG_B,SEG_A,False
5738,SEG_A,SEG_A,True
5739,SEG_C,SEG_B,False
5740,SEG_B,SEG_B,True
5741,SEG_C,SEG_A,False
5742,SEG_A,SEG_A,True
5743,SEG_B,SEG_A,False
5744,SEG_C,SEG_A,False
5745,SEG_A,SEG_A,True
5746,SEG_C,SEG_B,False
5747,SEG_A,SEG_A,True
5748,SEG_A,SEG_A,True
5749,SEG_A,SEG_A,True
5750,SEG_A,SEG_A,True
5751,SEG_C,SEG_A,False
5752,SEG_A,SEG_A,True
5753,SEG_B,SEG_B,True
5754,SEG_A,SEG_A,True
5755,SEG_C,SEG_C,True
5756,SEG_C,SEG_C,True
5757,SEG_B,SEG_B,True
5758,SEG_A,SEG_A,True
5760,SEG_B,SEG_A,False
5761,SEG_C,SEG_A,False
5762,SEG_A,SEG_A,True
5763,SEG_A,SEG_A,True
5764,SEG_B,SEG_B,True
5765,SEG_C,SEG_A,False
5766,SEG_A,SEG_A,True
5767,SEG_C,SEG_C,True
5768,SEG_B,SEG_C,False
5769,SEG_B,SEG_B,True
5770,SEG_C,SEG_A,False
5771,SEG_A,SEG_B,False
5772,SEG_A,SEG_A,True
5773,SEG_A,SEG_A,True
5775,SEG_A,SEG_A,True
5776,SEG_C,SEG_B,False
5777,SEG_C,SEG_C,True
5778,SEG_C,SEG_C,True
5779,SEG_A,SEG_A,True
5780,SEG_A,SEG_A,True
5782,SEG_A,SEG_A,True
5783,SEG_C,SEG_C,True
5784,SEG_B,SEG_A,False
5786,SEG_C,SEG_B,False
5788,SEG_A,SEG_A,True
5789,SEG_B,SEG_B,True
5790,SEG_A,SEG_A,True
5791,SEG_A,SEG_A,True
5792,SEG_A,SEG_A,True
5793,SEG_C,SEG_A,False
5794,SEG_A,SEG_A,True
5795,SEG_C,SEG_A,False
5796,SEG_A,SEG_A,True
5797,SEG_C,SEG_B,False
5798,SEG_A,SEG_A,True
5799,SEG_A,SEG_A,True
5800,SEG_A,SEG_A,True
5801,SEG_A,SEG_A,True
5802,SEG_C,SEG_B,False
5803,SEG_B,SEG_A,False
5805,SEG_A,SEG_A,True
5806,SEG_B,SEG_B,True
5807,SEG_C,SEG_A,False
5808,SEG_A,SEG_A,True
5809,SEG_A,SEG_A,True
5811,SEG_A,SEG_A,True
5812,SEG_B,SEG_B,True
5813,SEG_C,SEG_A,False
5814,SEG_A,SEG_A,True
5815,SEG_A,SEG_B,False
5816,SEG_A,SEG_A,True
5817,SEG_A,SEG_B,False
5821,SEG_C,SEG_A,False
5822,SEG_A,SEG_A,True
5823,SEG_B,SEG_A,False
5824,SEG_A,SEG_A,True
5827,SEG_A,SEG_A,True
5828,SEG_C,SEG_A,False
5829,SEG_B,SEG_B,True
5831,SEG_A,SEG_A,True
5832,SEG_C,SEG_B,False
5833,SEG_A,SEG_A,True
5835,SEG_A,SEG_A,True
5836,SEG_A,SEG_A,True
5837,SEG_C,SEG_C,True
5838,SEG_C,SEG_C,True
5840,SEG_A,SEG_A,True
5842,SEG_A,SEG_A,True
5845,SEG_A,SEG_A,True
5849,SEG_A,SEG_A,True
5850,SEG_B,SEG_B,True
5851,SEG_B,SEG_B,True
5852,SEG_B,SEG_C,False
5853,SEG_A,SEG_A,True
5854,SEG_A,SEG_A,True
5857,SEG_A,SEG_B,False
5858,SEG_B,SEG_B,True
5859,SEG_C,SEG_A,False
5860,SEG_B,SEG_B,True
5861,SEG_A,SEG_A,True
5863,SEG_A,SEG_A,True
5864,SEG_B,SEG_A,False
5866,SEG_C,SEG_A,False
5867,SEG_C,SEG_A,False
5872,SEG_A,SEG_A,True
5875,SEG_A,SEG_A,True
5876,SEG_A,SEG_A,True
5878,SEG_C,SEG_A,False
5879,SEG_A,SEG_A,True
5882,SEG_A,SEG_A,True
5883,SEG_A,SEG_A,True
5884,SEG_A,SEG_A,True
5885,SEG_A,SEG_A,True
5886,SEG_C,SEG_C,True
5887,SEG_A,SEG_A,True
5888,SEG_A,SEG_A,True
5889,SEG_B,SEG_B,True
5890,SEG_B,SEG_B,True
5891,SEG_A,SEG_A,True
5892,SEG_B,SEG_B,True
5893,SEG_A,SEG_A,True
5894,SEG_C,SEG_A,False
5895,SEG_C,SEG_B,False
5896,SEG_B,SEG_B,True
5897,SEG_A,SEG_A,True
5898,SEG_B,SEG_A,False
5899,SEG_A,SEG_A,True
5901,SEG_A,SEG_A,True
5902,SEG_A,SEG_A,True
5904,SEG_A,SEG_A,True
5905,SEG_C,SEG_B,False
5906,SEG_A,SEG_A,True
5907,SEG_B,SEG_A,False
5908,SEG_C,SEG_C,True
5909,SEG_B,SEG_A,False
5910,SEG_A,SEG_A,True
5912,SEG_A,SEG_A,True
5913,SEG_A,SEG_A,True
5916,SEG_A,SEG_A,True
5917,SEG_A,SEG_A,True
5919,SEG_A,SEG_A,True
5921,SEG_A,SEG_A,True
5922,SEG_A,SEG_A,True
5923,SEG_A,SEG_A,True
5924,SEG_A,SEG_A,True
5926,SEG_A,SEG_A,True
5927,SEG_A,SEG_A,True
5928,SEG_A,SEG_A,True
5929,SEG_A,SEG_A,True
5930,SEG_B,SEG_B,True
5931,SEG_A,SEG_A,True
5932,SEG_A,SEG_A,True
5934,SEG_A,SEG_A,True
5935,SEG_A,SEG_A,True
5936,SEG_A,SEG_A,True
5937,SEG_A,SEG_A,True
5939,SEG_A,SEG_A,True
5940,SEG_A,SEG_A,True
5942,SEG_B,SEG_A,False
5943,SEG_C,SEG_A,False
5944,SEG_A,SEG_A,True
5946,SEG_A,SEG_A,True
5947,SEG_A,SEG_A,True
5948,SEG_A,SEG_A,True
5950,SEG_A,SEG_A,True
5951,SEG_A,SEG_A,True
5952,SEG_A,SEG_A,True
5953,SEG_C,SEG_A,False
5954,SEG_C,SEG_C,True
5955,SEG_A,SEG_A,True
5957,SEG_A,SEG_A,True
5958,SEG_C,SEG_A,False
5959,SEG_A,SEG_A,True
5960,SEG_A,SEG_A,True
5961,SEG_A,SEG_A,True
5962,SEG_A,SEG_A,True
5963,SEG_B,SEG_A,False
5964,SEG_A,SEG_A,True
5965,SEG_B,SEG_B,True
5966,SEG_A,SEG_A,True
5967,SEG_C,SEG_A,False
5969,SEG_A,SEG_A,True
5971,SEG_A,SEG_A,True
5973,SEG_C,SEG_A,False
5974,SEG_B,SEG_B,True
5975,SEG_B,SEG_A,False
5977,SEG_B,SEG_A,False
5978,SEG_A,SEG_A,True
5979,SEG_A,SEG_A,True
5981,SEG_A,SEG_A,True
5983,SEG_B,SEG_A,False
5984,SEG_A,SEG_A,True
5986,SEG_A,SEG_A,True
5987,SEG_B,SEG_B,True
5988,SEG_B,SEG_A,False
5991,SEG_B,SEG_A,False
5992,SEG_B,SEG_B,True
5993,SEG_A,SEG_B,False
5994,SEG_A,SEG_A,True
5995,SEG_B,SEG_A,False
5998,SEG_A,SEG_A,True
6000,SEG_A,SEG_A,True
6001,SEG_C,SEG_B,False
6002,SEG_C,SEG_A,False
6004,SEG_C,SEG_A,False
6005,SEG_C,SEG_B,False
6007,SEG_A,SEG_A,True
6008,SEG_A,SEG_A,True
6009,SEG_C,SEG_A,False
6011,SEG_A,SEG_A,True
6012,SEG_C,SEG_B,False
6013,SEG_C,SEG_A,False
6014,SEG_B,SEG_A,False
6015,SEG_A,SEG_A,True
6016,SEG_B,SEG_B,True
6017,SEG_A,SEG_A,True
6018,SEG_A,SEG_A,True
6020,SEG_A,SEG_A,True
6021,SEG_A,SEG_A,True
6022,SEG_A,SEG_A,True
6023,SEG_C,SEG_A,False
6024,SEG_A,SEG_A,True
6026,SEG_A,SEG_A,True
6028,SEG_B,SEG_B,True
6029,SEG_A,SEG_A,True
6030,SEG_A,SEG_A,True
6031,SEG_B,SEG_B,True
6032,SEG_C,SEG_A,False
6033,SEG_B,SEG_B,True
6035,SEG_A,SEG_A,True
6036,SEG_C,SEG_A,False
6037,SEG_A,SEG_A,True
6038,SEG_A,SEG_A,True
6039,SEG_A,SEG_A,True
6040,SEG_A,SEG_A,True
6042,SEG_A,SEG_A,True
6043,SEG_C,SEG_A,False
6046,SEG_A,SEG_A,True
6047,SEG_A,SEG_B,False
6049,SEG_B,SEG_A,False
6050,SEG_A,SEG_A,True
6051,SEG_A,SEG_A,True
6052,SEG_C,SEG_A,False
6053,SEG_C,SEG_A,False
6054,SEG_C,SEG_B,False
6055,SEG_A,SEG_A,True
6057,SEG_B,SEG_B,True
6058,SEG_C,SEG_B,False
6060,SEG_B,SEG_B,True
6061,SEG_B,SEG_B,True
6062,SEG_B,SEG_B,True
6063,SEG_A,SEG_A,True
6064,SEG_B,SEG_B,True
6066,SEG_C,SEG_C,True
6067,SEG_B,SEG_B,True
6068,SEG_B,SEG_A,False
6069,SEG_A,SEG_A,True
6073,SEG_A,SEG_A,True
6075,SEG_B,SEG_B,True
6076,SEG_B,SEG_B,True
6077,SEG_A,SEG_A,True
6079,SEG_A,SEG_A,True
6080,SEG_A,SEG_A,True
6081,SEG_A,SEG_A,True
6083,SEG_A,SEG_A,True
6084,SEG_A,SEG_A,True
6085,SEG_A,SEG_A,True
6087,SEG_B,SEG_B,True
6088,SEG_B,SEG_B,True
6089,SEG_C,SEG_A,False
6090,SEG_A,SEG_C,False
6091,SEG_B,SEG_A,False
6092,SEG_A,SEG_A,True
6094,SEG_A,SEG_A,True
6095,SEG_A,SEG_A,True
6096,SEG_A,SEG_A,True
6097,SEG_B,SEG_A,False
6098,SEG_B,SEG_B,True
6099,SEG_B,SEG_A,False
6100,SEG_A,SEG_A,True
6103,SEG_A,SEG_A,True
6104,SEG_B,SEG_B,True
6106,SEG_A,SEG_A,True
6107,SEG_A,SEG_A,True
6108,SEG_B,SEG_A,False
6112,SEG_A,SEG_A,True
6113,SEG_A,SEG_A,True
6114,SEG_C,SEG_B,False
6116,SEG_A,SEG_A,True
6117,SEG_A,SEG_A,True
6118,SEG_C,SEG_B,False
6119,SEG_A,SEG_A,True
6121,SEG_B,SEG_A,False
6122,SEG_B,SEG_A,False
6123,SEG_A,SEG_B,False
6124,SEG_B,SEG_B,True
6126,SEG_C,SEG_C,True
6127,SEG_C,SEG_A,False
6129,SEG_A,SEG_B,False
6130,SEG_A,SEG_A,True
6131,SEG_A,SEG_A,True
6132,SEG_A,SEG_A,True
6134,SEG_A,SEG_A,True
6135,SEG_B,SEG_C,False
6136,SEG_B,SEG_B,True
6137,SEG_A,SEG_A,True
6138,SEG_B,SEG_B,True
6139,SEG_B,SEG_B,True
6140,SEG_A,SEG_A,True
6141,SEG_A,SEG_A,True
6143,SEG_B,SEG_B,True
6144,SEG_B,SEG_B,True
6145,SEG_C,SEG_B,False
6146,SEG_A,SEG_A,True
6147,SEG_A,SEG_A,True
6148,SEG_A,SEG_A,True
6149,SEG_A,SEG_A,True
6150,SEG_B,SEG_B,True
6151,SEG_A,SEG_A,True
6152,SEG_A,SEG_A,True
6153,SEG_C,SEG_B,False
6154,SEG_A,SEG_A,True
6156,SEG_C,SEG_B,False
6157,SEG_A,SEG_A,True
6158,SEG_A,SEG_A,True
6159,SEG_A,SEG_A,True
6160,SEG_B,SEG_B,True
6161,SEG_A,SEG_A,True
6162,SEG_B,SEG_B,True
6163,SEG_A,SEG_B,False
6164,SEG_A,SEG_A,True
6166,SEG_C,SEG_B,False
6168,SEG_A,SEG_A,True
6169,SEG_B,SEG_B,True
6171,SEG_B,SEG_B,True
6172,SEG_C,SEG_A,False
6174,SEG_A,SEG_A,True
6175,SEG_A,SEG_A,True
6176,SEG_C,SEG_A,False
6178,SEG_A,SEG_A,True
6179,SEG_C,SEG_A,False
6180,SEG_B,SEG_B,True
6181,SEG_B,SEG_A,False
6182,SEG_B,SEG_B,True
6183,SEG_A,SEG_A,True
6185,SEG_A,SEG_A,True
6186,SEG_B,SEG_A,False
6187,SEG_A,SEG_A,True
6188,SEG_A,SEG_A,True
6190,SEG_A,SEG_A,True
6191,SEG_A,SEG_A,True
6192,SEG_A,SEG_A,True
6193,SEG_A,SEG_A,True
6194,SEG_B,SEG_B,True
6197,SEG_B,SEG_B,True
6198,SEG_A,SEG_A,True
6199,SEG_A,SEG_A,True
6200,SEG_A,SEG_A,True
6201,SEG_B,SEG_A,False
6203,SEG_A,SEG_A,True
6204,SEG_A,SEG_A,True
6205,SEG_B,SEG_B,True
6206,SEG_A,SEG_A,True
6207,SEG_B,SEG_B,True
6210,SEG_B,SEG_B,True
6212,SEG_A,SEG_A,True
6213,SEG_A,SEG_A,True
6214,SEG_C,SEG_B,False
6215,SEG_C,SEG_B,False
6216,SEG_A,SEG_A,True
6218,SEG_C,SEG_A,False
6219,SEG_C,SEG_A,False
6221,SEG_B,SEG_A,False
6223,SEG_A,SEG_A,True
6224,SEG_A,SEG_A,True
6225,SEG_A,SEG_A,True
6226,SEG_C,SEG_A,False
6229,SEG_B,SEG_B,True
6230,SEG_A,SEG_A,True
6231,SEG_A,SEG_A,True
6232,SEG_A,SEG_A,True
6233,SEG_B,SEG_B,True
6234,SEG_A,SEG_A,True
6235,SEG_A,SEG_A,True
6236,SEG_A,SEG_A,True
6238,SEG_C,SEG_B,False
6239,SEG_B,SEG_B,True
6240,SEG_C,SEG_A,False
6241,SEG_B,SEG_A,False
6242,SEG_B,SEG_A,False
6243,SEG_B,SEG_B,True
6244,SEG_B,SEG_B,True
6245,SEG_A,SEG_A,True
6246,SEG_C,SEG_B,False
6247,SEG_A,SEG_A,True
6248,SEG_A,SEG_A,True
6249,SEG_B,SEG_B,True
6250,SEG_A,SEG_A,True
6252,SEG_A,SEG_A,True
6253,SEG_A,SEG_A,True
6254,SEG_C,SEG_A,False
6255,SEG_A,SEG_A,True
6256,SEG_A,SEG_B,False
6257,SEG_A,SEG_A,True
6258,SEG_B,SEG_B,True
6261,SEG_A,SEG_A,True
6264,SEG_A,SEG_A,True
6266,SEG_C,SEG_C,True
6269,SEG_A,SEG_A,True
6270,SEG_A,SEG_B,False
6272,SEG_C,SEG_B,False
6273,SEG_A,SEG_A,True
6274,SEG_C,SEG_B,False
6276,SEG_A,SEG_A,True
6278,SEG_C,SEG_A,False
6279,SEG_C,SEG_A,False
6280,SEG_B,SEG_B,True
6282,SEG_B,SEG_A,False
6283,SEG_A,SEG_A,True
6285,SEG_C,SEG_B,False
6289,SEG_C,SEG_A,False
6290,SEG_B,SEG_B,True
6294,SEG_B,SEG_B,True
6295,SEG_B,SEG_B,True
6296,SEG_A,SEG_B,False
6299,SEG_A,SEG_A,True
6300,SEG_A,SEG_A,True
6301,SEG_B,SEG_B,True
6302,SEG_B,SEG_A,False
6303,SEG_A,SEG_A,True
6304,SEG_A,SEG_A,True
6305,SEG_A,SEG_A,True
6306,SEG_C,SEG_A,False
6307,SEG_A,SEG_A,True
6308,SEG_B,SEG_B,True
6310,SEG_A,SEG_A,True
6313,SEG_C,SEG_A,False
6314,SEG_A,SEG_A,True
6319,SEG_B,SEG_A,False
6320,SEG_B,SEG_B,True
6322,SEG_A,SEG_A,True
6325,SEG_A,SEG_A,True
6326,SEG_A,SEG_A,True
6327,SEG_A,SEG_A,True
6328,SEG_A,SEG_A,True
6329,SEG_B,SEG_B,True
6330,SEG_C,SEG_C,True
6332,SEG_A,SEG_A,True
6337,SEG_C,SEG_A,False
6338,SEG_A,SEG_A,True
6339,SEG_B,SEG_A,False
6340,SEG_C,SEG_B,False
6342,SEG_A,SEG_B,False
6343,SEG_B,SEG_B,True
6345,SEG_A,SEG_A,True
6346,SEG_A,SEG_A,True
6347,SEG_A,SEG_A,True
6348,SEG_B,SEG_B,True
6350,SEG_B,SEG_A,False
6351,SEG_A,SEG_B,False
6353,SEG_B,SEG_B,True
6354,SEG_C,SEG_A,False
6355,SEG_A,SEG_C,False
6360,SEG_A,SEG_A,True
6361,SEG_B,SEG_B,True
6362,SEG_A,SEG_A,True
6364,SEG_A,SEG_A,True
6365,SEG_B,SEG_A,False
6366,SEG_A,SEG_A,True
6367,SEG_A,SEG_A,True
6368,SEG_B,SEG_B,True
6370,SEG_C,SEG_B,False
6372,SEG_B,SEG_B,True
6376,SEG_C,SEG_C,True
6377,SEG_C,SEG_A,False
6381,SEG_B,SEG_A,False
6382,SEG_A,SEG_A,True
6383,SEG_B,SEG_A,False
6384,SEG_A,SEG_A,True
6386,SEG_A,SEG_A,True
6387,SEG_C,SEG_B,False
6391,SEG_A,SEG_A,True
6395,SEG_A,SEG_A,True
6398,SEG_A,SEG_A,True
6400,SEG_A,SEG_A,True
6402,SEG_A,SEG_A,True
6403,SEG_B,SEG_B,True
6404,SEG_C,SEG_B,False
6405,SEG_B,SEG_A,False
6406,SEG_A,SEG_A,True
6407,SEG_C,SEG_A,False
6408,SEG_A,SEG_A,True
6409,SEG_C,SEG_C,True
6410,SEG_A,SEG_A,True
6411,SEG_B,SEG_B,True
6413,SEG_A,SEG_A,True
6414,SEG_C,SEG_A,False
6415,SEG_A,SEG_A,True
6416,SEG_A,SEG_A,True
6418,SEG_C,SEG_A,False
6419,SEG_A,SEG_A,True
6420,SEG_A,SEG_A,True
6421,SEG_C,SEG_A,False
6422,SEG_C,SEG_A,False
6423,SEG_B,SEG_A,False
6424,SEG_C,SEG_A,False
6425,SEG_C,SEG_A,False
6426,SEG_B,SEG_B,True
6429,SEG_B,SEG_A,False
6430,SEG_A,SEG_A,True
6431,SEG_A,SEG_A,True
6432,SEG_A,SEG_A,True
6433,SEG_A,SEG_A,True
6434,SEG_B,SEG_A,False
6436,SEG_B,SEG_B,True
6437,SEG_A,SEG_A,True
6438,SEG_A,SEG_A,True
6443,SEG_A,SEG_A,True
6444,SEG_A,SEG_A,True
6445,SEG_C,SEG_A,False
6446,SEG_A,SEG_A,True
6447,SEG_C,SEG_C,True
6448,SEG_A,SEG_A,True
6451,SEG_A,SEG_A,True
6454,SEG_A,SEG_A,True
6455,SEG_A,SEG_A,True
6456,SEG_C,SEG_B,False
6457,SEG_C,SEG_C,True
6458,SEG_A,SEG_A,True
6459,SEG_A,SEG_A,True
6460,SEG_C,SEG_A,False
6461,SEG_B,SEG_B,True
6462,SEG_B,SEG_A,False
6463,SEG_A,SEG_A,True
6464,SEG_C,SEG_A,False
6465,SEG_A,SEG_A,True
6467,SEG_B,SEG_B,True
6468,SEG_A,SEG_A,True
6469,SEG_C,SEG_C,True
6470,SEG_B,SEG_B,True
6472,SEG_A,SEG_A,True
6473,SEG_A,SEG_A,True
6474,SEG_B,SEG_B,True
6475,SEG_C,SEG_B,False
6477,SEG_C,SEG_A,False
6478,SEG_C,SEG_A,False
6479,SEG_B,SEG_B,True
6480,SEG_C,SEG_B,False
6481,SEG_A,SEG_A,True
6482,SEG_B,SEG_B,True
6483,SEG_B,SEG_B,True
6484,SEG_A,SEG_A,True
6485,SEG_A,SEG_A,True
6486,SEG_A,SEG_A,True
6488,SEG_A,SEG_A,True
6489,SEG_B,SEG_B,True
6490,SEG_C,SEG_B,False
6491,SEG_A,SEG_A,True
6492,SEG_A,SEG_A,True
6493,SEG_C,SEG_B,False
6494,SEG_B,SEG_A,False
6496,SEG_A,SEG_A,True
6499,SEG_C,SEG_B,False
6500,SEG_B,SEG_B,True
6501,SEG_B,SEG_B,True
6502,SEG_C,SEG_B,False
6503,SEG_A,SEG_C,False
6504,SEG_C,SEG_C,True
6506,SEG_B,SEG_B,True
6507,SEG_B,SEG_A,False
6508,SEG_C,SEG_A,False
6509,SEG_A,SEG_A,True
6510,SEG_C,SEG_A,False
6512,SEG_A,SEG_B,False
6513,SEG_B,SEG_B,True
6514,SEG_B,SEG_A,False
6515,SEG_A,SEG_A,True
6516,SEG_B,SEG_B,True
6518,SEG_A,SEG_A,True
6522,SEG_B,SEG_B,True
6523,SEG_C,SEG_C,True
6524,SEG_B,SEG_C,False
6526,SEG_B,SEG_B,True
6527,SEG_A,SEG_A,True
6528,SEG_A,SEG_A,True
6529,SEG_A,SEG_A,True
6530,SEG_C,SEG_B,False
6531,SEG_A,SEG_A,True
6532,SEG_A,SEG_A,True
6533,SEG_C,SEG_B,False
6534,SEG_A,SEG_A,True
6535,SEG_B,SEG_A,False
6536,SEG_A,SEG_A,True
6537,SEG_B,SEG_B,True
6539,SEG_B,SEG_C,False
6540,SEG_A,SEG_A,True
6541,SEG_B,SEG_B,True
6542,SEG_B,SEG_B,True
6543,SEG_A,SEG_A,True
6544,SEG_C,SEG_C,True
6545,SEG_B,SEG_B,True
6546,SEG_B,SEG_B,True
6547,SEG_A,SEG_B,False
6548,SEG_B,SEG_B,True
6549,SEG_B,SEG_B,True
6550,SEG_A,SEG_A,True
6551,SEG_B,SEG_A,False
6552,SEG_A,SEG_A,True
6553,SEG_C,SEG_B,False
6554,SEG_C,SEG_B,False
6555,SEG_B,SEG_B,True
6556,SEG_A,SEG_A,True
6557,SEG_C,SEG_A,False
6559,SEG_C,SEG_B,False
6560,SEG_B,SEG_A,False
6561,SEG_B,SEG_A,False
6563,SEG_A,SEG_A,True
6564,SEG_B,SEG_B,True
6565,SEG_C,SEG_A,False
6567,SEG_C,SEG_C,True
6569,SEG_B,SEG_B,True
6570,SEG_B,SEG_B,True
6571,SEG_A,SEG_A,True
6573,SEG_A,SEG_B,False
6576,SEG_C,SEG_C,True
6578,SEG_B,SEG_B,True
6579,SEG_C,SEG_A,False
6580,SEG_C,SEG_A,False
6581,SEG_C,SEG_B,False
6582,SEG_B,SEG_A,False
6583,SEG_B,SEG_A,False
6584,SEG_B,SEG_A,False
6585,SEG_B,SEG_A,False
6586,SEG_C,SEG_A,False
6587,SEG_A,SEG_A,True
6588,SEG_B,SEG_B,True
6589,SEG_A,SEG_B,False
6590,SEG_B,SEG_B,True
6591,SEG_A,SEG_A,True
6592,SEG_B,SEG_B,True
6593,SEG_A,SEG_A,True
6594,SEG_B,SEG_C,False
6595,SEG_A,SEG_A,True
6596,SEG_B,SEG_A,False
6597,SEG_A,SEG_A,True
6598,SEG_C,SEG_B,False
6600,SEG_A,SEG_A,True
6601,SEG_C,SEG_B,False
6602,SEG_C,SEG_B,False
6603,SEG_B,SEG_B,True
6604,SEG_B,SEG_B,True
6605,SEG_C,SEG_C,True
6606,SEG_B,SEG_B,True
6607,SEG_A,SEG_A,True
6608,SEG_B,SEG_B,True
6609,SEG_A,SEG_A,True
6611,SEG_A,SEG_A,True
6612,SEG_C,SEG_C,True
6613,SEG_A,SEG_A,True
6614,SEG_A,SEG_A,True
6615,SEG_A,SEG_A,True
6616,SEG_A,SEG_A,True
6618,SEG_A,SEG_A,True
6619,SEG_A,SEG_A,True
6620,SEG_C,SEG_C,True
6621,SEG_A,SEG_A,True
6623,SEG_B,SEG_A,False
6625,SEG_A,SEG_C,False
6630,SEG_A,SEG_A,True
6635,SEG_C,SEG_B,False
6636,SEG_A,SEG_A,True
6637,SEG_B,SEG_B,True
6638,SEG_C,SEG_C,True
6639,SEG_B,SEG_B,True
6641,SEG_A,SEG_A,True
6642,SEG_B,SEG_B,True
6643,SEG_B,SEG_B,True
6644,SEG_B,SEG_B,True
6645,SEG_B,SEG_C,False
6646,SEG_A,SEG_A,True
6647,SEG_A,SEG_A,True
6648,SEG_A,SEG_A,True
6649,SEG_B,SEG_B,True
6650,SEG_B,SEG_A,False
6652,SEG_B,SEG_B,True
6654,SEG_C,SEG_A,False
6655,SEG_C,SEG_A,False
6656,SEG_B,SEG_A,False
6657,SEG_C,SEG_A,False
6658,SEG_C,SEG_C,True
6659,SEG_A,SEG_A,True
6660,SEG_C,SEG_C,True
6662,SEG_C,SEG_C,True
6663,SEG_A,SEG_C,False
6664,SEG_B,SEG_B,True
6666,SEG_C,SEG_C,True
6667,SEG_B,SEG_A,False
6668,SEG_B,SEG_A,False
6670,SEG_B,SEG_B,True
6672,SEG_B,SEG_A,False
6673,SEG_A,SEG_B,False
6674,SEG_A,SEG_A,True
6676,SEG_A,SEG_A,True
6677,SEG_A,SEG_A,True
6678,SEG_A,SEG_A,True
6680,SEG_A,SEG_A,True
6682,SEG_C,SEG_B,False
6684,SEG_C,SEG_A,False
6685,SEG_A,SEG_A,True
6686,SEG_C,SEG_A,False
6687,SEG_B,SEG_B,True
6688,SEG_A,SEG_A,True
6689,SEG_A,SEG_A,True
6690,SEG_B,SEG_C,False
6691,SEG_A,SEG_A,True
6693,SEG_A,SEG_B,False
6694,SEG_B,SEG_A,False
6696,SEG_A,SEG_B,False
6697,SEG_A,SEG_A,True
6698,SEG_A,SEG_A,True
6699,SEG_B,SEG_A,False
6701,SEG_A,SEG_A,True
6702,SEG_A,SEG_A,True
6703,SEG_A,SEG_A,True
6704,SEG_C,SEG_B,False
6705,SEG_A,SEG_A,True
6706,SEG_A,SEG_A,True
6707,SEG_A,SEG_A,True
6710,SEG_B,SEG_A,False
6711,SEG_B,SEG_B,True
6713,SEG_A,SEG_B,False
6714,SEG_A,SEG_A,True
6715,SEG_C,SEG_C,True
6716,SEG_C,SEG_A,False
6717,SEG_B,SEG_B,True
6719,SEG_A,SEG_A,True
6722,SEG_A,SEG_A,True
6723,SEG_B,SEG_B,True
6725,SEG_B,SEG_B,True
6726,SEG_B,SEG_A,False
6727,SEG_A,SEG_A,True
6728,SEG_A,SEG_A,True
6729,SEG_B,SEG_B,True
6730,SEG_B,SEG_B,True
6731,SEG_B,SEG_B,True
6732,SEG_A,SEG_A,True
6735,SEG_A,SEG_A,True
6740,SEG_B,SEG_A,False
6741,SEG_B,SEG_A,False
6742,SEG_C,SEG_A,False
6743,SEG_A,SEG_A,True
6746,SEG_B,SEG_B,True
6753,SEG_A,SEG_A,True
6754,SEG_A,SEG_A,True
6755,SEG_A,SEG_A,True
6757,SEG_A,SEG_A,True
6758,SEG_A,SEG_A,True
6759,SEG_A,SEG_A,True
6767,SEG_A,SEG_A,True
6768,SEG_B,SEG_A,False
6769,SEG_A,SEG_A,True
6770,SEG_C,SEG_A,False
6771,SEG_A,SEG_A,True
6772,SEG_B,SEG_A,False
6776,SEG_A,SEG_A,True
6777,SEG_B,SEG_B,True
6782,SEG_A,SEG_A,True
6784,SEG_C,SEG_B,False
6785,SEG_A,SEG_A,True
6786,SEG_C,SEG_A,False
6787,SEG_A,SEG_A,True
6789,SEG_B,SEG_B,True
6790,SEG_B,SEG_A,False
6791,SEG_A,SEG_A,True
6792,SEG_B,SEG_A,False
6793,SEG_C,SEG_A,False
6794,SEG_A,SEG_A,True
6798,SEG_B,SEG_B,True
6799,SEG_B,SEG_A,False
6800,SEG_C,SEG_A,False
6801,SEG_B,SEG_A,False
6804,SEG_A,SEG_A,True
6806,SEG_A,SEG_A,True
6807,SEG_A,SEG_A,True
6808,SEG_B,SEG_B,True
6809,SEG_A,SEG_A,True
6810,SEG_A,SEG_A,True
6812,SEG_B,SEG_B,True
6813,SEG_B,SEG_A,False
6814,SEG_A,SEG_A,True
6815,SEG_A,SEG_A,True
6816,SEG_C,SEG_C,True
6817,SEG_C,SEG_B,False
6819,SEG_A,SEG_B,False
6821,SEG_C,SEG_C,True
6822,SEG_C,SEG_C,True
6823,SEG_A,SEG_A,True
6824,SEG_C,SEG_A,False
6825,SEG_B,SEG_A,False
6826,SEG_B,SEG_B,True
6827,SEG_A,SEG_A,True
6833,SEG_A,SEG_A,True
6834,SEG_C,SEG_B,False
6835,SEG_B,SEG_C,False
6836,SEG_A,SEG_A,True
6837,SEG_C,SEG_C,True
6839,SEG_A,SEG_A,True
6842,SEG_A,SEG_A,True
6844,SEG_B,SEG_B,True
6845,SEG_C,SEG_C,True
6846,SEG_C,SEG_A,False
6847,SEG_A,SEG_C,False
6848,SEG_B,SEG_A,False
6849,SEG_B,SEG_A,False
6851,SEG_B,SEG_B,True
6852,SEG_C,SEG_B,False
6853,SEG_B,SEG_B,True
6854,SEG_A,SEG_A,True
6855,SEG_A,SEG_A,True
6856,SEG_B,SEG_B,True
6857,SEG_C,SEG_B,False
6858,SEG_C,SEG_B,False
6859,SEG_B,SEG_B,True
6860,SEG_B,SEG_B,True
6863,SEG_C,SEG_A,False
6866,SEG_A,SEG_A,True
6867,SEG_C,SEG_A,False
6868,SEG_B,SEG_B,True
6870,SEG_A,SEG_A,True
6872,SEG_A,SEG_A,True
6873,SEG_B,SEG_B,True
6875,SEG_A,SEG_A,True
6876,SEG_A,SEG_A,True
6881,SEG_B,SEG_B,True
6882,SEG_A,SEG_A,True
6883,SEG_B,SEG_B,True
6884,SEG_A,SEG_A,True
6885,SEG_C,SEG_A,False
6886,SEG_A,SEG_A,True
6888,SEG_B,SEG_A,False
6889,SEG_A,SEG_A,True
6890,SEG_A,SEG_A,True
6891,SEG_C,SEG_B,False
6892,SEG_C,SEG_C,True
6893,SEG_A,SEG_A,True
6894,SEG_A,SEG_A,True
6895,SEG_A,SEG_A,True
6896,SEG_A,SEG_B,False
6897,SEG_A,SEG_A,True
6899,SEG_A,SEG_A,True
6902,SEG_B,SEG_A,False
6903,SEG_A,SEG_A,True
6904,SEG_A,SEG_A,True
6905,SEG_B,SEG_A,False
6906,SEG_A,SEG_A,True
6907,SEG_A,SEG_A,True
6908,SEG_C,SEG_A,False
6909,SEG_B,SEG_A,False
6911,SEG_C,SEG_B,False
6912,SEG_B,SEG_A,False
6913,SEG_B,SEG_A,False
6914,SEG_B,SEG_B,True
6916,SEG_A,SEG_B,False
6917,SEG_B,SEG_B,True
6918,SEG_B,SEG_B,True
6921,SEG_B,SEG_A,False
6926,SEG_A,SEG_B,False
6932,SEG_C,SEG_A,False
6936,SEG_C,SEG_B,False
6937,SEG_A,SEG_A,True
6938,SEG_C,SEG_A,False
6939,SEG_A,SEG_A,True
6940,SEG_A,SEG_A,True
6942,SEG_A,SEG_A,True
6943,SEG_C,SEG_B,False
6945,SEG_C,SEG_A,False
6946,SEG_B,SEG_B,True
6948,SEG_A,SEG_A,True
6949,SEG_A,SEG_A,True
6950,SEG_B,SEG_B,True
6951,SEG_A,SEG_A,True
6952,SEG_C,SEG_B,False
6953,SEG_A,SEG_A,True
6955,SEG_A,SEG_A,True
6956,SEG_C,SEG_C,True
6960,SEG_A,SEG_A,True
6961,SEG_C,SEG_B,False
6963,SEG_C,SEG_A,False
6965,SEG_A,SEG_A,True
6966,SEG_B,SEG_A,False
6967,SEG_A,SEG_A,True
6968,SEG_C,SEG_A,False
6969,SEG_C,SEG_C,True
6970,SEG_A,SEG_A,True
6971,SEG_C,SEG_A,False
6972,SEG_B,SEG_A,False
6973,SEG_B,SEG_B,True
6974,SEG_A,SEG_A,True
6976,SEG_A,SEG_A,True
6977,SEG_A,SEG_A,True
6978,SEG_A,SEG_A,True
6979,SEG_C,SEG_A,False
6980,SEG_B,SEG_B,True
6981,SEG_A,SEG_B,False
6982,SEG_A,SEG_A,True
6983,SEG_B,SEG_A,False
6984,SEG_B,SEG_B,True
6986,SEG_B,SEG_B,True
6987,SEG_B,SEG_B,True
6988,SEG_A,SEG_A,True
6989,SEG_C,SEG_B,False
6991,SEG_B,SEG_B,True
6993,SEG_C,SEG_C,True
6994,SEG_B,SEG_B,True
6995,SEG_C,SEG_B,False
6998,SEG_A,SEG_A,True
6999,SEG_A,SEG_A,True
7000,SEG_C,SEG_B,False
7002,SEG_A,SEG_A,True
7004,SEG_A,SEG_B,False
7005,SEG_C,SEG_B,False
7006,SEG_A,SEG_A,True
7007,SEG_C,SEG_A,False
7008,SEG_C,SEG_A,False
7009,SEG_B,SEG_B,True
7011,SEG_A,SEG_A,True
7012,SEG_B,SEG_A,False
7013,SEG_A,SEG_A,True
7014,SEG_C,SEG_A,False
7015,SEG_A,SEG_B,False
7016,SEG_C,SEG_B,False
7017,SEG_C,SEG_A,False
7018,SEG_A,SEG_A,True
7019,SEG_A,SEG_A,True
7020,SEG_B,SEG_B,True
7022,SEG_B,SEG_A,False
7023,SEG_A,SEG_B,False
7025,SEG_B,SEG_B,True
7026,SEG_A,SEG_A,True
7027,SEG_A,SEG_A,True
7029,SEG_B,SEG_B,True
7030,SEG_B,SEG_B,True
7031,SEG_A,SEG_A,True
7032,SEG_A,SEG_A,True
7033,SEG_B,SEG_A,False
7034,SEG_A,SEG_A,True
7035,SEG_C,SEG_B,False
7036,SEG_B,SEG_A,False
7038,SEG_B,SEG_B,True
7039,SEG_A,SEG_A,True
7040,SEG_A,SEG_A,True
7042,SEG_B,SEG_B,True
7043,SEG_A,SEG_A,True
7044,SEG_C,SEG_A,False
7045,SEG_C,SEG_A,False
7046,SEG_A,SEG_A,True
7047,SEG_A,SEG_A,True
7048,SEG_A,SEG_A,True
7049,SEG_A,SEG_A,True
7050,SEG_A,SEG_A,True
7051,SEG_C,SEG_B,False
7052,SEG_A,SEG_B,False
7054,SEG_C,SEG_C,True
7055,SEG_A,SEG_A,True
7057,SEG_A,SEG_B,False
7058,SEG_C,SEG_B,False
7059,SEG_A,SEG_A,True
7060,SEG_B,SEG_B,True
7061,SEG_A,SEG_A,True
7062,SEG_B,SEG_A,False
7063,SEG_A,SEG_A,True
7064,SEG_B,SEG_B,True
7065,SEG_A,SEG_A,True
7066,SEG_A,SEG_A,True
7067,SEG_B,SEG_C,False
7068,SEG_B,SEG_B,True
7069,SEG_B,SEG_B,True
7070,SEG_C,SEG_B,False
7071,SEG_C,SEG_A,False
7072,SEG_B,SEG_A,False
7073,SEG_A,SEG_A,True
7074,SEG_A,SEG_A,True
7076,SEG_C,SEG_A,False
7077,SEG_C,SEG_A,False
7078,SEG_C,SEG_A,False
7080,SEG_A,SEG_A,True
7081,SEG_A,SEG_A,True
7082,SEG_B,SEG_B,True
7083,SEG_B,SEG_B,True
7084,SEG_C,SEG_B,False
7085,SEG_B,SEG_B,True
7086,SEG_A,SEG_A,True
7087,SEG_C,SEG_A,False
7088,SEG_A,SEG_A,True
7089,SEG_A,SEG_A,True
7092,SEG_A,SEG_A,True
7093,SEG_C,SEG_C,True
7094,SEG_B,SEG_C,False
7095,SEG_A,SEG_A,True
7096,SEG_A,SEG_A,True
7097,SEG_B,SEG_A,False
7098,SEG_A,SEG_A,True
7100,SEG_C,SEG_C,True
7101,SEG_A,SEG_A,True
7102,SEG_C,SEG_C,True
7103,SEG_B,SEG_B,True
7104,SEG_A,SEG_A,True
7105,SEG_C,SEG_B,False
7106,SEG_C,SEG_A,False
7107,SEG_A,SEG_A,True
7108,SEG_C,SEG_B,False
7109,SEG_A,SEG_A,True
7110,SEG_A,SEG_A,True
7112,SEG_B,SEG_B,True
7113,SEG_A,SEG_B,False
7115,SEG_A,SEG_A,True
7116,SEG_A,SEG_B,False
7119,SEG_A,SEG_A,True
7120,SEG_C,SEG_A,False
7122,SEG_A,SEG_A,True
7123,SEG_A,SEG_C,False
7126,SEG_A,SEG_A,True
7129,SEG_A,SEG_B,False
7131,SEG_A,SEG_A,True
7132,SEG_A,SEG_A,True
7134,SEG_B,SEG_A,False
7135,SEG_B,SEG_B,True
7136,SEG_C,SEG_C,True
7137,SEG_A,SEG_A,True
7139,SEG_B,SEG_C,False
7140,SEG_B,SEG_A,False
7141,SEG_A,SEG_A,True
7142,SEG_B,SEG_B,True
7143,SEG_B,SEG_B,True
7144,SEG_C,SEG_B,False
7145,SEG_A,SEG_A,True
7146,SEG_C,SEG_C,True
7147,SEG_A,SEG_A,True
7148,SEG_A,SEG_A,True
7149,SEG_A,SEG_A,True
7150,SEG_B,SEG_B,True
7151,SEG_C,SEG_C,True
7152,SEG_A,SEG_A,True
7154,SEG_C,SEG_A,False
7155,SEG_A,SEG_A,True
7156,SEG_A,SEG_A,True
7158,SEG_A,SEG_A,True
7159,SEG_C,SEG_A,False
7161,SEG_A,SEG_B,False
7162,SEG_B,SEG_B,True
7165,SEG_B,SEG_B,True
7166,SEG_C,SEG_B,False
7167,SEG_C,SEG_A,False
7169,SEG_A,SEG_A,True
7171,SEG_A,SEG_A,True
7172,SEG_C,SEG_B,False
7175,SEG_B,SEG_A,False
7176,SEG_C,SEG_B,False
7177,SEG_A,SEG_A,True
7179,SEG_B,SEG_B,True
7180,SEG_A,SEG_B,False
7181,SEG_B,SEG_B,True
7183,SEG_A,SEG_A,True
7184,SEG_A,SEG_A,True
7185,SEG_B,SEG_A,False
7186,SEG_A,SEG_A,True
7188,SEG_B,SEG_A,False
7189,SEG_B,SEG_A,False
7190,SEG_A,SEG_A,True
7191,SEG_A,SEG_A,True
7192,SEG_A,SEG_A,True
7193,SEG_A,SEG_A,True
7194,SEG_A,SEG_A,True
7196,SEG_B,SEG_A,False
7197,SEG_A,SEG_A,True
7198,SEG_B,SEG_B,True
7200,SEG_B,SEG_B,True
7203,SEG_C,SEG_B,False
7205,SEG_B,SEG_A,False
7206,SEG_A,SEG_A,True
7207,SEG_B,SEG_B,True
7208,SEG_C,SEG_B,False
7209,SEG_A,SEG_A,True
7210,SEG_B,SEG_B,True
7212,SEG_A,SEG_B,False
7213,SEG_B,SEG_B,True
7214,SEG_C,SEG_C,True
7217,SEG_A,SEG_A,True
7221,SEG_A,SEG_B,False
7222,SEG_B,SEG_B,True
7224,SEG_B,SEG_A,False
7226,SEG_A,SEG_A,True
7227,SEG_A,SEG_A,True
7228,SEG_A,SEG_A,True
7229,SEG_A,SEG_A,True
7236,SEG_B,SEG_B,True
7237,SEG_B,SEG_A,False
7238,SEG_A,SEG_A,True
7239,SEG_A,SEG_A,True
7240,SEG_A,SEG_A,True
7241,SEG_A,SEG_A,True
7242,SEG_A,SEG_A,True
7243,SEG_A,SEG_A,True
7246,SEG_C,SEG_C,True
7247,SEG_C,SEG_B,False
7249,SEG_B,SEG_B,True
7251,SEG_A,SEG_A,True
7252,SEG_A,SEG_A,True
7254,SEG_A,SEG_C,False
7255,SEG_A,SEG_A,True
7256,SEG_A,SEG_A,True
7258,SEG_A,SEG_A,True
7259,SEG_C,SEG_A,False
7260,SEG_B,SEG_A,False
7261,SEG_B,SEG_B,True
7262,SEG_A,SEG_B,False
7263,SEG_A,SEG_A,True
7264,SEG_A,SEG_A,True
7267,SEG_A,SEG_A,True
7270,SEG_A,SEG_A,True
7273,SEG_C,SEG_B,False
7274,SEG_B,SEG_B,True
7275,SEG_A,SEG_A,True
7276,SEG_C,SEG_B,False
7277,SEG_B,SEG_A,False
7279,SEG_A,SEG_A,True
7280,SEG_C,SEG_A,False
7281,SEG_C,SEG_A,False
7282,SEG_A,SEG_A,True
7283,SEG_A,SEG_A,True
7284,SEG_B,SEG_A,False
7285,SEG_A,SEG_A,True
7287,SEG_A,SEG_A,True
7289,SEG_B,SEG_B,True
7291,SEG_A,SEG_A,True
7292,SEG_B,SEG_B,True
7294,SEG_B,SEG_A,False
7295,SEG_A,SEG_A,True
7297,SEG_C,SEG_A,False
7298,SEG_A,SEG_A,True
7299,SEG_C,SEG_B,False
7300,SEG_B,SEG_A,False
7302,SEG_B,SEG_B,True
7303,SEG_A,SEG_A,True
7304,SEG_A,SEG_A,True
7305,SEG_C,SEG_B,False
7306,SEG_C,SEG_A,False
7307,SEG_A,SEG_A,True
7308,SEG_C,SEG_A,False
7309,SEG_C,SEG_B,False
7310,SEG_C,SEG_B,False
7312,SEG_B,SEG_B,True
7313,SEG_A,SEG_A,True
7314,SEG_A,SEG_A,True
7315,SEG_B,SEG_B,True
7316,SEG_A,SEG_B,False
7317,SEG_A,SEG_A,True
7318,SEG_A,SEG_B,False
7319,SEG_C,SEG_A,False
7320,SEG_A,SEG_A,True
7321,SEG_C,SEG_A,False
7322,SEG_C,SEG_C,True
7325,SEG_B,SEG_B,True
7327,SEG_A,SEG_A,True
7328,SEG_A,SEG_A,True
7330,SEG_B,SEG_B,True
7331,SEG_A,SEG_A,True
7332,SEG_A,SEG_A,True
7333,SEG_B,SEG_B,True
7334,SEG_C,SEG_A,False
7335,SEG_A,SEG_A,True
7337,SEG_A,SEG_A,True
7338,SEG_C,SEG_A,False
7339,SEG_A,SEG_A,True
7341,SEG_C,SEG_B,False
7342,SEG_B,SEG_B,True
7343,SEG_C,SEG_B,False
7344,SEG_B,SEG_A,False
7345,SEG_A,SEG_A,True
7346,SEG_C,SEG_C,True
7347,SEG_B,SEG_B,True
7348,SEG_C,SEG_C,True
7349,SEG_A,SEG_A,True
7350,SEG_C,SEG_B,False
7351,SEG_C,SEG_A,False
7352,SEG_B,SEG_A,False
7353,SEG_B,SEG_B,True
7354,SEG_C,SEG_A,False
7355,SEG_A,SEG_A,True
7356,SEG_B,SEG_B,True
7357,SEG_C,SEG_B,False
7358,SEG_A,SEG_A,True
7359,SEG_B,SEG_A,False
7360,SEG_B,SEG_C,False
7361,SEG_A,SEG_A,True
7362,SEG_A,SEG_B,False
7363,SEG_C,SEG_A,False
7364,SEG_B,SEG_B,True
7365,SEG_B,SEG_A,False
7366,SEG_B,SEG_B,True
7367,SEG_C,SEG_B,False
7368,SEG_A,SEG_A,True
7369,SEG_A,SEG_A,True
7370,SEG_B,SEG_B,True
7371,SEG_C,SEG_C,True
7372,SEG_B,SEG_B,True
7373,SEG_C,SEG_C,True
7374,SEG_B,SEG_B,True
7375,SEG_C,SEG_B,False
7376,SEG_C,SEG_A,False
7379,SEG_B,SEG_A,False
7380,SEG_B,SEG_B,True
7381,SEG_A,SEG_A,True
7382,SEG_A,SEG_A,True
7383,SEG_C,SEG_A,False
7384,SEG_C,SEG_A,False
7385,SEG_A,SEG_A,True
7386,SEG_C,SEG_B,False
7387,SEG_C,SEG_B,False
7388,SEG_B,SEG_A,False
7389,SEG_B,SEG_A,False
7390,SEG_A,SEG_A,True
7391,SEG_B,SEG_B,True
7392,SEG_B,SEG_B,True
7393,SEG_B,SEG_B,True
7394,SEG_A,SEG_A,True
7395,SEG_A,SEG_A,True
7396,SEG_B,SEG_A,False
7397,SEG_A,SEG_B,False
7398,SEG_A,SEG_A,True
7400,SEG_B,SEG_A,False
7401,SEG_A,SEG_A,True
7402,SEG_B,SEG_B,True
7403,SEG_C,SEG_A,False
7404,SEG_A,SEG_B,False
7405,SEG_A,SEG_A,True
7406,SEG_A,SEG_A,True
7407,SEG_A,SEG_A,True
7408,SEG_B,SEG_A,False
7409,SEG_A,SEG_A,True
7410,SEG_C,SEG_A,False
7412,SEG_B,SEG_B,True
7413,SEG_B,SEG_B,True
7414,SEG_C,SEG_A,False
7415,SEG_A,SEG_A,True
7416,SEG_B,SEG_B,True
7417,SEG_B,SEG_A,False
7418,SEG_A,SEG_A,True
7419,SEG_B,SEG_B,True
7420,SEG_A,SEG_A,True
7421,SEG_C,SEG_C,True
7422,SEG_A,SEG_A,True
7423,SEG_B,SEG_B,True
7424,SEG_A,SEG_B,False
7425,SEG_A,SEG_A,True
7426,SEG_C,SEG_C,True
7428,SEG_B,SEG_A,False
7430,SEG_B,SEG_B,True
7431,SEG_A,SEG_A,True
7432,SEG_C,SEG_A,False
7433,SEG_B,SEG_A,False
7434,SEG_B,SEG_A,False
7437,SEG_C,SEG_A,False
7438,SEG_C,SEG_A,False
7439,SEG_A,SEG_C,False
7440,SEG_A,SEG_A,True
7441,SEG_A,SEG_B,False
7442,SEG_A,SEG_B,False
7443,SEG_B,SEG_C,False
7444,SEG_B,SEG_C,False
7445,SEG_C,SEG_A,False
7446,SEG_B,SEG_A,False
7447,SEG_C,SEG_B,False
7448,SEG_A,SEG_A,True
7449,SEG_C,SEG_A,False
7450,SEG_A,SEG_A,True
7451,SEG_C,SEG_C,True
7452,SEG_C,SEG_A,False
7453,SEG_A,SEG_A,True
7455,SEG_C,SEG_B,False
7456,SEG_B,SEG_A,False
7457,SEG_A,SEG_A,True
7458,SEG_A,SEG_A,True
7459,SEG_C,SEG_B,False
7460,SEG_A,SEG_A,True
7461,SEG_C,SEG_A,False
7462,SEG_A,SEG_A,True
7463,SEG_A,SEG_A,True
7464,SEG_B,SEG_B,True
7465,SEG_A,SEG_A,True
7466,SEG_A,SEG_A,True
7467,SEG_A,SEG_A,True
7468,SEG_C,SEG_A,False
7469,SEG_A,SEG_A,True
7470,SEG_B,SEG_B,True
7471,SEG_B,SEG_A,False
7472,SEG_B,SEG_B,True
7474,SEG_C,SEG_C,True
7475,SEG_A,SEG_A,True
7476,SEG_B,SEG_C,False
7477,SEG_B,SEG_B,True
7480,SEG_C,SEG_A,False
7481,SEG_B,SEG_B,True
7483,SEG_B,SEG_B,True
7484,SEG_C,SEG_B,False
7487,SEG_B,SEG_B,True
7488,SEG_B,SEG_A,False
7490,SEG_A,SEG_A,True
7491,SEG_B,SEG_B,True
7492,SEG_B,SEG_A,False
7493,SEG_C,SEG_A,False
7495,SEG_A,SEG_A,True
7496,SEG_A,SEG_A,True
7497,SEG_B,SEG_A,False
7499,SEG_B,SEG_A,False
7500,SEG_C,SEG_A,False
7501,SEG_A,SEG_A,True
7507,SEG_A,SEG_A,True
7510,SEG_C,SEG_B,False
7511,SEG_B,SEG_C,False
7513,SEG_B,SEG_B,True
7514,SEG_A,SEG_A,True
7515,SEG_B,SEG_B,True
7517,SEG_A,SEG_A,True
7518,SEG_C,SEG_C,True
7519,SEG_C,SEG_A,False
7521,SEG_A,SEG_A,True
7522,SEG_B,SEG_B,True
7523,SEG_A,SEG_A,True
7524,SEG_B,SEG_C,False
7525,SEG_A,SEG_A,True
7527,SEG_A,SEG_A,True
7528,SEG_B,SEG_B,True
7529,SEG_A,SEG_A,True
7530,SEG_A,SEG_B,False
7531,SEG_B,SEG_B,True
7534,SEG_C,SEG_A,False
7537,SEG_A,SEG_A,True
7538,SEG_A,SEG_A,True
7539,SEG_A,SEG_A,True
7540,SEG_A,SEG_A,True
7541,SEG_A,SEG_A,True
7542,SEG_A,SEG_A,True
7543,SEG_A,SEG_C,False
7544,SEG_C,SEG_B,False
7545,SEG_B,SEG_A,False
7549,SEG_A,SEG_B,False
7553,SEG_B,SEG_B,True
7555,SEG_B,SEG_B,True
7558,SEG_A,SEG_A,True
7560,SEG_A,SEG_A,True
7561,SEG_A,SEG_B,False
7562,SEG_A,SEG_A,True
7563,SEG_A,SEG_A,True
7564,SEG_A,SEG_A,True
7567,SEG_B,SEG_B,True
7568,SEG_C,SEG_B,False
7569,SEG_B,SEG_B,True
7572,SEG_C,SEG_A,False
7573,SEG_A,SEG_C,False
7574,SEG_C,SEG_A,False
7575,SEG_A,SEG_C,False
7576,SEG_A,SEG_A,True
7578,SEG_A,SEG_A,True
7579,SEG_A,SEG_A,True
7580,SEG_B,SEG_B,True
7581,SEG_A,SEG_A,True
7582,SEG_A,SEG_C,False
7584,SEG_C,SEG_A,False
7585,SEG_A,SEG_A,True
7587,SEG_B,SEG_B,True
7588,SEG_C,SEG_C,True
7590,SEG_B,SEG_A,False
7591,SEG_B,SEG_C,False
7596,SEG_B,SEG_A,False
7598,SEG_A,SEG_A,True
7599,SEG_B,SEG_B,True
7600,SEG_A,SEG_A,True
7602,SEG_A,SEG_A,True
7605,SEG_A,SEG_A,True
7606,SEG_A,SEG_A,True
7607,SEG_B,SEG_A,False
7608,SEG_B,SEG_B,True
7609,SEG_A,SEG_A,True
7610,SEG_A,SEG_A,True
7611,SEG_A,SEG_A,True
7612,SEG_C,SEG_C,True
7613,SEG_A,SEG_A,True
7615,SEG_B,SEG_B,True
7616,SEG_A,SEG_A,True
7617,SEG_A,SEG_A,True
7618,SEG_A,SEG_A,True
7619,SEG_A,SEG_A,True
7620,SEG_A,SEG_A,True
7621,SEG_A,SEG_A,True
7622,SEG_B,SEG_A,False
7624,SEG_B,SEG_C,False
7625,SEG_A,SEG_A,True
7626,SEG_B,SEG_B,True
7627,SEG_B,SEG_A,False
7628,SEG_A,SEG_A,True
7629,SEG_B,SEG_B,True
7632,SEG_B,SEG_A,False
7634,SEG_A,SEG_A,True
7635,SEG_A,SEG_A,True
7637,SEG_B,SEG_B,True
7638,SEG_C,SEG_A,False
7640,SEG_A,SEG_A,True
7642,SEG_A,SEG_A,True
7643,SEG_B,SEG_B,True
7644,SEG_C,SEG_A,False
7645,SEG_A,SEG_A,True
7647,SEG_B,SEG_B,True
7648,SEG_A,SEG_A,True
7650,SEG_B,SEG_B,True
7651,SEG_B,SEG_A,False
7652,SEG_A,SEG_A,True
7653,SEG_A,SEG_B,False
7654,SEG_A,SEG_C,False
7655,SEG_A,SEG_A,True
7656,SEG_A,SEG_A,True
7657,SEG_B,SEG_B,True
7658,SEG_C,SEG_B,False
7659,SEG_A,SEG_A,True
7660,SEG_A,SEG_B,False
7662,SEG_C,SEG_B,False
7663,SEG_B,SEG_B,True
7664,SEG_B,SEG_B,True
7665,SEG_C,SEG_C,True
7666,SEG_B,SEG_B,True
7667,SEG_C,SEG_B,False
7668,SEG_C,SEG_A,False
7669,SEG_C,SEG_C,True
7670,SEG_C,SEG_C,True
7671,SEG_A,SEG_A,True
7672,SEG_A,SEG_A,True
7673,SEG_B,SEG_B,True
7674,SEG_A,SEG_A,True
7676,SEG_A,SEG_A,True
7677,SEG_C,SEG_B,False
7678,SEG_A,SEG_A,True
7679,SEG_A,SEG_B,False
7680,SEG_B,SEG_B,True
7681,SEG_B,SEG_C,False
7682,SEG_A,SEG_A,True
7683,SEG_A,SEG_C,False
7685,SEG_A,SEG_A,True
7686,SEG_A,SEG_B,False
7687,SEG_C,SEG_C,True
7688,SEG_C,SEG_C,True
7689,SEG_A,SEG_A,True
7690,SEG_B,SEG_A,False
7691,SEG_B,SEG_B,True
7692,SEG_A,SEG_B,False
7693,SEG_B,SEG_B,True
7694,SEG_B,SEG_B,True
7695,SEG_A,SEG_A,True
7696,SEG_B,SEG_C,False
7698,SEG_A,SEG_A,True
7699,SEG_B,SEG_B,True
7700,SEG_B,SEG_A,False
7701,SEG_C,SEG_C,True
7702,SEG_C,SEG_B,False
7703,SEG_B,SEG_A,False
7704,SEG_B,SEG_B,True
7705,SEG_B,SEG_B,True
7707,SEG_C,SEG_A,False
7708,SEG_A,SEG_A,True
7709,SEG_C,SEG_C,True
7710,SEG_C,SEG_A,False
7711,SEG_C,SEG_B,False
7712,SEG_B,SEG_B,True
7713,SEG_A,SEG_A,True
7714,SEG_B,SEG_B,True
7715,SEG_C,SEG_A,False
7716,SEG_C,SEG_A,False
7717,SEG_C,SEG_B,False
7718,SEG_C,SEG_A,False
7719,SEG_A,SEG_A,True
7720,SEG_B,SEG_B,True
7721,SEG_C,SEG_C,True
7722,SEG_A,SEG_A,True
7723,SEG_B,SEG_A,False
7724,SEG_A,SEG_A,True
7725,SEG_C,SEG_C,True
7726,SEG_A,SEG_A,True
7728,SEG_B,SEG_B,True
7729,SEG_B,SEG_B,True
7730,SEG_B,SEG_B,True
7731,SEG_A,SEG_A,True
7732,SEG_B,SEG_A,False
7733,SEG_B,SEG_B,True
7734,SEG_C,SEG_A,False
7735,SEG_C,SEG_B,False
7736,SEG_B,SEG_B,True
7737,SEG_B,SEG_A,False
7738,SEG_C,SEG_C,True
7739,SEG_A,SEG_A,True
7740,SEG_A,SEG_A,True
7741,SEG_A,SEG_A,True
7742,SEG_C,SEG_A,False
7743,SEG_A,SEG_A,True
7744,SEG_C,SEG_B,False
7745,SEG_A,SEG_A,True
7746,SEG_B,SEG_B,True
7747,SEG_B,SEG_B,True
7748,SEG_B,SEG_C,False
7749,SEG_B,SEG_A,False
7750,SEG_C,SEG_A,False
7751,SEG_C,SEG_C,True
7752,SEG_C,SEG_C,True
7753,SEG_A,SEG_A,True
7755,SEG_B,SEG_B,True
7756,SEG_A,SEG_A,True
7758,SEG_B,SEG_B,True
7764,SEG_B,SEG_A,False
7767,SEG_B,SEG_A,False
7771,SEG_B,SEG_A,False
7772,SEG_A,SEG_B,False
7773,SEG_B,SEG_A,False
7775,SEG_B,SEG_B,True
7776,SEG_A,SEG_A,True
7777,SEG_B,SEG_A,False
7779,SEG_A,SEG_A,True
7781,SEG_C,SEG_C,True
7783,SEG_A,SEG_A,True
7784,SEG_B,SEG_B,True
7786,SEG_A,SEG_A,True
7787,SEG_B,SEG_B,True
7788,SEG_B,SEG_A,False
7789,SEG_A,SEG_A,True
7790,SEG_A,SEG_B,False
7791,SEG_A,SEG_A,True
7792,SEG_A,SEG_A,True
7793,SEG_B,SEG_A,False
7794,SEG_A,SEG_B,False
7795,SEG_C,SEG_A,False
7796,SEG_C,SEG_C,True
7797,SEG_B,SEG_B,True
7798,SEG_C,SEG_A,False
7799,SEG_A,SEG_A,True
7803,SEG_A,SEG_A,True
7805,SEG_A,SEG_A,True
7807,SEG_C,SEG_C,True
7809,SEG_A,SEG_A,True
7810,SEG_B,SEG_C,False
7811,SEG_A,SEG_A,True
7812,SEG_C,SEG_A,False
7813,SEG_A,SEG_A,True
7815,SEG_A,SEG_A,True
7816,SEG_A,SEG_A,True
7817,SEG_B,SEG_B,True
7820,SEG_C,SEG_B,False
7821,SEG_A,SEG_A,True
7822,SEG_B,SEG_A,False
7824,SEG_A,SEG_B,False
7826,SEG_C,SEG_A,False
7827,SEG_B,SEG_C,False
7828,SEG_A,SEG_B,False
7830,SEG_A,SEG_A,True
7831,SEG_B,SEG_B,True
7832,SEG_A,SEG_A,True
7833,SEG_A,SEG_A,True
7834,SEG_C,SEG_C,True
7835,SEG_A,SEG_A,True
7836,SEG_A,SEG_B,False
7837,SEG_A,SEG_A,True
7841,SEG_A,SEG_A,True
7842,SEG_A,SEG_A,True
7843,SEG_A,SEG_A,True
7847,SEG_B,SEG_B,True
7849,SEG_B,SEG_A,False
7851,SEG_B,SEG_C,False
7852,SEG_A,SEG_A,True
7854,SEG_A,SEG_A,True
7855,SEG_A,SEG_A,True
7857,SEG_C,SEG_A,False
7858,SEG_B,SEG_A,False
7860,SEG_B,SEG_B,True
7861,SEG_B,SEG_B,True
7862,SEG_A,SEG_A,True
7863,SEG_A,SEG_A,True
7864,SEG_A,SEG_A,True
7865,SEG_B,SEG_B,True
7867,SEG_B,SEG_A,False
7868,SEG_A,SEG_A,True
7869,SEG_C,SEG_A,False
7873,SEG_A,SEG_A,True
7876,SEG_A,SEG_A,True
7877,SEG_A,SEG_B,False
7878,SEG_A,SEG_A,True
7879,SEG_A,SEG_A,True
7880,SEG_A,SEG_A,True
7882,SEG_A,SEG_A,True
7883,SEG_A,SEG_A,True
7884,SEG_C,SEG_C,True
7886,SEG_A,SEG_A,True
7887,SEG_C,SEG_A,False
7888,SEG_A,SEG_A,True
7889,SEG_A,SEG_A,True
7890,SEG_C,SEG_B,False
7896,SEG_C,SEG_C,True
7897,SEG_B,SEG_B,True
7902,SEG_A,SEG_A,True
7903,SEG_A,SEG_A,True
7904,SEG_A,SEG_A,True
7906,SEG_A,SEG_A,True
7908,SEG_A,SEG_A,True
7909,SEG_B,SEG_A,False
7911,SEG_A,SEG_B,False
7912,SEG_B,SEG_B,True
7914,SEG_A,SEG_B,False
7915,SEG_A,SEG_A,True
7917,SEG_C,SEG_C,True
7918,SEG_A,SEG_A,True
7921,SEG_A,SEG_A,True
7922,SEG_B,SEG_B,True
7923,SEG_A,SEG_A,True
7925,SEG_A,SEG_A,True
7927,SEG_B,SEG_A,False
7928,SEG_B,SEG_A,False
7929,SEG_A,SEG_A,True
7930,SEG_B,SEG_B,True
7932,SEG_A,SEG_A,True
7933,SEG_A,SEG_A,True
7934,SEG_A,SEG_A,True
7936,SEG_A,SEG_A,True
7937,SEG_A,SEG_A,True
7938,SEG_A,SEG_B,False
7940,SEG_A,SEG_A,True
7943,SEG_C,SEG_B,False
7944,SEG_C,SEG_B,False
7945,SEG_B,SEG_A,False
7946,SEG_B,SEG_B,True
7947,SEG_A,SEG_A,True
7948,SEG_A,SEG_A,True
7949,SEG_B,SEG_B,True
7950,SEG_C,SEG_B,False
7951,SEG_A,SEG_A,True
7952,SEG_C,SEG_A,False
7953,SEG_B,SEG_B,True
7955,SEG_A,SEG_A,True
7956,SEG_B,SEG_B,True
7957,SEG_A,SEG_A,True
7958,SEG_A,SEG_A,True
7959,SEG_B,SEG_B,True
7960,SEG_B,SEG_B,True
7961,SEG_B,SEG_B,True
7963,SEG_A,SEG_B,False
7965,SEG_B,SEG_A,False
7967,SEG_C,SEG_B,False
7968,SEG_B,SEG_B,True
7970,SEG_C,SEG_C,True
7971,SEG_A,SEG_A,True
7972,SEG_B,SEG_C,False
7974,SEG_A,SEG_A,True
7975,SEG_B,SEG_A,False
7977,SEG_C,SEG_C,True
7978,SEG_A,SEG_B,False
7979,SEG_B,SEG_B,True
7980,SEG_A,SEG_A,True
7981,SEG_B,SEG_B,True
7982,SEG_A,SEG_A,True
7983,SEG_C,SEG_C,True
7984,SEG_C,SEG_C,True
7985,SEG_C,SEG_A,False
7986,SEG_A,SEG_A,True
7987,SEG_B,SEG_B,True
7988,SEG_B,SEG_B,True
7991,SEG_A,SEG_A,True
7994,SEG_A,SEG_A,True
7995,SEG_A,SEG_A,True
7996,SEG_C,SEG_A,False
7997,SEG_B,SEG_A,False
7998,SEG_A,SEG_A,True
8000,SEG_A,SEG_A,True
8001,SEG_B,SEG_A,False
8002,SEG_C,SEG_C,True
8003,SEG_B,SEG_A,False
8004,SEG_A,SEG_A,True
8005,SEG_A,SEG_A,True
8006,SEG_C,SEG_B,False
8007,SEG_A,SEG_A,True
8008,SEG_A,SEG_A,True
8009,SEG_C,SEG_A,False
8010,SEG_B,SEG_A,False
8011,SEG_C,SEG_A,False
8012,SEG_B,SEG_B,True
8013,SEG_A,SEG_A,True
8014,SEG_C,SEG_A,False
8015,SEG_A,SEG_B,False
8016,SEG_A,SEG_A,True
8017,SEG_C,SEG_C,True
8018,SEG_B,SEG_B,True
8019,SEG_A,SEG_A,True
8020,SEG_A,SEG_A,True
8021,SEG_B,SEG_B,True
8022,SEG_B,SEG_A,False
8023,SEG_A,SEG_A,True
8024,SEG_A,SEG_A,True
8025,SEG_B,SEG_C,False
8026,SEG_C,SEG_A,False
8027,SEG_C,SEG_A,False
8028,SEG_A,SEG_A,True
8030,SEG_A,SEG_A,True
8031,SEG_B,SEG_B,True
8032,SEG_C,SEG_C,True
8033,SEG_A,SEG_A,True
8034,SEG_C,SEG_C,True
8035,SEG_A,SEG_A,True
8036,SEG_A,SEG_A,True
8037,SEG_B,SEG_B,True
8038,SEG_B,SEG_C,False
8039,SEG_C,SEG_B,False
8040,SEG_C,SEG_B,False
8041,SEG_C,SEG_C,True
8042,SEG_A,SEG_B,False
8044,SEG_A,SEG_A,True
8046,SEG_C,SEG_A,False
8047,SEG_A,SEG_A,True
8049,SEG_A,SEG_C,False
8050,SEG_A,SEG_B,False
8051,SEG_C,SEG_B,False
8053,SEG_C,SEG_A,False
8054,SEG_A,SEG_A,True
8055,SEG_C,SEG_C,True
8056,SEG_A,SEG_A,True
8058,SEG_A,SEG_A,True
8063,SEG_C,SEG_B,False
8064,SEG_B,SEG_B,True
8065,SEG_B,SEG_B,True
8067,SEG_A,SEG_A,True
8068,SEG_B,SEG_A,False
8069,SEG_C,SEG_B,False
8071,SEG_C,SEG_B,False
8073,SEG_A,SEG_A,True
8074,SEG_A,SEG_A,True
8075,SEG_A,SEG_A,True
8077,SEG_B,SEG_A,False
8078,SEG_A,SEG_A,True
8080,SEG_B,SEG_B,True
8081,SEG_C,SEG_A,False
8083,SEG_A,SEG_A,True
8086,SEG_A,SEG_A,True
8089,SEG_A,SEG_A,True
8094,SEG_A,SEG_A,True
8095,SEG_A,SEG_A,True
8096,SEG_A,SEG_A,True
8098,SEG_B,SEG_B,True
8099,SEG_B,SEG_A,False
8102,SEG_C,SEG_A,False
8103,SEG_A,SEG_A,True
8105,SEG_B,SEG_A,False
8109,SEG_C,SEG_A,False
8110,SEG_B,SEG_B,True
8114,SEG_A,SEG_B,False
8115,SEG_B,SEG_B,True
8116,SEG_A,SEG_A,True
8117,SEG_B,SEG_A,False
8120,SEG_B,SEG_B,True
8121,SEG_A,SEG_A,True
8122,SEG_B,SEG_B,True
8123,SEG_A,SEG_B,False
8125,SEG_A,SEG_C,False
8126,SEG_B,SEG_A,False
8127,SEG_B,SEG_C,False
8128,SEG_A,SEG_A,True
8133,SEG_C,SEG_A,False
8134,SEG_A,SEG_A,True
8135,SEG_C,SEG_A,False
8136,SEG_A,SEG_A,True
8137,SEG_A,SEG_A,True
8138,SEG_A,SEG_A,True
8140,SEG_C,SEG_B,False
8141,SEG_B,SEG_B,True
8142,SEG_A,SEG_A,True
8143,SEG_B,SEG_B,True
8144,SEG_A,SEG_B,False
8145,SEG_A,SEG_B,False
8146,SEG_A,SEG_A,True
8147,SEG_A,SEG_A,True
8148,SEG_A,SEG_A,True
8149,SEG_A,SEG_A,True
8150,SEG_A,SEG_A,True
8151,SEG_B,SEG_B,True
8152,SEG_A,SEG_A,True
8153,SEG_B,SEG_B,True
8154,SEG_B,SEG_B,True
8155,SEG_A,SEG_B,False
8156,SEG_A,SEG_A,True
8158,SEG_A,SEG_B,False
8159,SEG_A,SEG_A,True
8160,SEG_A,SEG_A,True
8161,SEG_C,SEG_C,True
8162,SEG_B,SEG_A,False
8164,SEG_A,SEG_A,True
8165,SEG_A,SEG_A,True
8166,SEG_C,SEG_B,False
8168,SEG_C,SEG_A,False
8169,SEG_A,SEG_B,False
8170,SEG_A,SEG_A,True
8171,SEG_A,SEG_A,True
8173,SEG_C,SEG_A,False
8174,SEG_A,SEG_A,True
8175,SEG_A,SEG_A,True
8176,SEG_A,SEG_A,True
8177,SEG_B,SEG_B,True
8178,SEG_B,SEG_B,True
8179,SEG_A,SEG_A,True
8180,SEG_B,SEG_B,True
8181,SEG_B,SEG_B,True
8182,SEG_C,SEG_C,True
8183,SEG_C,SEG_B,False
8184,SEG_A,SEG_A,True
8186,SEG_B,SEG_A,False
8187,SEG_B,SEG_B,True
8188,SEG_B,SEG_A,False
8189,SEG_A,SEG_A,True
8190,SEG_A,SEG_A,True
8191,SEG_C,SEG_A,False
8192,SEG_C,SEG_C,True
8193,SEG_C,SEG_A,False
8194,SEG_B,SEG_A,False
8195,SEG_A,SEG_A,True
8196,SEG_A,SEG_A,True
8197,SEG_C,SEG_A,False
8199,SEG_B,SEG_B,True
8200,SEG_B,SEG_B,True
8201,SEG_B,SEG_A,False
8202,SEG_C,SEG_B,False
8203,SEG_A,SEG_A,True
8204,SEG_A,SEG_A,True
8205,SEG_C,SEG_C,True
8206,SEG_B,SEG_A,False
8207,SEG_B,SEG_B,True
8209,SEG_B,SEG_A,False
8211,SEG_B,SEG_B,True
8212,SEG_C,SEG_A,False
8213,SEG_B,SEG_A,False
8214,SEG_A,SEG_A,True
8217,SEG_B,SEG_B,True
8220,SEG_C,SEG_C,True
8221,SEG_A,SEG_A,True
8222,SEG_A,SEG_A,True
8223,SEG_C,SEG_B,False
8225,SEG_B,SEG_A,False
8227,SEG_B,SEG_C,False
8228,SEG_C,SEG_A,False
8233,SEG_B,SEG_A,False
8236,SEG_A,SEG_A,True
8237,SEG_B,SEG_A,False
8238,SEG_B,SEG_A,False
8239,SEG_B,SEG_A,False
8243,SEG_A,SEG_A,True
8244,SEG_A,SEG_A,True
8245,SEG_B,SEG_B,True
8248,SEG_A,SEG_A,True
8249,SEG_B,SEG_B,True
8250,SEG_A,SEG_A,True
8251,SEG_A,SEG_A,True
8252,SEG_C,SEG_A,False
8253,SEG_A,SEG_A,True
8254,SEG_A,SEG_A,True
8259,SEG_A,SEG_A,True
8261,SEG_B,SEG_B,True
8263,SEG_A,SEG_A,True
8264,SEG_C,SEG_C,True
8265,SEG_A,SEG_A,True
8266,SEG_B,SEG_B,True
8267,SEG_B,SEG_B,True
8268,SEG_B,SEG_B,True
8269,SEG_A,SEG_A,True
8270,SEG_A,SEG_A,True
8272,SEG_A,SEG_A,True
8273,SEG_A,SEG_A,True
8274,SEG_B,SEG_A,False
8275,SEG_B,SEG_B,True
8278,SEG_C,SEG_A,False
8279,SEG_A,SEG_A,True
8280,SEG_B,SEG_B,True
8281,SEG_A,SEG_A,True
8282,SEG_B,SEG_B,True
8283,SEG_B,SEG_B,True
8284,SEG_C,SEG_C,True
8286,SEG_A,SEG_A,True
8287,SEG_B,SEG_B,True
8288,SEG_A,SEG_A,True
8289,SEG_A,SEG_A,True
8290,SEG_B,SEG_B,True
8291,SEG_A,SEG_A,True
8293,SEG_B,SEG_B,True
8294,SEG_C,SEG_B,False
8295,SEG_B,SEG_B,True
8296,SEG_B,SEG_C,False
8297,SEG_A,SEG_A,True
8298,SEG_A,SEG_B,False
8299,SEG_C,SEG_C,True
8300,SEG_B,SEG_B,True
8301,SEG_B,SEG_A,False
8303,SEG_B,SEG_B,True
8304,SEG_A,SEG_A,True
8306,SEG_B,SEG_B,True
8307,SEG_B,SEG_B,True
8308,SEG_A,SEG_A,True
8311,SEG_A,SEG_A,True
8313,SEG_B,SEG_B,True
8314,SEG_C,SEG_A,False
8315,SEG_C,SEG_A,False
8317,SEG_B,SEG_A,False
8318,SEG_A,SEG_A,True
8319,SEG_A,SEG_A,True
8321,SEG_C,SEG_B,False
8322,SEG_C,SEG_A,False
8324,SEG_B,SEG_B,True
8325,SEG_B,SEG_B,True
8326,SEG_A,SEG_B,False
8327,SEG_C,SEG_C,True
8329,SEG_B,SEG_B,True
8330,SEG_A,SEG_B,False
8333,SEG_C,SEG_B,False
8334,SEG_B,SEG_B,True
8335,SEG_A,SEG_A,True
8336,SEG_A,SEG_A,True
8339,SEG_C,SEG_B,False
8340,SEG_B,SEG_B,True
8341,SEG_A,SEG_A,True
8342,SEG_C,SEG_C,True
8345,SEG_A,SEG_A,True
8347,SEG_A,SEG_A,True
8348,SEG_C,SEG_C,True
8349,SEG_A,SEG_C,False
8350,SEG_C,SEG_A,False
8351,SEG_A,SEG_A,True
8352,SEG_C,SEG_B,False
8353,SEG_B,SEG_B,True
8354,SEG_A,SEG_A,True
8356,SEG_A,SEG_A,True
8357,SEG_A,SEG_A,True
8359,SEG_A,SEG_A,True
8365,SEG_A,SEG_A,True
8367,SEG_C,SEG_A,False
8371,SEG_A,SEG_A,True
8372,SEG_A,SEG_A,True
8373,SEG_C,SEG_B,False
8374,SEG_A,SEG_A,True
8376,SEG_A,SEG_A,True
8377,SEG_A,SEG_A,True
8380,SEG_B,SEG_B,True
8382,SEG_B,SEG_B,True
8384,SEG_A,SEG_A,True
8385,SEG_B,SEG_A,False
8386,SEG_A,SEG_A,True
8387,SEG_A,SEG_A,True
8388,SEG_A,SEG_A,True
8389,SEG_A,SEG_A,True
8390,SEG_B,SEG_B,True
8391,SEG_A,SEG_A,True
8393,SEG_C,SEG_A,False
8394,SEG_C,SEG_B,False
8395,SEG_A,SEG_A,True
8396,SEG_A,SEG_B,False
8397,SEG_C,SEG_A,False
8398,SEG_C,SEG_A,False
8400,SEG_A,SEG_A,True
8401,SEG_A,SEG_A,True
8402,SEG_C,SEG_C,True
8403,SEG_B,SEG_B,True
8404,SEG_A,SEG_A,True
8405,SEG_A,SEG_A,True
8407,SEG_C,SEG_C,True
8408,SEG_A,SEG_A,True
8409,SEG_A,SEG_A,True
8410,SEG_A,SEG_A,True
8411,SEG_C,SEG_A,False
8412,SEG_C,SEG_B,False
8413,SEG_C,SEG_B,False
8414,SEG_A,SEG_A,True
8415,SEG_C,SEG_B,False
8416,SEG_A,SEG_A,True
8418,SEG_B,SEG_B,True
8422,SEG_B,SEG_B,True
8423,SEG_B,SEG_A,False
8424,SEG_C,SEG_A,False
8425,SEG_A,SEG_B,False
8426,SEG_B,SEG_A,False
8429,SEG_A,SEG_A,True
8430,SEG_B,SEG_C,False
8431,SEG_C,SEG_A,False
8433,SEG_A,SEG_A,True
8436,SEG_B,SEG_A,False
8438,SEG_B,SEG_B,True
8440,SEG_C,SEG_B,False
8441,SEG_A,SEG_A,True
8443,SEG_A,SEG_A,True
8445,SEG_A,SEG_A,True
8446,SEG_A,SEG_A,True
8447,SEG_A,SEG_A,True
8448,SEG_C,SEG_C,True
8449,SEG_C,SEG_A,False
8451,SEG_C,SEG_B,False
8453,SEG_A,SEG_A,True
8455,SEG_B,SEG_A,False
8456,SEG_B,SEG_A,False
8458,SEG_A,SEG_A,True
8459,SEG_B,SEG_A,False
8460,SEG_B,SEG_C,False
8461,SEG_A,SEG_A,True
8462,SEG_C,SEG_A,False
8463,SEG_B,SEG_B,True
8464,SEG_C,SEG_B,False
8465,SEG_A,SEG_A,True
8468,SEG_C,SEG_C,True
8471,SEG_B,SEG_B,True
8472,SEG_C,SEG_C,True
8475,SEG_B,SEG_B,True
8478,SEG_A,SEG_A,True
8480,SEG_C,SEG_A,False
8482,SEG_A,SEG_A,True
8484,SEG_A,SEG_A,True
8486,SEG_C,SEG_C,True
8487,SEG_C,SEG_A,False
8488,SEG_B,SEG_B,True
8490,SEG_A,SEG_A,True
8491,SEG_A,SEG_A,True
8492,SEG_B,SEG_B,True
8493,SEG_A,SEG_A,True
8494,SEG_A,SEG_A,True
8495,SEG_C,SEG_A,False
8496,SEG_C,SEG_B,False
8497,SEG_B,SEG_A,False
8498,SEG_C,SEG_A,False
8499,SEG_C,SEG_A,False
8500,SEG_B,SEG_B,True
8501,SEG_C,SEG_B,False
8502,SEG_B,SEG_B,True
8503,SEG_A,SEG_A,True
8504,SEG_C,SEG_A,False
8505,SEG_A,SEG_A,True
8506,SEG_C,SEG_A,False
8507,SEG_A,SEG_A,True
8508,SEG_A,SEG_A,True
8509,SEG_A,SEG_A,True
8510,SEG_B,SEG_A,False
8511,SEG_A,SEG_A,True
8512,SEG_A,SEG_A,True
8513,SEG_A,SEG_A,True
8514,SEG_A,SEG_A,True
8515,SEG_C,SEG_C,True
8516,SEG_C,SEG_B,False
8517,SEG_A,SEG_A,True
8518,SEG_B,SEG_B,True
8519,SEG_A,SEG_A,True
8522,SEG_B,SEG_B,True
8524,SEG_B,SEG_A,False
8526,SEG_A,SEG_A,True
8528,SEG_C,SEG_A,False
8529,SEG_C,SEG_A,False
8530,SEG_A,SEG_A,True
8531,SEG_A,SEG_A,True
8532,SEG_C,SEG_A,False
8533,SEG_B,SEG_A,False
8534,SEG_B,SEG_B,True
8535,SEG_C,SEG_A,False
8536,SEG_A,SEG_A,True
8537,SEG_A,SEG_A,True
8538,SEG_C,SEG_A,False
8541,SEG_A,SEG_A,True
8543,SEG_B,SEG_B,True
8544,SEG_A,SEG_A,True
8545,SEG_A,SEG_A,True
8546,SEG_B,SEG_A,False
8548,SEG_A,SEG_A,True
8549,SEG_B,SEG_B,True
8551,SEG_C,SEG_A,False
8552,SEG_A,SEG_A,True
8554,SEG_B,SEG_B,True
8555,SEG_A,SEG_A,True
8561,SEG_C,SEG_C,True
8566,SEG_A,SEG_A,True
8568,SEG_B,SEG_A,False
8569,SEG_B,SEG_B,True
8570,SEG_A,SEG_A,True
8572,SEG_B,SEG_A,False
8581,SEG_B,SEG_A,False
8587,SEG_A,SEG_B,False
8590,SEG_A,SEG_A,True
8593,SEG_A,SEG_B,False
8594,SEG_A,SEG_A,True
8599,SEG_B,SEG_A,False
8603,SEG_A,SEG_A,True
8604,SEG_B,SEG_B,True
8608,SEG_A,SEG_A,True
8612,SEG_C,SEG_C,True
8614,SEG_C,SEG_B,False
8616,SEG_A,SEG_C,False
8617,SEG_B,SEG_B,True
8620,SEG_A,SEG_A,True
8622,SEG_A,SEG_A,True
8625,SEG_A,SEG_A,True
8627,SEG_B,SEG_B,True
8630,SEG_A,SEG_A,True
8634,SEG_B,SEG_B,True
8635,SEG_A,SEG_A,True
8638,SEG_B,SEG_B,True
8639,SEG_B,SEG_B,True
8644,SEG_A,SEG_A,True
8645,SEG_A,SEG_A,True
8649,SEG_B,SEG_A,False
8650,SEG_B,SEG_B,True
8653,SEG_A,SEG_A,True
8657,SEG_C,SEG_A,False
8658,SEG_A,SEG_A,True
8661,SEG_B,SEG_B,True
8665,SEG_A,SEG_A,True
8667,SEG_A,SEG_A,True
8668,SEG_A,SEG_B,False
8671,SEG_A,SEG_A,True
8672,SEG_B,SEG_A,False
8674,SEG_A,SEG_A,True
8677,SEG_C,SEG_B,False
8678,SEG_B,SEG_A,False
8679,SEG_B,SEG_B,True
8681,SEG_A,SEG_A,True
8684,SEG_A,SEG_A,True
8685,SEG_A,SEG_A,True
8686,SEG_C,SEG_C,True
8687,SEG_A,SEG_B,False
8690,SEG_C,SEG_B,False
8692,SEG_A,SEG_A,True
8693,SEG_A,SEG_A,True
8694,SEG_C,SEG_A,False
8695,SEG_A,SEG_A,True
8697,SEG_B,SEG_B,True
8698,SEG_A,SEG_C,False
8700,SEG_A,SEG_A,True
8702,SEG_A,SEG_A,True
8703,SEG_A,SEG_A,True
8705,SEG_B,SEG_B,True
8708,SEG_C,SEG_C,True
8709,SEG_A,SEG_A,True
8710,SEG_A,SEG_A,True
8721,SEG_A,SEG_A,True
8722,SEG_A,SEG_A,True
8729,SEG_B,SEG_B,True
8730,SEG_A,SEG_A,True
8733,SEG_A,SEG_A,True
8734,SEG_B,SEG_B,True
8738,SEG_A,SEG_A,True
8739,SEG_A,SEG_B,False
8741,SEG_A,SEG_A,True
8743,SEG_A,SEG_A,True
8745,SEG_A,SEG_A,True
8747,SEG_A,SEG_A,True
8749,SEG_A,SEG_A,True
8751,SEG_C,SEG_A,False
8754,SEG_A,SEG_A,True
8756,SEG_B,SEG_A,False
8757,SEG_A,SEG_A,True
8758,SEG_B,SEG_B,True
8759,SEG_C,SEG_C,True
8760,SEG_B,SEG_B,True
8761,SEG_A,SEG_A,True
8762,SEG_C,SEG_C,True
8763,SEG_A,SEG_A,True
8764,SEG_B,SEG_A,False
8765,SEG_B,SEG_B,True
8766,SEG_A,SEG_A,True
8767,SEG_B,SEG_B,True
8768,SEG_C,SEG_A,False
8769,SEG_B,SEG_B,True
8770,SEG_A,SEG_A,True
8771,SEG_A,SEG_A,True
8772,SEG_C,SEG_B,False
8773,SEG_C,SEG_C,True
8774,SEG_B,SEG_B,True
8775,SEG_A,SEG_A,True
8777,SEG_B,SEG_B,True
8778,SEG_B,SEG_B,True
8781,SEG_A,SEG_A,True
8782,SEG_B,SEG_A,False
8786,SEG_A,SEG_A,True
8789,SEG_A,SEG_A,True
8791,SEG_C,SEG_C,True
8792,SEG_A,SEG_A,True
8793,SEG_A,SEG_A,True
8796,SEG_A,SEG_B,False
8799,SEG_A,SEG_A,True
8802,SEG_A,SEG_A,True
8803,SEG_B,SEG_A,False
8806,SEG_B,SEG_B,True
8807,SEG_B,SEG_A,False
8809,SEG_A,SEG_A,True
8810,SEG_A,SEG_A,True
8811,SEG_B,SEG_B,True
8813,SEG_B,SEG_B,True
8814,SEG_C,SEG_B,False
8817,SEG_A,SEG_A,True
8818,SEG_A,SEG_A,True
8819,SEG_C,SEG_C,True
8821,SEG_B,SEG_B,True
8824,SEG_A,SEG_A,True
8826,SEG_C,SEG_C,True
8827,SEG_B,SEG_B,True
8828,SEG_A,SEG_A,True
8829,SEG_A,SEG_A,True
8831,SEG_A,SEG_A,True
8835,SEG_A,SEG_A,True
8837,SEG_B,SEG_A,False
8838,SEG_B,SEG_B,True
8840,SEG_B,SEG_B,True
8841,SEG_C,SEG_A,False
8842,SEG_C,SEG_C,True
8843,SEG_A,SEG_B,False
8845,SEG_B,SEG_B,True
8847,SEG_B,SEG_A,False
8848,SEG_A,SEG_A,True
8849,SEG_A,SEG_A,True
8850,SEG_A,SEG_A,True
8851,SEG_A,SEG_A,True
8853,SEG_B,SEG_B,True
8854,SEG_B,SEG_B,True
8855,SEG_A,SEG_A,True
8856,SEG_C,SEG_C,True
8857,SEG_A,SEG_B,False
8859,SEG_A,SEG_A,True
8860,SEG_C,SEG_B,False
8861,SEG_A,SEG_A,True
8862,SEG_A,SEG_A,True
8863,SEG_A,SEG_A,True
8864,SEG_A,SEG_C,False
8865,SEG_A,SEG_A,True
8867,SEG_A,SEG_A,True
8868,SEG_B,SEG_A,False
8869,SEG_A,SEG_A,True
8870,SEG_C,SEG_A,False
8871,SEG_C,SEG_A,False
8872,SEG_B,SEG_B,True
8873,SEG_A,SEG_A,True
8874,SEG_B,SEG_B,True
8875,SEG_B,SEG_A,False
8876,SEG_C,SEG_A,False
8877,SEG_B,SEG_A,False
8881,SEG_A,SEG_A,True
8882,SEG_A,SEG_A,True
8883,SEG_B,SEG_B,True
8886,SEG_A,SEG_A,True
8888,SEG_B,SEG_B,True
8889,SEG_C,SEG_A,False
8890,SEG_A,SEG_A,True
8891,SEG_A,SEG_A,True
8892,SEG_A,SEG_A,True
8893,SEG_A,SEG_A,True
8895,SEG_C,SEG_C,True
8896,SEG_B,SEG_B,True
8897,SEG_A,SEG_A,True
8898,SEG_A,SEG_A,True
8899,SEG_A,SEG_A,True
8900,SEG_A,SEG_A,True
8907,SEG_A,SEG_B,False
8909,SEG_A,SEG_A,True
8910,SEG_C,SEG_B,False
8911,SEG_C,SEG_C,True
8912,SEG_A,SEG_A,True
8914,SEG_A,SEG_A,True
8917,SEG_C,SEG_A,False
8919,SEG_B,SEG_B,True
8921,SEG_C,SEG_B,False
8924,SEG_C,SEG_A,False
8925,SEG_A,SEG_A,True
8926,SEG_C,SEG_A,False
8927,SEG_A,SEG_A,True
8928,SEG_B,SEG_B,True
8929,SEG_C,SEG_A,False
8930,SEG_B,SEG_A,False
8931,SEG_B,SEG_B,True
8933,SEG_C,SEG_B,False
8934,SEG_A,SEG_B,False
8935,SEG_A,SEG_A,True
8936,SEG_A,SEG_A,True
8937,SEG_A,SEG_A,True
8938,SEG_A,SEG_A,True
8939,SEG_C,SEG_C,True
8941,SEG_B,SEG_B,True
8942,SEG_C,SEG_B,False
8943,SEG_A,SEG_A,True
8945,SEG_A,SEG_A,True
8946,SEG_A,SEG_A,True
8947,SEG_C,SEG_A,False
8948,SEG_A,SEG_B,False
8949,SEG_A,SEG_A,True
8950,SEG_A,SEG_A,True
8951,SEG_B,SEG_B,True
8952,SEG_B,SEG_B,True
8953,SEG_A,SEG_A,True
8954,SEG_B,SEG_B,True
8955,SEG_A,SEG_A,True
8956,SEG_A,SEG_B,False
8957,SEG_C,SEG_C,True
8958,SEG_B,SEG_C,False
8959,SEG_B,SEG_B,True
8961,SEG_B,SEG_B,True
8962,SEG_C,SEG_C,True
8963,SEG_B,SEG_A,False
8964,SEG_C,SEG_C,True
8965,SEG_A,SEG_A,True
8966,SEG_B,SEG_A,False
8967,SEG_A,SEG_A,True
8968,SEG_A,SEG_A,True
8969,SEG_A,SEG_A,True
8970,SEG_C,SEG_A,False
8971,SEG_B,SEG_C,False
8972,SEG_B,SEG_B,True
8973,SEG_A,SEG_A,True
8974,SEG_A,SEG_A,True
8976,SEG_A,SEG_A,True
8977,SEG_A,SEG_A,True
8978,SEG_C,SEG_A,False
8979,SEG_A,SEG_A,True
8980,SEG_A,SEG_A,True
8981,SEG_C,SEG_A,False
8982,SEG_A,SEG_A,True
8983,SEG_A,SEG_A,True
8984,SEG_A,SEG_A,True
8985,SEG_A,SEG_A,True
8987,SEG_A,SEG_A,True
8988,SEG_A,SEG_A,True
8989,SEG_B,SEG_B,True
8990,SEG_B,SEG_B,True
8991,SEG_A,SEG_A,True
8993,SEG_A,SEG_B,False
8994,SEG_A,SEG_B,False
8995,SEG_C,SEG_B,False
8997,SEG_A,SEG_A,True
8998,SEG_A,SEG_A,True
8999,SEG_A,SEG_A,True
9003,SEG_C,SEG_B,False
9004,SEG_A,SEG_A,True
9005,SEG_B,SEG_B,True
9006,SEG_A,SEG_A,True
9007,SEG_A,SEG_A,True
9008,SEG_A,SEG_A,True
9009,SEG_B,SEG_B,True
9010,SEG_A,SEG_A,True
9014,SEG_A,SEG_A,True
9015,SEG_B,SEG_B,True
9016,SEG_A,SEG_A,True
9018,SEG_A,SEG_A,True
9025,SEG_A,SEG_A,True
9026,SEG_B,SEG_B,True
9028,SEG_B,SEG_B,True
9029,SEG_A,SEG_A,True
9030,SEG_C,SEG_A,False
9031,SEG_B,SEG_B,True
9032,SEG_A,SEG_A,True
9035,SEG_C,SEG_B,False
9039,SEG_B,SEG_B,True
9041,SEG_B,SEG_B,True
9042,SEG_A,SEG_A,True
9043,SEG_C,SEG_A,False
9044,SEG_C,SEG_B,False
9045,SEG_C,SEG_A,False
9046,SEG_B,SEG_A,False
9047,SEG_A,SEG_A,True
9050,SEG_A,SEG_A,True
9051,SEG_B,SEG_A,False
9052,SEG_A,SEG_A,True
9053,SEG_B,SEG_A,False
9056,SEG_A,SEG_A,True
9057,SEG_B,SEG_B,True
9058,SEG_A,SEG_A,True
9059,SEG_A,SEG_A,True
9060,SEG_A,SEG_A,True
9061,SEG_A,SEG_A,True
9062,SEG_A,SEG_A,True
9063,SEG_C,SEG_A,False
9064,SEG_C,SEG_A,False
9065,SEG_B,SEG_B,True
9066,SEG_C,SEG_A,False
9067,SEG_A,SEG_A,True
9068,SEG_A,SEG_A,True
9071,SEG_A,SEG_A,True
9073,SEG_B,SEG_B,True
9074,SEG_B,SEG_B,True
9076,SEG_B,SEG_B,True
9077,SEG_B,SEG_B,True
9078,SEG_B,SEG_A,False
9079,SEG_A,SEG_A,True
9080,SEG_A,SEG_A,True
9081,SEG_C,SEG_A,False
9082,SEG_A,SEG_A,True
9083,SEG_A,SEG_A,True
9084,SEG_A,SEG_A,True
9085,SEG_A,SEG_A,True
9086,SEG_B,SEG_B,True
9087,SEG_A,SEG_A,True
9089,SEG_A,SEG_A,True
9091,SEG_A,SEG_A,True
9092,SEG_A,SEG_A,True
9093,SEG_A,SEG_A,True
9094,SEG_B,SEG_B,True
9095,SEG_C,SEG_A,False
9096,SEG_B,SEG_A,False
9097,SEG_C,SEG_B,False
9098,SEG_A,SEG_A,True
9099,SEG_A,SEG_A,True
9100,SEG_B,SEG_B,True
9101,SEG_C,SEG_A,False
9102,SEG_A,SEG_A,True
9105,SEG_C,SEG_C,True
9106,SEG_A,SEG_A,True
9108,SEG_B,SEG_A,False
9109,SEG_A,SEG_A,True
9110,SEG_A,SEG_A,True
9111,SEG_A,SEG_A,True
9112,SEG_B,SEG_B,True
9113,SEG_B,SEG_B,True
9114,SEG_B,SEG_B,True
9116,SEG_A,SEG_A,True
9119,SEG_B,SEG_B,True
9120,SEG_B,SEG_B,True
9121,SEG_B,SEG_B,True
9122,SEG_C,SEG_C,True
9123,SEG_A,SEG_A,True
9125,SEG_C,SEG_A,False
9126,SEG_B,SEG_A,False
9127,SEG_A,SEG_A,True
9128,SEG_C,SEG_A,False
9129,SEG_C,SEG_A,False
9130,SEG_A,SEG_A,True
9132,SEG_B,SEG_A,False
9133,SEG_A,SEG_A,True
9134,SEG_A,SEG_A,True
9135,SEG_A,SEG_A,True
9136,SEG_B,SEG_B,True
9137,SEG_A,SEG_A,True
9138,SEG_A,SEG_A,True
9139,SEG_B,SEG_A,False
9140,SEG_B,SEG_B,True
9142,SEG_B,SEG_B,True
9143,SEG_B,SEG_A,False
9145,SEG_C,SEG_A,False
9146,SEG_A,SEG_A,True
9150,SEG_A,SEG_A,True
9151,SEG_B,SEG_A,False
9152,SEG_B,SEG_A,False
9153,SEG_A,SEG_A,True
9154,SEG_A,SEG_A,True
9157,SEG_B,SEG_B,True
9159,SEG_C,SEG_A,False
9160,SEG_A,SEG_A,True
9162,SEG_B,SEG_C,False
9163,SEG_A,SEG_A,True
9166,SEG_B,SEG_B,True
9167,SEG_A,SEG_A,True
9168,SEG_B,SEG_B,True
9169,SEG_B,SEG_C,False
9170,SEG_A,SEG_A,True
9171,SEG_C,SEG_A,False
9173,SEG_A,SEG_A,True
9175,SEG_B,SEG_B,True
9176,SEG_A,SEG_A,True
9177,SEG_A,SEG_A,True
9178,SEG_A,SEG_B,False
9179,SEG_C,SEG_C,True
9180,SEG_C,SEG_C,True
9181,SEG_A,SEG_A,True
9183,SEG_C,SEG_C,True
9184,SEG_C,SEG_B,False
9185,SEG_A,SEG_A,True
9186,SEG_A,SEG_A,True
9187,SEG_B,SEG_B,True
9188,SEG_A,SEG_A,True
9190,SEG_A,SEG_A,True
9191,SEG_C,SEG_C,True
9192,SEG_A,SEG_A,True
9194,SEG_C,SEG_B,False
9195,SEG_B,SEG_A,False
9196,SEG_A,SEG_A,True
9197,SEG_A,SEG_A,True
9198,SEG_B,SEG_B,True
9199,SEG_B,SEG_B,True
9200,SEG_C,SEG_C,True
9201,SEG_B,SEG_A,False
9202,SEG_A,SEG_A,True
9203,SEG_A,SEG_A,True
9205,SEG_A,SEG_A,True
9206,SEG_A,SEG_A,True
9207,SEG_B,SEG_B,True
9209,SEG_C,SEG_B,False
9212,SEG_B,SEG_A,False
9214,SEG_C,SEG_B,False
9215,SEG_C,SEG_B,False
9216,SEG_A,SEG_A,True
9218,SEG_A,SEG_A,True
9221,SEG_B,SEG_A,False
9222,SEG_A,SEG_A,True
9223,SEG_A,SEG_A,True
9225,SEG_A,SEG_A,True
9226,SEG_A,SEG_A,True
9227,SEG_A,SEG_A,True
9228,SEG_C,SEG_C,True
9230,SEG_C,SEG_C,True
9231,SEG_C,SEG_B,False
9232,SEG_A,SEG_A,True
9233,SEG_A,SEG_A,True
9236,SEG_A,SEG_A,True
9237,SEG_A,SEG_A,True
9238,SEG_C,SEG_B,False
9242,SEG_B,SEG_A,False
9243,SEG_B,SEG_B,True
9244,SEG_A,SEG_A,True
9245,SEG_B,SEG_B,True
9246,SEG_A,SEG_A,True
9248,SEG_C,SEG_C,True
9250,SEG_A,SEG_A,True
9256,SEG_B,SEG_A,False
9257,SEG_A,SEG_A,True
9258,SEG_A,SEG_A,True
9259,SEG_B,SEG_A,False
9260,SEG_B,SEG_A,False
9262,SEG_B,SEG_B,True
9263,SEG_B,SEG_B,True
9264,SEG_A,SEG_A,True
9265,SEG_A,SEG_A,True
9266,SEG_C,SEG_B,False
9267,SEG_A,SEG_A,True
9268,SEG_B,SEG_B,True
9269,SEG_A,SEG_A,True
9270,SEG_A,SEG_A,True
9271,SEG_C,SEG_B,False
9272,SEG_A,SEG_A,True
9273,SEG_A,SEG_A,True
9274,SEG_C,SEG_C,True
9275,SEG_B,SEG_B,True
9276,SEG_A,SEG_A,True
9278,SEG_B,SEG_B,True
9279,SEG_B,SEG_B,True
9280,SEG_A,SEG_A,True
9281,SEG_A,SEG_B,False
9282,SEG_A,SEG_A,True
9283,SEG_C,SEG_A,False
9284,SEG_A,SEG_A,True
9285,SEG_A,SEG_B,False
9286,SEG_B,SEG_A,False
9287,SEG_B,SEG_B,True
9288,SEG_C,SEG_A,False
9290,SEG_B,SEG_B,True
9291,SEG_A,SEG_A,True
9292,SEG_A,SEG_B,False
9293,SEG_C,SEG_A,False
9294,SEG_B,SEG_B,True
9295,SEG_B,SEG_B,True
9296,SEG_C,SEG_C,True
9297,SEG_A,SEG_A,True
9298,SEG_B,SEG_B,True
9299,SEG_A,SEG_A,True
9300,SEG_C,SEG_A,False
9301,SEG_B,SEG_A,False
9302,SEG_A,SEG_A,True
9303,SEG_A,SEG_A,True
9304,SEG_A,SEG_A,True
9305,SEG_C,SEG_B,False
9307,SEG_B,SEG_B,True
9308,SEG_A,SEG_A,True
9309,SEG_A,SEG_A,True
9310,SEG_B,SEG_A,False
9311,SEG_C,SEG_C,True
9312,SEG_B,SEG_B,True
9313,SEG_C,SEG_C,True
9314,SEG_A,SEG_A,True
9315,SEG_A,SEG_A,True
9317,SEG_B,SEG_B,True
9319,SEG_B,SEG_A,False
9320,SEG_A,SEG_A,True
9321,SEG_B,SEG_A,False
9322,SEG_B,SEG_B,True
9323,SEG_A,SEG_A,True
9324,SEG_B,SEG_B,True
9325,SEG_C,SEG_C,True
9327,SEG_C,SEG_C,True
9329,SEG_A,SEG_B,False
9330,SEG_B,SEG_B,True
9331,SEG_C,SEG_C,True
9333,SEG_A,SEG_B,False
9334,SEG_A,SEG_A,True
9335,SEG_C,SEG_A,False
9336,SEG_B,SEG_B,True
9337,SEG_C,SEG_C,True
9338,SEG_B,SEG_B,True
9339,SEG_A,SEG_A,True
9341,SEG_A,SEG_A,True
9342,SEG_B,SEG_A,False
9343,SEG_A,SEG_A,True
9344,SEG_A,SEG_A,True
9345,SEG_A,SEG_B,False
9347,SEG_C,SEG_A,False
9348,SEG_B,SEG_B,True
9349,SEG_A,SEG_A,True
9350,SEG_C,SEG_A,False
9351,SEG_A,SEG_A,True
9352,SEG_A,SEG_A,True
9353,SEG_C,SEG_A,False
9355,SEG_B,SEG_B,True
9356,SEG_B,SEG_B,True
9358,SEG_C,SEG_A,False
9360,SEG_A,SEG_A,True
9362,SEG_B,SEG_B,True
9364,SEG_A,SEG_A,True
9367,SEG_A,SEG_A,True
9368,SEG_A,SEG_A,True
9370,SEG_B,SEG_A,False
9371,SEG_B,SEG_B,True
9372,SEG_A,SEG_A,True
9373,SEG_A,SEG_A,True
9374,SEG_A,SEG_A,True
9375,SEG_B,SEG_B,True
9379,SEG_C,SEG_B,False
9380,SEG_C,SEG_B,False
9381,SEG_A,SEG_A,True
9382,SEG_A,SEG_A,True
9383,SEG_A,SEG_A,True
9384,SEG_A,SEG_A,True
9385,SEG_A,SEG_B,False
9386,SEG_A,SEG_A,True
9387,SEG_C,SEG_C,True
9389,SEG_C,SEG_B,False
9390,SEG_A,SEG_A,True
9392,SEG_A,SEG_A,True
9393,SEG_B,SEG_B,True
9395,SEG_A,SEG_B,False
9396,SEG_B,SEG_B,True
9397,SEG_A,SEG_A,True
9398,SEG_B,SEG_B,True
9400,SEG_A,SEG_A,True
9401,SEG_A,SEG_A,True
9402,SEG_B,SEG_B,True
9403,SEG_B,SEG_A,False
9406,SEG_C,SEG_B,False
9407,SEG_B,SEG_A,False
9408,SEG_A,SEG_A,True
9409,SEG_B,SEG_A,False
9410,SEG_A,SEG_A,True
9411,SEG_B,SEG_A,False
9413,SEG_A,SEG_A,True
9414,SEG_B,SEG_B,True
9415,SEG_A,SEG_A,True
9416,SEG_A,SEG_B,False
9417,SEG_A,SEG_A,True
9418,SEG_A,SEG_A,True
9420,SEG_B,SEG_A,False
9421,SEG_A,SEG_A,True
9423,SEG_A,SEG_A,True
9424,SEG_A,SEG_B,False
9425,SEG_A,SEG_B,False
9427,SEG_A,SEG_A,True
9428,SEG_C,SEG_B,False
9429,SEG_A,SEG_A,True
9430,SEG_A,SEG_A,True
9431,SEG_B,SEG_B,True
9432,SEG_B,SEG_B,True
9433,SEG_A,SEG_A,True
9434,SEG_A,SEG_A,True
9435,SEG_B,SEG_B,True
9436,SEG_C,SEG_B,False
9438,SEG_B,SEG_C,False
9439,SEG_A,SEG_A,True
9440,SEG_A,SEG_A,True
9441,SEG_B,SEG_B,True
9442,SEG_A,SEG_A,True
9443,SEG_C,SEG_C,True
9444,SEG_C,SEG_B,False
9446,SEG_A,SEG_A,True
9448,SEG_C,SEG_C,True
9449,SEG_C,SEG_B,False
9450,SEG_B,SEG_B,True
9451,SEG_A,SEG_A,True
9453,SEG_A,SEG_A,True
9455,SEG_B,SEG_B,True
9456,SEG_C,SEG_A,False
9457,SEG_A,SEG_A,True
9458,SEG_B,SEG_B,True
9459,SEG_B,SEG_A,False
9460,SEG_A,SEG_B,False
9461,SEG_A,SEG_A,True
9463,SEG_C,SEG_B,False
9464,SEG_B,SEG_B,True
9465,SEG_A,SEG_B,False
9467,SEG_C,SEG_C,True
9469,SEG_A,SEG_A,True
9470,SEG_A,SEG_A,True
9471,SEG_A,SEG_A,True
9472,SEG_A,SEG_A,True
9473,SEG_A,SEG_A,True
9474,SEG_A,SEG_A,True
9475,SEG_B,SEG_B,True
9476,SEG_C,SEG_A,False
9477,SEG_B,SEG_A,False
9478,SEG_B,SEG_A,False
9479,SEG_A,SEG_A,True
9480,SEG_A,SEG_A,True
9481,SEG_B,SEG_A,False
9483,SEG_A,SEG_A,True
9484,SEG_B,SEG_B,True
9485,SEG_A,SEG_A,True
9486,SEG_A,SEG_A,True
9488,SEG_B,SEG_B,True
9489,SEG_C,SEG_B,False
9491,SEG_A,SEG_A,True
9492,SEG_B,SEG_B,True
9493,SEG_A,SEG_A,True
9495,SEG_B,SEG_B,True
9496,SEG_A,SEG_A,True
9497,SEG_A,SEG_A,True
9500,SEG_A,SEG_B,False
9501,SEG_C,SEG_B,False
9502,SEG_A,SEG_A,True
9504,SEG_A,SEG_B,False
9506,SEG_C,SEG_C,True
9507,SEG_A,SEG_A,True
9508,SEG_C,SEG_A,False
9509,SEG_B,SEG_A,False
9510,SEG_C,SEG_A,False
9511,SEG_A,SEG_A,True
9512,SEG_A,SEG_A,True
9514,SEG_A,SEG_A,True
9515,SEG_A,SEG_A,True
9516,SEG_C,SEG_B,False
9517,SEG_C,SEG_B,False
9521,SEG_A,SEG_A,True
9522,SEG_B,SEG_B,True
9523,SEG_A,SEG_A,True
9524,SEG_A,SEG_A,True
9525,SEG_C,SEG_C,True
9526,SEG_A,SEG_A,True
9527,SEG_A,SEG_A,True
9528,SEG_A,SEG_A,True
9529,SEG_B,SEG_A,False
9530,SEG_A,SEG_A,True
9531,SEG_A,SEG_A,True
9532,SEG_A,SEG_A,True
9534,SEG_A,SEG_A,True
9535,SEG_A,SEG_A,True
9536,SEG_B,SEG_B,True
9537,SEG_A,SEG_A,True
9538,SEG_B,SEG_A,False
9539,SEG_C,SEG_A,False
9540,SEG_B,SEG_B,True
9541,SEG_A,SEG_A,True
9543,SEG_B,SEG_A,False
9544,SEG_C,SEG_B,False
9547,SEG_C,SEG_C,True
9548,SEG_B,SEG_B,True
9549,SEG_A,SEG_A,True
9551,SEG_A,SEG_A,True
9552,SEG_A,SEG_A,True
9553,SEG_A,SEG_A,True
9555,SEG_B,SEG_B,True
9556,SEG_C,SEG_A,False
9557,SEG_B,SEG_B,True
9558,SEG_B,SEG_B,True
9559,SEG_C,SEG_C,True
9562,SEG_A,SEG_A,True
9563,SEG_B,SEG_B,True
9565,SEG_A,SEG_A,True
9566,SEG_A,SEG_A,True
9568,SEG_C,SEG_B,False
9569,SEG_B,SEG_A,False
9570,SEG_A,SEG_A,True
9572,SEG_C,SEG_A,False
9573,SEG_A,SEG_A,True
9574,SEG_C,SEG_B,False
9575,SEG_A,SEG_A,True
9576,SEG_B,SEG_A,False
9577,SEG_B,SEG_B,True
9578,SEG_B,SEG_B,True
9579,SEG_A,SEG_A,True
9580,SEG_A,SEG_A,True
9582,SEG_B,SEG_B,True
9583,SEG_B,SEG_B,True
9585,SEG_A,SEG_A,True
9586,SEG_B,SEG_B,True
9590,SEG_B,SEG_A,False
9594,SEG_A,SEG_A,True
9595,SEG_A,SEG_A,True
9596,SEG_B,SEG_B,True
9597,SEG_A,SEG_A,True
9598,SEG_B,SEG_B,True
9599,SEG_A,SEG_A,True
9600,SEG_C,SEG_A,False
9602,SEG_A,SEG_A,True
9603,SEG_A,SEG_A,True
9604,SEG_A,SEG_A,True
9605,SEG_A,SEG_A,True
9606,SEG_A,SEG_A,True
9607,SEG_A,SEG_A,True
9608,SEG_B,SEG_B,True
9609,SEG_A,SEG_A,True
9611,SEG_C,SEG_A,False
9612,SEG_B,SEG_B,True
9613,SEG_A,SEG_A,True
9614,SEG_B,SEG_B,True
9615,SEG_A,SEG_A,True
9616,SEG_A,SEG_A,True
9618,SEG_A,SEG_A,True
9620,SEG_A,SEG_A,True
9621,SEG_A,SEG_A,True
9622,SEG_C,SEG_B,False
9623,SEG_B,SEG_A,False
9627,SEG_A,SEG_A,True
9628,SEG_A,SEG_A,True
9632,SEG_A,SEG_A,True
9636,SEG_B,SEG_B,True
9638,SEG_B,SEG_B,True
9639,SEG_A,SEG_B,False
9640,SEG_B,SEG_B,True
9641,SEG_A,SEG_B,False
9642,SEG_A,SEG_A,True
9644,SEG_C,SEG_A,False
9645,SEG_A,SEG_A,True
9646,SEG_B,SEG_B,True
9647,SEG_A,SEG_A,True
9648,SEG_C,SEG_B,False
9649,SEG_C,SEG_A,False
9652,SEG_A,SEG_A,True
9654,SEG_A,SEG_A,True
9655,SEG_A,SEG_B,False
9656,SEG_A,SEG_B,False
9659,SEG_A,SEG_A,True
9662,SEG_A,SEG_A,True
9664,SEG_A,SEG_A,True
9666,SEG_A,SEG_A,True
9668,SEG_A,SEG_A,True
9669,SEG_B,SEG_B,True
9670,SEG_C,SEG_C,True
9671,SEG_A,SEG_A,True
9672,SEG_A,SEG_A,True
9673,SEG_A,SEG_A,True
9674,SEG_C,SEG_C,True
9675,SEG_B,SEG_A,False
9676,SEG_A,SEG_A,True
9677,SEG_A,SEG_B,False
9678,SEG_C,SEG_A,False
9679,SEG_A,SEG_A,True
9680,SEG_A,SEG_A,True
9682,SEG_C,SEG_C,True
9687,SEG_B,SEG_B,True
9688,SEG_B,SEG_B,True
9690,SEG_C,SEG_A,False
9691,SEG_C,SEG_B,False
9692,SEG_A,SEG_A,True
9693,SEG_B,SEG_B,True
9695,SEG_C,SEG_C,True
9696,SEG_A,SEG_A,True
9698,SEG_B,SEG_A,False
9699,SEG_C,SEG_C,True
9700,SEG_A,SEG_A,True
9702,SEG_A,SEG_A,True
9707,SEG_A,SEG_A,True
9708,SEG_B,SEG_B,True
9709,SEG_A,SEG_A,True
9710,SEG_B,SEG_B,True
9712,SEG_A,SEG_A,True
9714,SEG_A,SEG_A,True
9715,SEG_A,SEG_A,True
9716,SEG_A,SEG_A,True
9717,SEG_A,SEG_B,False
9719,SEG_A,SEG_A,True
9720,SEG_B,SEG_A,False
9721,SEG_B,SEG_B,True
9722,SEG_A,SEG_B,False
9726,SEG_A,SEG_A,True
9727,SEG_A,SEG_A,True
9728,SEG_A,SEG_A,True
9729,SEG_A,SEG_A,True
9730,SEG_C,SEG_A,False
9731,SEG_A,SEG_A,True
9733,SEG_A,SEG_A,True
9734,SEG_A,SEG_A,True
9735,SEG_A,SEG_A,True
9736,SEG_A,SEG_A,True
9738,SEG_A,SEG_A,True
9739,SEG_B,SEG_B,True
9740,SEG_A,SEG_A,True
9743,SEG_C,SEG_C,True
9746,SEG_B,SEG_B,True
9747,SEG_C,SEG_C,True
9748,SEG_C,SEG_B,False
9749,SEG_B,SEG_A,False
9750,SEG_B,SEG_B,True
9751,SEG_B,SEG_A,False
9752,SEG_A,SEG_A,True
9753,SEG_A,SEG_B,False
9754,SEG_B,SEG_C,False
9755,SEG_A,SEG_A,True
9756,SEG_B,SEG_A,False
9760,SEG_A,SEG_A,True
9761,SEG_A,SEG_A,True
9762,SEG_B,SEG_B,True
9763,SEG_C,SEG_B,False
9766,SEG_A,SEG_A,True
9767,SEG_A,SEG_A,True
9768,SEG_C,SEG_B,False
9769,SEG_A,SEG_A,True
9770,SEG_B,SEG_A,False
9773,SEG_C,SEG_A,False
9774,SEG_B,SEG_B,True
9775,SEG_A,SEG_A,True
9776,SEG_A,SEG_A,True
9777,SEG_C,SEG_A,False
9778,SEG_C,SEG_B,False
9779,SEG_B,SEG_B,True
9780,SEG_C,SEG_B,False
9781,SEG_A,SEG_B,False
9782,SEG_C,SEG_B,False
9783,SEG_A,SEG_A,True
9784,SEG_B,SEG_C,False
9785,SEG_A,SEG_A,True
9786,SEG_B,SEG_B,True
9787,SEG_A,SEG_A,True
9788,SEG_A,SEG_A,True
9789,SEG_C,SEG_A,False
9791,SEG_A,SEG_A,True
9792,SEG_B,SEG_A,False
9793,SEG_A,SEG_B,False
9794,SEG_A,SEG_A,True
9795,SEG_C,SEG_B,False
9796,SEG_A,SEG_A,True
9797,SEG_B,SEG_A,False
9798,SEG_A,SEG_A,True
9799,SEG_A,SEG_A,True
9800,SEG_B,SEG_C,False
9801,SEG_C,SEG_A,False
9802,SEG_B,SEG_A,False
9803,SEG_A,SEG_A,True
9804,SEG_B,SEG_A,False
9805,SEG_A,SEG_A,True
9806,SEG_C,SEG_A,False
9808,SEG_A,SEG_B,False
9809,SEG_C,SEG_B,False
9810,SEG_A,SEG_A,True
9811,SEG_A,SEG_A,True
9812,SEG_C,SEG_C,True
9813,SEG_C,SEG_A,False
9815,SEG_A,SEG_B,False
9816,SEG_A,SEG_A,True
9818,SEG_A,SEG_A,True
9819,SEG_C,SEG_B,False
9820,SEG_C,SEG_A,False
9821,SEG_A,SEG_A,True
9822,SEG_A,SEG_A,True
9823,SEG_A,SEG_A,True
9824,SEG_A,SEG_A,True
9826,SEG_B,SEG_B,True
9827,SEG_A,SEG_A,True
9828,SEG_C,SEG_C,True
9830,SEG_B,SEG_B,True
9831,SEG_B,SEG_B,True
9832,SEG_A,SEG_A,True
9833,SEG_B,SEG_B,True
9836,SEG_B,SEG_B,True
9837,SEG_C,SEG_B,False
9838,SEG_C,SEG_B,False
9839,SEG_B,SEG_B,True
9840,SEG_C,SEG_A,False
9842,SEG_C,SEG_A,False
9843,SEG_B,SEG_A,False
9844,SEG_A,SEG_A,True
9847,SEG_B,SEG_B,True
9848,SEG_A,SEG_A,True
9849,SEG_B,SEG_C,False
9850,SEG_B,SEG_B,True
9851,SEG_B,SEG_B,True
9852,SEG_B,SEG_B,True
9854,SEG_C,SEG_C,True
9855,SEG_A,SEG_A,True
9856,SEG_B,SEG_A,False
9861,SEG_A,SEG_A,True
9863,SEG_A,SEG_A,True
9865,SEG_A,SEG_A,True
9866,SEG_A,SEG_A,True
9867,SEG_C,SEG_A,False
9868,SEG_A,SEG_A,True
9869,SEG_B,SEG_B,True
9871,SEG_C,SEG_B,False
9872,SEG_A,SEG_A,True
9873,SEG_B,SEG_A,False
9874,SEG_A,SEG_A,True
9875,SEG_A,SEG_A,True
9876,SEG_A,SEG_A,True
9878,SEG_C,SEG_B,False
9879,SEG_A,SEG_A,True
9882,SEG_B,SEG_B,True
9883,SEG_A,SEG_A,True
9884,SEG_B,SEG_B,True
9885,SEG_B,SEG_A,False
9887,SEG_A,SEG_A,True
9888,SEG_C,SEG_A,False
9889,SEG_A,SEG_A,True
9892,SEG_A,SEG_A,True
9894,SEG_A,SEG_A,True
9895,SEG_B,SEG_B,True
9897,SEG_C,SEG_B,False
9898,SEG_A,SEG_A,True
9900,SEG_A,SEG_A,True
9901,SEG_A,SEG_A,True
9902,SEG_A,SEG_A,True
9904,SEG_B,SEG_B,True
9907,SEG_B,SEG_B,True
9908,SEG_C,SEG_A,False
9909,SEG_B,SEG_B,True
9911,SEG_B,SEG_B,True
9912,SEG_C,SEG_C,True
9916,SEG_A,SEG_A,True
9917,SEG_A,SEG_A,True
9918,SEG_A,SEG_A,True
9919,SEG_B,SEG_B,True
9920,SEG_C,SEG_A,False
9921,SEG_A,SEG_A,True
9922,SEG_C,SEG_B,False
9923,SEG_A,SEG_A,True
9924,SEG_A,SEG_A,True
9925,SEG_B,SEG_A,False
9926,SEG_A,SEG_A,True
9927,SEG_A,SEG_A,True
9928,SEG_A,SEG_A,True
9931,SEG_C,SEG_A,False
9933,SEG_A,SEG_A,True
9934,SEG_A,SEG_A,True
9935,SEG_A,SEG_A,True
9937,SEG_C,SEG_A,False
9938,SEG_A,SEG_B,False
9939,SEG_C,SEG_C,True
9940,SEG_B,SEG_B,True
9943,SEG_C,SEG_B,False
9944,SEG_A,SEG_A,True
9945,SEG_B,SEG_A,False
9946,SEG_B,SEG_B,True
9947,SEG_A,SEG_A,True
9948,SEG_A,SEG_B,False
9949,SEG_C,SEG_B,False
9950,SEG_C,SEG_B,False
9951,SEG_C,SEG_C,True
9952,SEG_A,SEG_A,True
9953,SEG_A,SEG_A,True
9954,SEG_B,SEG_A,False
9955,SEG_A,SEG_A,True
9957,SEG_B,SEG_B,True
9958,SEG_C,SEG_C,True
9959,SEG_A,SEG_A,True
9960,SEG_A,SEG_A,True
9962,SEG_A,SEG_A,True
9963,SEG_A,SEG_A,True
9964,SEG_B,SEG_B,True
9965,SEG_B,SEG_A,False
9966,SEG_A,SEG_A,True
9968,SEG_A,SEG_A,True
9969,SEG_C,SEG_A,False
9971,SEG_B,SEG_B,True
9973,SEG_C,SEG_A,False
9975,SEG_C,SEG_B,False
9976,SEG_A,SEG_A,True
9979,SEG_A,SEG_A,True
9982,SEG_C,SEG_C,True
9983,SEG_A,SEG_A,True
9984,SEG_A,SEG_A,True
9986,SEG_A,SEG_A,True
9987,SEG_C,SEG_C,True
9989,SEG_A,SEG_A,True
9990,SEG_B,SEG_A,False
9991,SEG_A,SEG_A,True
9993,SEG_A,SEG_A,True
9994,SEG_B,SEG_B,True
9995,SEG_B,SEG_B,True
9996,SEG_A,SEG_B,False
9997,SEG_A,SEG_A,True
9999,SEG_B,SEG_B,True
10001,SEG_B,SEG_B,True
10002,SEG_A,SEG_A,True
10003,SEG_A,SEG_A,True
10004,SEG_A,SEG_A,True
10005,SEG_A,SEG_A,True
10006,SEG_C,SEG_C,True
10007,SEG_B,SEG_B,True
10009,SEG_A,SEG_A,True
10010,SEG_A,SEG_A,True
10011,SEG_B,SEG_B,True
10014,SEG_B,SEG_A,False
10015,SEG_A,SEG_A,True
10016,SEG_C,SEG_C,True
10017,SEG_B,SEG_B,True
10018,SEG_C,SEG_C,True
10019,SEG_A,SEG_A,True
10020,SEG_C,SEG_A,False
10021,SEG_A,SEG_B,False
10022,SEG_A,SEG_A,True
10023,SEG_A,SEG_A,True
10024,SEG_A,SEG_A,True
10025,SEG_A,SEG_A,True
10026,SEG_B,SEG_B,True
10027,SEG_A,SEG_A,True
10028,SEG_A,SEG_B,False
10029,SEG_B,SEG_B,True
10030,SEG_A,SEG_B,False
10033,SEG_B,SEG_B,True
10034,SEG_A,SEG_A,True
10036,SEG_A,SEG_A,True
10037,SEG_A,SEG_A,True
10038,SEG_A,SEG_A,True
10039,SEG_B,SEG_B,True
10040,SEG_B,SEG_B,True
10042,SEG_A,SEG_A,True
10043,SEG_C,SEG_C,True
10044,SEG_B,SEG_B,True
10045,SEG_B,SEG_B,True
10046,SEG_C,SEG_A,False
10047,SEG_A,SEG_A,True
10048,SEG_B,SEG_A,False
10049,SEG_C,SEG_A,False
10050,SEG_B,SEG_A,False
10053,SEG_A,SEG_A,True
10057,SEG_A,SEG_A,True
10058,SEG_B,SEG_A,False
10060,SEG_A,SEG_A,True
10061,SEG_A,SEG_A,True
10062,SEG_A,SEG_B,False
10063,SEG_A,SEG_A,True
10064,SEG_A,SEG_A,True
10065,SEG_A,SEG_A,True
10066,SEG_B,SEG_B,True
10067,SEG_A,SEG_B,False
10071,SEG_C,SEG_C,True
10072,SEG_A,SEG_A,True
10075,SEG_A,SEG_A,True
10077,SEG_A,SEG_A,True
10078,SEG_B,SEG_B,True
10080,SEG_A,SEG_A,True
10081,SEG_C,SEG_A,False
10084,SEG_A,SEG_A,True
10085,SEG_A,SEG_A,True
10086,SEG_A,SEG_A,True
10088,SEG_A,SEG_A,True
10089,SEG_C,SEG_B,False
10090,SEG_B,SEG_A,False
10091,SEG_A,SEG_A,True
10092,SEG_A,SEG_A,True
10093,SEG_A,SEG_A,True
10096,SEG_B,SEG_A,False
10097,SEG_A,SEG_A,True
10098,SEG_A,SEG_A,True
10099,SEG_C,SEG_A,False
10100,SEG_B,SEG_B,True
10101,SEG_C,SEG_B,False
10102,SEG_A,SEG_B,False
10103,SEG_A,SEG_A,True
10104,SEG_A,SEG_A,True
10105,SEG_A,SEG_A,True
10107,SEG_C,SEG_A,False
10108,SEG_A,SEG_A,True
10109,SEG_B,SEG_A,False
10110,SEG_C,SEG_B,False
10111,SEG_C,SEG_C,True
10112,SEG_A,SEG_A,True
10113,SEG_B,SEG_B,True
10114,SEG_A,SEG_A,True
10115,SEG_A,SEG_A,True
10116,SEG_A,SEG_A,True
10117,SEG_B,SEG_C,False
10119,SEG_A,SEG_A,True
10120,SEG_A,SEG_A,True
10121,SEG_A,SEG_A,True
10122,SEG_A,SEG_A,True
10123,SEG_A,SEG_C,False
10124,SEG_A,SEG_A,True
10126,SEG_C,SEG_A,False
10128,SEG_B,SEG_B,True
10129,SEG_C,SEG_C,True
10130,SEG_C,SEG_A,False
10131,SEG_A,SEG_A,True
10132,SEG_A,SEG_A,True
10133,SEG_A,SEG_A,True
10135,SEG_A,SEG_A,True
10136,SEG_A,SEG_A,True
10137,SEG_A,SEG_A,True
10138,SEG_A,SEG_A,True
10139,SEG_A,SEG_A,True
10140,SEG_A,SEG_A,True
10141,SEG_C,SEG_A,False
10142,SEG_A,SEG_A,True
10143,SEG_A,SEG_A,True
10144,SEG_C,SEG_C,True
10146,SEG_C,SEG_A,False
10147,SEG_A,SEG_A,True
10149,SEG_B,SEG_B,True
10151,SEG_A,SEG_A,True
10152,SEG_A,SEG_A,True
10153,SEG_A,SEG_A,True
10154,SEG_A,SEG_A,True
10155,SEG_C,SEG_B,False
10156,SEG_A,SEG_A,True
10157,SEG_B,SEG_B,True
10158,SEG_B,SEG_B,True
10160,SEG_B,SEG_A,False
10162,SEG_A,SEG_A,True
10163,SEG_A,SEG_A,True
10164,SEG_C,SEG_B,False
10165,SEG_B,SEG_C,False
10167,SEG_C,SEG_B,False
10168,SEG_B,SEG_B,True
10169,SEG_B,SEG_B,True
10171,SEG_C,SEG_B,False
10172,SEG_C,SEG_B,False
10173,SEG_A,SEG_A,True
10174,SEG_A,SEG_A,True
10175,SEG_C,SEG_A,False
10176,SEG_B,SEG_A,False
10177,SEG_B,SEG_B,True
10178,SEG_B,SEG_C,False
10179,SEG_A,SEG_A,True
10180,SEG_A,SEG_A,True
10181,SEG_A,SEG_A,True
10182,SEG_A,SEG_B,False
10183,SEG_A,SEG_B,False
10185,SEG_C,SEG_A,False
10186,SEG_A,SEG_A,True
10187,SEG_A,SEG_A,True
10190,SEG_B,SEG_B,True
10192,SEG_A,SEG_A,True
10193,SEG_A,SEG_A,True
10194,SEG_A,SEG_A,True
10196,SEG_A,SEG_A,True
10197,SEG_A,SEG_A,True
10198,SEG_B,SEG_B,True
10199,SEG_A,SEG_A,True
10200,SEG_A,SEG_A,True
10201,SEG_A,SEG_B,False
10202,SEG_A,SEG_A,True
10203,SEG_B,SEG_B,True
10204,SEG_A,SEG_A,True
10205,SEG_A,SEG_A,True
10206,SEG_A,SEG_A,True
10207,SEG_C,SEG_A,False
10208,SEG_C,SEG_C,True
10209,SEG_A,SEG_A,True
10210,SEG_B,SEG_A,False
10211,SEG_B,SEG_B,True
10212,SEG_A,SEG_A,True
10213,SEG_B,SEG_A,False
10216,SEG_C,SEG_B,False
10217,SEG_A,SEG_A,True
10218,SEG_A,SEG_A,True
10219,SEG_C,SEG_C,True
10220,SEG_A,SEG_A,True
10221,SEG_C,SEG_A,False
10222,SEG_C,SEG_B,False
10223,SEG_C,SEG_A,False
10225,SEG_C,SEG_C,True
10226,SEG_B,SEG_B,True
10227,SEG_A,SEG_A,True
10229,SEG_B,SEG_B,True
10230,SEG_B,SEG_B,True
10231,SEG_A,SEG_A,True
10232,SEG_C,SEG_C,True
10233,SEG_A,SEG_A,True
10234,SEG_A,SEG_A,True
10235,SEG_A,SEG_A,True
10238,SEG_B,SEG_B,True
10239,SEG_A,SEG_A,True
10240,SEG_A,SEG_A,True
10241,SEG_A,SEG_A,True
10242,SEG_B,SEG_B,True
10243,SEG_A,SEG_A,True
10244,SEG_A,SEG_A,True
10245,SEG_A,SEG_C,False
10246,SEG_A,SEG_A,True
10247,SEG_A,SEG_A,True
10249,SEG_B,SEG_A,False
10250,SEG_A,SEG_B,False
10251,SEG_C,SEG_A,False
10252,SEG_B,SEG_A,False
10253,SEG_A,SEG_A,True
10254,SEG_C,SEG_C,True
10256,SEG_A,SEG_A,True
10257,SEG_B,SEG_B,True
10258,SEG_B,SEG_B,True
10259,SEG_B,SEG_B,True
10260,SEG_A,SEG_A,True
10261,SEG_A,SEG_A,True
10262,SEG_B,SEG_B,True
10263,SEG_C,SEG_B,False
10264,SEG_A,SEG_A,True
10265,SEG_B,SEG_A,False
10266,SEG_A,SEG_A,True
10267,SEG_A,SEG_A,True
10268,SEG_C,SEG_B,False
10270,SEG_C,SEG_C,True
10271,SEG_A,SEG_A,True
10273,SEG_B,SEG_B,True
10274,SEG_C,SEG_A,False
10277,SEG_A,SEG_A,True
10278,SEG_C,SEG_C,True
10279,SEG_B,SEG_B,True
10280,SEG_A,SEG_A,True
10282,SEG_A,SEG_A,True
10284,SEG_B,SEG_B,True
10285,SEG_A,SEG_A,True
10286,SEG_B,SEG_B,True
10289,SEG_A,SEG_A,True
10291,SEG_A,SEG_A,True
10292,SEG_A,SEG_A,True
10293,SEG_A,SEG_A,True
10295,SEG_C,SEG_A,False
10296,SEG_A,SEG_A,True
10297,SEG_A,SEG_A,True
10298,SEG_B,SEG_A,False
10299,SEG_A,SEG_B,False
10300,SEG_C,SEG_B,False
10301,SEG_A,SEG_A,True
10302,SEG_A,SEG_B,False
10303,SEG_B,SEG_A,False
10307,SEG_B,SEG_B,True
10309,SEG_A,SEG_A,True
10310,SEG_B,SEG_B,True
10312,SEG_C,SEG_C,True
10313,SEG_B,SEG_A,False
10314,SEG_A,SEG_A,True
10315,SEG_B,SEG_B,True
10316,SEG_A,SEG_A,True
10317,SEG_A,SEG_A,True
10318,SEG_A,SEG_A,True
10320,SEG_B,SEG_B,True
10321,SEG_A,SEG_A,True
10322,SEG_C,SEG_A,False
10324,SEG_A,SEG_A,True
10325,SEG_A,SEG_A,True
10326,SEG_A,SEG_A,True
10327,SEG_C,SEG_C,True
10328,SEG_C,SEG_B,False
10329,SEG_A,SEG_A,True
10330,SEG_C,SEG_C,True
10331,SEG_C,SEG_B,False
10332,SEG_B,SEG_B,True
10334,SEG_A,SEG_B,False
10335,SEG_A,SEG_A,True
10338,SEG_A,SEG_A,True
10340,SEG_C,SEG_A,False
10341,SEG_B,SEG_B,True
10342,SEG_A,SEG_A,True
10343,SEG_B,SEG_A,False
10346,SEG_B,SEG_B,True
10350,SEG_A,SEG_A,True
10351,SEG_C,SEG_C,True
10356,SEG_A,SEG_A,True
10357,SEG_B,SEG_B,True
10358,SEG_A,SEG_A,True
10359,SEG_B,SEG_B,True
10362,SEG_A,SEG_A,True
10363,SEG_A,SEG_A,True
10364,SEG_C,SEG_A,False
10365,SEG_C,SEG_C,True
10366,SEG_A,SEG_A,True
10369,SEG_A,SEG_A,True
10373,SEG_B,SEG_B,True
10374,SEG_A,SEG_A,True
10376,SEG_B,SEG_A,False
10377,SEG_A,SEG_A,True
10378,SEG_C,SEG_A,False
10379,SEG_A,SEG_A,True
10384,SEG_A,SEG_A,True
10385,SEG_A,SEG_A,True
10386,SEG_A,SEG_A,True
10387,SEG_A,SEG_A,True
10389,SEG_A,SEG_A,True
10390,SEG_C,SEG_C,True
10392,SEG_B,SEG_B,True
10393,SEG_B,SEG_B,True
10394,SEG_A,SEG_B,False
10395,SEG_B,SEG_B,True
10396,SEG_B,SEG_C,False
10397,SEG_B,SEG_A,False
10398,SEG_A,SEG_A,True
10399,SEG_A,SEG_A,True
10400,SEG_A,SEG_A,True
10401,SEG_A,SEG_A,True
10402,SEG_B,SEG_B,True
10405,SEG_C,SEG_A,False
10406,SEG_B,SEG_B,True
10407,SEG_C,SEG_B,False
10409,SEG_A,SEG_A,True
10410,SEG_A,SEG_A,True
10411,SEG_A,SEG_A,True
10412,SEG_A,SEG_A,True
10413,SEG_A,SEG_A,True
10414,SEG_A,SEG_A,True
10415,SEG_B,SEG_A,False
10416,SEG_A,SEG_A,True
10417,SEG_B,SEG_B,True
10419,SEG_A,SEG_A,True
10421,SEG_B,SEG_B,True
10422,SEG_B,SEG_A,False
10423,SEG_B,SEG_B,True
10424,SEG_B,SEG_C,False
10426,SEG_A,SEG_A,True
10427,SEG_A,SEG_A,True
10430,SEG_B,SEG_B,True
10431,SEG_A,SEG_A,True
10432,SEG_C,SEG_B,False
10434,SEG_B,SEG_A,False
10435,SEG_B,SEG_B,True
10436,SEG_A,SEG_A,True
10437,SEG_B,SEG_A,False
10438,SEG_C,SEG_C,True
10440,SEG_B,SEG_B,True
10441,SEG_C,SEG_A,False
10442,SEG_A,SEG_B,False
10443,SEG_C,SEG_C,True
10444,SEG_A,SEG_A,True
10445,SEG_A,SEG_A,True
10446,SEG_C,SEG_B,False
10447,SEG_A,SEG_A,True
10448,SEG_A,SEG_A,True
10449,SEG_A,SEG_A,True
10453,SEG_C,SEG_A,False
10455,SEG_C,SEG_B,False
10456,SEG_B,SEG_B,True
10457,SEG_A,SEG_A,True
10458,SEG_B,SEG_B,True
10459,SEG_A,SEG_A,True
10460,SEG_A,SEG_A,True
10465,SEG_B,SEG_A,False
10466,SEG_A,SEG_A,True
10467,SEG_A,SEG_A,True
10471,SEG_A,SEG_A,True
10472,SEG_C,SEG_A,False
10473,SEG_B,SEG_A,False
10474,SEG_A,SEG_A,True
10475,SEG_A,SEG_A,True
10476,SEG_B,SEG_B,True
10480,SEG_A,SEG_A,True
10482,SEG_B,SEG_B,True
10484,SEG_A,SEG_A,True
10486,SEG_B,SEG_C,False
10489,SEG_A,SEG_A,True
10490,SEG_B,SEG_B,True
10491,SEG_A,SEG_A,True
10495,SEG_B,SEG_A,False
10496,SEG_A,SEG_A,True
10498,SEG_A,SEG_A,True
10500,SEG_C,SEG_A,False
10502,SEG_A,SEG_A,True
10503,SEG_B,SEG_A,False
10504,SEG_A,SEG_A,True
10506,SEG_B,SEG_B,True
10507,SEG_C,SEG_A,False
10509,SEG_B,SEG_B,True
10510,SEG_B,SEG_B,True
10511,SEG_A,SEG_A,True
10512,SEG_C,SEG_B,False
10513,SEG_B,SEG_B,True
10515,SEG_C,SEG_B,False
10516,SEG_A,SEG_A,True
10517,SEG_A,SEG_A,True
10518,SEG_A,SEG_B,False
10519,SEG_B,SEG_B,True
10520,SEG_A,SEG_A,True
10521,SEG_A,SEG_A,True
10522,SEG_A,SEG_A,True
10523,SEG_A,SEG_A,True
10524,SEG_B,SEG_B,True
10527,SEG_A,SEG_A,True
10528,SEG_A,SEG_A,True
10529,SEG_B,SEG_B,True
10531,SEG_B,SEG_B,True
10532,SEG_C,SEG_A,False
10533,SEG_A,SEG_A,True
10536,SEG_C,SEG_B,False
10537,SEG_A,SEG_A,True
10539,SEG_B,SEG_B,True
10542,SEG_A,SEG_A,True
10543,SEG_B,SEG_A,False
10544,SEG_C,SEG_B,False
10547,SEG_C,SEG_C,True
10548,SEG_A,SEG_A,True
10549,SEG_C,SEG_C,True
10553,SEG_B,SEG_B,True
10554,SEG_B,SEG_B,True
10555,SEG_A,SEG_A,True
10556,SEG_A,SEG_A,True
10557,SEG_B,SEG_A,False
10558,SEG_A,SEG_B,False
10559,SEG_B,SEG_B,True
10560,SEG_A,SEG_A,True
10561,SEG_A,SEG_A,True
10562,SEG_A,SEG_A,True
10563,SEG_A,SEG_C,False
10564,SEG_B,SEG_B,True
10567,SEG_B,SEG_A,False
10568,SEG_A,SEG_A,True
10569,SEG_B,SEG_B,True
10570,SEG_B,SEG_A,False
10571,SEG_B,SEG_B,True
10572,SEG_A,SEG_A,True
10573,SEG_B,SEG_A,False
10574,SEG_B,SEG_B,True
10575,SEG_B,SEG_A,False
10577,SEG_A,SEG_A,True
10578,SEG_A,SEG_A,True
10579,SEG_B,SEG_B,True
10581,SEG_B,SEG_C,False
10582,SEG_A,SEG_A,True
10583,SEG_B,SEG_C,False
10584,SEG_A,SEG_A,True
10585,SEG_A,SEG_A,True
10587,SEG_A,SEG_A,True
10588,SEG_B,SEG_B,True
10590,SEG_A,SEG_A,True
10591,SEG_A,SEG_A,True
10592,SEG_A,SEG_A,True
10593,SEG_B,SEG_B,True
10594,SEG_A,SEG_A,True
10595,SEG_A,SEG_A,True
10596,SEG_B,SEG_A,False
10597,SEG_C,SEG_A,False
10598,SEG_A,SEG_A,True
10599,SEG_A,SEG_A,True
10600,SEG_B,SEG_B,True
10601,SEG_A,SEG_A,True
10602,SEG_B,SEG_B,True
10603,SEG_B,SEG_A,False
10604,SEG_B,SEG_A,False
10605,SEG_C,SEG_C,True
10606,SEG_B,SEG_B,True
10607,SEG_A,SEG_A,True
10608,SEG_B,SEG_A,False
10609,SEG_C,SEG_B,False
10610,SEG_B,SEG_B,True
10611,SEG_B,SEG_A,False
10612,SEG_B,SEG_B,True
10613,SEG_A,SEG_A,True
10614,SEG_C,SEG_B,False
10615,SEG_C,SEG_A,False
10616,SEG_B,SEG_B,True
10618,SEG_C,SEG_C,True
10619,SEG_A,SEG_A,True
10620,SEG_A,SEG_A,True
10621,SEG_A,SEG_A,True
10622,SEG_C,SEG_C,True
10624,SEG_B,SEG_A,False
10625,SEG_B,SEG_A,False
10626,SEG_B,SEG_B,True
10627,SEG_C,SEG_A,False
10628,SEG_C,SEG_C,True
10629,SEG_A,SEG_A,True
10630,SEG_A,SEG_A,True
10631,SEG_C,SEG_A,False
10634,SEG_A,SEG_A,True
10636,SEG_A,SEG_C,False
10637,SEG_A,SEG_A,True
10638,SEG_A,SEG_A,True
10641,SEG_A,SEG_A,True
10642,SEG_A,SEG_A,True
10643,SEG_A,SEG_A,True
10644,SEG_B,SEG_B,True
10646,SEG_A,SEG_A,True
10647,SEG_A,SEG_A,True
10648,SEG_B,SEG_A,False
10649,SEG_C,SEG_C,True
10650,SEG_A,SEG_A,True
10652,SEG_A,SEG_A,True
10653,SEG_B,SEG_B,True
10654,SEG_A,SEG_A,True
10656,SEG_C,SEG_A,False
10658,SEG_B,SEG_A,False
10659,SEG_C,SEG_B,False
10661,SEG_A,SEG_B,False
10662,SEG_B,SEG_B,True
10663,SEG_B,SEG_B,True
10664,SEG_A,SEG_A,True
10666,SEG_B,SEG_B,True
10668,SEG_B,SEG_C,False
10669,SEG_B,SEG_B,True
10671,SEG_A,SEG_A,True
10672,SEG_A,SEG_B,False
10673,SEG_A,SEG_A,True
10674,SEG_A,SEG_A,True
10675,SEG_C,SEG_A,False
10676,SEG_C,SEG_C,True
10677,SEG_A,SEG_A,True
10679,SEG_A,SEG_A,True
10683,SEG_C,SEG_C,True
10685,SEG_A,SEG_A,True
10686,SEG_A,SEG_A,True
10687,SEG_B,SEG_B,True
10688,SEG_B,SEG_B,True
10691,SEG_A,SEG_A,True
10692,SEG_B,SEG_B,True
10694,SEG_A,SEG_A,True
10695,SEG_A,SEG_A,True
10696,SEG_A,SEG_A,True
10697,SEG_A,SEG_A,True
10700,SEG_B,SEG_A,False
10702,SEG_B,SEG_B,True
10705,SEG_C,SEG_B,False
10706,SEG_B,SEG_B,True
10707,SEG_B,SEG_A,False
10708,SEG_A,SEG_A,True
10709,SEG_B,SEG_B,True
10710,SEG_A,SEG_B,False
10711,SEG_C,SEG_C,True
10712,SEG_B,SEG_B,True
10713,SEG_A,SEG_A,True
10714,SEG_B,SEG_B,True
10715,SEG_A,SEG_A,True
10717,SEG_B,SEG_B,True
10718,SEG_A,SEG_A,True
10719,SEG_C,SEG_A,False
10720,SEG_C,SEG_B,False
10722,SEG_C,SEG_C,True
10724,SEG_C,SEG_B,False
10725,SEG_A,SEG_A,True
10726,SEG_A,SEG_A,True
10727,SEG_A,SEG_A,True
10729,SEG_A,SEG_A,True
10732,SEG_B,SEG_B,True
10736,SEG_A,SEG_A,True
10737,SEG_A,SEG_A,True
10739,SEG_A,SEG_A,True
10740,SEG_A,SEG_A,True
10741,SEG_B,SEG_A,False
10743,SEG_C,SEG_B,False
10744,SEG_B,SEG_B,True
10748,SEG_A,SEG_A,True
10749,SEG_A,SEG_A,True
10751,SEG_B,SEG_B,True
10752,SEG_A,SEG_A,True
10756,SEG_B,SEG_B,True
10757,SEG_A,SEG_A,True
10758,SEG_C,SEG_C,True
10759,SEG_A,SEG_A,True
10761,SEG_B,SEG_B,True
10762,SEG_A,SEG_A,True
10763,SEG_B,SEG_B,True
10765,SEG_B,SEG_A,False
10767,SEG_B,SEG_A,False
10773,SEG_A,SEG_A,True
10774,SEG_A,SEG_A,True
10776,SEG_A,SEG_A,True
10777,SEG_A,SEG_A,True
10779,SEG_A,SEG_A,True
10780,SEG_B,SEG_B,True
10781,SEG_A,SEG_A,True
10782,SEG_A,SEG_A,True
10783,SEG_B,SEG_A,False
10784,SEG_C,SEG_A,False
10786,SEG_A,SEG_A,True
10787,SEG_A,SEG_A,True
10788,SEG_B,SEG_B,True
10789,SEG_C,SEG_B,False
10792,SEG_A,SEG_A,True
10793,SEG_B,SEG_A,False
10794,SEG_A,SEG_A,True
10797,SEG_A,SEG_B,False
10799,SEG_B,SEG_B,True
10801,SEG_A,SEG_A,True
10802,SEG_A,SEG_A,True
10804,SEG_A,SEG_A,True
10805,SEG_A,SEG_A,True
10806,SEG_A,SEG_A,True
10807,SEG_C,SEG_A,False
10809,SEG_A,SEG_B,False
10810,SEG_A,SEG_A,True
10811,SEG_A,SEG_A,True
10812,SEG_B,SEG_B,True
10813,SEG_A,SEG_A,True
10816,SEG_B,SEG_B,True
10818,SEG_A,SEG_B,False
10819,SEG_A,SEG_A,True
10820,SEG_C,SEG_B,False
10822,SEG_B,SEG_A,False
10823,SEG_C,SEG_C,True
10824,SEG_A,SEG_A,True
10825,SEG_A,SEG_A,True
10826,SEG_A,SEG_A,True
10828,SEG_A,SEG_A,True
10829,SEG_B,SEG_B,True
10831,SEG_A,SEG_A,True
10832,SEG_C,SEG_A,False
10833,SEG_B,SEG_A,False
10834,SEG_A,SEG_A,True
10835,SEG_B,SEG_B,True
10836,SEG_C,SEG_C,True
10837,SEG_A,SEG_A,True
10839,SEG_B,SEG_B,True
10842,SEG_B,SEG_A,False
10851,SEG_B,SEG_A,False
10853,SEG_A,SEG_A,True
10855,SEG_A,SEG_A,True
10857,SEG_B,SEG_B,True
10863,SEG_A,SEG_A,True
10867,SEG_A,SEG_A,True
10869,SEG_A,SEG_A,True
10870,SEG_B,SEG_B,True
10872,SEG_A,SEG_A,True
10873,SEG_A,SEG_B,False
10875,SEG_A,SEG_B,False
10876,SEG_B,SEG_A,False
10878,SEG_A,SEG_A,True
10879,SEG_B,SEG_B,True
10880,SEG_A,SEG_B,False
10886,SEG_A,SEG_A,True
10888,SEG_C,SEG_A,False
10892,SEG_B,SEG_B,True
10900,SEG_C,SEG_A,False
10905,SEG_A,SEG_A,True
10910,SEG_B,SEG_B,True
10912,SEG_A,SEG_A,True
10913,SEG_B,SEG_A,False
10923,SEG_B,SEG_A,False
10926,SEG_C,SEG_A,False
10932,SEG_B,SEG_A,False
10938,SEG_B,SEG_B,True
10939,SEG_A,SEG_A,True
10942,SEG_B,SEG_B,True
10949,SEG_B,SEG_B,True
10951,SEG_A,SEG_B,False
10955,SEG_A,SEG_B,False
10963,SEG_B,SEG_B,True
10964,SEG_A,SEG_A,True
10967,SEG_B,SEG_A,False
10970,SEG_B,SEG_A,False
10975,SEG_A,SEG_A,True
10983,SEG_C,SEG_B,False
10986,SEG_B,SEG_B,True
10988,SEG_A,SEG_A,True
10989,SEG_B,SEG_A,False
10990,SEG_B,SEG_A,False
10993,SEG_A,SEG_A,True
10994,SEG_A,SEG_A,True
10998,SEG_A,SEG_A,True
10999,SEG_A,SEG_A,True
11000,SEG_B,SEG_A,False
11001,SEG_A,SEG_B,False
11003,SEG_A,SEG_A,True
11004,SEG_C,SEG_B,False
11005,SEG_A,SEG_A,True
11010,SEG_A,SEG_B,False
11013,SEG_A,SEG_A,True
11023,SEG_A,SEG_A,True
11026,SEG_A,SEG_A,True
11030,SEG_B,SEG_B,True
11032,SEG_B,SEG_B,True
11033,SEG_B,SEG_A,False
11035,SEG_B,SEG_B,True
11042,SEG_A,SEG_A,True
11043,SEG_B,SEG_B,True
11053,SEG_A,SEG_A,True
11054,SEG_A,SEG_A,True
11056,SEG_B,SEG_B,True
11059,SEG_A,SEG_A,True
11061,SEG_A,SEG_A,True
11062,SEG_B,SEG_A,False
11063,SEG_C,SEG_C,True
11064,SEG_A,SEG_A,True
11065,SEG_B,SEG_B,True
11067,SEG_A,SEG_A,True
11068,SEG_C,SEG_C,True
11069,SEG_A,SEG_A,True
11071,SEG_C,SEG_A,False
11072,SEG_A,SEG_A,True
11074,SEG_A,SEG_A,True
11075,SEG_A,SEG_A,True
11076,SEG_A,SEG_A,True
11077,SEG_A,SEG_A,True
11079,SEG_A,SEG_A,True
11080,SEG_B,SEG_A,False
11082,SEG_A,SEG_A,True
11084,SEG_C,SEG_A,False
11085,SEG_C,SEG_A,False
11086,SEG_C,SEG_A,False
11087,SEG_A,SEG_A,True
11088,SEG_A,SEG_A,True
11090,SEG_A,SEG_A,True
11092,SEG_B,SEG_C,False
11093,SEG_C,SEG_C,True
11094,SEG_A,SEG_A,True
11095,SEG_A,SEG_A,True
11096,SEG_A,SEG_A,True
11097,SEG_B,SEG_A,False
11098,SEG_A,SEG_A,True
11099,SEG_A,SEG_A,True
11101,SEG_A,SEG_A,True
11104,SEG_B,SEG_A,False
11107,SEG_B,SEG_B,True
11108,SEG_A,SEG_A,True
11109,SEG_B,SEG_A,False
11110,SEG_A,SEG_A,True
11112,SEG_A,SEG_A,True
11113,SEG_A,SEG_A,True
11114,SEG_A,SEG_A,True
11115,SEG_A,SEG_A,True
11116,SEG_C,SEG_A,False
11117,SEG_B,SEG_A,False
11118,SEG_A,SEG_C,False
11119,SEG_C,SEG_A,False
11120,SEG_A,SEG_A,True
11121,SEG_A,SEG_A,True
11122,SEG_C,SEG_A,False
11123,SEG_A,SEG_A,True
11124,SEG_C,SEG_C,True
11126,SEG_B,SEG_A,False
11127,SEG_A,SEG_A,True
11128,SEG_A,SEG_A,True
11129,SEG_A,SEG_A,True
11130,SEG_A,SEG_A,True
11131,SEG_A,SEG_A,True
11132,SEG_A,SEG_A,True
11133,SEG_A,SEG_A,True
11134,SEG_A,SEG_A,True
11136,SEG_B,SEG_A,False
11137,SEG_B,SEG_B,True
11138,SEG_A,SEG_B,False
11139,SEG_B,SEG_B,True
11140,SEG_C,SEG_A,False
11141,SEG_A,SEG_B,False
11142,SEG_A,SEG_A,True
11143,SEG_B,SEG_B,True
11144,SEG_C,SEG_A,False
11145,SEG_C,SEG_B,False
11146,SEG_B,SEG_B,True
11147,SEG_B,SEG_B,True
11149,SEG_A,SEG_A,True
11150,SEG_A,SEG_A,True
11151,SEG_A,SEG_A,True
11152,SEG_C,SEG_C,True
11153,SEG_C,SEG_C,True
11154,SEG_C,SEG_C,True
11155,SEG_A,SEG_A,True
11156,SEG_C,SEG_A,False
11157,SEG_C,SEG_C,True
11158,SEG_C,SEG_C,True
11159,SEG_A,SEG_A,True
11160,SEG_A,SEG_A,True
11161,SEG_B,SEG_A,False
11162,SEG_B,SEG_A,False
11163,SEG_A,SEG_A,True
11164,SEG_C,SEG_C,True
11165,SEG_B,SEG_B,True
11167,SEG_A,SEG_A,True
11168,SEG_B,SEG_B,True
11169,SEG_B,SEG_B,True
11172,SEG_B,SEG_B,True
11173,SEG_B,SEG_B,True
11174,SEG_C,SEG_A,False
11175,SEG_A,SEG_A,True
11176,SEG_C,SEG_C,True
11177,SEG_B,SEG_B,True
11179,SEG_A,SEG_A,True
11180,SEG_A,SEG_A,True
11181,SEG_A,SEG_A,True
11182,SEG_C,SEG_C,True
11183,SEG_C,SEG_B,False
11184,SEG_C,SEG_C,True
11185,SEG_A,SEG_A,True
11187,SEG_C,SEG_A,False
11188,SEG_C,SEG_B,False
11189,SEG_A,SEG_A,True
11190,SEG_C,SEG_C,True
11191,SEG_A,SEG_A,True
11192,SEG_A,SEG_A,True
11194,SEG_B,SEG_A,False
11195,SEG_C,SEG_B,False
11196,SEG_B,SEG_B,True
11197,SEG_C,SEG_C,True
11199,SEG_A,SEG_A,True
11200,SEG_A,SEG_A,True
11201,SEG_A,SEG_A,True
11202,SEG_C,SEG_C,True
11204,SEG_B,SEG_B,True
11205,SEG_B,SEG_A,False
11208,SEG_B,SEG_B,True
11209,SEG_A,SEG_A,True
11210,SEG_A,SEG_A,True
11213,SEG_A,SEG_A,True
11214,SEG_B,SEG_B,True
11215,SEG_A,SEG_A,True
11217,SEG_A,SEG_A,True
11218,SEG_C,SEG_A,False
11219,SEG_C,SEG_A,False
11220,SEG_A,SEG_A,True
11221,SEG_A,SEG_A,True
11222,SEG_A,SEG_A,True
11224,SEG_A,SEG_A,True
11226,SEG_A,SEG_A,True
11229,SEG_A,SEG_A,True
11233,SEG_B,SEG_C,False
11235,SEG_A,SEG_A,True
11236,SEG_B,SEG_B,True
11237,SEG_A,SEG_A,True
11243,SEG_B,SEG_B,True
11245,SEG_A,SEG_A,True
11246,SEG_A,SEG_A,True
11247,SEG_A,SEG_A,True
11253,SEG_B,SEG_A,False
11257,SEG_A,SEG_A,True
11259,SEG_A,SEG_A,True
11260,SEG_A,SEG_A,True
11261,SEG_A,SEG_A,True
11263,SEG_A,SEG_A,True
11264,SEG_A,SEG_A,True
11265,SEG_A,SEG_B,False
11267,SEG_B,SEG_B,True
11268,SEG_A,SEG_A,True
11269,SEG_A,SEG_A,True
11271,SEG_A,SEG_A,True
11277,SEG_A,SEG_A,True
11281,SEG_B,SEG_A,False
11283,SEG_A,SEG_A,True
11288,SEG_C,SEG_B,False
11290,SEG_A,SEG_A,True
11291,SEG_A,SEG_A,True
11294,SEG_A,SEG_A,True
11296,SEG_A,SEG_A,True
11297,SEG_A,SEG_A,True
11298,SEG_B,SEG_B,True
11303,SEG_C,SEG_C,True
11310,SEG_A,SEG_A,True
11321,SEG_A,SEG_A,True
11322,SEG_A,SEG_A,True
11333,SEG_A,SEG_A,True
11337,SEG_B,SEG_B,True
11339,SEG_A,SEG_B,False
11342,SEG_A,SEG_A,True
11345,SEG_C,SEG_C,True
11347,SEG_B,SEG_B,True
11348,SEG_A,SEG_A,True
11349,SEG_A,SEG_A,True
11351,SEG_A,SEG_A,True
11356,SEG_B,SEG_B,True
11358,SEG_C,SEG_A,False
11362,SEG_B,SEG_B,True
11363,SEG_A,SEG_A,True
11364,SEG_A,SEG_A,True
11365,SEG_A,SEG_A,True
11368,SEG_C,SEG_C,True
11369,SEG_B,SEG_B,True
11378,SEG_C,SEG_B,False
11381,SEG_B,SEG_B,True
11387,SEG_A,SEG_B,False
11388,SEG_B,SEG_B,True
11390,SEG_A,SEG_A,True
11391,SEG_C,SEG_B,False
11392,SEG_A,SEG_B,False
11394,SEG_A,SEG_B,False
11398,SEG_A,SEG_A,True
11403,SEG_A,SEG_A,True
11407,SEG_A,SEG_A,True
11417,SEG_B,SEG_B,True
11420,SEG_C,SEG_A,False
11429,SEG_A,SEG_A,True
11432,SEG_B,SEG_A,False
11433,SEG_A,SEG_A,True
11434,SEG_A,SEG_A,True
11435,SEG_A,SEG_A,True
11436,SEG_A,SEG_A,True
11437,SEG_A,SEG_A,True
11439,SEG_A,SEG_A,True
11440,SEG_A,SEG_A,True
11441,SEG_A,SEG_A,True
11442,SEG_A,SEG_A,True
11443,SEG_C,SEG_A,False
11444,SEG_A,SEG_A,True
11445,SEG_B,SEG_A,False
11447,SEG_A,SEG_A,True
11448,SEG_B,SEG_B,True
11449,SEG_B,SEG_B,True
11450,SEG_B,SEG_B,True
11452,SEG_B,SEG_B,True
11453,SEG_A,SEG_A,True
11454,SEG_C,SEG_A,False
11455,SEG_A,SEG_B,False
11457,SEG_B,SEG_B,True
11458,SEG_B,SEG_B,True
11461,SEG_A,SEG_A,True
11462,SEG_C,SEG_B,False
11463,SEG_C,SEG_B,False
11464,SEG_A,SEG_A,True
11465,SEG_A,SEG_A,True
11466,SEG_A,SEG_A,True
11467,SEG_A,SEG_A,True
11468,SEG_A,SEG_A,True
11469,SEG_A,SEG_A,True
11471,SEG_C,SEG_B,False
11473,SEG_A,SEG_A,True
11481,SEG_B,SEG_B,True
11483,SEG_A,SEG_A,True
11490,SEG_B,SEG_C,False
11491,SEG_A,SEG_A,True
11494,SEG_C,SEG_B,False
11498,SEG_A,SEG_A,True
11504,SEG_A,SEG_A,True
11507,SEG_A,SEG_A,True
11509,SEG_A,SEG_A,True
11510,SEG_B,SEG_B,True
11511,SEG_A,SEG_A,True
11513,SEG_A,SEG_A,True
11514,SEG_B,SEG_B,True
11515,SEG_A,SEG_A,True
11516,SEG_A,SEG_A,True
11517,SEG_B,SEG_A,False
11518,SEG_A,SEG_A,True
11519,SEG_C,SEG_C,True
11520,SEG_C,SEG_A,False
11521,SEG_A,SEG_A,True
11522,SEG_C,SEG_A,False
11523,SEG_A,SEG_A,True
11524,SEG_C,SEG_B,False
11525,SEG_C,SEG_B,False
11526,SEG_C,SEG_B,False
11527,SEG_C,SEG_B,False
11528,SEG_A,SEG_A,True
11529,SEG_C,SEG_C,True
11531,SEG_A,SEG_A,True
11532,SEG_B,SEG_B,True
11534,SEG_B,SEG_B,True
11535,SEG_A,SEG_A,True
11536,SEG_A,SEG_B,False
11537,SEG_A,SEG_A,True
11538,SEG_B,SEG_B,True
11542,SEG_C,SEG_C,True
11543,SEG_A,SEG_A,True
11545,SEG_A,SEG_A,True
11546,SEG_A,SEG_A,True
11548,SEG_C,SEG_C,True
11549,SEG_B,SEG_B,True
11550,SEG_C,SEG_B,False
11551,SEG_A,SEG_A,True
11552,SEG_A,SEG_A,True
11553,SEG_A,SEG_A,True
11554,SEG_A,SEG_A,True
11555,SEG_A,SEG_A,True
11556,SEG_A,SEG_A,True
11557,SEG_C,SEG_B,False
11558,SEG_B,SEG_B,True
11559,SEG_B,SEG_B,True
11560,SEG_B,SEG_C,False
11561,SEG_B,SEG_C,False
11562,SEG_A,SEG_A,True
11564,SEG_B,SEG_B,True
11565,SEG_A,SEG_A,True
11566,SEG_A,SEG_A,True
11568,SEG_B,SEG_A,False
11569,SEG_B,SEG_B,True
11570,SEG_A,SEG_A,True
11572,SEG_A,SEG_B,False
11573,SEG_C,SEG_B,False
11575,SEG_C,SEG_A,False
11576,SEG_A,SEG_A,True
11578,SEG_A,SEG_A,True
11579,SEG_A,SEG_A,True
11580,SEG_A,SEG_A,True
11581,SEG_C,SEG_A,False
11582,SEG_A,SEG_A,True
11584,SEG_A,SEG_A,True
11586,SEG_C,SEG_A,False
11588,SEG_C,SEG_A,False
11589,SEG_B,SEG_B,True
11590,SEG_B,SEG_A,False
11591,SEG_C,SEG_C,True
11592,SEG_B,SEG_C,False
11594,SEG_A,SEG_A,True
11595,SEG_A,SEG_A,True
11596,SEG_A,SEG_A,True
11597,SEG_A,SEG_A,True
11598,SEG_A,SEG_A,True
11599,SEG_C,SEG_A,False
11601,SEG_A,SEG_A,True
11603,SEG_B,SEG_B,True
11604,SEG_A,SEG_A,True
11621,SEG_A,SEG_B,False
11624,SEG_A,SEG_B,False
11628,SEG_A,SEG_A,True
11638,SEG_B,SEG_A,False
11642,SEG_A,SEG_A,True
11644,SEG_B,SEG_A,False
11645,SEG_A,SEG_A,True
11646,SEG_A,SEG_A,True
11647,SEG_A,SEG_A,True
11648,SEG_A,SEG_A,True
11649,SEG_B,SEG_B,True
11650,SEG_B,SEG_B,True
11651,SEG_C,SEG_C,True
11653,SEG_A,SEG_A,True
11655,SEG_A,SEG_A,True
11656,SEG_B,SEG_B,True
11657,SEG_C,SEG_C,True
11658,SEG_C,SEG_C,True
11660,SEG_B,SEG_C,False
11661,SEG_C,SEG_A,False
11662,SEG_A,SEG_A,True
11669,SEG_A,SEG_A,True
11679,SEG_A,SEG_A,True
11683,SEG_B,SEG_A,False
11684,SEG_A,SEG_A,True
11685,SEG_B,SEG_B,True
11687,SEG_A,SEG_A,True
11688,SEG_B,SEG_B,True
11689,SEG_A,SEG_A,True
11690,SEG_A,SEG_A,True
11692,SEG_B,SEG_A,False
11693,SEG_A,SEG_A,True
11694,SEG_A,SEG_A,True
11695,SEG_A,SEG_A,True
11697,SEG_B,SEG_B,True
11699,SEG_B,SEG_A,False
11700,SEG_A,SEG_A,True
11701,SEG_A,SEG_B,False
11703,SEG_A,SEG_A,True
11705,SEG_A,SEG_A,True
11707,SEG_B,SEG_A,False
11708,SEG_A,SEG_A,True
11709,SEG_B,SEG_B,True
11710,SEG_C,SEG_C,True
11712,SEG_A,SEG_A,True
11714,SEG_A,SEG_A,True
11715,SEG_C,SEG_C,True
11717,SEG_A,SEG_B,False
11718,SEG_A,SEG_A,True
11719,SEG_A,SEG_A,True
11720,SEG_A,SEG_A,True
11721,SEG_C,SEG_B,False
11722,SEG_C,SEG_C,True
11723,SEG_A,SEG_A,True
11724,SEG_C,SEG_B,False
11725,SEG_A,SEG_A,True
11728,SEG_C,SEG_C,True
11730,SEG_B,SEG_A,False
11731,SEG_A,SEG_A,True
11735,SEG_C,SEG_C,True
11736,SEG_A,SEG_A,True
11737,SEG_B,SEG_B,True
11738,SEG_B,SEG_A,False
11739,SEG_A,SEG_A,True
11740,SEG_A,SEG_A,True
11741,SEG_A,SEG_A,True
11743,SEG_A,SEG_A,True
11745,SEG_A,SEG_A,True
11747,SEG_A,SEG_A,True
11749,SEG_B,SEG_B,True
11750,SEG_A,SEG_A,True
11751,SEG_A,SEG_A,True
11752,SEG_B,SEG_B,True
11753,SEG_B,SEG_B,True
11755,SEG_A,SEG_A,True
11756,SEG_A,SEG_A,True
11757,SEG_A,SEG_A,True
11762,SEG_B,SEG_A,False
11770,SEG_A,SEG_A,True
11771,SEG_A,SEG_A,True
11772,SEG_A,SEG_A,True
11774,SEG_B,SEG_B,True
11775,SEG_A,SEG_A,True
11779,SEG_C,SEG_C,True
11780,SEG_A,SEG_A,True
11783,SEG_C,SEG_A,False
11784,SEG_A,SEG_A,True
11786,SEG_B,SEG_B,True
11787,SEG_A,SEG_A,True
11788,SEG_A,SEG_A,True
11791,SEG_B,SEG_A,False
11792,SEG_A,SEG_A,True
11793,SEG_B,SEG_B,True
11795,SEG_C,SEG_A,False
11797,SEG_A,SEG_A,True
11798,SEG_A,SEG_A,True
11801,SEG_A,SEG_A,True
11802,SEG_A,SEG_A,True
11803,SEG_B,SEG_A,False
11804,SEG_C,SEG_C,True
11806,SEG_A,SEG_C,False
11807,SEG_A,SEG_A,True
11808,SEG_A,SEG_A,True
11809,SEG_A,SEG_A,True
11811,SEG_C,SEG_A,False
11812,SEG_B,SEG_A,False
11814,SEG_A,SEG_A,True
11815,SEG_B,SEG_A,False
11817,SEG_A,SEG_A,True
11819,SEG_A,SEG_A,True
11820,SEG_A,SEG_A,True
11821,SEG_B,SEG_C,False
11823,SEG_A,SEG_A,True
11824,SEG_A,SEG_A,True
11825,SEG_A,SEG_A,True
11826,SEG_A,SEG_A,True
11827,SEG_A,SEG_A,True
11829,SEG_A,SEG_A,True
11830,SEG_B,SEG_B,True
11832,SEG_C,SEG_A,False
11833,SEG_B,SEG_B,True
11834,SEG_B,SEG_B,True
11835,SEG_A,SEG_A,True
11836,SEG_A,SEG_A,True
11837,SEG_A,SEG_A,True
11838,SEG_B,SEG_A,False
11839,SEG_C,SEG_A,False
11840,SEG_C,SEG_C,True
11841,SEG_B,SEG_B,True
11842,SEG_A,SEG_A,True
11843,SEG_A,SEG_A,True
11844,SEG_A,SEG_A,True
11845,SEG_B,SEG_B,True
11846,SEG_B,SEG_A,False
11847,SEG_C,SEG_A,False
11848,SEG_C,SEG_C,True
11849,SEG_B,SEG_A,False
11850,SEG_B,SEG_B,True
11851,SEG_C,SEG_A,False
11853,SEG_B,SEG_B,True
11854,SEG_A,SEG_A,True
11855,SEG_B,SEG_A,False
11856,SEG_A,SEG_A,True
11858,SEG_A,SEG_A,True
11859,SEG_B,SEG_B,True
11860,SEG_C,SEG_A,False
11861,SEG_A,SEG_B,False
11862,SEG_A,SEG_A,True
11863,SEG_C,SEG_C,True
11864,SEG_B,SEG_B,True
11865,SEG_A,SEG_A,True
11866,SEG_A,SEG_A,True
11867,SEG_A,SEG_B,False
11868,SEG_B,SEG_A,False
11870,SEG_B,SEG_B,True
11871,SEG_A,SEG_A,True
11872,SEG_A,SEG_A,True
11874,SEG_B,SEG_B,True
11875,SEG_A,SEG_A,True
11876,SEG_C,SEG_A,False
11877,SEG_A,SEG_A,True
11878,SEG_C,SEG_A,False
11879,SEG_C,SEG_B,False
11881,SEG_B,SEG_B,True
11882,SEG_B,SEG_A,False
11883,SEG_C,SEG_B,False
11884,SEG_B,SEG_B,True
11885,SEG_B,SEG_B,True
11887,SEG_A,SEG_A,True
11888,SEG_B,SEG_A,False
11889,SEG_A,SEG_A,True
11890,SEG_C,SEG_B,False
11891,SEG_B,SEG_B,True
11892,SEG_A,SEG_A,True
11893,SEG_B,SEG_B,True
11894,SEG_C,SEG_C,True
11895,SEG_B,SEG_B,True
11896,SEG_A,SEG_A,True
11897,SEG_C,SEG_C,True
11898,SEG_A,SEG_A,True
11899,SEG_A,SEG_A,True
11900,SEG_A,SEG_A,True
11901,SEG_B,SEG_A,False
11902,SEG_C,SEG_B,False
11903,SEG_A,SEG_A,True
11904,SEG_A,SEG_A,True
11906,SEG_C,SEG_A,False
11908,SEG_B,SEG_B,True
11909,SEG_A,SEG_A,True
11910,SEG_C,SEG_B,False
11911,SEG_C,SEG_A,False
11912,SEG_C,SEG_A,False
11913,SEG_B,SEG_B,True
11914,SEG_A,SEG_A,True
11915,SEG_B,SEG_B,True
11916,SEG_C,SEG_C,True
11917,SEG_A,SEG_A,True
11918,SEG_B,SEG_B,True
11919,SEG_C,SEG_A,False
11920,SEG_A,SEG_A,True
11922,SEG_A,SEG_A,True
11923,SEG_A,SEG_A,True
11924,SEG_B,SEG_B,True
11925,SEG_A,SEG_B,False
11926,SEG_C,SEG_A,False
11927,SEG_B,SEG_B,True
11928,SEG_A,SEG_A,True
11929,SEG_C,SEG_B,False
11930,SEG_B,SEG_B,True
11931,SEG_B,SEG_A,False
11932,SEG_A,SEG_A,True
11933,SEG_A,SEG_A,True
11934,SEG_A,SEG_A,True
11935,SEG_A,SEG_A,True
11936,SEG_A,SEG_A,True
11937,SEG_C,SEG_A,False
11939,SEG_A,SEG_A,True
11940,SEG_A,SEG_A,True
11941,SEG_A,SEG_A,True
11942,SEG_A,SEG_A,True
11943,SEG_A,SEG_A,True
11944,SEG_A,SEG_A,True
11945,SEG_C,SEG_A,False
11946,SEG_C,SEG_A,False
11947,SEG_C,SEG_B,False
11948,SEG_A,SEG_A,True
11949,SEG_A,SEG_A,True
11950,SEG_B,SEG_C,False
11951,SEG_A,SEG_B,False
11953,SEG_B,SEG_B,True
11954,SEG_B,SEG_B,True
11955,SEG_B,SEG_C,False
11956,SEG_A,SEG_A,True
11958,SEG_B,SEG_A,False
11959,SEG_B,SEG_B,True
11960,SEG_A,SEG_A,True
11962,SEG_B,SEG_C,False
11963,SEG_C,SEG_A,False
11965,SEG_B,SEG_B,True
11967,SEG_A,SEG_B,False
11968,SEG_B,SEG_A,False
11969,SEG_B,SEG_C,False
11971,SEG_A,SEG_A,True
11972,SEG_A,SEG_A,True
11973,SEG_C,SEG_B,False
11975,SEG_A,SEG_A,True
11977,SEG_A,SEG_A,True
11978,SEG_A,SEG_A,True
11979,SEG_A,SEG_A,True
11980,SEG_C,SEG_A,False
11981,SEG_C,SEG_B,False
11982,SEG_C,SEG_A,False
11983,SEG_C,SEG_B,False
11984,SEG_C,SEG_C,True
11985,SEG_B,SEG_A,False
11986,SEG_B,SEG_B,True
11988,SEG_B,SEG_A,False
11989,SEG_C,SEG_C,True
11990,SEG_C,SEG_B,False
11991,SEG_A,SEG_A,True
11992,SEG_C,SEG_A,False
11994,SEG_A,SEG_A,True
11995,SEG_A,SEG_A,True
11996,SEG_A,SEG_A,True
11997,SEG_A,SEG_A,True
11998,SEG_C,SEG_C,True
11999,SEG_B,SEG_A,False
12000,SEG_A,SEG_A,True
12001,SEG_A,SEG_B,False
12002,SEG_B,SEG_B,True
12003,SEG_A,SEG_C,False
12004,SEG_C,SEG_B,False
12006,SEG_A,SEG_A,True
12007,SEG_B,SEG_A,False
12008,SEG_B,SEG_A,False
12009,SEG_A,SEG_A,True
12010,SEG_B,SEG_B,True
12011,SEG_A,SEG_A,True
12012,SEG_B,SEG_B,True
12014,SEG_A,SEG_A,True
12015,SEG_B,SEG_B,True
12016,SEG_A,SEG_A,True
12017,SEG_A,SEG_A,True
12019,SEG_A,SEG_A,True
12020,SEG_A,SEG_A,True
12021,SEG_C,SEG_A,False
12023,SEG_A,SEG_A,True
12024,SEG_A,SEG_A,True
12025,SEG_A,SEG_A,True
12026,SEG_A,SEG_A,True
12027,SEG_A,SEG_A,True
12028,SEG_B,SEG_A,False
12030,SEG_B,SEG_B,True
12031,SEG_B,SEG_A,False
12033,SEG_B,SEG_A,False
12034,SEG_A,SEG_A,True
12035,SEG_A,SEG_A,True
12036,SEG_A,SEG_A,True
12037,SEG_A,SEG_A,True
12038,SEG_C,SEG_B,False
12039,SEG_A,SEG_A,True
12040,SEG_A,SEG_B,False
12041,SEG_A,SEG_A,True
12042,SEG_A,SEG_A,True
12043,SEG_B,SEG_A,False
12044,SEG_A,SEG_C,False
12045,SEG_A,SEG_A,True
12046,SEG_C,SEG_A,False
12047,SEG_C,SEG_B,False
12048,SEG_B,SEG_B,True
12049,SEG_A,SEG_A,True
12050,SEG_A,SEG_A,True
12051,SEG_A,SEG_A,True
12052,SEG_A,SEG_A,True
12053,SEG_A,SEG_A,True
12055,SEG_C,SEG_A,False
12057,SEG_A,SEG_A,True
12058,SEG_A,SEG_A,True
12059,SEG_C,SEG_A,False
12061,SEG_B,SEG_B,True
12062,SEG_A,SEG_B,False
12063,SEG_A,SEG_B,False
12064,SEG_C,SEG_A,False
12065,SEG_B,SEG_B,True
12066,SEG_B,SEG_B,True
12069,SEG_B,SEG_B,True
12070,SEG_C,SEG_B,False
12071,SEG_B,SEG_A,False
12073,SEG_A,SEG_A,True
12074,SEG_A,SEG_A,True
12075,SEG_B,SEG_A,False
12077,SEG_B,SEG_A,False
12078,SEG_C,SEG_A,False
12079,SEG_A,SEG_A,True
12082,SEG_A,SEG_A,True
12083,SEG_A,SEG_A,True
12084,SEG_A,SEG_A,True
12085,SEG_B,SEG_B,True
12086,SEG_B,SEG_B,True
12087,SEG_C,SEG_C,True
12088,SEG_A,SEG_A,True
12089,SEG_C,SEG_C,True
12092,SEG_A,SEG_A,True
12093,SEG_A,SEG_A,True
12094,SEG_A,SEG_A,True
12095,SEG_A,SEG_A,True
12096,SEG_C,SEG_A,False
12102,SEG_A,SEG_A,True
12103,SEG_A,SEG_A,True
12104,SEG_A,SEG_A,True
12105,SEG_A,SEG_A,True
12107,SEG_A,SEG_A,True
12108,SEG_B,SEG_C,False
12111,SEG_A,SEG_A,True
12113,SEG_A,SEG_C,False
12114,SEG_A,SEG_A,True
12115,SEG_A,SEG_A,True
12117,SEG_B,SEG_B,True
12118,SEG_B,SEG_A,False
12119,SEG_C,SEG_B,False
12120,SEG_A,SEG_A,True
12121,SEG_C,SEG_C,True
12122,SEG_A,SEG_A,True
12123,SEG_A,SEG_A,True
12124,SEG_B,SEG_B,True
12128,SEG_A,SEG_A,True
12129,SEG_C,SEG_B,False
12130,SEG_A,SEG_A,True
12131,SEG_B,SEG_B,True
12132,SEG_A,SEG_A,True
12134,SEG_A,SEG_A,True
12136,SEG_B,SEG_B,True
12138,SEG_B,SEG_B,True
12139,SEG_A,SEG_A,True
12144,SEG_A,SEG_A,True
12145,SEG_C,SEG_B,False
12147,SEG_A,SEG_A,True
12151,SEG_A,SEG_A,True
12154,SEG_C,SEG_A,False
12155,SEG_A,SEG_A,True
12157,SEG_A,SEG_A,True
12160,SEG_A,SEG_A,True
12166,SEG_A,SEG_A,True
12169,SEG_A,SEG_A,True
12170,SEG_B,SEG_A,False
12171,SEG_A,SEG_A,True
12172,SEG_A,SEG_A,True
12173,SEG_A,SEG_A,True
12174,SEG_B,SEG_A,False
12175,SEG_A,SEG_A,True
12176,SEG_C,SEG_A,False
12178,SEG_B,SEG_B,True
12179,SEG_B,SEG_B,True
12180,SEG_A,SEG_A,True
12181,SEG_A,SEG_A,True
12182,SEG_C,SEG_A,False
12183,SEG_C,SEG_B,False
12184,SEG_A,SEG_A,True
12185,SEG_B,SEG_A,False
12186,SEG_A,SEG_A,True
12187,SEG_A,SEG_A,True
12188,SEG_B,SEG_B,True
12191,SEG_A,SEG_A,True
12194,SEG_C,SEG_B,False
12195,SEG_A,SEG_A,True
12201,SEG_C,SEG_A,False
12202,SEG_A,SEG_A,True
12206,SEG_B,SEG_B,True
12207,SEG_A,SEG_B,False
12211,SEG_A,SEG_C,False
12213,SEG_A,SEG_A,True
12215,SEG_A,SEG_A,True
12216,SEG_C,SEG_B,False
12218,SEG_A,SEG_B,False
12219,SEG_A,SEG_A,True
12220,SEG_B,SEG_B,True
12221,SEG_C,SEG_C,True
12223,SEG_C,SEG_B,False
12225,SEG_A,SEG_A,True
12226,SEG_B,SEG_A,False
12227,SEG_A,SEG_A,True
12228,SEG_A,SEG_A,True
12229,SEG_A,SEG_A,True
12231,SEG_B,SEG_B,True
12233,SEG_A,SEG_A,True
12237,SEG_A,SEG_A,True
12239,SEG_A,SEG_A,True
12240,SEG_A,SEG_B,False
12241,SEG_B,SEG_B,True
12242,SEG_C,SEG_A,False
12243,SEG_B,SEG_B,True
12244,SEG_C,SEG_A,False
12245,SEG_A,SEG_A,True
12246,SEG_B,SEG_A,False
12247,SEG_A,SEG_A,True
12249,SEG_B,SEG_B,True
12251,SEG_A,SEG_A,True
12252,SEG_B,SEG_A,False
12254,SEG_A,SEG_A,True
12257,SEG_A,SEG_A,True
12260,SEG_C,SEG_A,False
12261,SEG_A,SEG_A,True
12263,SEG_C,SEG_A,False
12265,SEG_A,SEG_A,True
12267,SEG_B,SEG_B,True
12272,SEG_A,SEG_A,True
12273,SEG_A,SEG_A,True
12275,SEG_C,SEG_C,True
12277,SEG_C,SEG_B,False
12281,SEG_A,SEG_A,True
12284,SEG_A,SEG_A,True
12288,SEG_B,SEG_B,True
12289,SEG_A,SEG_A,True
12291,SEG_B,SEG_A,False
12294,SEG_A,SEG_A,True
12295,SEG_B,SEG_B,True
12298,SEG_A,SEG_A,True
12301,SEG_B,SEG_B,True
12302,SEG_A,SEG_A,True
12304,SEG_A,SEG_B,False
12305,SEG_A,SEG_A,True
12306,SEG_A,SEG_A,True
12307,SEG_A,SEG_A,True
12308,SEG_A,SEG_A,True
12309,SEG_A,SEG_A,True
12310,SEG_A,SEG_A,True
12311,SEG_A,SEG_A,True
12312,SEG_B,SEG_A,False
12313,SEG_A,SEG_A,True
12315,SEG_A,SEG_A,True
12318,SEG_B,SEG_B,True
12319,SEG_B,SEG_B,True
12321,SEG_B,SEG_B,True
12322,SEG_A,SEG_A,True
12323,SEG_A,SEG_A,True
12324,SEG_C,SEG_A,False
12330,SEG_C,SEG_C,True
12332,SEG_A,SEG_A,True
12333,SEG_A,SEG_A,True
12335,SEG_A,SEG_A,True
12337,SEG_B,SEG_B,True
12340,SEG_A,SEG_B,False
12342,SEG_A,SEG_A,True
12345,SEG_C,SEG_C,True
12347,SEG_B,SEG_B,True
12349,SEG_A,SEG_A,True
12351,SEG_B,SEG_B,True
12352,SEG_B,SEG_A,False
12353,SEG_B,SEG_A,False
12354,SEG_A,SEG_A,True
12355,SEG_A,SEG_C,False
12356,SEG_A,SEG_A,True
12357,SEG_B,SEG_A,False
12358,SEG_A,SEG_A,True
12359,SEG_A,SEG_A,True
12360,SEG_B,SEG_B,True
12361,SEG_A,SEG_A,True
12362,SEG_A,SEG_A,True
12367,SEG_B,SEG_B,True
12370,SEG_A,SEG_A,True
12371,SEG_A,SEG_A,True
12372,SEG_B,SEG_A,False
12373,SEG_A,SEG_A,True
12374,SEG_A,SEG_A,True
12375,SEG_B,SEG_A,False
12376,SEG_B,SEG_B,True
12378,SEG_A,SEG_A,True
12379,SEG_A,SEG_A,True
12380,SEG_C,SEG_B,False
12382,SEG_A,SEG_A,True
12383,SEG_A,SEG_A,True
12385,SEG_B,SEG_B,True
12386,SEG_A,SEG_A,True
12387,SEG_B,SEG_B,True
12388,SEG_A,SEG_A,True
12389,SEG_B,SEG_B,True
12390,SEG_B,SEG_C,False
12391,SEG_B,SEG_B,True
12396,SEG_A,SEG_A,True
12399,SEG_A,SEG_A,True
12400,SEG_B,SEG_A,False
12401,SEG_A,SEG_A,True
12402,SEG_A,SEG_A,True
12403,SEG_A,SEG_A,True
12404,SEG_A,SEG_A,True
12408,SEG_C,SEG_A,False
12409,SEG_B,SEG_A,False
12410,SEG_B,SEG_B,True
12411,SEG_C,SEG_A,False
12413,SEG_A,SEG_A,True
12414,SEG_B,SEG_B,True
12415,SEG_B,SEG_B,True
12416,SEG_B,SEG_A,False
12417,SEG_B,SEG_A,False
12418,SEG_B,SEG_A,False
12419,SEG_A,SEG_B,False
12420,SEG_A,SEG_A,True
12421,SEG_C,SEG_C,True
12422,SEG_A,SEG_A,True
12423,SEG_B,SEG_B,True
12425,SEG_B,SEG_A,False
12426,SEG_C,SEG_A,False
12427,SEG_A,SEG_A,True
12429,SEG_C,SEG_C,True
12430,SEG_A,SEG_A,True
12432,SEG_C,SEG_B,False
12434,SEG_C,SEG_B,False
12437,SEG_A,SEG_B,False
12438,SEG_B,SEG_A,False
12441,SEG_C,SEG_C,True
12442,SEG_A,SEG_A,True
12444,SEG_B,SEG_A,False
12445,SEG_B,SEG_B,True
12446,SEG_A,SEG_A,True
12447,SEG_C,SEG_C,True
12448,SEG_A,SEG_A,True
12450,SEG_A,SEG_A,True
12451,SEG_B,SEG_B,True
12452,SEG_B,SEG_A,False
12453,SEG_A,SEG_A,True
12455,SEG_A,SEG_B,False
12457,SEG_B,SEG_B,True
12458,SEG_A,SEG_A,True
12459,SEG_A,SEG_A,True
12460,SEG_B,SEG_A,False
12461,SEG_B,SEG_B,True
12462,SEG_B,SEG_B,True
12464,SEG_A,SEG_A,True
12465,SEG_A,SEG_A,True
12466,SEG_A,SEG_B,False
12467,SEG_B,SEG_B,True
12468,SEG_C,SEG_A,False
12469,SEG_C,SEG_C,True
12470,SEG_A,SEG_A,True
12471,SEG_A,SEG_A,True
12472,SEG_B,SEG_C,False
12473,SEG_B,SEG_C,False
12474,SEG_A,SEG_A,True
12476,SEG_C,SEG_A,False
12477,SEG_A,SEG_A,True
12478,SEG_C,SEG_A,False
12479,SEG_A,SEG_A,True
12480,SEG_A,SEG_A,True
12481,SEG_A,SEG_A,True
12484,SEG_A,SEG_A,True
12485,SEG_C,SEG_B,False
12486,SEG_A,SEG_A,True
12487,SEG_B,SEG_B,True
12488,SEG_C,SEG_C,True
12489,SEG_A,SEG_A,True
12490,SEG_A,SEG_A,True
12492,SEG_C,SEG_A,False
12493,SEG_A,SEG_A,True
12495,SEG_B,SEG_A,False
12496,SEG_A,SEG_A,True
12497,SEG_A,SEG_A,True
12498,SEG_A,SEG_A,True
12499,SEG_C,SEG_A,False
12501,SEG_A,SEG_A,True
12502,SEG_B,SEG_B,True
12504,SEG_B,SEG_C,False
12505,SEG_A,SEG_A,True
12506,SEG_A,SEG_A,True
12507,SEG_A,SEG_A,True
12508,SEG_B,SEG_B,True
12509,SEG_A,SEG_A,True
12510,SEG_C,SEG_C,True
12511,SEG_A,SEG_B,False
12512,SEG_B,SEG_B,True
12513,SEG_A,SEG_A,True
12514,SEG_A,SEG_C,False
12515,SEG_B,SEG_B,True
12516,SEG_A,SEG_A,True
12517,SEG_B,SEG_C,False
12518,SEG_B,SEG_A,False
12519,SEG_C,SEG_C,True
12520,SEG_C,SEG_C,True
12521,SEG_A,SEG_A,True
12522,SEG_B,SEG_B,True
12523,SEG_A,SEG_A,True
12524,SEG_B,SEG_B,True
12525,SEG_B,SEG_B,True
12527,SEG_B,SEG_A,False
12528,SEG_C,SEG_B,False
12529,SEG_B,SEG_B,True
12530,SEG_C,SEG_B,False
12531,SEG_B,SEG_B,True
12532,SEG_C,SEG_B,False
12533,SEG_B,SEG_B,True
12534,SEG_C,SEG_B,False
12536,SEG_A,SEG_A,True
12538,SEG_B,SEG_B,True
12540,SEG_A,SEG_A,True
12541,SEG_B,SEG_B,True
12542,SEG_C,SEG_A,False
12543,SEG_A,SEG_A,True
12545,SEG_C,SEG_C,True
12549,SEG_B,SEG_B,True
12550,SEG_C,SEG_C,True
12551,SEG_A,SEG_A,True
12552,SEG_B,SEG_B,True
12553,SEG_A,SEG_A,True
12555,SEG_C,SEG_A,False
12556,SEG_B,SEG_B,True
12557,SEG_A,SEG_A,True
12558,SEG_C,SEG_B,False
12559,SEG_A,SEG_A,True
12560,SEG_A,SEG_A,True
12562,SEG_C,SEG_B,False
12563,SEG_C,SEG_C,True
12564,SEG_A,SEG_A,True
12565,SEG_C,SEG_C,True
12566,SEG_B,SEG_B,True
12567,SEG_A,SEG_A,True
12568,SEG_A,SEG_A,True
12569,SEG_A,SEG_A,True
12570,SEG_A,SEG_A,True
12571,SEG_A,SEG_A,True
12572,SEG_B,SEG_B,True
12573,SEG_B,SEG_B,True
12574,SEG_B,SEG_B,True
12576,SEG_B,SEG_B,True
12577,SEG_B,SEG_B,True
12578,SEG_B,SEG_A,False
12579,SEG_B,SEG_A,False
12580,SEG_A,SEG_A,True
12581,SEG_B,SEG_C,False
12582,SEG_A,SEG_A,True
12583,SEG_B,SEG_B,True
12584,SEG_A,SEG_A,True
12585,SEG_A,SEG_A,True
12586,SEG_A,SEG_A,True
12587,SEG_A,SEG_A,True
12588,SEG_B,SEG_A,False
12589,SEG_A,SEG_A,True
12590,SEG_B,SEG_A,False
12591,SEG_C,SEG_C,True
12592,SEG_A,SEG_A,True
12593,SEG_B,SEG_B,True
12595,SEG_A,SEG_A,True
12596,SEG_A,SEG_A,True
12597,SEG_A,SEG_A,True
12598,SEG_B,SEG_B,True
12601,SEG_A,SEG_A,True
12602,SEG_A,SEG_A,True
12603,SEG_B,SEG_B,True
12605,SEG_C,SEG_A,False
12607,SEG_A,SEG_A,True
12608,SEG_B,SEG_B,True
12609,SEG_A,SEG_B,False
12610,SEG_B,SEG_B,True
12611,SEG_A,SEG_A,True
12612,SEG_A,SEG_A,True
12614,SEG_B,SEG_B,True
12615,SEG_A,SEG_A,True
12616,SEG_C,SEG_B,False
12617,SEG_A,SEG_A,True
12618,SEG_A,SEG_A,True
12621,SEG_C,SEG_A,False
12622,SEG_C,SEG_A,False
12623,SEG_B,SEG_A,False
12624,SEG_C,SEG_B,False
12626,SEG_A,SEG_A,True
12627,SEG_A,SEG_A,True
12628,SEG_B,SEG_B,True
12631,SEG_B,SEG_B,True
12634,SEG_B,SEG_B,True
12635,SEG_C,SEG_A,False
12636,SEG_A,SEG_A,True
12638,SEG_B,SEG_B,True
12641,SEG_C,SEG_B,False
12642,SEG_C,SEG_A,False
12643,SEG_C,SEG_A,False
12644,SEG_A,SEG_A,True
12645,SEG_B,SEG_B,True
12647,SEG_A,SEG_A,True
12648,SEG_C,SEG_A,False
12649,SEG_A,SEG_A,True
12651,SEG_A,SEG_A,True
12654,SEG_A,SEG_A,True
12655,SEG_B,SEG_B,True
12656,SEG_A,SEG_A,True
12657,SEG_A,SEG_A,True
12658,SEG_A,SEG_A,True
12659,SEG_B,SEG_B,True
12661,SEG_A,SEG_A,True
12663,SEG_A,SEG_A,True
12665,SEG_A,SEG_A,True
12666,SEG_B,SEG_A,False
12667,SEG_B,SEG_C,False
12668,SEG_C,SEG_C,True
12669,SEG_A,SEG_A,True
12670,SEG_B,SEG_B,True
12671,SEG_A,SEG_A,True
12672,SEG_A,SEG_A,True
12673,SEG_B,SEG_A,False
12674,SEG_A,SEG_A,True
12677,SEG_C,SEG_C,True
12681,SEG_A,SEG_B,False
12683,SEG_B,SEG_B,True
12684,SEG_A,SEG_A,True
12685,SEG_C,SEG_B,False
12686,SEG_B,SEG_B,True
12688,SEG_B,SEG_B,True
12691,SEG_B,SEG_A,False
12692,SEG_A,SEG_A,True
12693,SEG_A,SEG_A,True
12694,SEG_C,SEG_A,False
12695,SEG_B,SEG_B,True
12696,SEG_C,SEG_C,True
12697,SEG_B,SEG_B,True
12702,SEG_A,SEG_A,True
12703,SEG_A,SEG_A,True
12704,SEG_B,SEG_B,True
12705,SEG_C,SEG_B,False
12706,SEG_A,SEG_A,True
12709,SEG_A,SEG_A,True
12710,SEG_A,SEG_A,True
12711,SEG_A,SEG_A,True
12714,SEG_B,SEG_A,False
12718,SEG_A,SEG_A,True
12719,SEG_B,SEG_A,False
12720,SEG_B,SEG_B,True
12721,SEG_B,SEG_A,False
12726,SEG_B,SEG_A,False
12728,SEG_A,SEG_A,True
12730,SEG_C,SEG_A,False
12731,SEG_A,SEG_A,True
12734,SEG_A,SEG_A,True
12735,SEG_B,SEG_A,False
12736,SEG_A,SEG_A,True
12737,SEG_A,SEG_A,True
12738,SEG_B,SEG_A,False
12740,SEG_B,SEG_B,True
12741,SEG_B,SEG_B,True
12743,SEG_C,SEG_A,False
12744,SEG_C,SEG_A,False
12745,SEG_A,SEG_A,True
12746,SEG_A,SEG_A,True
12747,SEG_A,SEG_A,True
12749,SEG_B,SEG_A,False
12750,SEG_A,SEG_B,False
12752,SEG_A,SEG_B,False
12753,SEG_A,SEG_B,False
12754,SEG_A,SEG_A,True
12755,SEG_B,SEG_B,True
12756,SEG_A,SEG_B,False
12758,SEG_A,SEG_A,True
12759,SEG_A,SEG_A,True
12760,SEG_B,SEG_A,False
12762,SEG_B,SEG_A,False
12765,SEG_A,SEG_A,True
12766,SEG_A,SEG_A,True
12767,SEG_A,SEG_A,True
12768,SEG_A,SEG_A,True
12771,SEG_A,SEG_A,True
12772,SEG_C,SEG_A,False
12774,SEG_B,SEG_B,True
12775,SEG_B,SEG_A,False
12776,SEG_A,SEG_B,False
12777,SEG_B,SEG_A,False
12779,SEG_A,SEG_A,True
12780,SEG_A,SEG_B,False
12781,SEG_A,SEG_A,True
12783,SEG_B,SEG_A,False
12784,SEG_B,SEG_B,True
12785,SEG_B,SEG_A,False
12786,SEG_A,SEG_A,True
12787,SEG_B,SEG_B,True
12789,SEG_A,SEG_A,True
12790,SEG_A,SEG_A,True
12795,SEG_B,SEG_B,True
12796,SEG_B,SEG_B,True
12797,SEG_A,SEG_A,True
12800,SEG_B,SEG_B,True
12801,SEG_A,SEG_A,True
12802,SEG_C,SEG_A,False
12803,SEG_B,SEG_B,True
12804,SEG_B,SEG_A,False
12805,SEG_B,SEG_A,False
12806,SEG_A,SEG_A,True
12807,SEG_A,SEG_A,True
12808,SEG_B,SEG_A,False
12809,SEG_A,SEG_A,True
12810,SEG_A,SEG_B,False
12816,SEG_A,SEG_A,True
12821,SEG_B,SEG_A,False
12822,SEG_A,SEG_A,True
12823,SEG_A,SEG_A,True
12824,SEG_A,SEG_A,True
12825,SEG_A,SEG_A,True
12826,SEG_A,SEG_A,True
12827,SEG_A,SEG_A,True
12828,SEG_A,SEG_A,True
12830,SEG_A,SEG_A,True
12831,SEG_C,SEG_C,True
12833,SEG_A,SEG_A,True
12834,SEG_A,SEG_A,True
12836,SEG_A,SEG_A,True
12837,SEG_A,SEG_A,True
12839,SEG_B,SEG_A,False
12840,SEG_B,SEG_A,False
12843,SEG_B,SEG_A,False
12845,SEG_A,SEG_A,True
12846,SEG_B,SEG_B,True
12848,SEG_B,SEG_B,True
12849,SEG_A,SEG_A,True
12850,SEG_A,SEG_A,True
12851,SEG_C,SEG_C,True
12853,SEG_B,SEG_B,True
12855,SEG_A,SEG_A,True
12856,SEG_A,SEG_A,True
12857,SEG_A,SEG_A,True
12858,SEG_A,SEG_A,True
12859,SEG_B,SEG_B,True
12861,SEG_A,SEG_A,True
12863,SEG_A,SEG_A,True
12864,SEG_A,SEG_A,True
12865,SEG_A,SEG_A,True
12866,SEG_B,SEG_A,False
12867,SEG_B,SEG_B,True
12868,SEG_A,SEG_B,False
12869,SEG_A,SEG_A,True
12871,SEG_A,SEG_A,True
12872,SEG_C,SEG_A,False
12873,SEG_A,SEG_A,True
12874,SEG_A,SEG_A,True
12876,SEG_B,SEG_A,False
12877,SEG_A,SEG_A,True
12878,SEG_A,SEG_A,True
12880,SEG_A,SEG_A,True
12882,SEG_A,SEG_A,True
12883,SEG_A,SEG_A,True
12886,SEG_B,SEG_A,False
12890,SEG_A,SEG_A,True
12891,SEG_A,SEG_A,True
12895,SEG_A,SEG_A,True
12896,SEG_B,SEG_B,True
12898,SEG_A,SEG_A,True
12904,SEG_A,SEG_A,True
12905,SEG_A,SEG_A,True
12906,SEG_A,SEG_A,True
12910,SEG_C,SEG_B,False
12912,SEG_A,SEG_A,True
12914,SEG_A,SEG_B,False
12915,SEG_B,SEG_B,True
12916,SEG_B,SEG_B,True
12917,SEG_B,SEG_A,False
12918,SEG_B,SEG_B,True
12919,SEG_C,SEG_C,True
12920,SEG_A,SEG_A,True
12921,SEG_B,SEG_A,False
12923,SEG_B,SEG_A,False
12924,SEG_A,SEG_A,True
12925,SEG_A,SEG_A,True
12927,SEG_A,SEG_A,True
12931,SEG_C,SEG_B,False
12932,SEG_A,SEG_A,True
12936,SEG_A,SEG_A,True
12937,SEG_A,SEG_A,True
12938,SEG_C,SEG_A,False
12939,SEG_A,SEG_A,True
12940,SEG_B,SEG_A,False
12941,SEG_C,SEG_A,False
12942,SEG_A,SEG_A,True
12943,SEG_A,SEG_B,False
12944,SEG_A,SEG_A,True
12945,SEG_A,SEG_A,True
12946,SEG_B,SEG_C,False
12949,SEG_A,SEG_A,True
12950,SEG_B,SEG_A,False
12952,SEG_C,SEG_C,True
12953,SEG_B,SEG_B,True
12958,SEG_B,SEG_A,False
12960,SEG_A,SEG_A,True
12961,SEG_A,SEG_A,True
12962,SEG_A,SEG_A,True
12963,SEG_A,SEG_A,True
12966,SEG_A,SEG_A,True
12967,SEG_A,SEG_A,True
12968,SEG_B,SEG_B,True
12970,SEG_B,SEG_A,False
12971,SEG_B,SEG_C,False
12975,SEG_A,SEG_A,True
12976,SEG_B,SEG_A,False
12977,SEG_A,SEG_A,True
12981,SEG_B,SEG_B,True
12982,SEG_A,SEG_A,True
12986,SEG_B,SEG_B,True
12987,SEG_B,SEG_B,True
12989,SEG_B,SEG_B,True
12990,SEG_A,SEG_A,True
12991,SEG_C,SEG_A,False
12992,SEG_A,SEG_A,True
12993,SEG_B,SEG_A,False
12994,SEG_C,SEG_A,False
12995,SEG_A,SEG_A,True
12996,SEG_B,SEG_B,True
12997,SEG_C,SEG_A,False
12999,SEG_A,SEG_A,True
13000,SEG_C,SEG_C,True
13001,SEG_B,SEG_A,False
13002,SEG_A,SEG_A,True
13003,SEG_B,SEG_B,True
13004,SEG_A,SEG_B,False
13005,SEG_A,SEG_A,True
13006,SEG_A,SEG_A,True
13008,SEG_C,SEG_A,False
13009,SEG_A,SEG_A,True
13010,SEG_A,SEG_A,True
13011,SEG_C,SEG_C,True
13013,SEG_A,SEG_A,True
13014,SEG_A,SEG_A,True
13015,SEG_A,SEG_B,False
13017,SEG_A,SEG_A,True
13018,SEG_C,SEG_A,False
13019,SEG_B,SEG_B,True
13020,SEG_A,SEG_A,True
13021,SEG_A,SEG_A,True
13022,SEG_C,SEG_C,True
13024,SEG_A,SEG_A,True
13025,SEG_A,SEG_A,True
13026,SEG_C,SEG_B,False
13027,SEG_B,SEG_A,False
13028,SEG_A,SEG_A,True
13029,SEG_A,SEG_A,True
13030,SEG_B,SEG_B,True
13032,SEG_A,SEG_A,True
13033,SEG_B,SEG_A,False
13034,SEG_C,SEG_A,False
13035,SEG_B,SEG_B,True
13036,SEG_A,SEG_A,True
13037,SEG_B,SEG_B,True
13038,SEG_A,SEG_A,True
13039,SEG_A,SEG_A,True
13040,SEG_B,SEG_A,False
13041,SEG_C,SEG_A,False
13042,SEG_A,SEG_A,True
13043,SEG_A,SEG_A,True
13044,SEG_B,SEG_B,True
13045,SEG_B,SEG_B,True
13047,SEG_A,SEG_A,True
13050,SEG_B,SEG_B,True
13052,SEG_B,SEG_B,True
13053,SEG_A,SEG_A,True
13054,SEG_A,SEG_A,True
13055,SEG_B,SEG_B,True
13056,SEG_A,SEG_A,True
13057,SEG_B,SEG_B,True
13059,SEG_A,SEG_A,True
13061,SEG_A,SEG_A,True
13063,SEG_C,SEG_A,False
13064,SEG_A,SEG_A,True
13065,SEG_A,SEG_A,True
13066,SEG_B,SEG_A,False
13067,SEG_B,SEG_B,True
13068,SEG_A,SEG_A,True
13069,SEG_A,SEG_A,True
13070,SEG_B,SEG_C,False
13071,SEG_A,SEG_A,True
13072,SEG_B,SEG_B,True
13073,SEG_A,SEG_A,True
13074,SEG_B,SEG_B,True
13076,SEG_A,SEG_A,True
13077,SEG_A,SEG_A,True
13078,SEG_B,SEG_C,False
13079,SEG_B,SEG_A,False
13080,SEG_C,SEG_A,False
13081,SEG_B,SEG_A,False
13082,SEG_B,SEG_B,True
13083,SEG_B,SEG_A,False
13084,SEG_B,SEG_B,True
13085,SEG_C,SEG_C,True
13088,SEG_B,SEG_A,False
13089,SEG_A,SEG_A,True
13091,SEG_A,SEG_A,True
13092,SEG_C,SEG_A,False
13093,SEG_A,SEG_A,True
13094,SEG_A,SEG_A,True
13095,SEG_B,SEG_B,True
13096,SEG_B,SEG_B,True
13098,SEG_C,SEG_B,False
13099,SEG_B,SEG_B,True
13100,SEG_A,SEG_A,True
13101,SEG_B,SEG_B,True
13102,SEG_A,SEG_A,True
13104,SEG_A,SEG_A,True
13105,SEG_A,SEG_A,True
13106,SEG_B,SEG_C,False
13107,SEG_A,SEG_A,True
13108,SEG_C,SEG_A,False
13109,SEG_A,SEG_A,True
13111,SEG_B,SEG_A,False
13112,SEG_C,SEG_A,False
13113,SEG_B,SEG_B,True
13114,SEG_A,SEG_A,True
13115,SEG_A,SEG_A,True
13116,SEG_A,SEG_A,True
13117,SEG_A,SEG_A,True
13118,SEG_A,SEG_A,True
13119,SEG_B,SEG_B,True
13120,SEG_B,SEG_A,False
13121,SEG_B,SEG_C,False
13123,SEG_A,SEG_A,True
13124,SEG_A,SEG_A,True
13125,SEG_C,SEG_B,False
13126,SEG_A,SEG_A,True
13127,SEG_A,SEG_A,True
13129,SEG_A,SEG_A,True
13130,SEG_C,SEG_C,True
13131,SEG_A,SEG_A,True
13132,SEG_A,SEG_A,True
13134,SEG_B,SEG_B,True
13135,SEG_A,SEG_A,True
13136,SEG_B,SEG_A,False
13137,SEG_C,SEG_B,False
13138,SEG_A,SEG_B,False
13139,SEG_A,SEG_A,True
13140,SEG_C,SEG_A,False
13142,SEG_A,SEG_A,True
13143,SEG_C,SEG_B,False
13144,SEG_A,SEG_B,False
13145,SEG_B,SEG_C,False
13146,SEG_B,SEG_A,False
13147,SEG_B,SEG_B,True
13148,SEG_A,SEG_A,True
13150,SEG_B,SEG_A,False
13151,SEG_B,SEG_B,True
13152,SEG_A,SEG_A,True
13153,SEG_B,SEG_B,True
13155,SEG_B,SEG_B,True
13156,SEG_A,SEG_A,True
13157,SEG_C,SEG_B,False
13158,SEG_A,SEG_A,True
13159,SEG_B,SEG_A,False
13160,SEG_B,SEG_B,True
13161,SEG_C,SEG_A,False
13163,SEG_A,SEG_A,True
13164,SEG_A,SEG_A,True
13165,SEG_B,SEG_C,False
13166,SEG_A,SEG_A,True
13167,SEG_C,SEG_A,False
13168,SEG_C,SEG_C,True
13169,SEG_A,SEG_A,True
13170,SEG_B,SEG_B,True
13172,SEG_B,SEG_A,False
13173,SEG_B,SEG_A,False
13174,SEG_A,SEG_A,True
13175,SEG_A,SEG_A,True
13176,SEG_B,SEG_B,True
13177,SEG_A,SEG_A,True
13179,SEG_B,SEG_B,True
13180,SEG_A,SEG_A,True
13183,SEG_A,SEG_A,True
13185,SEG_C,SEG_B,False
13186,SEG_C,SEG_A,False
13187,SEG_B,SEG_A,False
13188,SEG_A,SEG_A,True
13189,SEG_A,SEG_A,True
13190,SEG_A,SEG_A,True
13191,SEG_A,SEG_A,True
13193,SEG_C,SEG_B,False
13194,SEG_B,SEG_B,True
13195,SEG_B,SEG_A,False
13196,SEG_B,SEG_B,True
13197,SEG_A,SEG_A,True
13198,SEG_C,SEG_A,False
13199,SEG_B,SEG_B,True
13200,SEG_A,SEG_A,True
13201,SEG_B,SEG_A,False
13202,SEG_A,SEG_A,True
13204,SEG_B,SEG_B,True
13205,SEG_A,SEG_A,True
13206,SEG_A,SEG_A,True
13207,SEG_A,SEG_A,True
13208,SEG_A,SEG_A,True
13209,SEG_A,SEG_A,True
13210,SEG_A,SEG_A,True
13211,SEG_B,SEG_A,False
13212,SEG_A,SEG_A,True
13213,SEG_A,SEG_A,True
13215,SEG_A,SEG_B,False
13216,SEG_A,SEG_A,True
13218,SEG_A,SEG_B,False
13220,SEG_A,SEG_A,True
13221,SEG_A,SEG_A,True
13222,SEG_C,SEG_A,False
13223,SEG_B,SEG_B,True
13225,SEG_A,SEG_A,True
13226,SEG_B,SEG_B,True
13227,SEG_B,SEG_A,False
13228,SEG_B,SEG_A,False
13229,SEG_A,SEG_A,True
13230,SEG_C,SEG_B,False
13231,SEG_B,SEG_B,True
13233,SEG_B,SEG_B,True
13235,SEG_A,SEG_B,False
13236,SEG_A,SEG_A,True
13237,SEG_A,SEG_A,True
13238,SEG_A,SEG_A,True
13240,SEG_A,SEG_A,True
13241,SEG_B,SEG_B,True
13243,SEG_A,SEG_A,True
13244,SEG_B,SEG_B,True
13245,SEG_A,SEG_A,True
13246,SEG_A,SEG_A,True
13247,SEG_B,SEG_B,True
13250,SEG_A,SEG_A,True
13251,SEG_A,SEG_A,True
13252,SEG_B,SEG_B,True
13255,SEG_C,SEG_A,False
13256,SEG_A,SEG_A,True
13257,SEG_A,SEG_A,True
13258,SEG_A,SEG_A,True
13260,SEG_B,SEG_A,False
13261,SEG_A,SEG_B,False
13262,SEG_A,SEG_A,True
13263,SEG_B,SEG_B,True
13264,SEG_C,SEG_C,True
13265,SEG_C,SEG_A,False
13266,SEG_A,SEG_A,True
13267,SEG_B,SEG_B,True
13268,SEG_A,SEG_A,True
13269,SEG_B,SEG_B,True
13270,SEG_C,SEG_B,False
13271,SEG_A,SEG_A,True
13272,SEG_C,SEG_B,False
13273,SEG_A,SEG_A,True
13274,SEG_B,SEG_B,True
13275,SEG_A,SEG_A,True
13276,SEG_A,SEG_A,True
13277,SEG_A,SEG_A,True
13279,SEG_A,SEG_A,True
13280,SEG_A,SEG_A,True
13281,SEG_A,SEG_C,False
13282,SEG_B,SEG_A,False
13285,SEG_C,SEG_C,True
13288,SEG_A,SEG_A,True
13289,SEG_A,SEG_A,True
13290,SEG_A,SEG_A,True
13291,SEG_C,SEG_B,False
13295,SEG_A,SEG_A,True
13296,SEG_C,SEG_A,False
13297,SEG_A,SEG_A,True
13299,SEG_A,SEG_A,True
13301,SEG_A,SEG_A,True
13302,SEG_A,SEG_A,True
13304,SEG_A,SEG_A,True
13305,SEG_A,SEG_A,True
13306,SEG_C,SEG_A,False
13307,SEG_A,SEG_A,True
13308,SEG_A,SEG_A,True
13310,SEG_B,SEG_A,False
13311,SEG_C,SEG_B,False
13312,SEG_A,SEG_A,True
13315,SEG_B,SEG_B,True
13316,SEG_A,SEG_A,True
13317,SEG_A,SEG_A,True
13319,SEG_B,SEG_B,True
13321,SEG_A,SEG_A,True
13322,SEG_A,SEG_A,True
13323,SEG_B,SEG_B,True
13324,SEG_A,SEG_B,False
13326,SEG_C,SEG_B,False
13328,SEG_C,SEG_A,False
13330,SEG_A,SEG_A,True
13331,SEG_A,SEG_A,True
13333,SEG_A,SEG_A,True
13334,SEG_A,SEG_A,True
13336,SEG_A,SEG_B,False
13337,SEG_A,SEG_A,True
13338,SEG_A,SEG_A,True
13339,SEG_C,SEG_A,False
13340,SEG_B,SEG_B,True
13341,SEG_A,SEG_A,True
13343,SEG_A,SEG_A,True
13344,SEG_C,SEG_A,False
13348,SEG_A,SEG_A,True
13349,SEG_A,SEG_A,True
13350,SEG_A,SEG_A,True
13352,SEG_B,SEG_B,True
13353,SEG_A,SEG_A,True
13354,SEG_C,SEG_B,False
13355,SEG_A,SEG_A,True
13356,SEG_A,SEG_A,True
13357,SEG_B,SEG_B,True
13358,SEG_A,SEG_A,True
13359,SEG_A,SEG_A,True
13360,SEG_A,SEG_A,True
13361,SEG_A,SEG_A,True
13362,SEG_A,SEG_A,True
13363,SEG_A,SEG_A,True
13364,SEG_B,SEG_B,True
13365,SEG_C,SEG_B,False
13366,SEG_C,SEG_C,True
13367,SEG_A,SEG_A,True
13368,SEG_B,SEG_B,True
13370,SEG_A,SEG_A,True
13371,SEG_A,SEG_A,True
13372,SEG_A,SEG_A,True
13373,SEG_A,SEG_A,True
13374,SEG_A,SEG_B,False
13375,SEG_A,SEG_B,False
13377,SEG_C,SEG_C,True
13378,SEG_B,SEG_B,True
13379,SEG_B,SEG_A,False
13382,SEG_A,SEG_A,True
13383,SEG_A,SEG_A,True
13384,SEG_A,SEG_A,True
13385,SEG_A,SEG_A,True
13386,SEG_B,SEG_B,True
13387,SEG_A,SEG_A,True
13388,SEG_B,SEG_A,False
13391,SEG_A,SEG_A,True
13393,SEG_A,SEG_A,True
13394,SEG_A,SEG_A,True
13396,SEG_A,SEG_A,True
13397,SEG_A,SEG_A,True
13398,SEG_A,SEG_A,True
13399,SEG_A,SEG_A,True
13401,SEG_A,SEG_A,True
13403,SEG_B,SEG_B,True
13404,SEG_A,SEG_A,True
13405,SEG_B,SEG_B,True
13407,SEG_A,SEG_A,True
13409,SEG_A,SEG_A,True
13410,SEG_A,SEG_A,True
13412,SEG_C,SEG_C,True
13413,SEG_A,SEG_A,True
13415,SEG_A,SEG_A,True
13417,SEG_B,SEG_B,True
13419,SEG_B,SEG_A,False
13420,SEG_B,SEG_A,False
13422,SEG_A,SEG_A,True
13423,SEG_A,SEG_A,True
13425,SEG_A,SEG_A,True
13427,SEG_A,SEG_A,True
13429,SEG_C,SEG_B,False
13430,SEG_A,SEG_A,True
13431,SEG_B,SEG_C,False
13432,SEG_C,SEG_B,False
13433,SEG_B,SEG_A,False
13434,SEG_B,SEG_B,True
13436,SEG_C,SEG_A,False
13438,SEG_A,SEG_A,True
13440,SEG_C,SEG_A,False
13441,SEG_A,SEG_A,True
13442,SEG_A,SEG_A,True
13443,SEG_A,SEG_A,True
13446,SEG_B,SEG_A,False
13447,SEG_A,SEG_A,True
13449,SEG_A,SEG_A,True
13450,SEG_B,SEG_A,False
13453,SEG_A,SEG_A,True
13454,SEG_B,SEG_A,False
13458,SEG_A,SEG_A,True
13459,SEG_A,SEG_A,True
13460,SEG_B,SEG_A,False
13461,SEG_B,SEG_A,False
13462,SEG_A,SEG_A,True
13465,SEG_A,SEG_A,True
13468,SEG_A,SEG_A,True
13469,SEG_A,SEG_B,False
13473,SEG_A,SEG_A,True
13474,SEG_B,SEG_B,True
13475,SEG_C,SEG_C,True
13476,SEG_A,SEG_A,True
13477,SEG_B,SEG_A,False
13478,SEG_B,SEG_B,True
13479,SEG_A,SEG_A,True
13480,SEG_A,SEG_A,True
13482,SEG_A,SEG_A,True
13485,SEG_A,SEG_A,True
13486,SEG_A,SEG_A,True
13487,SEG_A,SEG_A,True
13492,SEG_B,SEG_B,True
13494,SEG_C,SEG_C,True
13495,SEG_A,SEG_B,False
13496,SEG_A,SEG_B,False
13498,SEG_A,SEG_A,True
13499,SEG_A,SEG_A,True
13501,SEG_A,SEG_A,True
13503,SEG_A,SEG_A,True
13505,SEG_B,SEG_B,True
13506,SEG_B,SEG_B,True
13507,SEG_A,SEG_A,True
13508,SEG_C,SEG_B,False
13509,SEG_A,SEG_A,True
13511,SEG_B,SEG_A,False
13512,SEG_A,SEG_A,True
13513,SEG_B,SEG_B,True
13514,SEG_A,SEG_B,False
13516,SEG_B,SEG_B,True
13517,SEG_A,SEG_A,True
13518,SEG_C,SEG_B,False
13519,SEG_B,SEG_C,False
13520,SEG_B,SEG_B,True
13522,SEG_A,SEG_A,True
13524,SEG_B,SEG_A,False
13526,SEG_B,SEG_A,False
13527,SEG_C,SEG_B,False
13529,SEG_A,SEG_A,True
13530,SEG_A,SEG_A,True
13531,SEG_A,SEG_A,True
13534,SEG_B,SEG_B,True
13535,SEG_C,SEG_C,True
13536,SEG_A,SEG_A,True
13539,SEG_B,SEG_A,False
13541,SEG_A,SEG_A,True
13547,SEG_A,SEG_A,True
13550,SEG_A,SEG_A,True
13551,SEG_A,SEG_A,True
13553,SEG_B,SEG_A,False
13554,SEG_B,SEG_A,False
13556,SEG_B,SEG_A,False
13557,SEG_A,SEG_A,True
13558,SEG_A,SEG_A,True
13559,SEG_A,SEG_A,True
13560,SEG_A,SEG_A,True
13561,SEG_C,SEG_C,True
13565,SEG_A,SEG_A,True
13566,SEG_A,SEG_A,True
13567,SEG_B,SEG_A,False
13569,SEG_B,SEG_B,True
13571,SEG_B,SEG_A,False
13572,SEG_A,SEG_A,True
13574,SEG_C,SEG_B,False
13577,SEG_A,SEG_A,True
13578,SEG_A,SEG_A,True
13579,SEG_B,SEG_B,True
13581,SEG_A,SEG_A,True
13584,SEG_C,SEG_A,False
13585,SEG_A,SEG_A,True
13587,SEG_B,SEG_A,False
13588,SEG_A,SEG_A,True
13591,SEG_A,SEG_A,True
13592,SEG_A,SEG_A,True
13593,SEG_B,SEG_B,True
13594,SEG_A,SEG_A,True
13595,SEG_A,SEG_A,True
13597,SEG_A,SEG_A,True
13598,SEG_B,SEG_C,False
13601,SEG_A,SEG_A,True
13602,SEG_B,SEG_A,False
13603,SEG_B,SEG_A,False
13605,SEG_A,SEG_A,True
13606,SEG_A,SEG_A,True
13608,SEG_B,SEG_A,False
13609,SEG_B,SEG_B,True
13611,SEG_A,SEG_A,True
13613,SEG_A,SEG_A,True
13617,SEG_A,SEG_A,True
13618,SEG_B,SEG_B,True
13622,SEG_A,SEG_A,True
13623,SEG_A,SEG_A,True
13624,SEG_A,SEG_C,False
13625,SEG_A,SEG_A,True
13626,SEG_A,SEG_A,True
13627,SEG_A,SEG_A,True
13629,SEG_B,SEG_A,False
13634,SEG_A,SEG_A,True
13640,SEG_C,SEG_A,False
13642,SEG_C,SEG_C,True
13644,SEG_A,SEG_A,True
13647,SEG_B,SEG_A,False
13650,SEG_A,SEG_A,True
13651,SEG_B,SEG_A,False
13655,SEG_A,SEG_A,True
13656,SEG_A,SEG_A,True
13659,SEG_A,SEG_A,True
13660,SEG_B,SEG_A,False
13662,SEG_A,SEG_A,True
13663,SEG_C,SEG_A,False
13664,SEG_C,SEG_B,False
13666,SEG_A,SEG_A,True
13668,SEG_A,SEG_A,True
13669,SEG_A,SEG_A,True
13670,SEG_A,SEG_A,True
13672,SEG_B,SEG_B,True
13673,SEG_B,SEG_B,True
13676,SEG_A,SEG_A,True
13678,SEG_A,SEG_A,True
13679,SEG_B,SEG_B,True
13680,SEG_C,SEG_C,True
13682,SEG_A,SEG_A,True
13683,SEG_C,SEG_A,False
13684,SEG_A,SEG_A,True
13685,SEG_A,SEG_B,False
13686,SEG_A,SEG_A,True
13688,SEG_A,SEG_A,True
13689,SEG_A,SEG_A,True
13691,SEG_B,SEG_A,False
13692,SEG_B,SEG_A,False
13693,SEG_A,SEG_A,True
13694,SEG_A,SEG_A,True
13695,SEG_A,SEG_A,True
13696,SEG_C,SEG_A,False
13697,SEG_A,SEG_C,False
13699,SEG_A,SEG_A,True
13701,SEG_A,SEG_A,True
13702,SEG_B,SEG_A,False
13703,SEG_B,SEG_B,True
13704,SEG_A,SEG_A,True
13705,SEG_A,SEG_A,True
13707,SEG_C,SEG_B,False
13708,SEG_A,SEG_A,True
13710,SEG_A,SEG_A,True
13711,SEG_B,SEG_B,True
13712,SEG_C,SEG_B,False
13714,SEG_B,SEG_A,False
13715,SEG_B,SEG_A,False
13717,SEG_B,SEG_B,True
13718,SEG_A,SEG_A,True
13720,SEG_A,SEG_A,True
13721,SEG_B,SEG_A,False
13723,SEG_B,SEG_B,True
13724,SEG_A,SEG_A,True
13726,SEG_B,SEG_B,True
13727,SEG_B,SEG_C,False
13729,SEG_A,SEG_A,True
13730,SEG_C,SEG_B,False
13731,SEG_B,SEG_A,False
13732,SEG_B,SEG_B,True
13734,SEG_A,SEG_A,True
13735,SEG_A,SEG_A,True
13736,SEG_A,SEG_A,True
13738,SEG_A,SEG_A,True
13741,SEG_A,SEG_A,True
13742,SEG_B,SEG_A,False
13743,SEG_A,SEG_A,True
13744,SEG_B,SEG_B,True
13745,SEG_A,SEG_A,True
13747,SEG_A,SEG_A,True
13748,SEG_A,SEG_A,True
13749,SEG_A,SEG_A,True
13750,SEG_A,SEG_A,True
13751,SEG_A,SEG_A,True
13752,SEG_C,SEG_A,False
13753,SEG_A,SEG_A,True
13754,SEG_A,SEG_A,True
13755,SEG_A,SEG_A,True
13757,SEG_A,SEG_A,True
13758,SEG_C,SEG_B,False
13759,SEG_A,SEG_A,True
13761,SEG_B,SEG_A,False
13762,SEG_A,SEG_A,True
13763,SEG_A,SEG_A,True
13764,SEG_A,SEG_A,True
13767,SEG_B,SEG_B,True
13768,SEG_C,SEG_A,False
13769,SEG_A,SEG_A,True
13770,SEG_A,SEG_A,True
13771,SEG_A,SEG_A,True
13773,SEG_B,SEG_B,True
13775,SEG_C,SEG_C,True
13776,SEG_A,SEG_C,False
13777,SEG_A,SEG_A,True
13782,SEG_A,SEG_A,True
13783,SEG_C,SEG_A,False
13787,SEG_B,SEG_B,True
13788,SEG_A,SEG_A,True
13790,SEG_C,SEG_A,False
13791,SEG_B,SEG_A,False
13792,SEG_B,SEG_A,False
13793,SEG_A,SEG_A,True
13794,SEG_B,SEG_A,False
13795,SEG_A,SEG_A,True
13796,SEG_B,SEG_B,True
13798,SEG_B,SEG_B,True
13800,SEG_A,SEG_A,True
13802,SEG_C,SEG_B,False
13804,SEG_B,SEG_B,True
13805,SEG_A,SEG_A,True
13806,SEG_C,SEG_C,True
13807,SEG_A,SEG_A,True
13808,SEG_B,SEG_B,True
13809,SEG_A,SEG_A,True
13810,SEG_A,SEG_A,True
13811,SEG_B,SEG_A,False
13812,SEG_B,SEG_B,True
13813,SEG_C,SEG_C,True
13815,SEG_A,SEG_A,True
13816,SEG_C,SEG_C,True
13817,SEG_A,SEG_A,True
13818,SEG_C,SEG_B,False
13819,SEG_A,SEG_A,True
13820,SEG_A,SEG_A,True
13821,SEG_B,SEG_A,False
13822,SEG_A,SEG_A,True
13823,SEG_A,SEG_A,True
13825,SEG_B,SEG_B,True
13826,SEG_B,SEG_A,False
13827,SEG_B,SEG_A,False
13828,SEG_C,SEG_B,False
13829,SEG_C,SEG_A,False
13830,SEG_A,SEG_A,True
13831,SEG_A,SEG_A,True
13832,SEG_B,SEG_B,True
13834,SEG_B,SEG_A,False
13835,SEG_B,SEG_B,True
13838,SEG_A,SEG_A,True
13839,SEG_A,SEG_A,True
13840,SEG_A,SEG_A,True
13842,SEG_A,SEG_A,True
13843,SEG_C,SEG_A,False
13844,SEG_A,SEG_A,True
13845,SEG_A,SEG_A,True
13846,SEG_A,SEG_A,True
13849,SEG_B,SEG_B,True
13850,SEG_A,SEG_A,True
13851,SEG_B,SEG_B,True
13852,SEG_B,SEG_C,False
13854,SEG_C,SEG_A,False
13855,SEG_A,SEG_A,True
13856,SEG_A,SEG_A,True
13857,SEG_B,SEG_B,True
13858,SEG_C,SEG_C,True
13859,SEG_A,SEG_A,True
13860,SEG_C,SEG_C,True
13861,SEG_B,SEG_A,False
13864,SEG_A,SEG_A,True
13866,SEG_A,SEG_A,True
13867,SEG_A,SEG_A,True
13868,SEG_A,SEG_A,True
13869,SEG_A,SEG_A,True
13870,SEG_A,SEG_A,True
13871,SEG_B,SEG_B,True
13875,SEG_A,SEG_A,True
13876,SEG_A,SEG_A,True
13877,SEG_A,SEG_A,True
13878,SEG_C,SEG_B,False
13879,SEG_A,SEG_A,True
13881,SEG_B,SEG_A,False
13883,SEG_A,SEG_A,True
13886,SEG_A,SEG_A,True
13887,SEG_A,SEG_A,True
13889,SEG_A,SEG_A,True
13890,SEG_A,SEG_A,True
13891,SEG_A,SEG_A,True
13893,SEG_A,SEG_A,True
13896,SEG_A,SEG_A,True
13898,SEG_A,SEG_A,True
13901,SEG_B,SEG_B,True
13907,SEG_A,SEG_A,True
13909,SEG_B,SEG_A,False
13912,SEG_A,SEG_A,True
13913,SEG_A,SEG_A,True
13914,SEG_A,SEG_A,True
13916,SEG_A,SEG_A,True
13918,SEG_A,SEG_A,True
13919,SEG_A,SEG_A,True
13920,SEG_A,SEG_A,True
13921,SEG_B,SEG_A,False
13925,SEG_B,SEG_B,True
13929,SEG_A,SEG_A,True
13930,SEG_A,SEG_A,True
13932,SEG_A,SEG_A,True
13934,SEG_B,SEG_A,False
13935,SEG_A,SEG_A,True
13938,SEG_A,SEG_B,False
13939,SEG_A,SEG_A,True
13940,SEG_A,SEG_A,True
13944,SEG_A,SEG_A,True
13945,SEG_A,SEG_A,True
13947,SEG_A,SEG_A,True
13951,SEG_B,SEG_B,True
13952,SEG_A,SEG_A,True
13953,SEG_B,SEG_B,True
13954,SEG_B,SEG_A,False
13955,SEG_A,SEG_A,True
13957,SEG_A,SEG_A,True
13958,SEG_B,SEG_B,True
13959,SEG_B,SEG_A,False
13960,SEG_A,SEG_A,True
13962,SEG_A,SEG_A,True
13963,SEG_A,SEG_A,True
13965,SEG_C,SEG_A,False
13970,SEG_A,SEG_A,True
13973,SEG_A,SEG_A,True
13975,SEG_B,SEG_A,False
13976,SEG_A,SEG_B,False
13977,SEG_B,SEG_A,False
13978,SEG_A,SEG_A,True
13979,SEG_A,SEG_A,True
13982,SEG_A,SEG_A,True
13983,SEG_B,SEG_B,True
13985,SEG_C,SEG_A,False
13986,SEG_B,SEG_B,True
13987,SEG_B,SEG_B,True
13988,SEG_A,SEG_A,True
13990,SEG_B,SEG_A,False
13992,SEG_B,SEG_A,False
13993,SEG_A,SEG_A,True
13996,SEG_A,SEG_A,True
14000,SEG_A,SEG_A,True
14001,SEG_A,SEG_A,True
14002,SEG_A,SEG_A,True
14003,SEG_A,SEG_A,True
14005,SEG_A,SEG_B,False
14007,SEG_C,SEG_B,False
14008,SEG_A,SEG_A,True
14011,SEG_C,SEG_C,True
14012,SEG_B,SEG_B,True
14017,SEG_B,SEG_B,True
14018,SEG_B,SEG_A,False
14019,SEG_C,SEG_C,True
14021,SEG_A,SEG_A,True
14022,SEG_B,SEG_B,True
14023,SEG_A,SEG_A,True
14025,SEG_C,SEG_B,False
14026,SEG_A,SEG_A,True
14027,SEG_C,SEG_A,False
14028,SEG_A,SEG_A,True
14029,SEG_A,SEG_A,True
14030,SEG_A,SEG_A,True
14035,SEG_A,SEG_A,True
14038,SEG_A,SEG_A,True
14039,SEG_A,SEG_A,True
14040,SEG_B,SEG_B,True
14041,SEG_A,SEG_A,True
14043,SEG_A,SEG_A,True
14046,SEG_B,SEG_B,True
14049,SEG_C,SEG_C,True
14052,SEG_A,SEG_A,True
14053,SEG_A,SEG_A,True
14054,SEG_A,SEG_A,True
14056,SEG_A,SEG_A,True
14058,SEG_A,SEG_A,True
14059,SEG_B,SEG_B,True
14060,SEG_A,SEG_A,True
14062,SEG_A,SEG_A,True
14064,SEG_B,SEG_B,True
14065,SEG_A,SEG_A,True
14066,SEG_C,SEG_C,True
14067,SEG_A,SEG_A,True
14072,SEG_A,SEG_A,True
14074,SEG_B,SEG_B,True
14075,SEG_A,SEG_A,True
14077,SEG_A,SEG_A,True
14079,SEG_B,SEG_B,True
14080,SEG_A,SEG_A,True
14082,SEG_B,SEG_A,False
14083,SEG_A,SEG_A,True
14088,SEG_B,SEG_A,False
14093,SEG_A,SEG_A,True
14094,SEG_A,SEG_A,True
14095,SEG_B,SEG_A,False
14096,SEG_A,SEG_B,False
14098,SEG_A,SEG_A,True
14099,SEG_B,SEG_A,False
14101,SEG_A,SEG_A,True
14102,SEG_B,SEG_B,True
14105,SEG_A,SEG_A,True
14107,SEG_A,SEG_A,True
14108,SEG_A,SEG_A,True
14110,SEG_B,SEG_B,True
14111,SEG_A,SEG_A,True
14117,SEG_C,SEG_B,False
14121,SEG_B,SEG_B,True
14123,SEG_A,SEG_A,True
14128,SEG_A,SEG_A,True
14129,SEG_A,SEG_A,True
14131,SEG_B,SEG_B,True
14132,SEG_B,SEG_B,True
14134,SEG_A,SEG_A,True
14137,SEG_C,SEG_A,False
14138,SEG_A,SEG_A,True
14139,SEG_A,SEG_A,True
14141,SEG_A,SEG_A,True
14144,SEG_A,SEG_A,True
14145,SEG_A,SEG_A,True
14148,SEG_A,SEG_A,True
14153,SEG_A,SEG_B,False
14156,SEG_A,SEG_A,True
14160,SEG_B,SEG_B,True
14168,SEG_B,SEG_A,False
14169,SEG_C,SEG_A,False
14171,SEG_A,SEG_A,True
14172,SEG_A,SEG_A,True
14175,SEG_A,SEG_B,False
14178,SEG_C,SEG_C,True
14179,SEG_C,SEG_A,False
14186,SEG_B,SEG_C,False
14188,SEG_A,SEG_A,True
14189,SEG_A,SEG_A,True
14192,SEG_C,SEG_C,True
14195,SEG_A,SEG_A,True
14197,SEG_A,SEG_A,True
14198,SEG_A,SEG_A,True
14200,SEG_B,SEG_A,False
14203,SEG_A,SEG_B,False
14204,SEG_A,SEG_A,True
14205,SEG_B,SEG_B,True
14206,SEG_B,SEG_B,True
14208,SEG_A,SEG_B,False
14209,SEG_B,SEG_A,False
14210,SEG_A,SEG_A,True
14211,SEG_A,SEG_A,True
14212,SEG_A,SEG_A,True
14213,SEG_A,SEG_A,True
14214,SEG_A,SEG_A,True
14215,SEG_A,SEG_A,True
14217,SEG_A,SEG_A,True
14218,SEG_C,SEG_A,False
14219,SEG_A,SEG_C,False
14220,SEG_A,SEG_A,True
14223,SEG_A,SEG_A,True
14224,SEG_C,SEG_A,False
14225,SEG_A,SEG_A,True
14227,SEG_B,SEG_A,False
14229,SEG_B,SEG_B,True
14230,SEG_B,SEG_A,False
14231,SEG_A,SEG_A,True
14232,SEG_A,SEG_A,True
14233,SEG_A,SEG_A,True
14234,SEG_B,SEG_B,True
14235,SEG_A,SEG_A,True
14236,SEG_B,SEG_C,False
14237,SEG_B,SEG_B,True
14238,SEG_A,SEG_A,True
14240,SEG_B,SEG_B,True
14241,SEG_A,SEG_A,True
14242,SEG_B,SEG_A,False
14243,SEG_A,SEG_A,True
14244,SEG_A,SEG_A,True
14246,SEG_A,SEG_A,True
14247,SEG_A,SEG_A,True
14248,SEG_A,SEG_A,True
14252,SEG_A,SEG_A,True
14253,SEG_B,SEG_B,True
14254,SEG_C,SEG_A,False
14259,SEG_C,SEG_A,False
14260,SEG_A,SEG_A,True
14262,SEG_A,SEG_A,True
14263,SEG_A,SEG_A,True
14264,SEG_A,SEG_A,True
14267,SEG_B,SEG_B,True
14268,SEG_B,SEG_B,True
14271,SEG_B,SEG_B,True
14272,SEG_B,SEG_B,True
14279,SEG_B,SEG_B,True
14282,SEG_B,SEG_C,False
14283,SEG_A,SEG_A,True
14284,SEG_A,SEG_B,False
14285,SEG_B,SEG_A,False
14286,SEG_A,SEG_A,True
14287,SEG_C,SEG_C,True
14288,SEG_B,SEG_B,True
14289,SEG_B,SEG_A,False
14291,SEG_B,SEG_A,False
14293,SEG_A,SEG_A,True
14294,SEG_C,SEG_A,False
14295,SEG_B,SEG_B,True
14298,SEG_C,SEG_A,False
14299,SEG_A,SEG_A,True
14300,SEG_A,SEG_A,True
14301,SEG_C,SEG_A,False
14305,SEG_C,SEG_A,False
14306,SEG_A,SEG_C,False
14307,SEG_A,SEG_A,True
14309,SEG_A,SEG_A,True
14310,SEG_A,SEG_A,True
14311,SEG_A,SEG_A,True
14312,SEG_B,SEG_A,False
14314,SEG_A,SEG_A,True
14315,SEG_B,SEG_A,False
14316,SEG_B,SEG_B,True
14317,SEG_A,SEG_B,False
14318,SEG_C,SEG_B,False
14321,SEG_A,SEG_A,True
14322,SEG_B,SEG_A,False
14324,SEG_B,SEG_C,False
14325,SEG_B,SEG_B,True
14327,SEG_A,SEG_A,True
14328,SEG_C,SEG_A,False
14329,SEG_A,SEG_A,True
14331,SEG_A,SEG_A,True
14332,SEG_A,SEG_A,True
14334,SEG_A,SEG_A,True
14335,SEG_B,SEG_B,True
14337,SEG_C,SEG_B,False
14338,SEG_A,SEG_A,True
14339,SEG_B,SEG_B,True
14340,SEG_A,SEG_A,True
14341,SEG_A,SEG_A,True
14344,SEG_A,SEG_A,True
14345,SEG_A,SEG_A,True
14348,SEG_A,SEG_A,True
14350,SEG_A,SEG_A,True
14352,SEG_A,SEG_A,True
14353,SEG_B,SEG_B,True
14354,SEG_B,SEG_B,True
14355,SEG_A,SEG_A,True
14356,SEG_A,SEG_A,True
14357,SEG_A,SEG_A,True
14359,SEG_A,SEG_A,True
14361,SEG_B,SEG_B,True
14362,SEG_B,SEG_B,True
14363,SEG_A,SEG_A,True
14364,SEG_B,SEG_B,True
14365,SEG_A,SEG_A,True
14368,SEG_A,SEG_A,True
14369,SEG_A,SEG_A,True
14370,SEG_A,SEG_A,True
14371,SEG_A,SEG_A,True
14373,SEG_B,SEG_B,True
14374,SEG_B,SEG_B,True
14375,SEG_A,SEG_A,True
14376,SEG_A,SEG_A,True
14378,SEG_B,SEG_B,True
14379,SEG_C,SEG_C,True
14381,SEG_A,SEG_A,True
14385,SEG_A,SEG_B,False
14386,SEG_A,SEG_A,True
14387,SEG_A,SEG_A,True
14388,SEG_B,SEG_B,True
14389,SEG_A,SEG_A,True
14390,SEG_B,SEG_A,False
14392,SEG_B,SEG_B,True
14393,SEG_C,SEG_B,False
14396,SEG_A,SEG_A,True
14399,SEG_A,SEG_A,True
14401,SEG_B,SEG_B,True
14402,SEG_A,SEG_A,True
14403,SEG_A,SEG_A,True
14404,SEG_B,SEG_B,True
14405,SEG_A,SEG_A,True
14406,SEG_A,SEG_A,True
14407,SEG_A,SEG_A,True
14408,SEG_A,SEG_A,True
14409,SEG_A,SEG_A,True
14410,SEG_A,SEG_A,True
14411,SEG_C,SEG_A,False
14412,SEG_A,SEG_A,True
14414,SEG_B,SEG_B,True
14416,SEG_A,SEG_A,True
14418,SEG_A,SEG_A,True
14420,SEG_A,SEG_A,True
14421,SEG_A,SEG_A,True
14425,SEG_A,SEG_A,True
14426,SEG_A,SEG_A,True
14427,SEG_A,SEG_A,True
14428,SEG_B,SEG_B,True
14429,SEG_A,SEG_A,True
14432,SEG_A,SEG_A,True
14438,SEG_A,SEG_A,True
14439,SEG_C,SEG_A,False
14440,SEG_B,SEG_B,True
14442,SEG_A,SEG_A,True
14443,SEG_A,SEG_A,True
14444,SEG_A,SEG_A,True
14445,SEG_B,SEG_A,False
14447,SEG_A,SEG_A,True
14448,SEG_B,SEG_A,False
14449,SEG_A,SEG_A,True
14450,SEG_B,SEG_B,True
14451,SEG_A,SEG_B,False
14452,SEG_A,SEG_A,True
14453,SEG_B,SEG_B,True
14455,SEG_A,SEG_A,True
14456,SEG_A,SEG_A,True
14457,SEG_A,SEG_A,True
14458,SEG_A,SEG_B,False
14459,SEG_A,SEG_A,True
14464,SEG_A,SEG_A,True
14466,SEG_A,SEG_A,True
14467,SEG_A,SEG_B,False
14469,SEG_A,SEG_A,True
14470,SEG_B,SEG_B,True
14471,SEG_A,SEG_A,True
14475,SEG_B,SEG_B,True
14477,SEG_B,SEG_B,True
14480,SEG_A,SEG_A,True
14481,SEG_A,SEG_A,True
14482,SEG_A,SEG_A,True
14484,SEG_A,SEG_A,True
14488,SEG_A,SEG_A,True
14489,SEG_B,SEG_B,True
14493,SEG_A,SEG_A,True
14494,SEG_B,SEG_B,True
14495,SEG_B,SEG_B,True
14499,SEG_A,SEG_A,True
14500,SEG_B,SEG_B,True
14501,SEG_C,SEG_C,True
14504,SEG_B,SEG_A,False
14505,SEG_B,SEG_A,False
14506,SEG_B,SEG_A,False
14508,SEG_A,SEG_A,True
14509,SEG_A,SEG_A,True
14510,SEG_B,SEG_B,True
14511,SEG_A,SEG_A,True
14513,SEG_A,SEG_A,True
14516,SEG_A,SEG_A,True
14518,SEG_A,SEG_A,True
14521,SEG_B,SEG_B,True
14524,SEG_A,SEG_A,True
14525,SEG_B,SEG_B,True
14526,SEG_B,SEG_B,True
14528,SEG_A,SEG_A,True
14529,SEG_C,SEG_C,True
14530,SEG_A,SEG_A,True
14531,SEG_A,SEG_A,True
14532,SEG_A,SEG_A,True
14537,SEG_A,SEG_A,True
14539,SEG_A,SEG_A,True
14540,SEG_B,SEG_B,True
14542,SEG_A,SEG_A,True
14545,SEG_A,SEG_B,False
14547,SEG_B,SEG_A,False
14548,SEG_A,SEG_A,True
14551,SEG_A,SEG_C,False
14553,SEG_B,SEG_A,False
14556,SEG_A,SEG_A,True
14559,SEG_A,SEG_A,True
14561,SEG_B,SEG_C,False
14562,SEG_A,SEG_A,True
14564,SEG_C,SEG_A,False
14566,SEG_A,SEG_A,True
14567,SEG_A,SEG_A,True
14569,SEG_B,SEG_B,True
14570,SEG_A,SEG_A,True
14571,SEG_A,SEG_A,True
14572,SEG_A,SEG_A,True
14576,SEG_B,SEG_B,True
14577,SEG_C,SEG_A,False
14578,SEG_A,SEG_A,True
14580,SEG_B,SEG_B,True
14581,SEG_A,SEG_A,True
14584,SEG_A,SEG_A,True
14585,SEG_A,SEG_A,True
14586,SEG_B,SEG_B,True
14587,SEG_A,SEG_A,True
14592,SEG_B,SEG_C,False
14596,SEG_A,SEG_A,True
14598,SEG_B,SEG_A,False
14599,SEG_B,SEG_A,False
14600,SEG_A,SEG_A,True
14601,SEG_A,SEG_A,True
14603,SEG_B,SEG_B,True
14605,SEG_A,SEG_A,True
14606,SEG_C,SEG_A,False
14609,SEG_A,SEG_A,True
14615,SEG_C,SEG_B,False
14619,SEG_A,SEG_A,True
14620,SEG_A,SEG_A,True
14626,SEG_A,SEG_A,True
14627,SEG_A,SEG_A,True
14629,SEG_B,SEG_B,True
14630,SEG_A,SEG_A,True
14632,SEG_B,SEG_B,True
14633,SEG_A,SEG_A,True
14637,SEG_B,SEG_B,True
14638,SEG_B,SEG_B,True
14639,SEG_A,SEG_B,False
14641,SEG_A,SEG_A,True
14642,SEG_A,SEG_A,True
14643,SEG_A,SEG_A,True
14645,SEG_B,SEG_A,False
14646,SEG_A,SEG_A,True
14650,SEG_B,SEG_B,True
14651,SEG_A,SEG_A,True
14653,SEG_A,SEG_A,True
14654,SEG_A,SEG_A,True
14655,SEG_A,SEG_B,False
14656,SEG_B,SEG_A,False
14658,SEG_A,SEG_A,True
14659,SEG_C,SEG_A,False
14660,SEG_B,SEG_A,False
14663,SEG_B,SEG_A,False
14664,SEG_A,SEG_A,True
14666,SEG_A,SEG_A,True
14667,SEG_C,SEG_C,True
14668,SEG_B,SEG_B,True
14669,SEG_C,SEG_A,False
14671,SEG_A,SEG_A,True
14672,SEG_B,SEG_B,True
14673,SEG_B,SEG_A,False
14674,SEG_C,SEG_C,True
14676,SEG_A,SEG_A,True
14677,SEG_A,SEG_A,True
14678,SEG_A,SEG_A,True
14679,SEG_A,SEG_A,True
14680,SEG_A,SEG_A,True
14681,SEG_A,SEG_A,True
14683,SEG_C,SEG_A,False
14684,SEG_A,SEG_B,False
14685,SEG_B,SEG_A,False
14687,SEG_A,SEG_A,True
14688,SEG_A,SEG_A,True
14690,SEG_C,SEG_B,False
14692,SEG_A,SEG_A,True
14693,SEG_B,SEG_A,False
14695,SEG_A,SEG_B,False
14699,SEG_A,SEG_A,True
14703,SEG_A,SEG_A,True
14705,SEG_A,SEG_A,True
14706,SEG_B,SEG_A,False
14707,SEG_A,SEG_A,True
14709,SEG_A,SEG_A,True
14710,SEG_A,SEG_A,True
14711,SEG_B,SEG_B,True
14712,SEG_B,SEG_B,True
14713,SEG_B,SEG_A,False
14714,SEG_A,SEG_B,False
14715,SEG_A,SEG_A,True
14716,SEG_A,SEG_A,True
14717,SEG_A,SEG_B,False
14718,SEG_A,SEG_A,True
14720,SEG_C,SEG_C,True
14721,SEG_A,SEG_A,True
14729,SEG_B,SEG_B,True
14730,SEG_B,SEG_B,True
14731,SEG_A,SEG_A,True
14735,SEG_B,SEG_A,False
14739,SEG_A,SEG_B,False
14740,SEG_B,SEG_B,True
14743,SEG_B,SEG_A,False
14745,SEG_B,SEG_B,True
14751,SEG_A,SEG_A,True
14752,SEG_A,SEG_A,True
14753,SEG_A,SEG_A,True
14756,SEG_B,SEG_A,False
14757,SEG_A,SEG_A,True
14758,SEG_C,SEG_B,False
14761,SEG_A,SEG_A,True
14763,SEG_A,SEG_A,True
14767,SEG_B,SEG_B,True
14768,SEG_A,SEG_A,True
14769,SEG_A,SEG_A,True
14770,SEG_A,SEG_A,True
14772,SEG_A,SEG_A,True
14773,SEG_A,SEG_A,True
14775,SEG_A,SEG_A,True
14777,SEG_A,SEG_A,True
14779,SEG_A,SEG_B,False
14781,SEG_B,SEG_B,True
14782,SEG_A,SEG_B,False
14784,SEG_A,SEG_B,False
14785,SEG_A,SEG_A,True
14786,SEG_A,SEG_A,True
14789,SEG_A,SEG_A,True
14790,SEG_A,SEG_A,True
14793,SEG_A,SEG_A,True
14794,SEG_A,SEG_A,True
14800,SEG_A,SEG_B,False
14807,SEG_B,SEG_B,True
14808,SEG_A,SEG_A,True
14810,SEG_A,SEG_A,True
14817,SEG_A,SEG_A,True
14819,SEG_A,SEG_A,True
14820,SEG_A,SEG_A,True
14821,SEG_A,SEG_A,True
14822,SEG_A,SEG_A,True
14823,SEG_A,SEG_A,True
14824,SEG_B,SEG_B,True
14829,SEG_A,SEG_A,True
14830,SEG_A,SEG_A,True
14831,SEG_A,SEG_A,True
14833,SEG_B,SEG_B,True
14836,SEG_A,SEG_A,True
14840,SEG_A,SEG_A,True
14841,SEG_B,SEG_B,True
14844,SEG_C,SEG_C,True
14847,SEG_A,SEG_A,True
14848,SEG_A,SEG_A,True
14849,SEG_A,SEG_A,True
14852,SEG_A,SEG_A,True
14853,SEG_A,SEG_B,False
14854,SEG_A,SEG_A,True
14855,SEG_A,SEG_A,True
14856,SEG_B,SEG_A,False
14858,SEG_A,SEG_B,False
14859,SEG_B,SEG_A,False
14865,SEG_B,SEG_B,True
14866,SEG_A,SEG_A,True
14867,SEG_B,SEG_B,True
14868,SEG_A,SEG_A,True
14869,SEG_C,SEG_A,False
14870,SEG_A,SEG_B,False
14871,SEG_A,SEG_A,True
14872,SEG_A,SEG_A,True
14874,SEG_A,SEG_A,True
14877,SEG_A,SEG_A,True
14880,SEG_A,SEG_A,True
14884,SEG_C,SEG_B,False
14885,SEG_C,SEG_B,False
14887,SEG_A,SEG_B,False
14888,SEG_A,SEG_A,True
14890,SEG_A,SEG_A,True
14891,SEG_A,SEG_A,True
14893,SEG_A,SEG_A,True
14894,SEG_A,SEG_A,True
14895,SEG_B,SEG_A,False
14897,SEG_B,SEG_B,True
14898,SEG_B,SEG_B,True
14899,SEG_B,SEG_B,True
14901,SEG_B,SEG_B,True
14902,SEG_A,SEG_A,True
14903,SEG_A,SEG_A,True
14904,SEG_C,SEG_B,False
14905,SEG_C,SEG_C,True
14906,SEG_B,SEG_B,True
14908,SEG_A,SEG_A,True
14910,SEG_A,SEG_A,True
14911,SEG_A,SEG_A,True
14913,SEG_C,SEG_B,False
14914,SEG_A,SEG_A,True
14919,SEG_A,SEG_A,True
14922,SEG_B,SEG_A,False
14923,SEG_A,SEG_A,True
14927,SEG_A,SEG_A,True
14928,SEG_B,SEG_A,False
14931,SEG_A,SEG_A,True
14932,SEG_C,SEG_C,True
14936,SEG_C,SEG_A,False
14938,SEG_A,SEG_A,True
14941,SEG_A,SEG_A,True
14942,SEG_B,SEG_A,False
14943,SEG_B,SEG_B,True
14944,SEG_A,SEG_A,True
14946,SEG_A,SEG_B,False
14950,SEG_A,SEG_A,True
14951,SEG_B,SEG_C,False
14952,SEG_A,SEG_A,True
14953,SEG_A,SEG_A,True
14955,SEG_A,SEG_A,True
14957,SEG_A,SEG_A,True
14958,SEG_B,SEG_A,False
14959,SEG_B,SEG_B,True
14961,SEG_B,SEG_B,True
14963,SEG_A,SEG_B,False
14964,SEG_A,SEG_A,True
14965,SEG_A,SEG_A,True
14966,SEG_A,SEG_A,True
14970,SEG_A,SEG_A,True
14972,SEG_B,SEG_B,True
14973,SEG_A,SEG_A,True
14974,SEG_B,SEG_B,True
14977,SEG_B,SEG_A,False
14978,SEG_A,SEG_A,True
14979,SEG_A,SEG_A,True
14980,SEG_A,SEG_A,True
14983,SEG_B,SEG_B,True
14984,SEG_A,SEG_A,True
14986,SEG_B,SEG_A,False
14987,SEG_A,SEG_A,True
14988,SEG_A,SEG_A,True
14989,SEG_B,SEG_A,False
14990,SEG_A,SEG_A,True
14991,SEG_B,SEG_B,True
14994,SEG_A,SEG_A,True
14995,SEG_A,SEG_A,True
14997,SEG_A,SEG_A,True
14999,SEG_A,SEG_B,False
15000,SEG_B,SEG_A,False
15001,SEG_B,SEG_B,True
15004,SEG_A,SEG_A,True
15005,SEG_A,SEG_A,True
15010,SEG_A,SEG_A,True
15011,SEG_C,SEG_A,False
15012,SEG_A,SEG_A,True
15013,SEG_A,SEG_A,True
15014,SEG_A,SEG_A,True
15016,SEG_A,SEG_A,True
15017,SEG_A,SEG_A,True
15019,SEG_B,SEG_B,True
15021,SEG_A,SEG_A,True
15023,SEG_A,SEG_A,True
15025,SEG_A,SEG_A,True
15026,SEG_A,SEG_A,True
15030,SEG_A,SEG_A,True
15032,SEG_A,SEG_A,True
15033,SEG_A,SEG_A,True
15034,SEG_A,SEG_A,True
15037,SEG_A,SEG_A,True
15040,SEG_A,SEG_A,True
15042,SEG_A,SEG_A,True
15043,SEG_A,SEG_A,True
15045,SEG_A,SEG_A,True
15046,SEG_A,SEG_A,True
15048,SEG_B,SEG_A,False
15049,SEG_A,SEG_A,True
15050,SEG_A,SEG_A,True
15052,SEG_A,SEG_A,True
15053,SEG_A,SEG_A,True
15055,SEG_A,SEG_A,True
15056,SEG_A,SEG_A,True
15057,SEG_C,SEG_A,False
15059,SEG_B,SEG_A,False
15060,SEG_A,SEG_A,True
15061,SEG_A,SEG_A,True
15065,SEG_A,SEG_A,True
15066,SEG_A,SEG_A,True
15067,SEG_A,SEG_A,True
15068,SEG_B,SEG_B,True
15069,SEG_A,SEG_A,True
15070,SEG_C,SEG_A,False
15073,SEG_A,SEG_A,True
15079,SEG_A,SEG_A,True
15080,SEG_A,SEG_B,False
15081,SEG_B,SEG_A,False
15083,SEG_A,SEG_A,True
15087,SEG_C,SEG_A,False
15090,SEG_A,SEG_A,True
15093,SEG_A,SEG_A,True
15096,SEG_A,SEG_A,True
15101,SEG_B,SEG_B,True
15103,SEG_C,SEG_B,False
15104,SEG_A,SEG_A,True
15107,SEG_A,SEG_A,True
15110,SEG_B,SEG_B,True
15112,SEG_A,SEG_A,True
15113,SEG_A,SEG_A,True
15118,SEG_A,SEG_A,True
15119,SEG_A,SEG_A,True
15120,SEG_C,SEG_A,False
15121,SEG_B,SEG_A,False
15123,SEG_A,SEG_A,True
15124,SEG_A,SEG_A,True
15127,SEG_A,SEG_C,False
15132,SEG_A,SEG_A,True
15136,SEG_A,SEG_A,True
15138,SEG_B,SEG_A,False
15139,SEG_B,SEG_B,True
15140,SEG_A,SEG_A,True
15141,SEG_A,SEG_A,True
15143,SEG_A,SEG_A,True
15144,SEG_A,SEG_B,False
15145,SEG_A,SEG_A,True
15147,SEG_A,SEG_A,True
15148,SEG_A,SEG_A,True
15152,SEG_B,SEG_A,False
15157,SEG_A,SEG_A,True
15159,SEG_B,SEG_B,True
15161,SEG_A,SEG_A,True
15163,SEG_B,SEG_B,True
15164,SEG_A,SEG_A,True
15165,SEG_A,SEG_A,True
15166,SEG_C,SEG_A,False
15168,SEG_A,SEG_A,True
15171,SEG_B,SEG_A,False
15173,SEG_A,SEG_A,True
15174,SEG_B,SEG_A,False
15175,SEG_A,SEG_A,True
15177,SEG_B,SEG_B,True
15178,SEG_A,SEG_A,True
15180,SEG_C,SEG_B,False
15181,SEG_A,SEG_A,True
15183,SEG_B,SEG_A,False
15184,SEG_B,SEG_A,False
15185,SEG_A,SEG_B,False
15186,SEG_A,SEG_A,True
15188,SEG_C,SEG_A,False
15191,SEG_A,SEG_A,True
15195,SEG_A,SEG_A,True
15197,SEG_A,SEG_A,True
15199,SEG_A,SEG_A,True
15201,SEG_A,SEG_A,True
15204,SEG_A,SEG_A,True
15206,SEG_A,SEG_A,True
15207,SEG_B,SEG_B,True
15208,SEG_B,SEG_B,True
15210,SEG_A,SEG_A,True
15212,SEG_A,SEG_A,True
15214,SEG_A,SEG_A,True
15218,SEG_A,SEG_A,True
15219,SEG_A,SEG_A,True
15220,SEG_C,SEG_B,False
15223,SEG_A,SEG_A,True
15226,SEG_B,SEG_B,True
15230,SEG_B,SEG_B,True
15231,SEG_A,SEG_A,True
15232,SEG_B,SEG_A,False
15238,SEG_A,SEG_A,True
15241,SEG_A,SEG_A,True
15247,SEG_B,SEG_A,False
15248,SEG_A,SEG_A,True
15250,SEG_A,SEG_A,True
15251,SEG_B,SEG_C,False
15252,SEG_A,SEG_A,True
15254,SEG_A,SEG_A,True
15255,SEG_A,SEG_A,True
15256,SEG_A,SEG_A,True
15257,SEG_C,SEG_A,False
15258,SEG_B,SEG_B,True
15259,SEG_C,SEG_A,False
15260,SEG_B,SEG_A,False
15262,SEG_A,SEG_A,True
15263,SEG_A,SEG_A,True
15266,SEG_B,SEG_A,False
15267,SEG_A,SEG_B,False
15268,SEG_A,SEG_A,True
15269,SEG_A,SEG_A,True
15270,SEG_A,SEG_A,True
15271,SEG_B,SEG_B,True
15272,SEG_A,SEG_A,True
15273,SEG_A,SEG_A,True
15276,SEG_C,SEG_A,False
15281,SEG_A,SEG_A,True
15282,SEG_A,SEG_A,True
15284,SEG_B,SEG_B,True
15285,SEG_A,SEG_A,True
15286,SEG_C,SEG_C,True
15287,SEG_A,SEG_A,True
15288,SEG_A,SEG_A,True
15289,SEG_B,SEG_B,True
15291,SEG_C,SEG_A,False
15294,SEG_B,SEG_B,True
15297,SEG_A,SEG_A,True
15299,SEG_A,SEG_A,True
15301,SEG_A,SEG_A,True
15302,SEG_A,SEG_A,True
15303,SEG_A,SEG_A,True
15304,SEG_C,SEG_A,False
15308,SEG_A,SEG_A,True
15309,SEG_A,SEG_A,True
15310,SEG_A,SEG_A,True
15314,SEG_A,SEG_A,True
15316,SEG_A,SEG_A,True
15317,SEG_A,SEG_A,True
15320,SEG_A,SEG_A,True
15325,SEG_A,SEG_A,True
15329,SEG_A,SEG_A,True
15331,SEG_C,SEG_A,False
15332,SEG_C,SEG_B,False
15338,SEG_A,SEG_A,True
15343,SEG_B,SEG_A,False
15345,SEG_A,SEG_A,True
15346,SEG_B,SEG_A,False
15347,SEG_C,SEG_A,False
15348,SEG_B,SEG_A,False
15350,SEG_A,SEG_A,True
15351,SEG_B,SEG_B,True
15352,SEG_A,SEG_A,True
15353,SEG_A,SEG_A,True
15360,SEG_B,SEG_B,True
15362,SEG_A,SEG_B,False
15364,SEG_A,SEG_A,True
15366,SEG_B,SEG_A,False
15373,SEG_A,SEG_B,False
15375,SEG_C,SEG_B,False
15376,SEG_A,SEG_A,True
15378,SEG_A,SEG_A,True
15379,SEG_A,SEG_A,True
15380,SEG_B,SEG_B,True
15382,SEG_A,SEG_B,False
15383,SEG_A,SEG_B,False
15385,SEG_A,SEG_A,True
15389,SEG_A,SEG_A,True
15394,SEG_B,SEG_A,False
15395,SEG_B,SEG_A,False
15396,SEG_B,SEG_B,True
15402,SEG_A,SEG_A,True
15403,SEG_A,SEG_A,True
15404,SEG_A,SEG_B,False
15406,SEG_A,SEG_A,True
15408,SEG_B,SEG_B,True
15409,SEG_A,SEG_A,True
15410,SEG_A,SEG_B,False
15411,SEG_A,SEG_A,True
15413,SEG_B,SEG_A,False
15421,SEG_A,SEG_A,True
15422,SEG_A,SEG_A,True
15428,SEG_A,SEG_A,True
15432,SEG_B,SEG_B,True
15433,SEG_B,SEG_B,True
15436,SEG_C,SEG_B,False
15439,SEG_B,SEG_B,True
15441,SEG_A,SEG_B,False
15446,SEG_B,SEG_B,True
15448,SEG_A,SEG_A,True
15455,SEG_B,SEG_C,False
15457,SEG_A,SEG_A,True
15458,SEG_B,SEG_B,True
15459,SEG_B,SEG_B,True
15460,SEG_C,SEG_A,False
15462,SEG_A,SEG_B,False
15463,SEG_A,SEG_A,True
15467,SEG_B,SEG_A,False
15470,SEG_A,SEG_A,True
15473,SEG_A,SEG_A,True
15474,SEG_A,SEG_A,True
15476,SEG_A,SEG_B,False
15484,SEG_B,SEG_A,False
15485,SEG_A,SEG_A,True
15489,SEG_B,SEG_B,True
15490,SEG_C,SEG_A,False
15491,SEG_A,SEG_A,True
15494,SEG_A,SEG_A,True
15495,SEG_A,SEG_B,False
15499,SEG_B,SEG_A,False
15502,SEG_A,SEG_A,True
15503,SEG_B,SEG_B,True
15504,SEG_C,SEG_C,True
15505,SEG_B,SEG_B,True
15507,SEG_A,SEG_A,True
15508,SEG_B,SEG_B,True
15509,SEG_A,SEG_A,True
15512,SEG_A,SEG_A,True
15514,SEG_A,SEG_A,True
15515,SEG_A,SEG_A,True
15516,SEG_B,SEG_B,True
15517,SEG_A,SEG_A,True
15521,SEG_A,SEG_B,False
15524,SEG_A,SEG_A,True
15528,SEG_A,SEG_A,True
15530,SEG_A,SEG_A,True
15532,SEG_A,SEG_A,True
15534,SEG_A,SEG_A,True
15538,SEG_A,SEG_A,True
15539,SEG_A,SEG_A,True
15543,SEG_A,SEG_A,True
15545,SEG_A,SEG_A,True
15546,SEG_A,SEG_A,True
15547,SEG_A,SEG_A,True
15550,SEG_A,SEG_A,True
15551,SEG_A,SEG_A,True
15552,SEG_A,SEG_A,True
15554,SEG_A,SEG_A,True
15555,SEG_B,SEG_A,False
15556,SEG_A,SEG_A,True
15559,SEG_A,SEG_A,True
15563,SEG_A,SEG_B,False
15565,SEG_A,SEG_A,True
15566,SEG_A,SEG_A,True
15571,SEG_B,SEG_B,True
15572,SEG_A,SEG_A,True
15575,SEG_A,SEG_A,True
15580,SEG_A,SEG_A,True
15582,SEG_B,SEG_B,True
15586,SEG_A,SEG_A,True
15587,SEG_B,SEG_B,True
15589,SEG_B,SEG_B,True
15590,SEG_A,SEG_A,True
15591,SEG_B,SEG_B,True
15601,SEG_A,SEG_A,True
15606,SEG_A,SEG_A,True
15613,SEG_A,SEG_A,True
15637,SEG_A,SEG_A,True
15664,SEG_B,SEG_B,True
15679,SEG_A,SEG_A,True
15683,SEG_A,SEG_A,True
15698,SEG_A,SEG_A,True
15709,SEG_A,SEG_A,True
15711,SEG_B,SEG_A,False
15755,SEG_B,SEG_A,False
15776,SEG_A,SEG_A,True
15783,SEG_A,SEG_B,False
15790,SEG_A,SEG_A,True
15803,SEG_B,SEG_C,False
15829,SEG_A,SEG_A,True
15836,SEG_B,SEG_A,False
15846,SEG_A,SEG_A,True
15849,SEG_B,SEG_B,True
15850,SEG_A,SEG_A,True
15853,SEG_B,SEG_B,True
15865,SEG_A,SEG_A,True
15875,SEG_B,SEG_B,True
15882,SEG_A,SEG_A,True
15888,SEG_A,SEG_A,True
15889,SEG_A,SEG_A,True
15949,SEG_B,SEG_B,True
15957,SEG_A,SEG_A,True
15984,SEG_B,SEG_B,True
15990,SEG_C,SEG_C,True
16000,SEG_B,SEG_B,True
16001,SEG_A,SEG_A,True
16008,SEG_A,SEG_A,True
16011,SEG_A,SEG_A,True
16012,SEG_A,SEG_A,True
16015,SEG_B,SEG_A,False
16020,SEG_A,SEG_A,True
16021,SEG_A,SEG_A,True
16022,SEG_A,SEG_A,True
16030,SEG_B,SEG_B,True
16032,SEG_A,SEG_B,False
16037,SEG_A,SEG_A,True
16040,SEG_A,SEG_A,True
16042,SEG_A,SEG_A,True
16043,SEG_A,SEG_A,True
16045,SEG_A,SEG_B,False
16046,SEG_B,SEG_B,True
16047,SEG_A,SEG_A,True
16049,SEG_A,SEG_A,True
16052,SEG_B,SEG_B,True
16060,SEG_A,SEG_A,True
16066,SEG_A,SEG_A,True
16069,SEG_A,SEG_A,True
16071,SEG_A,SEG_A,True
16076,SEG_A,SEG_A,True
16077,SEG_A,SEG_A,True
16083,SEG_A,SEG_B,False
16087,SEG_A,SEG_A,True
16092,SEG_B,SEG_A,False
16094,SEG_A,SEG_A,True
16095,SEG_A,SEG_A,True
16100,SEG_B,SEG_B,True
16101,SEG_A,SEG_A,True
16102,SEG_B,SEG_A,False
16112,SEG_A,SEG_A,True
16115,SEG_A,SEG_A,True
16117,SEG_B,SEG_B,True
16118,SEG_A,SEG_A,True
16125,SEG_A,SEG_A,True
16130,SEG_A,SEG_A,True
16133,SEG_A,SEG_A,True
16134,SEG_A,SEG_A,True
16135,SEG_B,SEG_A,False
16136,SEG_A,SEG_A,True
16137,SEG_B,SEG_A,False
16138,SEG_A,SEG_A,True
16140,SEG_A,SEG_B,False
16142,SEG_A,SEG_A,True
16146,SEG_A,SEG_A,True
16152,SEG_B,SEG_A,False
16153,SEG_A,SEG_A,True
16162,SEG_A,SEG_A,True
16163,SEG_B,SEG_A,False
16166,SEG_A,SEG_C,False
16173,SEG_A,SEG_A,True
16176,SEG_A,SEG_A,True
16183,SEG_A,SEG_A,True
16186,SEG_A,SEG_A,True
16187,SEG_A,SEG_A,True
16188,SEG_C,SEG_C,True
16189,SEG_A,SEG_A,True
16190,SEG_A,SEG_A,True
16195,SEG_B,SEG_A,False
16200,SEG_A,SEG_A,True
16202,SEG_A,SEG_A,True
16208,SEG_B,SEG_B,True
16211,SEG_C,SEG_C,True
16212,SEG_A,SEG_C,False
16220,SEG_A,SEG_A,True
16226,SEG_A,SEG_A,True
16228,SEG_A,SEG_A,True
16230,SEG_A,SEG_A,True
16234,SEG_A,SEG_A,True
16237,SEG_C,SEG_B,False
16239,SEG_A,SEG_A,True
16240,SEG_C,SEG_C,True
16242,SEG_A,SEG_A,True
16243,SEG_A,SEG_A,True
16248,SEG_A,SEG_A,True
16249,SEG_A,SEG_A,True
16250,SEG_B,SEG_B,True
16251,SEG_A,SEG_A,True
16262,SEG_A,SEG_A,True
16264,SEG_B,SEG_B,True
16265,SEG_A,SEG_A,True
16274,SEG_B,SEG_B,True
16277,SEG_B,SEG_A,False
16279,SEG_A,SEG_A,True
16291,SEG_B,SEG_A,False
16295,SEG_A,SEG_A,True
16298,SEG_A,SEG_A,True
16301,SEG_C,SEG_B,False
16302,SEG_B,SEG_B,True
16307,SEG_A,SEG_A,True
16309,SEG_B,SEG_B,True
16310,SEG_A,SEG_A,True
16312,SEG_B,SEG_A,False
16313,SEG_B,SEG_A,False
16314,SEG_A,SEG_A,True
16315,SEG_A,SEG_A,True
16316,SEG_B,SEG_A,False
16319,SEG_A,SEG_A,True
16320,SEG_B,SEG_B,True
16322,SEG_A,SEG_A,True
16324,SEG_A,SEG_A,True
16325,SEG_A,SEG_A,True
16327,SEG_A,SEG_A,True
16329,SEG_A,SEG_A,True
16336,SEG_A,SEG_A,True
16337,SEG_A,SEG_A,True
16338,SEG_B,SEG_B,True
16349,SEG_A,SEG_A,True
16354,SEG_A,SEG_A,True
16356,SEG_A,SEG_A,True
16362,SEG_A,SEG_A,True
16363,SEG_A,SEG_A,True
16373,SEG_B,SEG_B,True
16378,SEG_B,SEG_B,True
16380,SEG_C,SEG_A,False
16382,SEG_A,SEG_A,True
16383,SEG_C,SEG_A,False
16385,SEG_A,SEG_A,True
16386,SEG_A,SEG_A,True
16390,SEG_C,SEG_A,False
16393,SEG_A,SEG_A,True
16396,SEG_B,SEG_B,True
16399,SEG_A,SEG_A,True
16400,SEG_A,SEG_A,True
16407,SEG_A,SEG_A,True
16408,SEG_C,SEG_A,False
16410,SEG_C,SEG_A,False
16411,SEG_B,SEG_B,True
16415,SEG_A,SEG_A,True
16416,SEG_A,SEG_A,True
16417,SEG_C,SEG_C,True
16421,SEG_A,SEG_A,True
16424,SEG_A,SEG_A,True
16427,SEG_A,SEG_A,True
16432,SEG_C,SEG_A,False
16433,SEG_B,SEG_B,True
16435,SEG_A,SEG_A,True
16437,SEG_B,SEG_A,False
16443,SEG_A,SEG_A,True
16444,SEG_B,SEG_B,True
16445,SEG_B,SEG_B,True
16446,SEG_C,SEG_C,True
16447,SEG_A,SEG_A,True
16451,SEG_A,SEG_A,True
16452,SEG_A,SEG_A,True
16464,SEG_A,SEG_A,True
16465,SEG_A,SEG_A,True
16470,SEG_A,SEG_A,True
16476,SEG_C,SEG_A,False
16479,SEG_B,SEG_B,True
16480,SEG_A,SEG_A,True
16482,SEG_A,SEG_A,True
16483,SEG_B,SEG_B,True
16484,SEG_B,SEG_B,True
16485,SEG_A,SEG_A,True
16487,SEG_B,SEG_B,True
16489,SEG_A,SEG_A,True
16490,SEG_A,SEG_A,True
16497,SEG_A,SEG_A,True
16498,SEG_A,SEG_A,True
16499,SEG_B,SEG_A,False
16502,SEG_A,SEG_A,True
16503,SEG_A,SEG_B,False
16504,SEG_B,SEG_A,False
16508,SEG_B,SEG_B,True
16509,SEG_A,SEG_A,True
16510,SEG_A,SEG_A,True
16514,SEG_A,SEG_A,True
16520,SEG_A,SEG_A,True
16532,SEG_B,SEG_B,True
16533,SEG_A,SEG_A,True
16543,SEG_A,SEG_A,True
16544,SEG_A,SEG_A,True
16546,SEG_A,SEG_A,True
16550,SEG_B,SEG_A,False
16556,SEG_A,SEG_A,True
16558,SEG_B,SEG_A,False
16568,SEG_B,SEG_B,True
16572,SEG_A,SEG_A,True
16577,SEG_B,SEG_A,False
16579,SEG_B,SEG_B,True
16586,SEG_B,SEG_B,True
16592,SEG_A,SEG_B,False
16594,SEG_B,SEG_B,True
16596,SEG_C,SEG_C,True
16598,SEG_A,SEG_A,True
16600,SEG_B,SEG_A,False
16604,SEG_A,SEG_A,True
16608,SEG_B,SEG_A,False
16610,SEG_B,SEG_B,True
16615,SEG_A,SEG_A,True
16619,SEG_B,SEG_B,True
16636,SEG_A,SEG_A,True
16639,SEG_A,SEG_A,True
16640,SEG_A,SEG_A,True
16641,SEG_B,SEG_B,True
16645,SEG_A,SEG_A,True
16656,SEG_B,SEG_B,True
16658,SEG_A,SEG_B,False
16659,SEG_A,SEG_A,True
16661,SEG_A,SEG_B,False
16662,SEG_A,SEG_A,True
16663,SEG_B,SEG_B,True
16665,SEG_A,SEG_A,True
16667,SEG_B,SEG_B,True
16672,SEG_A,SEG_A,True
16673,SEG_B,SEG_B,True
16676,SEG_B,SEG_B,True
16678,SEG_B,SEG_B,True
16680,SEG_A,SEG_A,True
16686,SEG_A,SEG_A,True
16689,SEG_A,SEG_A,True
16692,SEG_A,SEG_B,False
16695,SEG_A,SEG_A,True
16696,SEG_A,SEG_A,True
16698,SEG_A,SEG_B,False
16702,SEG_A,SEG_A,True
16707,SEG_C,SEG_A,False
16713,SEG_A,SEG_A,True
16714,SEG_A,SEG_A,True
16717,SEG_A,SEG_A,True
16718,SEG_A,SEG_A,True
16719,SEG_A,SEG_A,True
16736,SEG_A,SEG_A,True
16745,SEG_A,SEG_A,True
16746,SEG_A,SEG_A,True
16747,SEG_A,SEG_A,True
16753,SEG_A,SEG_A,True
16754,SEG_B,SEG_B,True
16766,SEG_B,SEG_A,False
16768,SEG_A,SEG_A,True
16770,SEG_B,SEG_A,False
16772,SEG_A,SEG_A,True
16774,SEG_A,SEG_A,True
16780,SEG_A,SEG_A,True
16782,SEG_B,SEG_B,True
16791,SEG_A,SEG_A,True
16792,SEG_A,SEG_A,True
16796,SEG_A,SEG_A,True
16797,SEG_A,SEG_A,True
16799,SEG_A,SEG_A,True
16805,SEG_A,SEG_A,True
16811,SEG_C,SEG_B,False
16814,SEG_B,SEG_A,False
16821,SEG_A,SEG_A,True
16826,SEG_A,SEG_A,True
16828,SEG_A,SEG_A,True
16837,SEG_A,SEG_A,True
16838,SEG_A,SEG_A,True
16839,SEG_A,SEG_A,True
16849,SEG_A,SEG_A,True
16861,SEG_A,SEG_A,True
16866,SEG_A,SEG_A,True
16872,SEG_A,SEG_A,True
16874,SEG_C,SEG_C,True
16880,SEG_A,SEG_A,True
16881,SEG_A,SEG_A,True
16886,SEG_A,SEG_A,True
16889,SEG_A,SEG_A,True
16892,SEG_A,SEG_A,True
16895,SEG_B,SEG_B,True
16897,SEG_A,SEG_B,False
16898,SEG_A,SEG_A,True
16899,SEG_B,SEG_A,False
16900,SEG_B,SEG_A,False
16903,SEG_A,SEG_A,True
16906,SEG_A,SEG_A,True
16908,SEG_B,SEG_B,True
16917,SEG_A,SEG_A,True
16921,SEG_A,SEG_B,False
16925,SEG_B,SEG_B,True
16928,SEG_A,SEG_A,True
16929,SEG_A,SEG_A,True
16930,SEG_A,SEG_A,True
16931,SEG_A,SEG_A,True
16938,SEG_A,SEG_A,True
16941,SEG_A,SEG_A,True
16947,SEG_A,SEG_A,True
16951,SEG_A,SEG_A,True
16958,SEG_B,SEG_A,False
16960,SEG_B,SEG_A,False
16962,SEG_A,SEG_A,True
16965,SEG_A,SEG_A,True
16968,SEG_A,SEG_A,True
16970,SEG_A,SEG_A,True
16972,SEG_A,SEG_A,True
16976,SEG_A,SEG_A,True
16977,SEG_A,SEG_A,True
16979,SEG_A,SEG_A,True
16980,SEG_A,SEG_A,True
16981,SEG_A,SEG_A,True
16983,SEG_A,SEG_A,True
16984,SEG_B,SEG_A,False
16989,SEG_A,SEG_A,True
16996,SEG_A,SEG_A,True
17007,SEG_A,SEG_A,True
17008,SEG_B,SEG_A,False
17011,SEG_B,SEG_B,True
17014,SEG_A,SEG_A,True
17016,SEG_A,SEG_A,True
17020,SEG_A,SEG_A,True
17021,SEG_A,SEG_A,True
17023,SEG_A,SEG_A,True
17025,SEG_A,SEG_B,False
17030,SEG_A,SEG_A,True
17033,SEG_A,SEG_A,True
17034,SEG_B,SEG_A,False
17036,SEG_B,SEG_A,False
17037,SEG_A,SEG_A,True
17045,SEG_B,SEG_B,True
17046,SEG_C,SEG_A,False
17047,SEG_B,SEG_A,False
17051,SEG_A,SEG_A,True
17052,SEG_A,SEG_A,True
17056,SEG_A,SEG_A,True
17057,SEG_A,SEG_A,True
17059,SEG_B,SEG_B,True
17060,SEG_B,SEG_B,True
17063,SEG_B,SEG_A,False
17064,SEG_C,SEG_B,False
17068,SEG_B,SEG_B,True
17070,SEG_A,SEG_A,True
17080,SEG_A,SEG_A,True
17081,SEG_A,SEG_A,True
17087,SEG_A,SEG_A,True
17094,SEG_B,SEG_A,False
17100,SEG_A,SEG_A,True
17107,SEG_A,SEG_A,True
17112,SEG_A,SEG_A,True
17119,SEG_A,SEG_A,True
17123,SEG_A,SEG_A,True
17124,SEG_B,SEG_B,True
17126,SEG_B,SEG_A,False
17133,SEG_A,SEG_A,True
17137,SEG_A,SEG_A,True
17139,SEG_B,SEG_A,False
17140,SEG_B,SEG_A,False
17141,SEG_A,SEG_A,True
17142,SEG_A,SEG_A,True
17154,SEG_A,SEG_A,True
17156,SEG_A,SEG_A,True
17159,SEG_B,SEG_A,False
17167,SEG_A,SEG_A,True
17171,SEG_A,SEG_A,True
17172,SEG_B,SEG_A,False
17178,SEG_B,SEG_B,True
17180,SEG_B,SEG_A,False
17181,SEG_A,SEG_A,True
17183,SEG_A,SEG_A,True
17190,SEG_B,SEG_B,True
17204,SEG_B,SEG_B,True
17208,SEG_B,SEG_A,False
17213,SEG_B,SEG_A,False
17219,SEG_A,SEG_A,True
17221,SEG_A,SEG_A,True
17222,SEG_B,SEG_A,False
17226,SEG_A,SEG_C,False
17227,SEG_A,SEG_A,True
17231,SEG_A,SEG_A,True
17232,SEG_A,SEG_A,True
17239,SEG_A,SEG_A,True
17242,SEG_A,SEG_A,True
17244,SEG_A,SEG_A,True
17245,SEG_A,SEG_B,False
17248,SEG_A,SEG_A,True
17258,SEG_B,SEG_B,True
17269,SEG_A,SEG_A,True
17271,SEG_A,SEG_A,True
17274,SEG_A,SEG_A,True
17280,SEG_A,SEG_A,True
17284,SEG_B,SEG_A,False
17287,SEG_A,SEG_A,True
17290,SEG_A,SEG_A,True
17291,SEG_A,SEG_A,True
17292,SEG_A,SEG_A,True
17296,SEG_A,SEG_A,True
17299,SEG_A,SEG_A,True
17300,SEG_A,SEG_A,True
17307,SEG_A,SEG_A,True
17309,SEG_B,SEG_B,True
17316,SEG_A,SEG_A,True
17335,SEG_A,SEG_A,True
17336,SEG_B,SEG_A,False
17338,SEG_B,SEG_B,True
17339,SEG_A,SEG_A,True
17346,SEG_B,SEG_A,False
17350,SEG_B,SEG_B,True
17353,SEG_C,SEG_A,False
17354,SEG_B,SEG_C,False
17363,SEG_A,SEG_A,True
17365,SEG_B,SEG_A,False
17368,SEG_A,SEG_A,True
17378,SEG_A,SEG_A,True
17380,SEG_A,SEG_A,True
17381,SEG_A,SEG_A,True
17382,SEG_A,SEG_A,True
17384,SEG_A,SEG_A,True
17385,SEG_C,SEG_A,False
17386,SEG_A,SEG_A,True
17390,SEG_A,SEG_A,True
17398,SEG_A,SEG_A,True
17399,SEG_A,SEG_A,True
17401,SEG_A,SEG_A,True
17410,SEG_B,SEG_A,False
17413,SEG_A,SEG_A,True
17414,SEG_B,SEG_A,False
17415,SEG_A,SEG_A,True
17416,SEG_A,SEG_A,True
17419,SEG_B,SEG_B,True
17421,SEG_A,SEG_A,True
17424,SEG_A,SEG_A,True
17427,SEG_A,SEG_A,True
17430,SEG_B,SEG_A,False
17432,SEG_A,SEG_A,True
17434,SEG_B,SEG_C,False
17435,SEG_A,SEG_A,True
17441,SEG_A,SEG_A,True
17443,SEG_A,SEG_A,True
17451,SEG_A,SEG_A,True
17456,SEG_A,SEG_A,True
17460,SEG_A,SEG_A,True
17462,SEG_A,SEG_A,True
17463,SEG_A,SEG_A,True
17465,SEG_A,SEG_A,True
17469,SEG_A,SEG_A,True
17471,SEG_A,SEG_A,True
17473,SEG_A,SEG_A,True
17479,SEG_A,SEG_B,False
17480,SEG_C,SEG_C,True
17481,SEG_B,SEG_A,False
17489,SEG_A,SEG_B,False
17493,SEG_B,SEG_B,True
17499,SEG_A,SEG_A,True
17506,SEG_A,SEG_A,True
17511,SEG_A,SEG_A,True
17513,SEG_B,SEG_A,False
17514,SEG_A,SEG_A,True
17523,SEG_A,SEG_A,True
17544,SEG_B,SEG_B,True
17548,SEG_A,SEG_A,True
17549,SEG_A,SEG_B,False
17554,SEG_A,SEG_A,True
17560,SEG_A,SEG_A,True
17561,SEG_A,SEG_A,True
17572,SEG_A,SEG_A,True
17573,SEG_A,SEG_A,True
17578,SEG_A,SEG_A,True
17579,SEG_A,SEG_B,False
17585,SEG_A,SEG_A,True
17586,SEG_A,SEG_A,True
17587,SEG_A,SEG_A,True
17588,SEG_A,SEG_A,True
17589,SEG_A,SEG_A,True
17590,SEG_C,SEG_A,False
17593,SEG_B,SEG_B,True
17595,SEG_B,SEG_A,False
17598,SEG_A,SEG_A,True
17599,SEG_A,SEG_A,True
17600,SEG_A,SEG_A,True
17601,SEG_A,SEG_A,True
17605,SEG_A,SEG_A,True
17606,SEG_A,SEG_A,True
17607,SEG_A,SEG_A,True
17612,SEG_A,SEG_A,True
17616,SEG_A,SEG_A,True
17618,SEG_A,SEG_A,True
17619,SEG_C,SEG_A,False
17643,SEG_A,SEG_A,True
17647,SEG_B,SEG_B,True
17652,SEG_A,SEG_A,True
17653,SEG_A,SEG_A,True
17659,SEG_A,SEG_B,False
17663,SEG_A,SEG_A,True
17664,SEG_A,SEG_A,True
17666,SEG_A,SEG_A,True
17667,SEG_A,SEG_A,True
17669,SEG_B,SEG_A,False
17685,SEG_B,SEG_A,False
17694,SEG_A,SEG_A,True
17696,SEG_A,SEG_A,True
17699,SEG_A,SEG_A,True
17703,SEG_A,SEG_A,True
17712,SEG_A,SEG_A,True
17718,SEG_A,SEG_A,True
17722,SEG_A,SEG_A,True
17724,SEG_A,SEG_A,True
17727,SEG_A,SEG_A,True
17729,SEG_A,SEG_A,True
17731,SEG_A,SEG_A,True
17732,SEG_A,SEG_A,True
17735,SEG_A,SEG_A,True
17736,SEG_B,SEG_A,False
17738,SEG_A,SEG_A,True
17746,SEG_B,SEG_A,False
17753,SEG_A,SEG_A,True
17754,SEG_A,SEG_A,True
17759,SEG_A,SEG_A,True
17761,SEG_A,SEG_A,True
17769,SEG_A,SEG_A,True
17773,SEG_A,SEG_A,True
17776,SEG_A,SEG_A,True
17789,SEG_A,SEG_A,True
17790,SEG_A,SEG_A,True
17792,SEG_B,SEG_B,True
17794,SEG_A,SEG_A,True
17807,SEG_B,SEG_A,False
17815,SEG_A,SEG_A,True
17817,SEG_A,SEG_A,True
17823,SEG_A,SEG_A,True
17829,SEG_B,SEG_A,False
17830,SEG_A,SEG_B,False
17839,SEG_A,SEG_A,True
17840,SEG_A,SEG_A,True
17852,SEG_B,SEG_A,False
17853,SEG_A,SEG_A,True
17864,SEG_A,SEG_A,True
17868,SEG_A,SEG_A,True
17870,SEG_B,SEG_A,False
17895,SEG_A,SEG_A,True
17896,SEG_A,SEG_A,True
17897,SEG_A,SEG_A,True
17899,SEG_B,SEG_B,True
17901,SEG_B,SEG_B,True
17907,SEG_A,SEG_A,True
17918,SEG_A,SEG_A,True
17920,SEG_A,SEG_A,True
17932,SEG_C,SEG_A,False
17934,SEG_A,SEG_A,True
17935,SEG_B,SEG_B,True
17938,SEG_A,SEG_A,True
17943,SEG_B,SEG_A,False
17948,SEG_A,SEG_A,True
17950,SEG_B,SEG_B,True
17954,SEG_A,SEG_A,True
17957,SEG_A,SEG_A,True
17959,SEG_A,SEG_A,True
17963,SEG_A,SEG_A,True
17964,SEG_A,SEG_A,True
17982,SEG_A,SEG_A,True
17984,SEG_A,SEG_A,True
17986,SEG_A,SEG_A,True
17990,SEG_A,SEG_A,True
17995,SEG_A,SEG_A,True
17997,SEG_B,SEG_A,False
18000,SEG_A,SEG_A,True
18011,SEG_B,SEG_A,False
18024,SEG_A,SEG_A,True
18025,SEG_A,SEG_A,True
18036,SEG_A,SEG_A,True
18040,SEG_B,SEG_B,True
18042,SEG_A,SEG_A,True
18050,SEG_A,SEG_A,True
18051,SEG_B,SEG_A,False
18052,SEG_A,SEG_A,True
18058,SEG_C,SEG_C,True
18059,SEG_B,SEG_B,True
18061,SEG_A,SEG_A,True
18067,SEG_A,SEG_A,True
18070,SEG_A,SEG_B,False
18072,SEG_A,SEG_A,True
18073,SEG_A,SEG_A,True
18076,SEG_B,SEG_A,False
18078,SEG_A,SEG_A,True
18079,SEG_A,SEG_A,True
18084,SEG_A,SEG_A,True
18087,SEG_A,SEG_A,True
18092,SEG_A,SEG_A,True
18117,SEG_A,SEG_A,True
18121,SEG_A,SEG_B,False
18124,SEG_A,SEG_A,True
18135,SEG_C,SEG_B,False
18138,SEG_B,SEG_B,True
18149,SEG_A,SEG_A,True
18151,SEG_A,SEG_A,True
18156,SEG_A,SEG_A,True
18162,SEG_B,SEG_A,False
18169,SEG_A,SEG_A,True
18171,SEG_A,SEG_A,True
18179,SEG_A,SEG_B,False
18181,SEG_A,SEG_A,True
18185,SEG_C,SEG_C,True
18186,SEG_A,SEG_A,True
18194,SEG_B,SEG_A,False
18196,SEG_A,SEG_A,True
18227,SEG_A,SEG_A,True
18229,SEG_B,SEG_C,False
18238,SEG_A,SEG_A,True
18240,SEG_A,SEG_A,True
18241,SEG_B,SEG_C,False
18246,SEG_A,SEG_B,False
18254,SEG_A,SEG_B,False
18255,SEG_B,SEG_B,True
18260,SEG_B,SEG_A,False
18263,SEG_A,SEG_A,True
18273,SEG_A,SEG_A,True
18276,SEG_B,SEG_A,False
18283,SEG_B,SEG_A,False
18286,SEG_B,SEG_B,True
18287,SEG_A,SEG_A,True
18288,SEG_A,SEG_A,True
18289,SEG_A,SEG_B,False
18290,SEG_B,SEG_B,True
18293,SEG_B,SEG_B,True
18295,SEG_A,SEG_A,True
18300,SEG_A,SEG_A,True
18301,SEG_A,SEG_A,True
18306,SEG_A,SEG_A,True
18309,SEG_A,SEG_A,True
18310,SEG_A,SEG_A,True
18313,SEG_C,SEG_A,False
18318,SEG_A,SEG_A,True
18320,SEG_B,SEG_A,False
18321,SEG_A,SEG_A,True
18325,SEG_A,SEG_A,True
18330,SEG_C,SEG_B,False
18332,SEG_A,SEG_A,True
18336,SEG_B,SEG_A,False
18343,SEG_A,SEG_A,True
18347,SEG_A,SEG_A,True
18349,SEG_A,SEG_A,True
18351,SEG_A,SEG_B,False
18353,SEG_A,SEG_A,True
18356,SEG_B,SEG_A,False
18358,SEG_A,SEG_A,True
18361,SEG_B,SEG_A,False
18362,SEG_B,SEG_B,True
18370,SEG_C,SEG_C,True
18374,SEG_A,SEG_A,True
18375,SEG_C,SEG_A,False
18379,SEG_B,SEG_A,False
18381,SEG_B,SEG_B,True
18383,SEG_A,SEG_A,True
18384,SEG_B,SEG_B,True
18386,SEG_A,SEG_A,True
18399,SEG_A,SEG_A,True
18403,SEG_A,SEG_A,True
18404,SEG_A,SEG_A,True
18405,SEG_B,SEG_A,False
18407,SEG_B,SEG_A,False
18409,SEG_B,SEG_B,True
18411,SEG_A,SEG_A,True
18412,SEG_A,SEG_A,True
18415,SEG_A,SEG_A,True
18421,SEG_A,SEG_A,True
18431,SEG_A,SEG_A,True
18434,SEG_A,SEG_A,True
18437,SEG_A,SEG_A,True
18442,SEG_A,SEG_A,True
18452,SEG_B,SEG_B,True
18453,SEG_B,SEG_B,True
18454,SEG_B,SEG_B,True
18458,SEG_A,SEG_A,True
18468,SEG_B,SEG_B,True
18471,SEG_B,SEG_B,True
18479,SEG_B,SEG_C,False
18481,SEG_B,SEG_B,True
18490,SEG_A,SEG_A,True
18492,SEG_A,SEG_A,True
18503,SEG_B,SEG_C,False
18505,SEG_A,SEG_A,True
18506,SEG_B,SEG_B,True
18529,SEG_A,SEG_C,False
18530,SEG_A,SEG_A,True
18537,SEG_A,SEG_A,True
18538,SEG_A,SEG_A,True
18540,SEG_A,SEG_A,True
18543,SEG_A,SEG_A,True
18571,SEG_A,SEG_A,True
18584,SEG_A,SEG_A,True
18595,SEG_B,SEG_A,False
18606,SEG_A,SEG_A,True
18625,SEG_A,SEG_A,True
18632,SEG_A,SEG_A,True
18649,SEG_A,SEG_A,True
18655,SEG_A,SEG_A,True
18656,SEG_B,SEG_B,True
18664,SEG_A,SEG_A,True
18667,SEG_A,SEG_A,True
18675,SEG_B,SEG_B,True
18678,SEG_A,SEG_A,True
18682,SEG_B,SEG_A,False
18718,SEG_A,SEG_B,False
18736,SEG_A,SEG_A,True
18739,SEG_A,SEG_A,True
18740,SEG_A,SEG_A,True
18743,SEG_A,SEG_A,True
18764,SEG_A,SEG_A,True
18784,SEG_A,SEG_A,True
18789,SEG_A,SEG_A,True
18792,SEG_B,SEG_A,False
18805,SEG_A,SEG_A,True
18815,SEG_A,SEG_A,True
18826,SEG_A,SEG_A,True
18833,SEG_A,SEG_A,True
18848,SEG_B,SEG_A,False
18849,SEG_A,SEG_A,True
18852,SEG_A,SEG_A,True
18865,SEG_A,SEG_A,True
18871,SEG_A,SEG_A,True
18873,SEG_A,SEG_A,True
18881,SEG_A,SEG_A,True
18884,SEG_C,SEG_A,False
18890,SEG_A,SEG_A,True
18901,SEG_A,SEG_A,True
18909,SEG_A,SEG_A,True
18912,SEG_B,SEG_B,True
18913,SEG_B,SEG_A,False
18926,SEG_B,SEG_B,True
18931,SEG_A,SEG_B,False
18945,SEG_B,SEG_B,True
18955,SEG_A,SEG_A,True
18978,SEG_A,SEG_A,True
18983,SEG_C,SEG_C,True
18986,SEG_B,SEG_A,False
18993,SEG_A,SEG_A,True
19008,SEG_A,SEG_A,True
19016,SEG_A,SEG_A,True
19017,SEG_A,SEG_A,True
19018,SEG_A,SEG_A,True
19029,SEG_B,SEG_B,True
19031,SEG_B,SEG_A,False
19036,SEG_A,SEG_B,False
19037,SEG_A,SEG_A,True
19038,SEG_B,SEG_B,True
19042,SEG_A,SEG_A,True
19044,SEG_A,SEG_A,True
19045,SEG_B,SEG_A,False
19049,SEG_A,SEG_A,True
19068,SEG_A,SEG_A,True
19069,SEG_A,SEG_A,True
19072,SEG_B,SEG_A,False
19073,SEG_A,SEG_A,True
19087,SEG_A,SEG_A,True
19097,SEG_A,SEG_B,False
19106,SEG_A,SEG_B,False
19115,SEG_A,SEG_A,True
19126,SEG_A,SEG_A,True
19127,SEG_A,SEG_A,True
19130,SEG_A,SEG_A,True
19145,SEG_B,SEG_B,True
19149,SEG_A,SEG_A,True
19168,SEG_A,SEG_C,False
19184,SEG_A,SEG_A,True
19196,SEG_A,SEG_B,False
19202,SEG_B,SEG_A,False
19208,SEG_A,SEG_A,True
19218,SEG_A,SEG_A,True
19219,SEG_A,SEG_A,True
19224,SEG_B,SEG_B,True
19233,SEG_A,SEG_B,False
19242,SEG_C,SEG_C,True
19282,SEG_A,SEG_A,True
19283,SEG_A,SEG_A,True
19300,SEG_A,SEG_A,True
19310,SEG_B,SEG_B,True
19311,SEG_B,SEG_A,False
19312,SEG_A,SEG_A,True
19313,SEG_B,SEG_B,True
19329,SEG_A,SEG_A,True
19334,SEG_C,SEG_B,False
19340,SEG_A,SEG_A,True
19344,SEG_C,SEG_C,True
19348,SEG_B,SEG_B,True
19355,SEG_A,SEG_A,True
19358,SEG_A,SEG_A,True
19362,SEG_A,SEG_A,True
19365,SEG_C,SEG_B,False
19366,SEG_A,SEG_A,True
19374,SEG_A,SEG_A,True
19379,SEG_B,SEG_B,True
19380,SEG_A,SEG_A,True
19404,SEG_A,SEG_B,False
19439,SEG_B,SEG_A,False
19446,SEG_A,SEG_A,True
19455,SEG_B,SEG_A,False
19484,SEG_B,SEG_B,True
19487,SEG_A,SEG_A,True
19493,SEG_A,SEG_A,True
19494,SEG_B,SEG_B,True
19499,SEG_A,SEG_A,True
19519,SEG_A,SEG_A,True
19526,SEG_A,SEG_A,True
19576,SEG_A,SEG_A,True
19581,SEG_B,SEG_A,False
19582,SEG_A,SEG_A,True
19592,SEG_B,SEG_A,False
19616,SEG_A,SEG_A,True
19620,SEG_A,SEG_A,True
19626,SEG_B,SEG_B,True
19630,SEG_A,SEG_A,True
19638,SEG_B,SEG_B,True
19639,SEG_A,SEG_A,True
19650,SEG_A,SEG_A,True
19657,SEG_A,SEG_A,True
19670,SEG_B,SEG_B,True
19682,SEG_B,SEG_A,False
19694,SEG_A,SEG_A,True
19697,SEG_C,SEG_A,False
19699,SEG_A,SEG_A,True
19704,SEG_B,SEG_B,True
19718,SEG_A,SEG_A,True
19727,SEG_A,SEG_B,False
19729,SEG_A,SEG_A,True
19739,SEG_A,SEG_A,True
19750,SEG_B,SEG_B,True
19751,SEG_A,SEG_A,True
19758,SEG_A,SEG_A,True
19775,SEG_A,SEG_A,True
19779,SEG_A,SEG_A,True
19783,SEG_A,SEG_B,False
19785,SEG_A,SEG_A,True
19788,SEG_A,SEG_A,True
19791,SEG_A,SEG_A,True
19817,SEG_A,SEG_A,True
19819,SEG_A,SEG_B,False
19821,SEG_A,SEG_A,True
19822,SEG_A,SEG_A,True
19846,SEG_A,SEG_A,True
19847,SEG_A,SEG_A,True
19860,SEG_C,SEG_B,False
19870,SEG_A,SEG_B,False
19871,SEG_A,SEG_A,True
19882,SEG_B,SEG_A,False
19925,SEG_B,SEG_A,False
19933,SEG_A,SEG_A,True
19936,SEG_C,SEG_A,False
19941,SEG_B,SEG_A,False
19983,SEG_A,SEG_A,True
19994,SEG_A,SEG_A,True
19998,SEG_A,SEG_A,True
20002,SEG_B,SEG_A,False
20006,SEG_A,SEG_A,True
20043,SEG_A,SEG_A,True
20057,SEG_A,SEG_A,True
20119,SEG_B,SEG_B,True
20121,SEG_A,SEG_B,False
20127,SEG_A,SEG_A,True
20169,SEG_A,SEG_B,False
20173,SEG_A,SEG_A,True
20175,SEG_A,SEG_A,True
20186,SEG_A,SEG_B,False
20193,SEG_A,SEG_A,True
20195,SEG_A,SEG_A,True
20207,SEG_A,SEG_A,True
20239,SEG_B,SEG_B,True
20244,SEG_A,SEG_A,True
20275,SEG_A,SEG_B,False
20282,SEG_A,SEG_B,False
20283,SEG_A,SEG_A,True
20311,SEG_B,SEG_B,True
20347,SEG_A,SEG_A,True
20388,SEG_B,SEG_B,True
20422,SEG_A,SEG_A,True
20456,SEG_A,SEG_C,False
20517,SEG_A,SEG_A,True
20534,SEG_B,SEG_A,False
