NUEVO_ID,predicted_segment,confidence,prob_SEG_A,prob_SEG_B,prob_SEG_C,needs_manual_review
1,SEG_A,0.8331088079872444,0.8331088079872444,0.13289424298064828,0.033996949032107295,False
4,SEG_A,0.8121389914048853,0.8121389914048853,0.11531680331519133,0.07254420527992327,False
5,SEG_A,0.8880972590545393,0.8880972590545393,0.06220736226592789,0.04969537867953273,False
6,SEG_A,0.9258739608252663,0.9258739608252663,0.04974670657401774,0.024379332600715897,False
7,SEG_A,0.46651452126978404,0.46651452126978404,0.23451396179325434,0.2989715169369615,False
8,SEG_A,0.9535369703941048,0.9535369703941048,0.03794665531869735,0.008516374287197979,False
9,SEG_A,0.8840946566746033,0.8840946566746033,0.05729568273442299,0.058609660590973674,False
10,SEG_B,0.638421380813683,0.11534338251359312,0.638421380813683,0.24623523667272387,False
12,SEG_B,0.46234653440875073,0.24178374734827932,0.46234653440875073,0.2958697182429699,False
13,SEG_A,0.663811946776591,0.663811946776591,0.27043781276596873,0.06575024045744032,False
14,SEG_A,0.8700398018624401,0.8700398018624401,0.06584014517378169,0.06412005296377817,False
15,SEG_A,0.6848854039019104,0.6848854039019104,0.15221179739575322,0.1629027987023362,False
16,SEG_A,0.6753398295830602,0.6753398295830602,0.14961809299895876,0.175042077417981,False
17,SEG_A,0.8026923495443389,0.8026923495443389,0.13730118380159015,0.0600064666540709,False
25,SEG_A,0.47747359382809956,0.47747359382809956,0.1228612348706742,0.3996651713012262,False
26,SEG_A,0.9300353754984191,0.9300353754984191,0.057454603071513,0.012510021430067774,False
28,SEG_A,0.7213980783276293,0.7213980783276293,0.12027132291559145,0.15833059875677935,False
29,SEG_A,0.819701179452965,0.819701179452965,0.09892801084283896,0.081370809704196,False
30,SEG_A,0.7313854242358753,0.7313854242358753,0.1852412571083025,0.08337331865582222,False
32,SEG_B,0.413791173826748,0.29851747088255787,0.413791173826748,0.287691355290694,True
33,SEG_A,0.9494616270329799,0.9494616270329799,0.029168814650043257,0.021369558316976928,False
36,SEG_C,0.5808676766934202,0.06101016321830692,0.3581221600882728,0.5808676766934202,False
38,SEG_A,0.8088338636097999,0.8088338636097999,0.10055286503788455,0.09061327135231566,False
39,SEG_A,0.7482077680075113,0.7482077680075113,0.10911158739876106,0.14268064459372756,False
40,SEG_A,0.7969454511214771,0.7969454511214771,0.062285953998264136,0.14076859488025867,False
41,SEG_A,0.8789897861118855,0.8789897861118855,0.06012648179666972,0.060883732091444785,False
43,SEG_A,0.9469725980435512,0.9469725980435512,0.03612603908409674,0.016901362872352103,False
44,SEG_A,0.7900942454782759,0.7900942454782759,0.18647072698760173,0.02343502753412234,False
45,SEG_A,0.8739586573348471,0.8739586573348471,0.04282330292037571,0.08321803974477718,False
46,SEG_A,0.8777056955727425,0.8777056955727425,0.05156996916078163,0.07072433526647584,False
48,SEG_A,0.9378308566229822,0.9378308566229822,0.03858912889391969,0.023580014483098193,False
49,SEG_A,0.8421415701948499,0.8421415701948499,0.07663855057815899,0.08121987922699117,False
50,SEG_A,0.7477056848609455,0.7477056848609455,0.08875478832204955,0.16353952681700498,False
51,SEG_A,0.9263995778537314,0.9263995778537314,0.05059743152529066,0.023002990620977874,False
52,SEG_A,0.793648182526227,0.793648182526227,0.08628444987142043,0.12006736760235262,False
53,SEG_B,0.4200839388553953,0.4142962223783133,0.4200839388553953,0.16561983876629152,True
54,SEG_A,0.9536342503754763,0.9536342503754763,0.02936246539028679,0.017003284234236925,False
56,SEG_A,0.4852916477584453,0.4852916477584453,0.39620455189034304,0.11850380035121164,False
57,SEG_A,0.9149949357763637,0.9149949357763637,0.06389895721257646,0.02110610701105983,False
59,SEG_A,0.8800358429820503,0.8800358429820503,0.11020583052306515,0.009758326494884643,False
60,SEG_C,0.5357591702689543,0.0761879797944486,0.3880528499365972,0.5357591702689543,False
61,SEG_A,0.6702180427215428,0.6702180427215428,0.04583263941781069,0.28394931786064637,False
65,SEG_A,0.8684271135929332,0.8684271135929332,0.08542222871941706,0.0461506576876497,False
70,SEG_A,0.8998029442735983,0.8998029442735983,0.044293115501921373,0.05590394022448035,False
71,SEG_A,0.9085473378980403,0.9085473378980403,0.05595648800804048,0.03549617409391917,False
72,SEG_A,0.5485151520693855,0.5485151520693855,0.20097033301204878,0.2505145149185657,False
73,SEG_A,0.7996264813429422,0.7996264813429422,0.0768385917629366,0.12353492689412103,False
74,SEG_A,0.4817456758815471,0.4817456758815471,0.40085503917076565,0.11739928494768723,False
80,SEG_A,0.8117886169627095,0.8117886169627095,0.049184668278738596,0.13902671475855174,False
82,SEG_C,0.6322920347612654,0.25622719988180487,0.1114807653569297,0.6322920347612654,False
85,SEG_A,0.49482865458722636,0.49482865458722636,0.34300127591151397,0.16217006950125973,False
86,SEG_A,0.8660182016734777,0.8660182016734777,0.11560315587432957,0.018378642452192694,False
89,SEG_A,0.7254833165274688,0.7254833165274688,0.19986584293357332,0.07465084053895797,False
93,SEG_A,0.5406606615112545,0.5406606615112545,0.27830007086488884,0.18103926762385675,False
94,SEG_C,0.5115433545081977,0.010580082482404008,0.4778765630093984,0.5115433545081977,False
97,SEG_A,0.8582207840125268,0.8582207840125268,0.09947544901302628,0.04230376697444706,False
98,SEG_A,0.838222695710042,0.838222695710042,0.0665970299375051,0.09518027435245295,False
101,SEG_A,0.8079579623348877,0.8079579623348877,0.16504112308331337,0.027000914581798867,False
102,SEG_A,0.9576102929853139,0.9576102929853139,0.033486201600411374,0.008903505414274687,False
103,SEG_A,0.9137346049687394,0.9137346049687394,0.06011920346239965,0.026146191568861,False
104,SEG_A,0.8113149688055099,0.8113149688055099,0.11518112521173238,0.0735039059827578,False
105,SEG_A,0.5128754171031775,0.5128754171031775,0.47921404906435955,0.007910533832462877,False
106,SEG_A,0.8395981536138043,0.8395981536138043,0.1003833094443267,0.06001853694186915,False
108,SEG_A,0.8210382346316333,0.8210382346316333,0.07833908874789806,0.10062267662046855,False
112,SEG_A,0.6237840760191944,0.6237840760191944,0.24436318716032684,0.13185273682047874,False
114,SEG_B,0.5911340643386463,0.25108987820442763,0.5911340643386463,0.1577760574569261,False
115,SEG_A,0.8425978060032393,0.8425978060032393,0.08283434495574687,0.07456784904101375,False
118,SEG_A,0.9272758422566011,0.9272758422566011,0.04832069749160127,0.024403460251797595,False
120,SEG_A,0.7115694862222954,0.7115694862222954,0.07597492813135398,0.21245558564635045,False
122,SEG_A,0.9150198757717658,0.9150198757717658,0.058549781320873476,0.02643034290736079,False
126,SEG_A,0.8049004884914283,0.8049004884914283,0.1303738112273917,0.06472570028118005,False
127,SEG_B,0.5221678758857908,0.3645811907300466,0.5221678758857908,0.11325093338416271,False
133,SEG_A,0.7610084308939821,0.7610084308939821,0.21034634939044666,0.028645219715571404,False
139,SEG_A,0.9119980645957396,0.9119980645957396,0.06371618689577611,0.024285748508484223,False
143,SEG_A,0.8082479265554559,0.8082479265554559,0.06803556110967773,0.1237165123348663,False
144,SEG_A,0.765021129383839,0.765021129383839,0.12705022146354503,0.10792864915261599,False
146,SEG_A,0.8910214377835638,0.8910214377835638,0.041892813559183235,0.06708574865725286,False
148,SEG_A,0.621872408074766,0.621872408074766,0.2775858157937436,0.10054177613149054,False
150,SEG_A,0.8228120106883037,0.8228120106883037,0.14819116427309778,0.028996825038598437,False
152,SEG_A,0.9248057346409807,0.9248057346409807,0.026204552846618528,0.04898971251240074,False
154,SEG_A,0.8173698620084887,0.8173698620084887,0.07124518627194541,0.1113849517195658,False
155,SEG_A,0.7127508281992825,0.7127508281992825,0.1322051114834496,0.1550440603172679,False
157,SEG_A,0.9311173777543968,0.9311173777543968,0.05827650013342702,0.010606122112176144,False
158,SEG_A,0.4510511164189635,0.4510511164189635,0.3545166061886287,0.19443227739240776,False
160,SEG_A,0.7211841564878216,0.7211841564878216,0.23085526143323937,0.04796058207893911,False
161,SEG_A,0.6631411944155844,0.6631411944155844,0.248591372878442,0.08826743270597359,False
165,SEG_A,0.6387519967831634,0.6387519967831634,0.28410090441380714,0.07714709880302957,False
166,SEG_A,0.9374169043748695,0.9374169043748695,0.04328968405214933,0.01929341157298132,False
167,SEG_A,0.9034827870899506,0.9034827870899506,0.06519278284971411,0.03132443006033532,False
171,SEG_A,0.8416333123798152,0.8416333123798152,0.09290279965039204,0.06546388796979279,False
172,SEG_A,0.9359367699417053,0.9359367699417053,0.037272580847408025,0.02679064921088681,False
175,SEG_A,0.6459826277154386,0.6459826277154386,0.059445181392866545,0.2945721908916948,False
177,SEG_A,0.7440889764594955,0.7440889764594955,0.11306341830720203,0.14284760523330242,False
179,SEG_A,0.7802048819581019,0.7802048819581019,0.1930273140811204,0.026767803960777718,False
180,SEG_A,0.6332728306737593,0.6332728306737593,0.11703447027820399,0.24969269904803668,False
184,SEG_A,0.8143450558048804,0.8143450558048804,0.12299104215597308,0.06266390203914651,False
185,SEG_A,0.9764280178541346,0.9764280178541346,0.017296542270119748,0.006275439875745709,False
186,SEG_A,0.572187014520595,0.572187014520595,0.29183700153595477,0.13597598394345026,False
188,SEG_A,0.5741890198001556,0.5741890198001556,0.07804046393885482,0.34777051626098954,False
190,SEG_A,0.8757734639945411,0.8757734639945411,0.07402533080874801,0.050201205196710924,False
191,SEG_A,0.8768192332215382,0.8768192332215382,0.08091204624806876,0.042268720530392954,False
201,SEG_A,0.5029922744785331,0.5029922744785331,0.45316927689641295,0.04383844862505397,False
202,SEG_B,0.5626795328819254,0.10620449023052234,0.5626795328819254,0.33111597688755234,False
206,SEG_A,0.5875333684889599,0.5875333684889599,0.32132584815660287,0.09114078335443732,False
211,SEG_A,0.8224390002899338,0.8224390002899338,0.16019943283049662,0.01736156687956965,False
239,SEG_A,0.8948663455323124,0.8948663455323124,0.023880632320701613,0.08125302214698599,False
240,SEG_A,0.8790000362927407,0.8790000362927407,0.11121464930778065,0.009785314399478618,False
242,SEG_A,0.9580151260307919,0.9580151260307919,0.029695557878874977,0.012289316090333088,False
245,SEG_A,0.8381170659601054,0.8381170659601054,0.08359111032389774,0.07829182371599688,False
252,SEG_A,0.7086928420236253,0.7086928420236253,0.06800047669112826,0.2233066812852463,False
253,SEG_A,0.7353576945388944,0.7353576945388944,0.08665297989749747,0.17798932556360808,False
255,SEG_B,0.5185113209052397,0.2920855258663212,0.5185113209052397,0.18940315322843904,False
261,SEG_A,0.9500205932613002,0.9500205932613002,0.03199873554948915,0.01798067118921064,False
262,SEG_A,0.9139868325439864,0.9139868325439864,0.03948219315541912,0.04653097430059445,False
264,SEG_A,0.7934903888857212,0.7934903888857212,0.09463038172928552,0.11187922938499316,False
265,SEG_A,0.8185669555661605,0.8185669555661605,0.11263634924642907,0.06879669518741041,False
270,SEG_A,0.8534136228930769,0.8534136228930769,0.1321338914267097,0.014452485680213262,False
271,SEG_A,0.8273537133946828,0.8273537133946828,0.12393645006289308,0.04870983654242414,False
272,SEG_A,0.961482432209243,0.961482432209243,0.02733794849992756,0.011179619290829414,False
273,SEG_A,0.9327862332629846,0.9327862332629846,0.04832388900142766,0.018889877735587812,False
274,SEG_A,0.8655219927407833,0.8655219927407833,0.09183285100765114,0.04264515625156534,False
275,SEG_A,0.9722776242567123,0.9722776242567123,0.02083501877111963,0.006887356972168128,False
278,SEG_A,0.8179009012820116,0.8179009012820116,0.1413476284444177,0.040751470273570574,False
282,SEG_A,0.9507614523688059,0.9507614523688059,0.03141906798959548,0.017819479641598683,False
287,SEG_A,0.8405246753274789,0.8405246753274789,0.10883781358245549,0.0506375110900657,False
290,SEG_A,0.889521619816821,0.889521619816821,0.06320803060900282,0.047270349574176175,False
292,SEG_A,0.8474127962329674,0.8474127962329674,0.11247748764433181,0.04010971612270081,False
294,SEG_A,0.8511710431498525,0.8511710431498525,0.09488688524333902,0.053942071606808514,False
300,SEG_A,0.8083653215384226,0.8083653215384226,0.15647604166425141,0.035158636797326,False
304,SEG_A,0.7711771008610425,0.7711771008610425,0.20101303919650776,0.0278098599424497,False
309,SEG_A,0.8554684318680863,0.8554684318680863,0.09683980452639224,0.0476917636055215,False
313,SEG_A,0.9528669659168074,0.9528669659168074,0.030139513955151298,0.0169935201280412,False
314,SEG_A,0.9031998383380878,0.9031998383380878,0.058267077180700046,0.03853308448121224,False
315,SEG_A,0.45258718814426596,0.45258718814426596,0.3539338775278969,0.1934789343278371,False
316,SEG_A,0.9806697611176778,0.9806697611176778,0.015397776379245033,0.003932462503077274,False
327,SEG_A,0.8204068080339881,0.8204068080339881,0.149058723236576,0.03053446872943582,False
330,SEG_A,0.9404352858217528,0.9404352858217528,0.05062681710284193,0.008937897075405314,False
338,SEG_A,0.9447408813846759,0.9447408813846759,0.03992031447142445,0.015338804143899556,False
339,SEG_A,0.7239921185528787,0.7239921185528787,0.12000007632286071,0.15600780512426066,False
340,SEG_A,0.9440879789258655,0.9440879789258655,0.03606767680278534,0.0198443442713492,False
342,SEG_A,0.9648594737639197,0.9648594737639197,0.025029989048841815,0.010110537187238646,False
344,SEG_A,0.8731323064356332,0.8731323064356332,0.08425910482283791,0.042608588741528834,False
351,SEG_A,0.6470745170001284,0.6470745170001284,0.1958704523164915,0.15705503068338014,False
360,SEG_A,0.8300734504085324,0.8300734504085324,0.07378924524505646,0.09613730434641117,False
363,SEG_A,0.9530396541298264,0.9530396541298264,0.0334181289049851,0.013542216965188552,False
364,SEG_A,0.9318066351385184,0.9318066351385184,0.04443044458641476,0.02376292027506698,False
365,SEG_A,0.8904321672807184,0.8904321672807184,0.08754036955595669,0.022027463163324896,False
366,SEG_A,0.7339505663625906,0.7339505663625906,0.0629021313638978,0.20314730227351158,False
367,SEG_B,0.5186022328747913,0.4092953177285982,0.5186022328747913,0.07210244939661034,False
375,SEG_A,0.8780469099473287,0.8780469099473287,0.05930131893564315,0.06265177111702804,False
390,SEG_B,0.39376697299394575,0.3316534397973519,0.39376697299394575,0.2745795872087025,True
393,SEG_A,0.9423401952179061,0.9423401952179061,0.037382995238756635,0.020276809543337163,False
403,SEG_A,0.9522457282014894,0.9522457282014894,0.03000221168697267,0.017752060111537876,False
412,SEG_A,0.9091684294245832,0.9091684294245832,0.045710834024420895,0.045120736550995875,False
413,SEG_A,0.9181249021928467,0.9181249021928467,0.0655767286185418,0.016298369188611578,False
414,SEG_A,0.8093248816966913,0.8093248816966913,0.12212586369042801,0.06854925461288086,False
415,SEG_A,0.9658942278461179,0.9658942278461179,0.025171956368853134,0.008933815785028996,False
418,SEG_A,0.8979093246307192,0.8979093246307192,0.09386658676684877,0.008224088602432124,False
421,SEG_A,0.7514718310605398,0.7514718310605398,0.152390680702055,0.09613748823740517,False
428,SEG_A,0.7158364909004561,0.7158364909004561,0.2034520857836685,0.08071142331587537,False
431,SEG_A,0.8134533286505365,0.8134533286505365,0.08455867883968295,0.10198799250978054,False
433,SEG_B,0.6524306701500251,0.25049293284012647,0.6524306701500251,0.09707639700984842,False
435,SEG_A,0.9362051141774362,0.9362051141774362,0.024063399793482102,0.039731486029081726,False
439,SEG_A,0.4834269066798124,0.4834269066798124,0.40218782520635254,0.11438526811383498,False
440,SEG_A,0.9338363000199748,0.9338363000199748,0.04536792852537442,0.02079577145465069,False
441,SEG_A,0.9576378768719758,0.9576378768719758,0.033778613394868616,0.008583509733155557,False
442,SEG_A,0.8998985926006294,0.8998985926006294,0.07711079956240756,0.02299060783696301,False
445,SEG_B,0.5448663517450437,0.3946651499068626,0.5448663517450437,0.06046849834809364,False
457,SEG_A,0.6583139078589332,0.6583139078589332,0.16107780608780425,0.18060828605326248,False
462,SEG_B,0.6648976514395167,0.2635920663171571,0.6648976514395167,0.07151028224332612,False
465,SEG_A,0.9427548440325542,0.9427548440325542,0.042993339508573494,0.01425181645887248,False
475,SEG_A,0.7724938612986151,0.7724938612986151,0.09157372982048693,0.13593240888089786,False
481,SEG_A,0.7295469382906489,0.7295469382906489,0.2054702393452685,0.06498282236408257,False
483,SEG_A,0.8634157141952646,0.8634157141952646,0.11132338708879451,0.02526089871594103,False
485,SEG_A,0.7098730986333928,0.7098730986333928,0.1588968850516281,0.1312300163149791,False
492,SEG_B,0.7907679519584715,0.08755417563176604,0.7907679519584715,0.12167787240976248,False
500,SEG_A,0.8903775360627185,0.8903775360627185,0.09616239345126948,0.013460070486011961,False
502,SEG_A,0.6805954188113208,0.6805954188113208,0.26360368262731754,0.05580089856136163,False
510,SEG_A,0.7768736310049983,0.7768736310049983,0.16788123210722222,0.05524513688777943,False
519,SEG_A,0.9221321163175524,0.9221321163175524,0.06355040885863711,0.014317474823810492,False
534,SEG_A,0.9765658065042304,0.9765658065042304,0.01795361974495403,0.005480573750815448,False
539,SEG_A,0.817547202597442,0.817547202597442,0.10459775807906864,0.0778550393234894,False
541,SEG_A,0.827419713802175,0.827419713802175,0.13024464145958733,0.04233564473823768,False
544,SEG_A,0.8491423008773751,0.8491423008773751,0.10248283903525805,0.048374860087366994,False
547,SEG_A,0.7455405015676356,0.7455405015676356,0.23059364629804666,0.023865852134317765,False
548,SEG_A,0.9171629183322814,0.9171629183322814,0.05725752537208276,0.025579556295636078,False
553,SEG_A,0.8754126646344225,0.8754126646344225,0.08797726310423211,0.0366100722613454,False
560,SEG_A,0.7741647888949886,0.7741647888949886,0.12418234835446774,0.10165286275054365,False
570,SEG_A,0.9220797272005619,0.9220797272005619,0.0477412662372954,0.03017900656214272,False
573,SEG_A,0.820976593318267,0.820976593318267,0.1593415520122517,0.019681854669481406,False
574,SEG_A,0.8859652932792894,0.8859652932792894,0.08351737624747473,0.03051733047323579,False
589,SEG_A,0.8180950269275428,0.8180950269275428,0.15027083794236443,0.031634135130092826,False
590,SEG_B,0.8205007931351843,0.005996567144159142,0.8205007931351843,0.17350263972065666,False
592,SEG_A,0.923074159527558,0.923074159527558,0.05124430074404852,0.025681539728393488,False
593,SEG_A,0.7585242240480655,0.7585242240480655,0.15706743520239172,0.08440834074954272,False
599,SEG_A,0.7582512237408849,0.7582512237408849,0.13090397489860067,0.11084480136051435,False
611,SEG_A,0.9166572720659325,0.9166572720659325,0.04008768367677016,0.043255044257297176,False
616,SEG_A,0.8828636304648173,0.8828636304648173,0.07996385656573737,0.03717251296944527,False
617,SEG_A,0.9675321046731272,0.9675321046731272,0.01858836205072027,0.013879533276152416,False
619,SEG_A,0.9395095836371117,0.9395095836371117,0.04932942484608164,0.01116099151680675,False
620,SEG_A,0.8156725554843292,0.8156725554843292,0.12663615137665085,0.057691293139019856,False
621,SEG_A,0.9126137079397459,0.9126137079397459,0.04956452772238435,0.03782176433786965,False
624,SEG_A,0.8398675486246556,0.8398675486246556,0.054035135494755665,0.10609731588058867,False
625,SEG_A,0.7187524130351854,0.7187524130351854,0.17641010401607074,0.1048374829487437,False
635,SEG_A,0.6941446236310695,0.6941446236310695,0.09777983148009009,0.20807554488884028,False
638,SEG_A,0.9173871437804552,0.9173871437804552,0.04677281299892871,0.03584004322061611,False
640,SEG_A,0.7560523707915568,0.7560523707915568,0.13974914591503776,0.10419848329340535,False
641,SEG_A,0.9287481072667845,0.9287481072667845,0.04326013924917278,0.02799175348404289,False
656,SEG_B,0.7194564794082808,0.2446441087226217,0.7194564794082808,0.03589941186909753,False
669,SEG_A,0.9500233024473509,0.9500233024473509,0.02886608641011911,0.021110611142530017,False
670,SEG_A,0.5637426587391574,0.5637426587391574,0.18576232598414788,0.25049501527669465,False
674,SEG_A,0.8630013237558423,0.8630013237558423,0.09069787776887653,0.046300798475281166,False
677,SEG_A,0.9613177039937769,0.9613177039937769,0.03017717189204323,0.008505124114179918,False
678,SEG_A,0.7292372386270771,0.7292372386270771,0.15315706677185797,0.11760569460106483,False
681,SEG_A,0.7585242240480655,0.7585242240480655,0.15706743520239172,0.08440834074954272,False
684,SEG_A,0.7764493623017042,0.7764493623017042,0.13848597031489093,0.08506466738340479,False
693,SEG_A,0.6579606348040591,0.6579606348040591,0.3189037301769085,0.023135635019032458,False
695,SEG_A,0.5671809364637531,0.5671809364637531,0.044076947993322436,0.3887421155429244,False
696,SEG_A,0.5666514146001103,0.5666514146001103,0.3460143494225005,0.08733423597738908,False
700,SEG_A,0.9343279713041033,0.9343279713041033,0.054540848384238935,0.011131180311657685,False
701,SEG_A,0.5263515828788772,0.5263515828788772,0.24413699656705556,0.22951142055406726,False
704,SEG_A,0.9258336484739297,0.9258336484739297,0.03872669275023874,0.03543965877583151,False
708,SEG_A,0.9472949761003443,0.9472949761003443,0.022824722427584675,0.029880301472071037,False
709,SEG_A,0.855134159311346,0.855134159311346,0.08759176364528062,0.05727407704337344,False
710,SEG_A,0.9360858392875088,0.9360858392875088,0.050576273204670126,0.013337887507821167,False
711,SEG_A,0.9148773528695735,0.9148773528695735,0.03725094129794985,0.04787170583247666,False
715,SEG_A,0.7701745740111853,0.7701745740111853,0.13732031495282077,0.09250511103599385,False
716,SEG_A,0.9223119307752969,0.9223119307752969,0.0709142693586391,0.006773799866063815,False
724,SEG_A,0.9380792889695521,0.9380792889695521,0.03469027837257889,0.027230432657868942,False
726,SEG_A,0.769931024080199,0.769931024080199,0.17833555413340038,0.051733421786400585,False
728,SEG_B,0.6451272228594904,0.26782439599442975,0.6451272228594904,0.08704838114607975,False
738,SEG_A,0.9103241905812414,0.9103241905812414,0.053545178724074834,0.036130630694683925,False
744,SEG_A,0.5599317855366734,0.5599317855366734,0.38363071561353645,0.05643749884979024,False
749,SEG_A,0.8495968675754203,0.8495968675754203,0.12093550510811732,0.02946762731646229,False
751,SEG_A,0.7451628227685124,0.7451628227685124,0.23237633065769744,0.022460846573790067,False
761,SEG_A,0.8729270019859909,0.8729270019859909,0.09551833385401351,0.03155466415999563,False
766,SEG_A,0.9818279577415824,0.9818279577415824,0.01466917802742564,0.0035028642309920116,False
773,SEG_A,0.5598808504166961,0.5598808504166961,0.30120425460603684,0.138914894977267,False
783,SEG_B,0.7963708589771742,0.08638520305694421,0.7963708589771742,0.11724393796588163,False
789,SEG_A,0.7273869428812482,0.7273869428812482,0.16853055365239936,0.10408250346635246,False
791,SEG_A,0.8612166163408116,0.8612166163408116,0.08819958058925495,0.05058380306993354,False
795,SEG_A,0.9313671176208088,0.9313671176208088,0.049956219939573145,0.018676662439618127,False
797,SEG_A,0.8737893038936916,0.8737893038936916,0.10193603404547963,0.02427466206082877,False
798,SEG_A,0.8064103619445019,0.8064103619445019,0.16212102925041444,0.03146860880508367,False
801,SEG_A,0.7924728310561708,0.7924728310561708,0.15828581429822902,0.04924135464560015,False
803,SEG_A,0.8823339018640155,0.8823339018640155,0.10437490203110045,0.01329119610488401,False
807,SEG_A,0.551471395798648,0.551471395798648,0.3682707312014166,0.08025787299993542,False
812,SEG_A,0.8952063261569472,0.8952063261569472,0.0858802130799205,0.018913460763132252,False
817,SEG_A,0.9401148426916083,0.9401148426916083,0.03981371889800062,0.02007143841039115,False
821,SEG_B,0.721131180957324,0.19344409307040714,0.721131180957324,0.08542472597226895,False
822,SEG_A,0.9283195694828623,0.9283195694828623,0.047622744977473444,0.02405768553966425,False
823,SEG_B,0.4488505107175878,0.4340052988995427,0.4488505107175878,0.11714419038286962,True
825,SEG_A,0.847844808521209,0.847844808521209,0.13077399433606668,0.021381197142724274,False
829,SEG_A,0.9382513353658215,0.9382513353658215,0.042433871864106534,0.019314792770072028,False
843,SEG_A,0.48877309099434546,0.48877309099434546,0.2804768327341901,0.23075007627146446,False
845,SEG_A,0.8278938135275956,0.8278938135275956,0.05865140307706057,0.11345478339534372,False
848,SEG_A,0.611558889415855,0.611558889415855,0.33094394001067395,0.05749717057347114,False
850,SEG_A,0.9772604568604475,0.9772604568604475,0.017896945216264053,0.004842597923288467,False
851,SEG_A,0.6966950767783613,0.6966950767783613,0.19467903617749824,0.10862588704414045,False
855,SEG_A,0.7285664066953562,0.7285664066953562,0.12065583722826868,0.15077775607637522,False
859,SEG_A,0.753736860370064,0.753736860370064,0.11870316179815574,0.12755997783178022,False
860,SEG_A,0.7905837662955398,0.7905837662955398,0.160565243155214,0.048850990549246215,False
867,SEG_A,0.940173115141817,0.940173115141817,0.0516962020935107,0.008130682764672334,False
875,SEG_A,0.9311559132247017,0.9311559132247017,0.047692187475032136,0.02115189930026614,False
881,SEG_A,0.7713389706373553,0.7713389706373553,0.210279002382096,0.018382026980548683,False
882,SEG_A,0.9073022560510449,0.9073022560510449,0.06508855416725975,0.02760918978169536,False
883,SEG_A,0.7273869428812482,0.7273869428812482,0.16853055365239936,0.10408250346635246,False
884,SEG_A,0.9160043543399546,0.9160043543399546,0.05112041439424516,0.03287523126580023,False
886,SEG_A,0.761094769871889,0.761094769871889,0.1958141074243153,0.0430911227037958,False
894,SEG_A,0.846553389664557,0.846553389664557,0.10371275907379313,0.04973385126164976,False
908,SEG_A,0.8679702617331002,0.8679702617331002,0.11577376338830406,0.016255974878595637,False
912,SEG_A,0.9654166920795713,0.9654166920795713,0.019524754477286646,0.015058553443142017,False
917,SEG_B,0.6965865316948273,0.2627883116551744,0.6965865316948273,0.04062515664999821,False
918,SEG_A,0.9116387836317075,0.9116387836317075,0.06030241634782596,0.02805880002046655,False
919,SEG_A,0.7629949463769526,0.7629949463769526,0.19343860061638649,0.04356645300666098,False
922,SEG_A,0.7677877681075261,0.7677877681075261,0.15360675953997358,0.07860547235250026,False
924,SEG_A,0.8442825413072912,0.8442825413072912,0.09916053670461239,0.056556921988096476,False
925,SEG_B,0.49944334444093125,0.007324258326425047,0.49944334444093125,0.4932323972326437,False
926,SEG_A,0.7677877681075261,0.7677877681075261,0.15360675953997358,0.07860547235250026,False
932,SEG_A,0.8902535876590836,0.8902535876590836,0.09247334332498078,0.017273069015935692,False
934,SEG_A,0.9084118698740494,0.9084118698740494,0.05149001973613951,0.04009811038981114,False
935,SEG_A,0.696203811534335,0.696203811534335,0.17464248140224373,0.12915370706342139,False
942,SEG_B,0.7277212685475896,0.19740121288138218,0.7277212685475896,0.07487751857102809,False
944,SEG_A,0.9226247625212721,0.9226247625212721,0.05109705444868605,0.026278183030041733,False
945,SEG_A,0.8911638710731878,0.8911638710731878,0.0850224745054302,0.02381365442138214,False
946,SEG_A,0.35896916206098095,0.35896916206098095,0.33287342680383086,0.3081574111351883,True
948,SEG_A,0.8449448821945861,0.8449448821945861,0.1183624781778588,0.03669263962755505,False
955,SEG_B,0.5643287647798857,0.3046491715956816,0.5643287647798857,0.13102206362443278,False
960,SEG_A,0.6875814794027756,0.6875814794027756,0.1615322945353095,0.15088622606191496,False
970,SEG_A,0.8505300026588433,0.8505300026588433,0.09010687548158594,0.0593631218595709,False
971,SEG_A,0.9379757200700294,0.9379757200700294,0.03630380435985081,0.025720475570119628,False
975,SEG_A,0.9777180574911285,0.9777180574911285,0.01744106778704486,0.004840874721826723,False
977,SEG_A,0.9654151961883238,0.9654151961883238,0.02408644828790141,0.010498355523774693,False
986,SEG_A,0.9403928795506966,0.9403928795506966,0.03698358108730133,0.02262353936200218,False
987,SEG_A,0.6832354482869202,0.6832354482869202,0.10798356819236159,0.2087809835207184,False
998,SEG_A,0.8548377247940601,0.8548377247940601,0.09056756079030523,0.05459471441563473,False
1000,SEG_A,0.8656890332250996,0.8656890332250996,0.0996190044208655,0.03469196235403487,False
1002,SEG_A,0.8682119531396105,0.8682119531396105,0.09189933544693352,0.03988871141345585,False
1004,SEG_A,0.9509129203593283,0.9509129203593283,0.036366122920919675,0.012720956719751958,False
1009,SEG_A,0.813060528731931,0.813060528731931,0.07725604305756076,0.10968342821050829,False
1016,SEG_A,0.8908833038018422,0.8908833038018422,0.05811274115925786,0.05100395503889991,False
1019,SEG_A,0.7677877681075261,0.7677877681075261,0.15360675953997358,0.07860547235250026,False
1022,SEG_A,0.7972732440410114,0.7972732440410114,0.16884092739316067,0.03388582856582801,False
1025,SEG_A,0.9518858917419935,0.9518858917419935,0.04218154931923271,0.0059325589387739614,False
1035,SEG_A,0.9186000061766564,0.9186000061766564,0.04663001132242872,0.03476998250091478,False
1036,SEG_B,0.6109756833777388,0.01220294820660039,0.6109756833777388,0.3768213684156607,False
1042,SEG_A,0.8495968675754203,0.8495968675754203,0.12093550510811732,0.02946762731646229,False
1048,SEG_A,0.7924728310561708,0.7924728310561708,0.15828581429822902,0.04924135464560015,False
1050,SEG_A,0.8786567700395777,0.8786567700395777,0.08277220468340524,0.03857102527701719,False
1054,SEG_A,0.7394242102750277,0.7394242102750277,0.155826821449685,0.10474896827528729,False
1063,SEG_A,0.9138545453105229,0.9138545453105229,0.06654067174358792,0.0196047829458892,False
1065,SEG_A,0.9149507530196368,0.9149507530196368,0.0766119785642199,0.008437268416143324,False
1074,SEG_A,0.8601137100119225,0.8601137100119225,0.1022714193864835,0.037614870601594005,False
1082,SEG_B,0.9299102306284502,0.026601852857283177,0.9299102306284502,0.04348791651426654,False
1083,SEG_A,0.9536510314129859,0.9536510314129859,0.025792820020004156,0.020556148567009866,False
1090,SEG_A,0.8823088298666981,0.8823088298666981,0.05578550100673801,0.061905669126563916,False
1092,SEG_A,0.4247652429086118,0.4247652429086118,0.2786033781231323,0.29663137896825587,True
1094,SEG_A,0.8617110100021628,0.8617110100021628,0.12893298730462244,0.009356002693214899,False
1095,SEG_A,0.8971284814201188,0.8971284814201188,0.04970254097352942,0.05316897760635171,False
1097,SEG_A,0.9397358874809797,0.9397358874809797,0.04749339103766253,0.012770721481357838,False
1099,SEG_B,0.8669322096480939,0.03351839607613997,0.8669322096480939,0.09954939427576598,False
1101,SEG_A,0.8187962331116114,0.8187962331116114,0.05978713128891343,0.12141663559947513,False
1108,SEG_A,0.91724811745805,0.91724811745805,0.05195166627972364,0.030800216262226354,False
1109,SEG_A,0.7920227557387413,0.7920227557387413,0.13320667611601889,0.07477056814523979,False
1114,SEG_A,0.8602752988570612,0.8602752988570612,0.027546233359565568,0.11217846778337315,False
1120,SEG_A,0.8449448821945861,0.8449448821945861,0.1183624781778588,0.03669263962755505,False
1121,SEG_B,0.6431700752582573,0.04528733231217669,0.6431700752582573,0.31154259242956606,False
1123,SEG_A,0.9631774262411358,0.9631774262411358,0.016697603009485796,0.020124970749378315,False
1125,SEG_B,0.531383741628524,0.4186787075589914,0.531383741628524,0.04993755081248471,False
1128,SEG_A,0.9141064814258509,0.9141064814258509,0.05930125123843621,0.026592267335712825,False
1131,SEG_A,0.9642693647126036,0.9642693647126036,0.025685980812118033,0.010044654475278338,False
1135,SEG_A,0.7205680866719723,0.7205680866719723,0.25266946221895537,0.026762451109072372,False
1138,SEG_B,0.8863560894938696,0.015527261372970173,0.8863560894938696,0.09811664913316022,False
1141,SEG_A,0.8620423041829012,0.8620423041829012,0.12712429057268915,0.010833405244409705,False
1146,SEG_A,0.8423431167237263,0.8423431167237263,0.06697806097075908,0.09067882230551466,False
1148,SEG_A,0.9102200227527005,0.9102200227527005,0.0698253100229302,0.019954667224369192,False
1150,SEG_B,0.8527283223169457,0.08123233183109212,0.8527283223169457,0.06603934585196221,False
1151,SEG_A,0.9242517685554937,0.9242517685554937,0.0556104130410967,0.020137818403409596,False
1153,SEG_A,0.8531446499440154,0.8531446499440154,0.06381478802288357,0.08304056203310087,False
1156,SEG_B,0.5653871187026566,0.04170496450669384,0.5653871187026566,0.39290791679064957,False
1166,SEG_A,0.8024410042073057,0.8024410042073057,0.11332415130999501,0.08423484448269916,False
1169,SEG_A,0.9546272008346626,0.9546272008346626,0.02099945115925584,0.024373348006081593,False
1170,SEG_A,0.7721623279217479,0.7721623279217479,0.16381738541695387,0.06402028666129825,False
1178,SEG_A,0.9297411819053897,0.9297411819053897,0.04660712765669095,0.02365169043791936,False
1182,SEG_A,0.9173947752620158,0.9173947752620158,0.06744545847102823,0.015159766266956066,False
1183,SEG_A,0.7669780959415786,0.7669780959415786,0.19293718190567025,0.040084722152751065,False
1184,SEG_A,0.7727689192255653,0.7727689192255653,0.16425779253501296,0.06297328823942173,False
1187,SEG_A,0.5242624021777257,0.5242624021777257,0.396233967906511,0.07950362991576322,False
1190,SEG_A,0.6469905792827977,0.6469905792827977,0.23598583667903997,0.11702358403816226,False
1193,SEG_A,0.9332752671390669,0.9332752671390669,0.043733801599899064,0.02299093126103399,False
1197,SEG_A,0.8546170749451785,0.8546170749451785,0.11498532460579959,0.030397600449022052,False
1200,SEG_A,0.7754276438861748,0.7754276438861748,0.08932419665238563,0.13524815946143962,False
1203,SEG_A,0.7840025283232471,0.7840025283232471,0.18345570582786438,0.032541765848888536,False
1207,SEG_A,0.9367063466816207,0.9367063466816207,0.05437182246777665,0.008921830850602594,False
1209,SEG_A,0.9383076872362968,0.9383076872362968,0.040362727824617896,0.02132958493908539,False
1211,SEG_A,0.78090439840591,0.78090439840591,0.16476268458750748,0.05433291700658254,False
1220,SEG_A,0.9476688980602134,0.9476688980602134,0.024208929531901135,0.028122172407885466,False
1226,SEG_A,0.9239010693242482,0.9239010693242482,0.05175842486066292,0.024340505815089012,False
1232,SEG_A,0.9328463019407529,0.9328463019407529,0.04528477069484387,0.021868927364403143,False
1236,SEG_A,0.7759180368132095,0.7759180368132095,0.17094891519335081,0.05313304799343972,False
1239,SEG_A,0.917526037979382,0.917526037979382,0.062375410477762995,0.02009855154285511,False
1241,SEG_A,0.7611056432403936,0.7611056432403936,0.18960333484805655,0.04929102191154985,False
1252,SEG_A,0.7916714121359691,0.7916714121359691,0.09406759962137957,0.11426098824265121,False
1254,SEG_A,0.62005947040968,0.62005947040968,0.2753758493823061,0.10456468020801403,False
1260,SEG_A,0.9689576383661922,0.9689576383661922,0.02008866216315599,0.010953699470651787,False
1261,SEG_A,0.9365408625633931,0.9365408625633931,0.03725651382254384,0.026202623614063236,False
1263,SEG_A,0.9413853660637375,0.9413853660637375,0.046487801707135484,0.012126832229126914,False
1265,SEG_A,0.8900679333134172,0.8900679333134172,0.0966619734683989,0.013270093218184106,False
1274,SEG_A,0.8671965560890736,0.8671965560890736,0.08883761840794156,0.04396582550298472,False
1278,SEG_A,0.8728782915635135,0.8728782915635135,0.07993389292159218,0.04718781551489432,False
1279,SEG_A,0.8038148889541379,0.8038148889541379,0.14573555445374073,0.050449556592121345,False
1280,SEG_A,0.8046622872833311,0.8046622872833311,0.07289952287560221,0.12243818984106677,False
1282,SEG_A,0.8725743891961661,0.8725743891961661,0.08313691694597086,0.04428869385786293,False
1283,SEG_A,0.8682840794628696,0.8682840794628696,0.1240069669862402,0.007708953550890216,False
1284,SEG_A,0.4392671458472889,0.4392671458472889,0.3168568761362124,0.2438759780164987,True
1293,SEG_A,0.9365938193187737,0.9365938193187737,0.04270747756181187,0.020698703119414397,False
1294,SEG_A,0.9174933900139677,0.9174933900139677,0.04445099045304669,0.0380556195329857,False
1303,SEG_A,0.8185669555661605,0.8185669555661605,0.11263634924642907,0.06879669518741041,False
1305,SEG_A,0.9278938655064677,0.9278938655064677,0.06014566496859688,0.011960469524935529,False
1314,SEG_A,0.7827752026252802,0.7827752026252802,0.1835543573955139,0.03367043997920596,False
1321,SEG_A,0.9106385200617481,0.9106385200617481,0.07462861190513033,0.014732868033121576,False
1329,SEG_A,0.7750793091375463,0.7750793091375463,0.06649733541424166,0.15842335544821193,False
1347,SEG_A,0.9143480255429234,0.9143480255429234,0.06940314742424639,0.0162488270328302,False
1352,SEG_A,0.9369059931591797,0.9369059931591797,0.04358913187856855,0.019504874962251735,False
1354,SEG_A,0.9476810731118164,0.9476810731118164,0.04111767832637999,0.011201248561803724,False
1356,SEG_A,0.9401148426916083,0.9401148426916083,0.03981371889800062,0.02007143841039115,False
1358,SEG_A,0.9548293037651532,0.9548293037651532,0.020876974948444343,0.02429372128640243,False
1359,SEG_A,0.7761160927191256,0.7761160927191256,0.0987009887347905,0.12518291854608393,False
1360,SEG_A,0.6594206517001124,0.6594206517001124,0.22334679350637043,0.11723255479351712,False
1361,SEG_A,0.9286409427684137,0.9286409427684137,0.047740353110662326,0.023618704120924035,False
1382,SEG_A,0.9280528773157563,0.9280528773157563,0.05303991487320774,0.018907207811036025,False
1386,SEG_A,0.9651534949127364,0.9651534949127364,0.018768193976720526,0.01607831111054309,False
1388,SEG_A,0.938655064807344,0.938655064807344,0.04758927821523816,0.013755656977417909,False
1392,SEG_A,0.7113596224475514,0.7113596224475514,0.21156905532082892,0.07707132223161976,False
1393,SEG_A,0.9038620188263331,0.9038620188263331,0.05411103319204155,0.042026947981625304,False
1397,SEG_A,0.7495319810927112,0.7495319810927112,0.14698380722985246,0.1034842116774363,False
1400,SEG_A,0.9508577717742577,0.9508577717742577,0.032026040393877526,0.017116187831864783,False
1408,SEG_A,0.657567265251331,0.657567265251331,0.25305882920296063,0.08937390554570852,False
1419,SEG_A,0.8350933792273333,0.8350933792273333,0.10971628530177416,0.055190335470892506,False
1424,SEG_A,0.8793137473239061,0.8793137473239061,0.11335485250642621,0.007331400169667778,False
1425,SEG_A,0.9162157341394496,0.9162157341394496,0.060524186033203885,0.02326007982734646,False
1427,SEG_A,0.8683023353021251,0.8683023353021251,0.09407675187052472,0.03762091282735015,False
1431,SEG_A,0.9711266360555132,0.9711266360555132,0.02508834583401298,0.0037850181104738274,False
1433,SEG_A,0.9201963606363833,0.9201963606363833,0.04700634749016523,0.03279729187345128,False
1436,SEG_B,0.6194356890155497,0.2849443488678248,0.6194356890155497,0.09561996211662553,False
1437,SEG_A,0.6889920259335868,0.6889920259335868,0.27469196900965126,0.03631600505676192,False
1445,SEG_A,0.9030323188106959,0.9030323188106959,0.06446413591622331,0.032503545273080844,False
1447,SEG_A,0.8829034898793184,0.8829034898793184,0.046394443254865594,0.07070206686581612,False
1449,SEG_A,0.8849619730216925,0.8849619730216925,0.07398551441916151,0.041052512559145916,False
1451,SEG_A,0.9270813993732846,0.9270813993732846,0.045035372222065106,0.027883228404650285,False
1458,SEG_A,0.9494968462882047,0.9494968462882047,0.03186415576018009,0.01863899795161517,False
1459,SEG_A,0.8388679179703482,0.8388679179703482,0.08433268002999217,0.07679940199965972,False
1460,SEG_A,0.899781405713949,0.899781405713949,0.06185480554491914,0.03836378874113181,False
1461,SEG_A,0.8858172931330999,0.8858172931330999,0.07825978201573182,0.035922924851168284,False
1465,SEG_A,0.8251369885368923,0.8251369885368923,0.15955645340466523,0.015306558058442455,False
1468,SEG_A,0.9638462334067347,0.9638462334067347,0.030660553258039503,0.005493213335225756,False
1471,SEG_A,0.8866976406996275,0.8866976406996275,0.08139125655812993,0.0319111027422424,False
1472,SEG_A,0.7677877681075261,0.7677877681075261,0.15360675953997358,0.07860547235250026,False
1480,SEG_A,0.8449448821945861,0.8449448821945861,0.1183624781778588,0.03669263962755505,False
1481,SEG_A,0.7585242240480655,0.7585242240480655,0.15706743520239172,0.08440834074954272,False
1483,SEG_A,0.7761054252643238,0.7761054252643238,0.17499049290080437,0.0489040818348719,False
1486,SEG_A,0.8801107586056892,0.8801107586056892,0.06920447749063713,0.05068476390367372,False
1492,SEG_A,0.9552180869182796,0.9552180869182796,0.03434226717207827,0.010439645909642085,False
1495,SEG_A,0.9584295715358389,0.9584295715358389,0.034033925370967485,0.007536503093193614,False
1498,SEG_A,0.7872453483809604,0.7872453483809604,0.11439085043824695,0.09836380118079263,False
1502,SEG_A,0.9149163708851844,0.9149163708851844,0.06461322382358549,0.02047040529123011,False
1503,SEG_A,0.907634954096005,0.907634954096005,0.06929296011122842,0.02307208579276653,False
1519,SEG_A,0.9638976844379633,0.9638976844379633,0.021890506295269303,0.014211809266767225,False
1520,SEG_A,0.9028070724916955,0.9028070724916955,0.08109211189437006,0.01610081561393447,False
1523,SEG_A,0.6911891890275974,0.6911891890275974,0.20911167210508327,0.0996991388673194,False
1532,SEG_A,0.9432286424209463,0.9432286424209463,0.04039353560401453,0.016377821975039293,False
1533,SEG_A,0.4766966739192484,0.4766966739192484,0.4572800123295034,0.06602331375124823,False
1539,SEG_A,0.8298261622694038,0.8298261622694038,0.06032950170256538,0.1098443360280309,False
1542,SEG_B,0.5041106818395357,0.4469129161770573,0.5041106818395357,0.04897640198340704,False
1545,SEG_A,0.7652862358891191,0.7652862358891191,0.195312522495093,0.039401241615787744,False
1547,SEG_A,0.9596940990103051,0.9596940990103051,0.03173407165449298,0.008571829335201989,False
1558,SEG_A,0.9371319095093343,0.9371319095093343,0.03886581723655326,0.024002273254112357,False
1562,SEG_A,0.7570540707957851,0.7570540707957851,0.21636039429162382,0.026585534912591184,False
1571,SEG_A,0.9622282669164619,0.9622282669164619,0.032747371336525485,0.005024361747012448,False
1574,SEG_A,0.5252146458547159,0.5252146458547159,0.3271197555267233,0.1476655986185608,False
1581,SEG_A,0.9541863600369838,0.9541863600369838,0.026354429204007754,0.019459210759008503,False
1583,SEG_A,0.801570809644063,0.801570809644063,0.12759713770939637,0.07083205264654048,False
1584,SEG_A,0.5370464465896535,0.5370464465896535,0.2795180814253896,0.18343547198495697,False
1585,SEG_A,0.9249756082268589,0.9249756082268589,0.04300657565896287,0.032017816114178255,False
1591,SEG_A,0.9589820944351705,0.9589820944351705,0.03223847947639779,0.008779426088431729,False
1597,SEG_A,0.9093857656768911,0.9093857656768911,0.07770614695822202,0.012908087364886802,False
1604,SEG_A,0.9053180988839937,0.9053180988839937,0.04633894396091499,0.04834295715509128,False
1606,SEG_A,0.8972943661159268,0.8972943661159268,0.07375950606765565,0.028946127816417616,False
1607,SEG_A,0.9271660848325711,0.9271660848325711,0.06142548211272576,0.011408433054703092,False
1608,SEG_A,0.9412286782434898,0.9412286782434898,0.04352141405130498,0.015249907705205162,False
1626,SEG_A,0.6923583809536628,0.6923583809536628,0.2782520578697149,0.02938956117662244,False
1629,SEG_A,0.7098393877309871,0.7098393877309871,0.09592703541954818,0.19423357684946482,False
1633,SEG_A,0.8271175041899692,0.8271175041899692,0.08957637263943852,0.0833061231705922,False
1636,SEG_A,0.6876841540432995,0.6876841540432995,0.24507322940013995,0.06724261655656051,False
1650,SEG_A,0.7403127841351015,0.7403127841351015,0.025443175699616846,0.23424404016528177,False
1653,SEG_A,0.6179078198791339,0.6179078198791339,0.18066326074336864,0.2014289193774975,False
1664,SEG_A,0.8838918310029192,0.8838918310029192,0.09463893092006055,0.02146923807702012,False
1665,SEG_A,0.9493456269063445,0.9493456269063445,0.039652833907652035,0.01100153918600366,False
1669,SEG_A,0.969172377580378,0.969172377580378,0.019304344615510196,0.011523277804111769,False
1676,SEG_A,0.9262386034437811,0.9262386034437811,0.05037308275031508,0.023388313805903838,False
1677,SEG_A,0.9105543126534467,0.9105543126534467,0.031538263733980144,0.05790742361257313,False
1685,SEG_A,0.9382895669480613,0.9382895669480613,0.04154713808706646,0.020163294964872198,False
1686,SEG_A,0.9818109813691435,0.9818109813691435,0.014589920403061743,0.0035990982277947325,False
1688,SEG_A,0.7003413459897772,0.7003413459897772,0.27936752202131465,0.02029113198890818,False
1698,SEG_A,0.9588837605383035,0.9588837605383035,0.026305059507619792,0.01481117995407667,False
1706,SEG_A,0.9517812053432058,0.9517812053432058,0.02739138349729049,0.020827411159503602,False
1708,SEG_A,0.9387310045904547,0.9387310045904547,0.040962737605340936,0.020306257804204468,False
1718,SEG_A,0.7642928175103951,0.7642928175103951,0.17212855680938763,0.06357862568021712,False
1719,SEG_A,0.9335458558300611,0.9335458558300611,0.04604459445427907,0.020409549715659864,False
1725,SEG_A,0.9005351140911607,0.9005351140911607,0.08377561483996003,0.015689271068879344,False
1727,SEG_A,0.9656567301675439,0.9656567301675439,0.023336789887247366,0.011006479945208706,False
1728,SEG_A,0.9471623343927732,0.9471623343927732,0.0344281811962202,0.018409484411006663,False
1729,SEG_B,0.7596085140678334,0.008785662608125222,0.7596085140678334,0.23160582332404137,False
1730,SEG_A,0.8456140583887358,0.8456140583887358,0.1309948085277693,0.0233911330834948,False
1731,SEG_A,0.9708610997624053,0.9708610997624053,0.024388033486366877,0.004750866751227835,False
1747,SEG_A,0.49949472582375215,0.49949472582375215,0.4256254426938633,0.0748798314823846,False
1752,SEG_A,0.8361799802295543,0.8361799802295543,0.13354462600806727,0.030275393762378557,False
1753,SEG_A,0.8434666483813181,0.8434666483813181,0.09653772369870547,0.059995627919976514,False
1755,SEG_A,0.8367700414703312,0.8367700414703312,0.13734064156486503,0.0258893169648038,False
1757,SEG_A,0.8631500853140045,0.8631500853140045,0.11050583715905128,0.02634407752694429,False
1758,SEG_A,0.9529397223336046,0.9529397223336046,0.03977954410823215,0.0072807335581632805,False
1768,SEG_A,0.9351003562758671,0.9351003562758671,0.031433384068960714,0.03346625965517223,False
1773,SEG_A,0.8851717327562021,0.8851717327562021,0.05228274283091623,0.06254552441288162,False
1777,SEG_A,0.8819790335397344,0.8819790335397344,0.0802461132830881,0.037774853177177645,False
1780,SEG_A,0.829140245133767,0.829140245133767,0.1389081756322183,0.031951579234014524,False
1782,SEG_A,0.48618534346038395,0.48618534346038395,0.3939737738327602,0.11984088270685575,False
1784,SEG_A,0.7677877681075261,0.7677877681075261,0.15360675953997358,0.07860547235250026,False
1789,SEG_A,0.5245158449788716,0.5245158449788716,0.37766394108665957,0.09782021393446885,False
1794,SEG_A,0.9003134092731395,0.9003134092731395,0.08240544134924542,0.017281149377614956,False
1795,SEG_A,0.9634162384883456,0.9634162384883456,0.022426356975032428,0.014157404536622046,False
1802,SEG_A,0.8449448821945861,0.8449448821945861,0.1183624781778588,0.03669263962755505,False
1807,SEG_A,0.6881236882201248,0.6881236882201248,0.2017886662489228,0.11008764553095239,False
1817,SEG_A,0.922842575448515,0.922842575448515,0.04654085544701782,0.03061656910446728,False
1819,SEG_A,0.8167052275238009,0.8167052275238009,0.11181841884463874,0.07147635363156021,False
1823,SEG_A,0.7724853993915421,0.7724853993915421,0.06264127687226818,0.16487332373618965,False
1826,SEG_A,0.9338715778706389,0.9338715778706389,0.0271668473499422,0.03896157477941882,False
1844,SEG_A,0.9125821136612856,0.9125821136612856,0.0707432650420535,0.016674621296660832,False
1847,SEG_A,0.883756452184054,0.883756452184054,0.056789424391978725,0.0594541234239672,False
1856,SEG_A,0.7786293601112129,0.7786293601112129,0.08472617117237811,0.13664446871640892,False
1857,SEG_A,0.78520986599692,0.78520986599692,0.11781047145137896,0.09697966255170089,False
1866,SEG_A,0.9435562924996843,0.9435562924996843,0.0344828003269335,0.02196090717338214,False
1872,SEG_A,0.5524599172816487,0.5524599172816487,0.30930958673592196,0.1382304959824293,False
1873,SEG_A,0.7677877681075261,0.7677877681075261,0.15360675953997358,0.07860547235250026,False
1881,SEG_A,0.9641883645973907,0.9641883645973907,0.02098028066645435,0.014831354736155157,False
1882,SEG_A,0.8935188885347451,0.8935188885347451,0.09837661304230742,0.008104498422947484,False
1885,SEG_A,0.7369134581032108,0.7369134581032108,0.2244131936146823,0.038673348282106744,False
1891,SEG_A,0.8119444554649956,0.8119444554649956,0.16053643677777601,0.027519107757228288,False
1892,SEG_A,0.8566134853828129,0.8566134853828129,0.13684500342032715,0.006541511196859898,False
1897,SEG_A,0.9539704707247758,0.9539704707247758,0.028570027533697796,0.017459501741526457,False
1899,SEG_A,0.8838045468517408,0.8838045468517408,0.06749459400936322,0.04870085913889581,False
1907,SEG_B,0.5354535655427989,0.3097822412217158,0.5354535655427989,0.15476419323548526,False
1910,SEG_B,0.6669222408804611,0.24123683163427978,0.6669222408804611,0.09184092748525917,False
1911,SEG_B,0.5280801322945673,0.40288903220488975,0.5280801322945673,0.06903083550054301,False
1920,SEG_A,0.8705826981498552,0.8705826981498552,0.09918577625584726,0.030231525594297478,False
1923,SEG_A,0.868841609277382,0.868841609277382,0.0798430750006051,0.05131531572201293,False
1931,SEG_A,0.8043127969656599,0.8043127969656599,0.11419277900834959,0.08149442402599039,False
1932,SEG_A,0.8957347709745153,0.8957347709745153,0.07283633783156718,0.0314288911939177,False
1936,SEG_A,0.9503547350589215,0.9503547350589215,0.031569548496281165,0.018075716444797343,False
1938,SEG_A,0.8573146402606029,0.8573146402606029,0.05892811081117917,0.08375724892821787,False
1942,SEG_A,0.7936452472285696,0.7936452472285696,0.17015410999828923,0.036200642773141195,False
1946,SEG_A,0.967101616487775,0.967101616487775,0.022423960340899694,0.010474423171325251,False
1951,SEG_A,0.5186512114690727,0.5186512114690727,0.3113420859405306,0.17000670259039694,False
1956,SEG_B,0.5510622149689032,0.4219404015389702,0.5510622149689032,0.026997383492126693,False
1961,SEG_A,0.8824105944773627,0.8824105944773627,0.0848579202336364,0.03273148528900092,False
1972,SEG_A,0.7173103532053846,0.7173103532053846,0.19147105912559648,0.09121858766901898,False
1985,SEG_A,0.755356814992844,0.755356814992844,0.06345451593826583,0.18118866906889017,False
1992,SEG_A,0.8495968675754203,0.8495968675754203,0.12093550510811732,0.02946762731646229,False
2001,SEG_A,0.7511576715365241,0.7511576715365241,0.23776328119533663,0.011079047268139254,False
2003,SEG_A,0.7725354613424492,0.7725354613424492,0.19852999368392266,0.028934544973628126,False
2012,SEG_B,0.5005041991618999,0.45396564943094564,0.5005041991618999,0.04553015140715437,False
2023,SEG_B,0.726137823997422,0.008304927216817097,0.726137823997422,0.26555724878576087,False
2025,SEG_A,0.7040300096419196,0.7040300096419196,0.06893456352174886,0.22703542683633146,False
2035,SEG_A,0.6911982959031208,0.6911982959031208,0.21530425682855334,0.09349744726832598,False
2037,SEG_A,0.9033666839980531,0.9033666839980531,0.07720956799770406,0.019423748004242843,False
2039,SEG_A,0.6374605006894442,0.6374605006894442,0.21008320709575132,0.15245629221480447,False
2042,SEG_A,0.944072624524857,0.944072624524857,0.04172224612133741,0.014205129353805614,False
2045,SEG_A,0.6164586583243647,0.6164586583243647,0.36566156650450804,0.017879775171127155,False
2050,SEG_A,0.714158550819614,0.714158550819614,0.23116726453471378,0.05467418464567226,False
2051,SEG_A,0.83129857138141,0.83129857138141,0.10554347666929814,0.063157951949292,False
2052,SEG_A,0.7853263279911753,0.7853263279911753,0.11482123798386557,0.09985243402495911,False
2055,SEG_A,0.6450634353302793,0.6450634353302793,0.3163909924891517,0.03854557218056886,False
2060,SEG_A,0.8634379916311874,0.8634379916311874,0.10419208306066244,0.032369925308150256,False
2061,SEG_A,0.9325266952266719,0.9325266952266719,0.04524302164462072,0.022230283128707444,False
2062,SEG_A,0.6474293732430113,0.6474293732430113,0.32429192086078384,0.028278705896204834,False
2070,SEG_A,0.9423353828509392,0.9423353828509392,0.035081115667770016,0.022583501481290794,False
2073,SEG_A,0.9477291906046605,0.9477291906046605,0.034804111609096376,0.01746669778624313,False
2075,SEG_A,0.8824663015888231,0.8824663015888231,0.06386051920207499,0.053673179209102015,False
2083,SEG_A,0.9270525938191674,0.9270525938191674,0.03222440874613317,0.04072299743469942,False
2089,SEG_A,0.8658491900034365,0.8658491900034365,0.09033627406558982,0.043814535930973716,False
2093,SEG_A,0.9156111657785024,0.9156111657785024,0.05907915498769867,0.025309679233798916,False
2096,SEG_A,0.8514251675795921,0.8514251675795921,0.09373590351720017,0.05483892890320755,False
2099,SEG_A,0.8920945032270771,0.8920945032270771,0.08146022051331295,0.026445276259610073,False
2104,SEG_A,0.8360552619521134,0.8360552619521134,0.10987640203923245,0.05406833600865428,False
2108,SEG_A,0.7801269945212203,0.7801269945212203,0.19243348641727415,0.027439519061505543,False
2112,SEG_A,0.9343069713637727,0.9343069713637727,0.05125208715577037,0.014440941480456854,False
2113,SEG_A,0.9572041784460786,0.9572041784460786,0.03326745791786858,0.009528363636052856,False
2114,SEG_A,0.7042131330484085,0.7042131330484085,0.12306841585742608,0.17271845109416542,False
2119,SEG_A,0.740407302295838,0.740407302295838,0.17309296555491666,0.08649973214924549,False
2122,SEG_A,0.8098089421472632,0.8098089421472632,0.15787580150155409,0.03231525635118271,False
2123,SEG_A,0.8300213302081785,0.8300213302081785,0.11364063544069515,0.05633803435112633,False
2126,SEG_A,0.9665368017374334,0.9665368017374334,0.027447323726366737,0.006015874536199828,False
2132,SEG_A,0.6128503257073252,0.6128503257073252,0.25547726497501494,0.1316724093176599,False
2133,SEG_A,0.9636267654522069,0.9636267654522069,0.03186139270330864,0.004511841844484486,False
2140,SEG_A,0.8246015470090116,0.8246015470090116,0.1306952619219998,0.044703191068988624,False
2141,SEG_A,0.9404265917990641,0.9404265917990641,0.04144372622442333,0.018129681976512706,False
2144,SEG_A,0.9134092552413008,0.9134092552413008,0.05797378633755091,0.02861695842114827,False
2151,SEG_A,0.763594054219727,0.763594054219727,0.2160154331231619,0.020390512657111105,False
2156,SEG_A,0.8749727802707765,0.8749727802707765,0.05698656632920052,0.06804065340002298,False
2163,SEG_A,0.7259038475915213,0.7259038475915213,0.10795609078310184,0.16614006162537687,False
2167,SEG_A,0.6419738578740711,0.6419738578740711,0.2608763687906911,0.09714977333523783,False
2173,SEG_A,0.815069003122223,0.815069003122223,0.06223189556092268,0.12269910131685438,False
2179,SEG_A,0.9746015453278365,0.9746015453278365,0.01996842911471887,0.005430025557444661,False
2181,SEG_A,0.8192807367603532,0.8192807367603532,0.1573484903364531,0.023370772903193688,False
2182,SEG_A,0.6647169019533452,0.6647169019533452,0.2528387682609747,0.08244432978568005,False
2183,SEG_A,0.8750954801411857,0.8750954801411857,0.040937843291937726,0.08396667656687677,False
2187,SEG_A,0.9142353565485856,0.9142353565485856,0.07054945262569741,0.01521519082571694,False
2191,SEG_A,0.9399602097688309,0.9399602097688309,0.03553948473278597,0.02450030549838318,False
2211,SEG_A,0.7969771051126164,0.7969771051126164,0.11240886744904151,0.0906140274383421,False
2233,SEG_A,0.8016049054554564,0.8016049054554564,0.13448395251106735,0.06391114203347627,False
2234,SEG_A,0.8123553302548975,0.8123553302548975,0.13069270648514633,0.05695196325995625,False
2237,SEG_A,0.8528013363862685,0.8528013363862685,0.10518233638560066,0.04201632722813088,False
2239,SEG_B,0.9090855812469769,0.008066399845716641,0.9090855812469769,0.08284801890730636,False
2244,SEG_A,0.951285991532738,0.951285991532738,0.018873280740651324,0.029840727726610658,False
2249,SEG_A,0.9318652826937106,0.9318652826937106,0.044015654864439945,0.024119062441849352,False
2254,SEG_A,0.9445819717118866,0.9445819717118866,0.04057563364331647,0.014842394644796895,False
2258,SEG_A,0.7290687654505481,0.7290687654505481,0.17859544570380032,0.09233578884565148,False
2261,SEG_A,0.6853360295799593,0.6853360295799593,0.11810161669559867,0.196562353724442,False
2269,SEG_A,0.9387411731617404,0.9387411731617404,0.0450456626306001,0.016213164207659454,False
2271,SEG_A,0.884140213338477,0.884140213338477,0.10849706371528137,0.007362722946241547,False
2274,SEG_A,0.8486102246974082,0.8486102246974082,0.11069546430722375,0.04069431099536807,False
2279,SEG_A,0.7524191002845533,0.7524191002845533,0.20517578760178182,0.04240511211366481,False
2280,SEG_A,0.9720043666091859,0.9720043666091859,0.020856660118295234,0.0071389732725189135,False
2281,SEG_A,0.971726639131541,0.971726639131541,0.019381180032224974,0.00889218083623397,False
2284,SEG_A,0.8512358061507109,0.8512358061507109,0.10112702796290092,0.04763716588638829,False
2289,SEG_A,0.9269490845252697,0.9269490845252697,0.04165444802534037,0.03139646744938997,False
2290,SEG_B,0.6124563421363,0.3157498128233326,0.6124563421363,0.0717938450403675,False
2291,SEG_A,0.7287823019278538,0.7287823019278538,0.2007034504950111,0.0705142475771351,False
2294,SEG_A,0.894499606284987,0.894499606284987,0.04466044985396729,0.06083994386104567,False
2295,SEG_A,0.8273537133946828,0.8273537133946828,0.12393645006289308,0.04870983654242414,False
2297,SEG_A,0.8167052275238009,0.8167052275238009,0.11181841884463874,0.07147635363156021,False
2299,SEG_A,0.6651021559356055,0.6651021559356055,0.2650925297485035,0.06980531431589101,False
2302,SEG_A,0.6387030911469512,0.6387030911469512,0.2959700060406493,0.06532690281239953,False
2304,SEG_A,0.8783004872701696,0.8783004872701696,0.05187825260580036,0.06982126012403007,False
2307,SEG_A,0.6800532837215708,0.6800532837215708,0.11161399856825938,0.20833271771016978,False
2312,SEG_A,0.9335019547522873,0.9335019547522873,0.04733620383613201,0.01916184141158076,False
2315,SEG_A,0.9173699648566757,0.9173699648566757,0.03475993396507136,0.04787010117825296,False
2316,SEG_A,0.7989843860364816,0.7989843860364816,0.15010861840917314,0.05090699555434525,False
2322,SEG_A,0.8268576576846312,0.8268576576846312,0.08187742741434988,0.09126491490101894,False
2325,SEG_B,0.45753612211859324,0.4021818845083997,0.45753612211859324,0.1402819933730072,False
2327,SEG_A,0.7495772705527867,0.7495772705527867,0.20822147192367274,0.04220125752354041,False
2329,SEG_A,0.936253675310615,0.936253675310615,0.0456859254246402,0.018060399264744904,False
2330,SEG_A,0.7382689206644072,0.7382689206644072,0.18989867669356397,0.07183240264202877,False
2335,SEG_A,0.8998901320030726,0.8998901320030726,0.056078438292917684,0.04403142970400982,False
2355,SEG_A,0.9556869904164151,0.9556869904164151,0.03751917605306362,0.006793833530521185,False
2357,SEG_A,0.7677877681075261,0.7677877681075261,0.15360675953997358,0.07860547235250026,False
2361,SEG_A,0.8394740471902589,0.8394740471902589,0.10594993768060669,0.05457601512913441,False
2387,SEG_A,0.7709945894149403,0.7709945894149403,0.1847893450831308,0.04421606550192898,False
2394,SEG_A,0.7955102922496253,0.7955102922496253,0.11916062360289095,0.08532908414748362,False
2398,SEG_B,0.4852388991952772,0.1754020715198907,0.4852388991952772,0.33935902928483214,False
2403,SEG_A,0.9167725955044338,0.9167725955044338,0.06419891395010907,0.019028490545457293,False
2406,SEG_A,0.9243796686804397,0.9243796686804397,0.050998912148904736,0.02462141917065559,False
2410,SEG_C,0.4916378041759736,0.05631958685152321,0.4520426089725032,0.4916378041759736,False
2427,SEG_A,0.9016871490425153,0.9016871490425153,0.07232073319639756,0.025992117761087057,False
2431,SEG_A,0.87359679208729,0.87359679208729,0.0383344838414557,0.08806872407125428,False
2440,SEG_A,0.7724195763352812,0.7724195763352812,0.1801110109113471,0.04746941275337181,False
2443,SEG_A,0.9652198824052483,0.9652198824052483,0.02660597810375858,0.008174139490993085,False
2458,SEG_A,0.8154140456347961,0.8154140456347961,0.10906013919978615,0.07552581516541763,False
2459,SEG_A,0.7880401262414521,0.7880401262414521,0.13236193612369682,0.07959793763485096,False
2462,SEG_A,0.8690053444438274,0.8690053444438274,0.07532149965516097,0.05567315590101161,False
2471,SEG_A,0.774529700933388,0.774529700933388,0.1966629399729963,0.028807359093615658,False
2472,SEG_A,0.7767262121063531,0.7767262121063531,0.16048828736050086,0.06278550053314597,False
2476,SEG_A,0.822453971673198,0.822453971673198,0.11727272202228546,0.06027330630451656,False
2478,SEG_A,0.5574675481527771,0.5574675481527771,0.31403874658640923,0.12849370526081363,False
2484,SEG_A,0.9448254717158319,0.9448254717158319,0.04245043197628283,0.01272409630788525,False
2489,SEG_A,0.9511670648241758,0.9511670648241758,0.026241989881634706,0.02259094529418958,False
2490,SEG_A,0.9406547486461292,0.9406547486461292,0.04429879953056802,0.015046451823302854,False
2493,SEG_A,0.9098000417110814,0.9098000417110814,0.07109674492649176,0.019103213362426888,False
2495,SEG_A,0.9281920264347928,0.9281920264347928,0.052119463939196156,0.019688509626010955,False
2496,SEG_A,0.9669911214578333,0.9669911214578333,0.02020564093768953,0.012803237604477088,False
2506,SEG_A,0.5215387464152382,0.5215387464152382,0.4171677391959334,0.06129351438882844,False
2512,SEG_A,0.5699071779987273,0.5699071779987273,0.3677657702395357,0.0623270517617371,False
2514,SEG_A,0.9619523235107722,0.9619523235107722,0.028974157873274703,0.009073518615953005,False
2519,SEG_A,0.8655235337153342,0.8655235337153342,0.10725698692572552,0.027219479358940313,False
2526,SEG_B,0.6141342705491876,0.2677483856089649,0.6141342705491876,0.11811734384184754,False
2529,SEG_A,0.6715090973658571,0.6715090973658571,0.18515800556398443,0.14333289707015853,False
2531,SEG_A,0.8302017009653415,0.8302017009653415,0.10461890329751285,0.06517939573714567,False
2533,SEG_A,0.8665367754106518,0.8665367754106518,0.07827243842631428,0.055190786163033856,False
2535,SEG_A,0.8653660423559459,0.8653660423559459,0.06783467885502192,0.06679927878903223,False
2541,SEG_A,0.8481055561649665,0.8481055561649665,0.060784283342322304,0.09111016049271116,False
2545,SEG_A,0.8273537133946828,0.8273537133946828,0.12393645006289308,0.04870983654242414,False
2547,SEG_A,0.654969474433347,0.654969474433347,0.22351410485605386,0.12151642071059916,False
2549,SEG_A,0.945987853425229,0.945987853425229,0.0387324766400258,0.015279669934745187,False
2553,SEG_A,0.8726401175466536,0.8726401175466536,0.08246599515871944,0.044893887294626934,False
2555,SEG_A,0.9486435659066789,0.9486435659066789,0.016456402394877424,0.03490003169844368,False
2558,SEG_A,0.843115648566014,0.843115648566014,0.11892290060903628,0.03796145082494975,False
2560,SEG_A,0.9467356864134108,0.9467356864134108,0.029840308309871007,0.023424005276718177,False
2563,SEG_A,0.7199253286513793,0.7199253286513793,0.24186333038717775,0.038211340961443026,False
2567,SEG_A,0.7354715451139143,0.7354715451139143,0.2451961463790378,0.01933230850704795,False
2569,SEG_A,0.9697383075600617,0.9697383075600617,0.019329424164611825,0.01093226827532645,False
2570,SEG_A,0.8133226081864368,0.8133226081864368,0.09623000969232459,0.0904473821212387,False
2574,SEG_A,0.8786989239971271,0.8786989239971271,0.06136888940778091,0.059932186595091995,False
2579,SEG_A,0.6456041569907656,0.6456041569907656,0.2767637751870708,0.07763206782216352,False
2580,SEG_A,0.6714295401263127,0.6714295401263127,0.24238381015853375,0.08618664971515348,False
2582,SEG_A,0.8128978023014809,0.8128978023014809,0.1559120631272404,0.031190134571278765,False
2584,SEG_A,0.7410035051836568,0.7410035051836568,0.24218317874656667,0.016813316069776544,False
2587,SEG_A,0.8233484950892643,0.8233484950892643,0.1450053701443448,0.03164613476639092,False
2591,SEG_A,0.8584456501699709,0.8584456501699709,0.09735880032763597,0.044195549502393294,False
2613,SEG_A,0.8611221926807007,0.8611221926807007,0.08256710744860028,0.05631069987069909,False
2614,SEG_A,0.8820820956716774,0.8820820956716774,0.10858651407261585,0.009331390255706779,False
2615,SEG_B,0.6259809812849105,0.123566568642693,0.6259809812849105,0.2504524500723965,False
2616,SEG_A,0.8012103779778109,0.8012103779778109,0.1363671536322694,0.06242246838991959,False
2620,SEG_A,0.9578987910886955,0.9578987910886955,0.01908123499518677,0.02301997391611773,False
2623,SEG_A,0.9380396681100632,0.9380396681100632,0.04331529171261666,0.018645040177320073,False
2629,SEG_A,0.7621534668853002,0.7621534668853002,0.19865504933706846,0.03919148377763128,False
2633,SEG_A,0.9326639178111766,0.9326639178111766,0.040819058145124154,0.026517024043699104,False
2634,SEG_A,0.7904609316569372,0.7904609316569372,0.1986043685202581,0.010934699822804704,False
2635,SEG_A,0.8360031678326335,0.8360031678326335,0.14497653358152152,0.019020298585844926,False
2642,SEG_A,0.7210870492841688,0.7210870492841688,0.12570089322695446,0.15321205748887662,False
2646,SEG_A,0.8449448821945861,0.8449448821945861,0.1183624781778588,0.03669263962755505,False
2647,SEG_A,0.7426805346616768,0.7426805346616768,0.22663543833403785,0.030684027004285186,False
2649,SEG_A,0.691623088136135,0.691623088136135,0.15964046822207903,0.14873644364178595,False
2667,SEG_A,0.7977398988611044,0.7977398988611044,0.17284796231425925,0.029412138824636207,False
2672,SEG_A,0.9729437675334287,0.9729437675334287,0.01910997834571108,0.00794625412086024,False
2674,SEG_A,0.8262711599003632,0.8262711599003632,0.1540914895226904,0.01963735057694654,False
2679,SEG_A,0.7381969935761478,0.7381969935761478,0.22025972239925468,0.041543284024597484,False
2684,SEG_A,0.8118203461610468,0.8118203461610468,0.11555217005449439,0.07262748378445873,False
2685,SEG_A,0.5357697663987712,0.5357697663987712,0.4437613058662356,0.020468927734993224,False
2686,SEG_A,0.7305671331349238,0.7305671331349238,0.09567758906586199,0.17375527779921424,False
2689,SEG_A,0.8948035910304795,0.8948035910304795,0.08183206620524418,0.02336434276427627,False
2690,SEG_A,0.9546934281617454,0.9546934281617454,0.02309971992693629,0.022206851911318208,False
2691,SEG_B,0.6282411333549296,0.08660891002044148,0.6282411333549296,0.28514995662462894,False
2693,SEG_A,0.8955815871762249,0.8955815871762249,0.06051771248596892,0.04390070033780621,False
2694,SEG_A,0.9145416379187598,0.9145416379187598,0.04654843483115547,0.03890992725008481,False
2695,SEG_A,0.8403041313483821,0.8403041313483821,0.11736017906465157,0.04233568958696644,False
2698,SEG_A,0.8864221381731603,0.8864221381731603,0.04223140598699494,0.0713464558398447,False
2703,SEG_A,0.8036033208226682,0.8036033208226682,0.10812059277175914,0.08827608640557266,False
2707,SEG_A,0.9294210174978401,0.9294210174978401,0.035637514634303556,0.0349414678678562,False
2708,SEG_C,0.5346958069046521,0.3677147498296272,0.09758944326572068,0.5346958069046521,False
2712,SEG_A,0.8271212537700741,0.8271212537700741,0.11477106939662073,0.058107676833305234,False
2719,SEG_A,0.9135373169705275,0.9135373169705275,0.06149669784912652,0.02496598518034586,False
2721,SEG_A,0.9574788691301787,0.9574788691301787,0.03265315091254878,0.00986797995727254,False
2729,SEG_A,0.7747628505658418,0.7747628505658418,0.06086154969588547,0.16437559973827282,False
2730,SEG_A,0.9279093624675814,0.9279093624675814,0.03893757189137985,0.03315306564103869,False
2732,SEG_A,0.9199939950232516,0.9199939950232516,0.06404179879386668,0.015964206182881656,False
2735,SEG_A,0.9678887710195174,0.9678887710195174,0.02265270951881137,0.009458519461671219,False
2736,SEG_A,0.869059641372009,0.869059641372009,0.08228989418844317,0.04865046443954783,False
2741,SEG_A,0.8089364147187071,0.8089364147187071,0.12324800899557527,0.06781557628571754,False
2748,SEG_A,0.9404789617121393,0.9404789617121393,0.034654968146681855,0.02486607014117893,False
2753,SEG_A,0.9755531368680178,0.9755531368680178,0.010329896121909375,0.014116967010072964,False
2757,SEG_A,0.5881609344474445,0.5881609344474445,0.3802518811862945,0.031587184366261005,False
2762,SEG_B,0.6438731637153877,0.29482190768797256,0.6438731637153877,0.06130492859663977,False
2763,SEG_B,0.53071906160032,0.42350756896337904,0.53071906160032,0.04577336943630093,False
2765,SEG_A,0.7876089115349411,0.7876089115349411,0.16439653828852166,0.04799455017653719,False
2766,SEG_A,0.8957276434268631,0.8957276434268631,0.07930559979384186,0.02496675677929512,False
2773,SEG_A,0.9437730793276222,0.9437730793276222,0.02687672172107899,0.029350198951298843,False
2777,SEG_A,0.811658857820113,0.811658857820113,0.09604736756703525,0.09229377461285172,False
2781,SEG_A,0.6043578717913068,0.6043578717913068,0.31702888728196654,0.0786132409267267,False
2786,SEG_A,0.7790598179673066,0.7790598179673066,0.1893503652451083,0.031589816787585163,False
2790,SEG_A,0.8618693503251222,0.8618693503251222,0.12834896131929743,0.009781688355580399,False
2803,SEG_A,0.6208500086541711,0.6208500086541711,0.22792600703615803,0.15122398430967085,False
2808,SEG_A,0.7065270022848862,0.7065270022848862,0.26173355108619817,0.03173944662891558,False
2810,SEG_B,0.7986601439392289,0.08358820306036269,0.7986601439392289,0.1177516530004084,False
2811,SEG_A,0.9121250770350242,0.9121250770350242,0.034267941811270415,0.05360698115370534,False
2814,SEG_A,0.831017582941105,0.831017582941105,0.15773023564862226,0.011252181410272875,False
2816,SEG_A,0.964811227278037,0.964811227278037,0.02751782024394752,0.007670952478015552,False
2817,SEG_A,0.9337916059075693,0.9337916059075693,0.04337128351277129,0.02283711057965955,False
2826,SEG_A,0.6658404745722627,0.6658404745722627,0.13649365746557438,0.1976658679621629,False
2834,SEG_A,0.6652299341422958,0.6652299341422958,0.31143380422254274,0.023336261635161386,False
2836,SEG_A,0.8058796156674564,0.8058796156674564,0.15936393806878307,0.03475644626376065,False
2838,SEG_A,0.918976569562816,0.918976569562816,0.05794765686463712,0.02307577357254677,False
2845,SEG_A,0.7257457717451028,0.7257457717451028,0.19848530159121952,0.07576892666367782,False
2847,SEG_A,0.9267153901457083,0.9267153901457083,0.041260586674849414,0.03202402317944233,False
2857,SEG_A,0.8872559676959326,0.8872559676959326,0.06220965397010209,0.050534378333965235,False
2861,SEG_A,0.8038775336210715,0.8038775336210715,0.15476856770916966,0.04135389866975886,False
2883,SEG_B,0.8308564207221198,0.007918138778441738,0.8308564207221198,0.16122544049943843,False
2886,SEG_A,0.9185263395743433,0.9185263395743433,0.07065604421261297,0.010817616213043732,False
2902,SEG_A,0.9300293642475662,0.9300293642475662,0.06071407245829302,0.00925656329414074,False
2909,SEG_A,0.8640047304835202,0.8640047304835202,0.0789670301650465,0.05702823935143325,False
2913,SEG_A,0.9753176085416678,0.9753176085416678,0.019570610011109834,0.005111781447222311,False
2916,SEG_A,0.8573869734664674,0.8573869734664674,0.10278681933432653,0.03982620719920596,False
2918,SEG_A,0.8252897173806858,0.8252897173806858,0.07633355961228784,0.09837672300702649,False
2919,SEG_A,0.8735597638960838,0.8735597638960838,0.057721114940576884,0.06871912116333931,False
2925,SEG_A,0.954717351905173,0.954717351905173,0.024002067111160992,0.02128058098366592,False
2926,SEG_A,0.9083122368017019,0.9083122368017019,0.05556244520829351,0.0361253179900045,False
2929,SEG_A,0.845676642273466,0.845676642273466,0.10817647333684076,0.04614688438969327,False
2930,SEG_A,0.8795924058363175,0.8795924058363175,0.11061557866810408,0.009792015495578508,False
2934,SEG_A,0.9498357230398943,0.9498357230398943,0.026460780321022684,0.023703496639082965,False
2945,SEG_A,0.9552940582162681,0.9552940582162681,0.03665106092083931,0.008054880862892619,False
2946,SEG_B,0.8364131232621039,0.06711846261334584,0.8364131232621039,0.09646841412455022,False
2947,SEG_A,0.6724372525056781,0.6724372525056781,0.25856973907566616,0.06899300841865573,False
2948,SEG_A,0.9228176269549222,0.9228176269549222,0.05336482210939582,0.023817550935681973,False
2953,SEG_A,0.9748598698991998,0.9748598698991998,0.020623954549197732,0.004516175551602346,False
2971,SEG_A,0.9585906564205787,0.9585906564205787,0.02221173284381227,0.01919761073560901,False
2972,SEG_A,0.9756179132029507,0.9756179132029507,0.016897282513270148,0.007484804283779152,False
2974,SEG_A,0.8917797988290489,0.8917797988290489,0.07048019048650066,0.03774001068445051,False
2975,SEG_A,0.8424756814964939,0.8424756814964939,0.12313596361471263,0.03438835488879335,False
2983,SEG_A,0.7924728310561708,0.7924728310561708,0.15828581429822902,0.04924135464560015,False
2991,SEG_A,0.930349595396008,0.930349595396008,0.029177093253831003,0.040473311350160954,False
2994,SEG_A,0.8706641810574148,0.8706641810574148,0.11445738080709857,0.014878438135486767,False
2995,SEG_A,0.9468587894542776,0.9468587894542776,0.041767566938758965,0.011373643606963382,False
2998,SEG_A,0.734296119012243,0.734296119012243,0.16678257348913267,0.09892130749862431,False
3002,SEG_A,0.7305062581188694,0.7305062581188694,0.09400427196049892,0.17548946992063175,False
3004,SEG_A,0.9107417518389833,0.9107417518389833,0.07440158760404525,0.014856660556971478,False
3007,SEG_A,0.7924728310561708,0.7924728310561708,0.15828581429822902,0.04924135464560015,False
3011,SEG_A,0.9158629523158603,0.9158629523158603,0.04201430030799664,0.04212274737614313,False
3020,SEG_A,0.9385812922239534,0.9385812922239534,0.03683222175349933,0.024586486022547226,False
3032,SEG_A,0.8468519954221921,0.8468519954221921,0.14471791703855652,0.008430087539251322,False
3034,SEG_A,0.8811464998751743,0.8811464998751743,0.11017816079463306,0.00867533933019243,False
3036,SEG_A,0.9530532548618494,0.9530532548618494,0.031210523711509768,0.015736221426640815,False
3041,SEG_B,0.694233194138643,0.2810918006850235,0.694233194138643,0.024675005176333406,False
3043,SEG_A,0.9682268926531545,0.9682268926531545,0.019767675828414787,0.012005431518430653,False
3048,SEG_A,0.9293552931376264,0.9293552931376264,0.04919402622772803,0.021450680634645558,False
3049,SEG_A,0.8109337022544985,0.8109337022544985,0.12434033988092742,0.06472595786457423,False
3050,SEG_A,0.8296942594092684,0.8296942594092684,0.12879167913994669,0.041514061450784887,False
3052,SEG_A,0.9026232830925649,0.9026232830925649,0.0843850735800276,0.012991643327407536,False
3055,SEG_A,0.6714125795598066,0.6714125795598066,0.29812068550863957,0.030466734931553767,False
3059,SEG_C,0.6761537280170066,0.14040280267941374,0.1834434693035797,0.6761537280170066,False
3061,SEG_B,0.5725303050081573,0.31210690584894957,0.5725303050081573,0.11536278914289315,False
3068,SEG_A,0.7250449938016282,0.7250449938016282,0.10277989651397904,0.17217510968439267,False
3073,SEG_A,0.9754243400942273,0.9754243400942273,0.020318833238727428,0.004256826667045263,False
3077,SEG_B,0.8845224397244644,0.0062337290559258945,0.8845224397244644,0.10924383121960961,False
3085,SEG_A,0.8417433883892828,0.8417433883892828,0.1370755696657486,0.021181041944968632,False
3091,SEG_A,0.8185669555661605,0.8185669555661605,0.11263634924642907,0.06879669518741041,False
3096,SEG_A,0.8390766585316113,0.8390766585316113,0.10193950631182143,0.05898383515656727,False
3099,SEG_A,0.7717641105232484,0.7717641105232484,0.14834410687100422,0.07989178260574731,False
3101,SEG_A,0.9473325068099179,0.9473325068099179,0.027109362523361283,0.025558130666720823,False
3103,SEG_A,0.8203126908800756,0.8203126908800756,0.11821472986504186,0.061472579254882455,False
3104,SEG_A,0.8577266011190442,0.8577266011190442,0.06633059892118501,0.07594279995977073,False
3105,SEG_A,0.6478230622225426,0.6478230622225426,0.2677739877172244,0.08440295006023305,False
3108,SEG_A,0.8624835399290943,0.8624835399290943,0.08545455562969734,0.05206190444120833,False
3119,SEG_A,0.7811727273327842,0.7811727273327842,0.19307067959847082,0.02575659306874495,False
3123,SEG_A,0.8866596562294555,0.8866596562294555,0.09565638547081187,0.01768395829973255,False
3127,SEG_A,0.970387110876179,0.970387110876179,0.018423631379653395,0.011189257744167593,False
3129,SEG_A,0.6275450140621625,0.6275450140621625,0.32272810096662385,0.04972688497121376,False
3132,SEG_A,0.7420990111877068,0.7420990111877068,0.20796217071717243,0.04993881809512085,False
3134,SEG_B,0.7304328283860982,0.17437410409080753,0.7304328283860982,0.09519306752309416,False
3138,SEG_A,0.7218932609681181,0.7218932609681181,0.1438139059847335,0.13429283304714834,False
3142,SEG_A,0.9210000130700806,0.9210000130700806,0.03767626176965924,0.04132372516026009,False
3146,SEG_A,0.729624598693991,0.729624598693991,0.16743992268517005,0.10293547862083889,False
3151,SEG_A,0.7359702609066783,0.7359702609066783,0.1988567670265683,0.06517297206675346,False
3162,SEG_A,0.9480846551563877,0.9480846551563877,0.030815763379758058,0.02109958146385417,False
3172,SEG_A,0.7930950390062665,0.7930950390062665,0.12059323136218782,0.08631172963154565,False
3175,SEG_A,0.9554385716135343,0.9554385716135343,0.03606110636660829,0.008500322019857297,False
3184,SEG_A,0.9346254060387907,0.9346254060387907,0.03765403550899837,0.027720558452210928,False
3191,SEG_C,0.5807581136253268,0.012024040787725005,0.4072178455869481,0.5807581136253268,False
3195,SEG_A,0.844701142908779,0.844701142908779,0.06344089219673178,0.09185796489448933,False
3201,SEG_A,0.963235227784593,0.963235227784593,0.0292304357986886,0.007534336416718261,False
3210,SEG_A,0.8327760130768065,0.8327760130768065,0.10330310848807528,0.06392087843511803,False
3217,SEG_A,0.7544218342094247,0.7544218342094247,0.09879364636648445,0.14678451942409088,False
3220,SEG_A,0.6199095288844811,0.6199095288844811,0.1316002156227529,0.24849025549276593,False
3228,SEG_A,0.9513970992346669,0.9513970992346669,0.03857539162850157,0.010027509136831566,False
3230,SEG_A,0.8119446930811611,0.8119446930811611,0.08247672466352583,0.10557858225531308,False
3236,SEG_A,0.9018199894485558,0.9018199894485558,0.07001784236015542,0.02816216819128881,False
3242,SEG_A,0.8351439686305308,0.8351439686305308,0.08610842452144878,0.07874760684802054,False
3251,SEG_A,0.8339437368313356,0.8339437368313356,0.07840862385960608,0.08764763930905838,False
3254,SEG_A,0.9468583214088807,0.9468583214088807,0.031260546672968535,0.021881131918150817,False
3257,SEG_A,0.971446869406465,0.971446869406465,0.024499388330882194,0.004053742262652716,False
3265,SEG_A,0.9553974642952403,0.9553974642952403,0.02686191500055237,0.01774062070420734,False
3270,SEG_A,0.8625734325655192,0.8625734325655192,0.07833847477149887,0.059088092662981886,False
3306,SEG_A,0.7512326188640819,0.7512326188640819,0.04735579329021892,0.20141158784569926,False
3313,SEG_A,0.8258503677134004,0.8258503677134004,0.10824954052184178,0.06590009176475772,False
3317,SEG_A,0.8894696555175179,0.8894696555175179,0.05118881525652146,0.05934152922596063,False
3318,SEG_A,0.8948292603596599,0.8948292603596599,0.06318291138268516,0.04198782825765488,False
3336,SEG_A,0.842820426911514,0.842820426911514,0.1314260898054266,0.02575348328305918,False
3349,SEG_A,0.8638507099721674,0.8638507099721674,0.12475345230139089,0.011395837726441814,False
3350,SEG_A,0.7595020709238701,0.7595020709238701,0.07774038678129287,0.16275754229483697,False
3360,SEG_A,0.7812735665924467,0.7812735665924467,0.18751885064859117,0.031207582758962175,False
3370,SEG_A,0.9053001976929155,0.9053001976929155,0.0735980804044185,0.02110172190266593,False
3372,SEG_A,0.6470012739471357,0.6470012739471357,0.32326492272586027,0.02973380332700409,False
3375,SEG_A,0.8895644053349625,0.8895644053349625,0.055160116943703215,0.055275477721334204,False
3377,SEG_A,0.474211715448871,0.474211715448871,0.3671967254732005,0.15859155907792868,False
3380,SEG_A,0.8151041084315682,0.8151041084315682,0.15443913362120332,0.030456757947228564,False
3398,SEG_A,0.615940720467978,0.615940720467978,0.3311091585796799,0.05295012095234211,False
3399,SEG_A,0.8437049189690324,0.8437049189690324,0.0999815201107833,0.056313560920184275,False
3400,SEG_A,0.9157051554132897,0.9157051554132897,0.05324555546166487,0.031049289125045558,False
3401,SEG_A,0.7287149476564876,0.7287149476564876,0.199176386807817,0.0721086655356954,False
3402,SEG_A,0.8213277815302196,0.8213277815302196,0.14966314422072186,0.029009074249058544,False
3403,SEG_A,0.5674393639313161,0.5674393639313161,0.2711672853483287,0.16139335072035532,False
3404,SEG_A,0.8334948427745977,0.8334948427745977,0.07540072417434941,0.09110443305105298,False
3408,SEG_A,0.9691484218263015,0.9691484218263015,0.01739796450534041,0.013453613668357978,False
3409,SEG_A,0.8058306923402444,0.8058306923402444,0.11000572510565206,0.08416358255410358,False
3414,SEG_A,0.749040773550424,0.749040773550424,0.1480063366521226,0.10295288979745361,False
3420,SEG_A,0.9258283667212367,0.9258283667212367,0.05754405148863799,0.016627581790125308,False
3425,SEG_A,0.8185669555661605,0.8185669555661605,0.11263634924642907,0.06879669518741041,False
3427,SEG_A,0.8610936598894174,0.8610936598894174,0.11736731771980066,0.02153902239078177,False
3430,SEG_A,0.9451394177092303,0.9451394177092303,0.0313868712979448,0.023473710992824873,False
3438,SEG_A,0.7277867516093577,0.7277867516093577,0.12899184807612124,0.14322140031452105,False
3442,SEG_A,0.9534789803066633,0.9534789803066633,0.035170159271639544,0.0113508604216972,False
3443,SEG_A,0.8907375857606272,0.8907375857606272,0.029438763246849693,0.0798236509925231,False
3445,SEG_A,0.698518466020575,0.698518466020575,0.19971581574161676,0.10176571823780832,False
3446,SEG_A,0.7813748123462995,0.7813748123462995,0.11103121701795159,0.10759397063574884,False
3456,SEG_A,0.8811405480323268,0.8811405480323268,0.04924877665255603,0.06961067531511714,False
3457,SEG_A,0.542296342595857,0.542296342595857,0.4054938493257631,0.05220980807837985,False
3459,SEG_A,0.890049596860532,0.890049596860532,0.03171039247815955,0.07824001066130848,False
3485,SEG_A,0.9556471503608661,0.9556471503608661,0.03265733221444754,0.011695517424686292,False
3490,SEG_A,0.7534163565652483,0.7534163565652483,0.22692410116497352,0.019659542269778094,False
3491,SEG_A,0.8393692097308827,0.8393692097308827,0.14741556873566297,0.013215221533454505,False
3493,SEG_A,0.9512331304343588,0.9512331304343588,0.03258632038555041,0.016180549180090768,False
3506,SEG_A,0.717407616435986,0.717407616435986,0.1942430913233239,0.08834929224069007,False
3526,SEG_A,0.7630039944297228,0.7630039944297228,0.19974984987860755,0.03724615569166958,False
3529,SEG_A,0.918617502162068,0.918617502162068,0.06013939606317693,0.02124310177475523,False
3535,SEG_A,0.9513519989702541,0.9513519989702541,0.02971644959068559,0.018931551439060303,False
3546,SEG_A,0.890377031522066,0.890377031522066,0.06947224091759416,0.04015072756033979,False
3562,SEG_A,0.6577100882053551,0.6577100882053551,0.26015333303533417,0.08213657875931066,False
3571,SEG_A,0.9412156170073099,0.9412156170073099,0.04360231549446124,0.015182067498228844,False
3573,SEG_A,0.9663007124934846,0.9663007124934846,0.02756523646407332,0.006134051042442107,False
3582,SEG_A,0.9292842252166685,0.9292842252166685,0.04848614400908757,0.022229630774243732,False
3588,SEG_A,0.9493200955377283,0.9493200955377283,0.04237299511437952,0.008306909347892055,False
3589,SEG_A,0.5374311000578601,0.5374311000578601,0.25086745744339023,0.21170144249874953,False
3593,SEG_A,0.7679276567471515,0.7679276567471515,0.07410729858497908,0.15796504466786945,False
3599,SEG_A,0.6808988001228248,0.6808988001228248,0.25687379540584365,0.06222740447133168,False
3606,SEG_A,0.8839186301082349,0.8839186301082349,0.09095795314907079,0.025123416742694176,False
3616,SEG_A,0.7199542949623043,0.7199542949623043,0.21048695478708382,0.06955875025061178,False
3645,SEG_A,0.967976457811486,0.967976457811486,0.021691275914030743,0.010332266274483299,False
3658,SEG_A,0.7616039657394358,0.7616039657394358,0.22570623990230773,0.012689794358256422,False
3676,SEG_A,0.9072766570113086,0.9072766570113086,0.0433828277667675,0.049340515221924036,False
3681,SEG_A,0.9154220532713452,0.9154220532713452,0.04729576696698238,0.03728217976167242,False
3684,SEG_A,0.890344508667027,0.890344508667027,0.07480707017498724,0.0348484211579859,False
3689,SEG_A,0.9744778413851762,0.9744778413851762,0.013948071692405728,0.01157408692241795,False
3694,SEG_A,0.82592861823095,0.82592861823095,0.13583938996638478,0.038231991802665254,False
3697,SEG_A,0.9640515792013191,0.9640515792013191,0.02184476358207636,0.014103657216604464,False
3699,SEG_A,0.8780023943381828,0.8780023943381828,0.07940062397965565,0.042596981682161535,False
3700,SEG_A,0.9003284352002957,0.9003284352002957,0.07956704262028323,0.020104522179421117,False
3701,SEG_A,0.8185669555661605,0.8185669555661605,0.11263634924642907,0.06879669518741041,False
3706,SEG_A,0.721056905389117,0.721056905389117,0.24779208680428483,0.031151007806598244,False
3716,SEG_A,0.921556252694886,0.921556252694886,0.03209471007899809,0.046349037226116045,False
3717,SEG_A,0.6673940081175107,0.6673940081175107,0.1435702720363,0.18903571984618942,False
3719,SEG_A,0.919904821754744,0.919904821754744,0.029533996404810407,0.05056118184044571,False
3722,SEG_A,0.943910066667163,0.943910066667163,0.03953451788624089,0.01655541544659614,False
3723,SEG_A,0.8511430977364586,0.8511430977364586,0.06257707389729307,0.08627982836624835,False
3727,SEG_A,0.8847104649499831,0.8847104649499831,0.06592877416343354,0.04936076088658335,False
3729,SEG_A,0.8974528680623448,0.8974528680623448,0.08592812165604947,0.016619010281605687,False
3740,SEG_A,0.5946339042598756,0.5946339042598756,0.2288034793591301,0.17656261638099427,False
3748,SEG_A,0.9447340145423452,0.9447340145423452,0.038214233633200916,0.017051751824453804,False
3751,SEG_A,0.5790149736849173,0.5790149736849173,0.3453781787152809,0.07560684759980171,False
3754,SEG_A,0.8852435128751018,0.8852435128751018,0.07404735131501916,0.04070913580987893,False
3757,SEG_A,0.9669639213987188,0.9669639213987188,0.021193387522970175,0.011842691078311087,False
3758,SEG_A,0.9729388158988789,0.9729388158988789,0.0180258120084637,0.009035372092657382,False
3759,SEG_A,0.8185669555661605,0.8185669555661605,0.11263634924642907,0.06879669518741041,False
3763,SEG_A,0.9496624697374012,0.9496624697374012,0.030788952459142052,0.019548577803456632,False
3766,SEG_A,0.7284946928830598,0.7284946928830598,0.23331457432561975,0.03819073279132036,False
3774,SEG_A,0.8275689581228814,0.8275689581228814,0.15433189853844412,0.018099143338674423,False
3778,SEG_A,0.9457897808602665,0.9457897808602665,0.03757196770320472,0.016638251436528646,False
3786,SEG_A,0.8692958542829207,0.8692958542829207,0.08487137114938009,0.04583277456769913,False
3789,SEG_A,0.8618438311992619,0.8618438311992619,0.10203195717734308,0.03612421162339505,False
3794,SEG_A,0.9022263961287554,0.9022263961287554,0.05903195658465417,0.03874164728659032,False
3797,SEG_A,0.8981489678081576,0.8981489678081576,0.06862677149254419,0.03322426069929826,False
3800,SEG_A,0.9846395676777678,0.9846395676777678,0.011079467624703371,0.004280964697528828,False
3801,SEG_A,0.7384473864889233,0.7384473864889233,0.21097002100644768,0.05058259250462903,False
3803,SEG_A,0.9659685763024173,0.9659685763024173,0.028153144148026936,0.005878279549555697,False
3804,SEG_A,0.5498227625997606,0.5498227625997606,0.25375124227208085,0.19642599512815853,False
3806,SEG_C,0.6796850845428344,0.06183516103681292,0.25847975442035276,0.6796850845428344,False
3807,SEG_A,0.8609365448107756,0.8609365448107756,0.08118483895957983,0.05787861622964449,False
3819,SEG_A,0.8556155614432365,0.8556155614432365,0.11980004303426567,0.024584395522497773,False
3821,SEG_A,0.8251484347931476,0.8251484347931476,0.16521060963565803,0.009640955571194437,False
3830,SEG_A,0.6976343155529514,0.6976343155529514,0.2748782660871235,0.027487418359924982,False
3831,SEG_A,0.9194647522683074,0.9194647522683074,0.05820652379714572,0.022328723934546907,False
3838,SEG_A,0.8373413534231987,0.8373413534231987,0.07992828374423609,0.08273036283256523,False
3844,SEG_A,0.8038886714893497,0.8038886714893497,0.14013882776164827,0.05597250074900205,False
3846,SEG_A,0.8814482561392065,0.8814482561392065,0.08222455218198026,0.03632719167881311,False
3847,SEG_A,0.7951536444408358,0.7951536444408358,0.11692637732737567,0.08791997823178857,False
3872,SEG_A,0.8755974046371322,0.8755974046371322,0.08259203277182513,0.04181056259104264,False
3875,SEG_A,0.6794241829877826,0.6794241829877826,0.2565144350882515,0.064061381923966,False
3878,SEG_A,0.9186810758283361,0.9186810758283361,0.05601023710699105,0.025308687064672923,False
3879,SEG_A,0.9504792879391112,0.9504792879391112,0.026667111239811827,0.022853600821077062,False
3881,SEG_A,0.9597116981517572,0.9597116981517572,0.025091003956206306,0.015197297892036542,False
3890,SEG_A,0.7956529261421273,0.7956529261421273,0.17821842070212288,0.02612865315574977,False
3891,SEG_C,0.46609425579332603,0.46015225765362155,0.07375348655305239,0.46609425579332603,False
3897,SEG_A,0.4594748080269616,0.4594748080269616,0.16636181086688398,0.3741633811061544,False
3919,SEG_A,0.7447702761244109,0.7447702761244109,0.09665855161737912,0.15857117225821,False
3923,SEG_B,0.7699910190039354,0.1593327099587829,0.7699910190039354,0.07067627103728166,False
3925,SEG_A,0.6525534388844125,0.6525534388844125,0.2662650001691188,0.08118156094646868,False
3929,SEG_A,0.6970155211542904,0.6970155211542904,0.2910104387902804,0.01197404005542924,False
3930,SEG_B,0.6404273923877384,0.11669903694908863,0.6404273923877384,0.24287357066317292,False
3931,SEG_A,0.7636885907878541,0.7636885907878541,0.1738690959275792,0.06244231328456665,False
3936,SEG_A,0.8447694963607101,0.8447694963607101,0.08537442671280603,0.0698560769264839,False
3942,SEG_A,0.794939640586799,0.794939640586799,0.09761790367026339,0.10744245574293759,False
3952,SEG_A,0.9001505486438295,0.9001505486438295,0.08010011692382052,0.01974933443234996,False
3969,SEG_A,0.6812314578312749,0.6812314578312749,0.21598145145893147,0.10278709070979354,False
3973,SEG_A,0.8286979724394491,0.8286979724394491,0.0992092036034462,0.07209282395710478,False
3976,SEG_A,0.8112553648743417,0.8112553648743417,0.14963395361569357,0.03911068150996477,False
3990,SEG_B,0.7156949371794715,0.2306735943390455,0.7156949371794715,0.05363146848148306,False
4010,SEG_A,0.7551053376390318,0.7551053376390318,0.16384958135245692,0.08104508100851125,False
4012,SEG_A,0.8712243461798826,0.8712243461798826,0.051956120267949116,0.07681953355216822,False
4029,SEG_A,0.865596322261048,0.865596322261048,0.0852285446101345,0.049175133128817536,False
4034,SEG_A,0.7887066610629048,0.7887066610629048,0.13640848469987993,0.07488485423721525,False
4038,SEG_A,0.7428344274468321,0.7428344274468321,0.07280279997697166,0.1843627725761963,False
4041,SEG_A,0.9728570776977088,0.9728570776977088,0.022282932012922432,0.0048599902893688126,False
4048,SEG_A,0.6217402170848609,0.6217402170848609,0.3059800673174398,0.07227971559769913,False
4049,SEG_A,0.8998538391352834,0.8998538391352834,0.06620447749764767,0.03394168336706896,False
4050,SEG_A,0.5883379559676212,0.5883379559676212,0.08437101999708203,0.32729102403529675,False
4051,SEG_A,0.8904136381006552,0.8904136381006552,0.08163258617760552,0.027953775721739238,False
4055,SEG_A,0.6777631373662389,0.6777631373662389,0.12153191668719084,0.2007049459465702,False
4057,SEG_A,0.8736049366231404,0.8736049366231404,0.06316603240901492,0.06322903096784457,False
4058,SEG_A,0.9123538142749454,0.9123538142749454,0.07497834787681797,0.012667837848236416,False
4059,SEG_A,0.8603355371541389,0.8603355371541389,0.12831124310388511,0.011353219741975973,False
4064,SEG_A,0.8808264519552058,0.8808264519552058,0.09151495648751448,0.02765859155727974,False
4066,SEG_A,0.7759661862181114,0.7759661862181114,0.1262703898572391,0.09776342392464955,False
4068,SEG_A,0.9078467510698606,0.9078467510698606,0.07035312659535087,0.021800122334788462,False
4082,SEG_A,0.7024771490623891,0.7024771490623891,0.20362328041532288,0.09389957052228796,False
4083,SEG_A,0.9347777589324384,0.9347777589324384,0.04372911695228788,0.021493124115273675,False
4085,SEG_A,0.8437351772156778,0.8437351772156778,0.1002238533638788,0.05604096942044342,False
4090,SEG_A,0.6958163557558807,0.6958163557558807,0.2605521974487962,0.04363144679532307,False
4099,SEG_A,0.8235336687345749,0.8235336687345749,0.12070693720421743,0.0557593940612076,False
4100,SEG_A,0.9044869463880264,0.9044869463880264,0.08246772993456876,0.013045323677404906,False
4108,SEG_A,0.8872762282233834,0.8872762282233834,0.06950588173450262,0.04321789004211405,False
4119,SEG_A,0.8118203461610468,0.8118203461610468,0.11555217005449439,0.07262748378445873,False
4123,SEG_A,0.44766963237096685,0.44766963237096685,0.24147265783744964,0.3108577097915835,True
4124,SEG_A,0.8398187585047755,0.8398187585047755,0.07772274895301633,0.08245849254220822,False
4125,SEG_A,0.849834223582947,0.849834223582947,0.09049646608293675,0.05966931033411618,False
4137,SEG_A,0.9167346109813215,0.9167346109813215,0.06694888688782755,0.01631650213085111,False
4141,SEG_A,0.8823582445106551,0.8823582445106551,0.05381813496514239,0.06382362052420248,False
4144,SEG_A,0.9495674771601661,0.9495674771601661,0.03272971731781314,0.017702805522020852,False
4145,SEG_A,0.8544217520189408,0.8544217520189408,0.11073224996655288,0.034845998014506364,False
4149,SEG_A,0.7823466938652504,0.7823466938652504,0.12127436621596353,0.09637893991878609,False
4170,SEG_A,0.9842424569158028,0.9842424569158028,0.01092002173122728,0.00483752135296993,False
4171,SEG_A,0.8185669555661605,0.8185669555661605,0.11263634924642907,0.06879669518741041,False
4172,SEG_A,0.9077595746492814,0.9077595746492814,0.06805910064738599,0.02418132470333252,False
4180,SEG_A,0.7570392615396606,0.7570392615396606,0.0924460808044755,0.15051465765586383,False
4186,SEG_A,0.9626231390265213,0.9626231390265213,0.02016520802280779,0.01721165295067089,False
4187,SEG_A,0.8796231948489635,0.8796231948489635,0.11304186921325751,0.007334935937779078,False
4188,SEG_A,0.8221776220205415,0.8221776220205415,0.15029225921183867,0.02753011876761981,False
4191,SEG_A,0.7985837456318714,0.7985837456318714,0.13865983761212303,0.0627564167560057,False
4194,SEG_A,0.9450976431657198,0.9450976431657198,0.03488286605641818,0.020019490777862168,False
4201,SEG_A,0.5572155476127337,0.5572155476127337,0.3841962077330838,0.058588244654182414,False
4203,SEG_A,0.8636571309489738,0.8636571309489738,0.09629896655651266,0.04004390249451348,False
4206,SEG_A,0.9311403417762484,0.9311403417762484,0.05141366699197433,0.017445991231777428,False
4207,SEG_A,0.7038027727374362,0.7038027727374362,0.12006338501927517,0.1761338422432888,False
4209,SEG_A,0.7261687976386874,0.7261687976386874,0.1797581771436979,0.09407302521761474,False
4212,SEG_A,0.8279276374679639,0.8279276374679639,0.08198179124516254,0.09009057128687355,False
4214,SEG_A,0.8806849914080258,0.8806849914080258,0.0770148701807038,0.04230013841127048,False
4215,SEG_A,0.833563872642365,0.833563872642365,0.10553145122340538,0.06090467613422962,False
4216,SEG_A,0.8853070065564091,0.8853070065564091,0.06854594754801573,0.046147045895575146,False
4223,SEG_A,0.8185669555661605,0.8185669555661605,0.11263634924642907,0.06879669518741041,False
4225,SEG_A,0.8861122276982192,0.8861122276982192,0.048672665384781814,0.06521510691699903,False
4226,SEG_A,0.8798825253815467,0.8798825253815467,0.06145157330856746,0.058665901309885866,False
4227,SEG_A,0.9598489303074275,0.9598489303074275,0.032924733395719365,0.007226336296853199,False
4231,SEG_A,0.9454123389871734,0.9454123389871734,0.04526071470301537,0.00932694630981138,False
4238,SEG_A,0.7432138333594275,0.7432138333594275,0.0799311322314815,0.17685503440909098,False
4243,SEG_A,0.7806098448473382,0.7806098448473382,0.15454328828562197,0.06484686686703978,False
4250,SEG_A,0.9171778769174797,0.9171778769174797,0.027461732987342575,0.05536039009517787,False
4255,SEG_A,0.8866387173017959,0.8866387173017959,0.07570767037793064,0.03765361232027348,False
4258,SEG_A,0.9488271431851281,0.9488271431851281,0.03506623040864898,0.016106626406222856,False
4259,SEG_A,0.9094995402119216,0.9094995402119216,0.06739713585971475,0.023103323928363523,False
4260,SEG_A,0.9672137276512696,0.9672137276512696,0.02506862542239041,0.007717646926340097,False
4274,SEG_A,0.6126556629587796,0.6126556629587796,0.13518945535819762,0.2521548816830228,False
4275,SEG_C,0.5610685903023525,0.34651217765920966,0.092419232038438,0.5610685903023525,False
4278,SEG_A,0.8422023923099183,0.8422023923099183,0.10038324735679147,0.05741436033329027,False
4279,SEG_A,0.795660674878456,0.795660674878456,0.14437392038197847,0.05996540473956545,False
4285,SEG_A,0.6842449263450019,0.6842449263450019,0.07703493828843834,0.2387201353665598,False
4291,SEG_A,0.8691683973982076,0.8691683973982076,0.12149258071189442,0.009339021889897985,False
4294,SEG_A,0.751836399154842,0.751836399154842,0.17923868752798314,0.06892491331717486,False
4296,SEG_A,0.740701362724146,0.740701362724146,0.13980678640993516,0.1194918508659188,False
4298,SEG_A,0.937904058552982,0.937904058552982,0.047340319656013555,0.014755621791004401,False
4301,SEG_B,0.7642557862921086,0.07458882828427023,0.7642557862921086,0.16115538542362123,False
4312,SEG_B,0.3873404569291104,0.3243116393987379,0.3873404569291104,0.28834790367215163,True
4319,SEG_A,0.943220373172883,0.943220373172883,0.038581136434441964,0.018198490392674932,False
4325,SEG_A,0.9083867078799738,0.9083867078799738,0.03163834096821058,0.059974951151815635,False
4332,SEG_A,0.9337788013110793,0.9337788013110793,0.04814413103864201,0.01807706765027862,False
4341,SEG_A,0.9063297241851863,0.9063297241851863,0.07735305278769825,0.016317223027115493,False
4343,SEG_A,0.8185669555661605,0.8185669555661605,0.11263634924642907,0.06879669518741041,False
4355,SEG_A,0.8364012831821567,0.8364012831821567,0.03562852289583562,0.1279701939220078,False
4359,SEG_A,0.9754092776463023,0.9754092776463023,0.019832636036874858,0.004758086316822945,False
4366,SEG_A,0.6983443158618505,0.6983443158618505,0.1499842675457612,0.15167141659238823,False
4368,SEG_A,0.8314167251036066,0.8314167251036066,0.14135241949279337,0.02723085540360004,False
4375,SEG_A,0.9162472374282723,0.9162472374282723,0.06248367463242498,0.021269087939302714,False
4376,SEG_A,0.5960129740702296,0.5960129740702296,0.21174664911286933,0.19224037681690107,False
4381,SEG_A,0.9558523216452223,0.9558523216452223,0.03478531891181183,0.00936235944296591,False
4382,SEG_A,0.6733737555689965,0.6733737555689965,0.23348130740592318,0.09314493702508046,False
4383,SEG_A,0.8331955479882358,0.8331955479882358,0.13767232970962903,0.029132122302135174,False
4390,SEG_A,0.9188405772371335,0.9188405772371335,0.048286487370710396,0.03287293539215606,False
4397,SEG_A,0.8494926111366559,0.8494926111366559,0.12763415557333546,0.02287323329000876,False
4401,SEG_A,0.8986054599527913,0.8986054599527913,0.0964200325628729,0.004974507484335757,False
4404,SEG_A,0.8626005621604866,0.8626005621604866,0.09833744912283165,0.03906198871668173,False
4413,SEG_A,0.815069003122223,0.815069003122223,0.06223189556092268,0.12269910131685438,False
4417,SEG_A,0.8185669555661605,0.8185669555661605,0.11263634924642907,0.06879669518741041,False
4421,SEG_A,0.9015254581186195,0.9015254581186195,0.02896052357114128,0.06951401831023915,False
4428,SEG_A,0.8943627491584247,0.8943627491584247,0.03627512704573489,0.06936212379584035,False
4429,SEG_A,0.92634302068163,0.92634302068163,0.038149493825115004,0.03550748549325505,False
4431,SEG_A,0.907528204876892,0.907528204876892,0.0442154748551367,0.048256320267971275,False
4435,SEG_A,0.9757537256797614,0.9757537256797614,0.018638288977349773,0.005607985342888893,False
4437,SEG_A,0.8251842470217514,0.8251842470217514,0.13012355521235894,0.04469219776588956,False
4442,SEG_A,0.9248550458422186,0.9248550458422186,0.054416372011223284,0.02072858214655808,False
4447,SEG_A,0.7368723029471274,0.7368723029471274,0.10751074644713793,0.15561695060573477,False
4457,SEG_A,0.9182643813310842,0.9182643813310842,0.07316067924421354,0.008574939424702338,False
4470,SEG_A,0.8788828243071467,0.8788828243071467,0.08224793193005082,0.03886924376280254,False
4475,SEG_A,0.881348941865489,0.881348941865489,0.09547035869210588,0.023180699442405212,False
4476,SEG_A,0.9218839252231215,0.9218839252231215,0.03006987423102392,0.04804620054585454,False
4481,SEG_A,0.7914261966285386,0.7914261966285386,0.08367326515948287,0.12490053821197844,False
4485,SEG_A,0.7324993359155609,0.7324993359155609,0.17319526047899061,0.09430540360544841,False
4490,SEG_A,0.7505458387552972,0.7505458387552972,0.16653128306791246,0.08292287817679041,False
4498,SEG_A,0.9818578668198631,0.9818578668198631,0.013878217983884744,0.00426391519625208,False
4515,SEG_A,0.9786580856615974,0.9786580856615974,0.01475344917466113,0.006588465163741503,False
4521,SEG_A,0.9007337660422376,0.9007337660422376,0.07467071155402877,0.024595522403733607,False
4525,SEG_A,0.6130783145432694,0.6130783145432694,0.322208362773575,0.06471332268315572,False
4542,SEG_A,0.8953182336829358,0.8953182336829358,0.06491842113264153,0.03976334518442255,False
4543,SEG_A,0.9760974324598702,0.9760974324598702,0.01569682051716191,0.008205747022967756,False
4544,SEG_A,0.8273165357745078,0.8273165357745078,0.14224513192757246,0.030438332297919812,False
4553,SEG_A,0.9348903754062069,0.9348903754062069,0.04297909489220341,0.022130529701589588,False
4559,SEG_A,0.8488558139638748,0.8488558139638748,0.1017011297578181,0.049443056278307106,False
4577,SEG_A,0.8192292534270118,0.8192292534270118,0.06653963561484362,0.1142311109581446,False
4579,SEG_A,0.6951393874342875,0.6951393874342875,0.22351039099116773,0.08135022157454472,False
4587,SEG_A,0.9555725193203517,0.9555725193203517,0.02549574796548636,0.018931732714161858,False
4626,SEG_A,0.4305185972584768,0.4305185972584768,0.2135734615721041,0.35590794116941915,True
4627,SEG_A,0.6192155590253424,0.6192155590253424,0.3341899816618577,0.04659445931279978,False
4634,SEG_A,0.7951227591553732,0.7951227591553732,0.1443293966394806,0.06054784420514617,False
4647,SEG_A,0.9504403175469134,0.9504403175469134,0.031414775567901926,0.018144906885184796,False
4650,SEG_A,0.8470607563075301,0.8470607563075301,0.14271197142668215,0.010227272265787683,False
4654,SEG_A,0.917156113990573,0.917156113990573,0.03870365950049655,0.04414022650893042,False
4658,SEG_A,0.8227289311329432,0.8227289311329432,0.15342727800013012,0.02384379086692679,False
4661,SEG_A,0.8701585979650199,0.8701585979650199,0.08787253002582925,0.04196887200915078,False
4665,SEG_A,0.7984994918236371,0.7984994918236371,0.1068693599387348,0.09463114823762805,False
4668,SEG_A,0.6925745975228258,0.6925745975228258,0.09802006160907946,0.20940534086809476,False
4671,SEG_A,0.8819747640330061,0.8819747640330061,0.06988414216271238,0.04814109380428151,False
4676,SEG_A,0.8348018543619513,0.8348018543619513,0.08941745354897605,0.07578069208907268,False
4684,SEG_A,0.9481742984579482,0.9481742984579482,0.04296282223905388,0.008862879302997829,False
4699,SEG_A,0.8479619205016395,0.8479619205016395,0.10380013441701363,0.04823794508134676,False
4701,SEG_A,0.7442305165326373,0.7442305165326373,0.21431228456591753,0.04145719890144514,False
4703,SEG_A,0.5718976590337209,0.5718976590337209,0.3658498552552732,0.06225248571100597,False
4704,SEG_A,0.7824241671774547,0.7824241671774547,0.18511526472698805,0.032460568095557286,False
4708,SEG_A,0.8875896996751738,0.8875896996751738,0.06084953346000785,0.051560766864818246,False
4721,SEG_A,0.8750690837448211,0.8750690837448211,0.08864135789423622,0.03628955836094279,False
4731,SEG_A,0.8548285644244783,0.8548285644244783,0.0744391736444938,0.07073226193102791,False
4732,SEG_A,0.7599122025390428,0.7599122025390428,0.09201141796732502,0.14807637949363223,False
4735,SEG_A,0.9388843632724113,0.9388843632724113,0.04464139693097476,0.01647423979661403,False
4737,SEG_A,0.9222394874943448,0.9222394874943448,0.06285679702337876,0.014903715482276415,False
4739,SEG_A,0.8120617479748752,0.8120617479748752,0.12769385620904558,0.06024439581607907,False
4742,SEG_A,0.5846671152430841,0.5846671152430841,0.3884949231014773,0.026837961655438607,False
4743,SEG_A,0.7994226588671377,0.7994226588671377,0.06873106971236284,0.13184627142049948,False
4744,SEG_A,0.7602920914764699,0.7602920914764699,0.12908157734599102,0.11062633117753902,False
4747,SEG_A,0.8273537133946828,0.8273537133946828,0.12393645006289308,0.04870983654242414,False
4764,SEG_A,0.927613971522174,0.927613971522174,0.05542111774642153,0.016964910731404645,False
4773,SEG_A,0.935153055904769,0.935153055904769,0.05126432529670112,0.01358261879852984,False
4778,SEG_A,0.9173839369736926,0.9173839369736926,0.06556039836708648,0.01705566465922098,False
4792,SEG_A,0.9278762999896669,0.9278762999896669,0.04033706646162188,0.031786633548711196,False
4796,SEG_A,0.9120561114049083,0.9120561114049083,0.06479728334031735,0.023146605254774452,False
4802,SEG_A,0.9298442757556337,0.9298442757556337,0.053209290289977,0.01694643395438937,False
4809,SEG_A,0.8857980927591379,0.8857980927591379,0.04254473665372417,0.07165717058713782,False
4811,SEG_A,0.5979410733091696,0.5979410733091696,0.2888049600951914,0.11325396659563898,False
4816,SEG_A,0.8667662150178055,0.8667662150178055,0.07914360415486292,0.05409018082733169,False
4817,SEG_A,0.9261594556944025,0.9261594556944025,0.03732366392583362,0.03651688037976393,False
4821,SEG_A,0.9287945033358679,0.9287945033358679,0.04734734812415201,0.02385814853998026,False
4822,SEG_A,0.7398095458654109,0.7398095458654109,0.1923523300080423,0.0678381241265467,False
4832,SEG_A,0.8217324064386774,0.8217324064386774,0.11246566420194759,0.06580192935937512,False
4834,SEG_A,0.7951278071464652,0.7951278071464652,0.09018375816287197,0.11468843469066267,False
4839,SEG_A,0.9034951757123962,0.9034951757123962,0.07367150630738034,0.02283331798022363,False
4850,SEG_A,0.730222864124958,0.730222864124958,0.09689870659452635,0.17287842928051572,False
4858,SEG_A,0.9744027724100152,0.9744027724100152,0.02042709601856307,0.005170131571421935,False
4870,SEG_A,0.8907422567896607,0.8907422567896607,0.03347726990178313,0.07578047330855628,False
4902,SEG_A,0.8905058094814517,0.8905058094814517,0.07175086254411722,0.037743327974430946,False
4903,SEG_A,0.7281078277170153,0.7281078277170153,0.2160819886071563,0.055810183675828295,False
4905,SEG_A,0.8279205041408522,0.8279205041408522,0.10845966914285153,0.06361982671629618,False
4917,SEG_A,0.8984955269257745,0.8984955269257745,0.057047914629143125,0.04445655844508223,False
4925,SEG_A,0.8389415786859697,0.8389415786859697,0.08127234765588079,0.07978607365814952,False
4928,SEG_A,0.8307447207044545,0.8307447207044545,0.05742116741495275,0.11183411188059285,False
4940,SEG_A,0.6700891401899257,0.6700891401899257,0.14240970790080987,0.18750115190926434,False
4960,SEG_A,0.8273537133946828,0.8273537133946828,0.12393645006289308,0.04870983654242414,False
4977,SEG_A,0.8980600349209216,0.8980600349209216,0.07332120112145124,0.02861876395762721,False
4985,SEG_A,0.6210045033842214,0.6210045033842214,0.2851982127687484,0.09379728384703025,False
4988,SEG_A,0.7219476399683319,0.7219476399683319,0.07133334323274329,0.2067190167989247,False
4989,SEG_A,0.8068647466908785,0.8068647466908785,0.0763257333885939,0.11680951992052767,False
5001,SEG_A,0.9252757138050164,0.9252757138050164,0.05632345401398141,0.018400832181002233,False
5011,SEG_A,0.6319498872926557,0.6319498872926557,0.09047760033941707,0.27757251236792724,False
5027,SEG_A,0.9569117996524161,0.9569117996524161,0.022711429506590938,0.020376770840993003,False
5042,SEG_A,0.9560510476266733,0.9560510476266733,0.035206052986939865,0.0087428993863869,False
5043,SEG_A,0.9063836958554528,0.9063836958554528,0.044533476202128025,0.0490828279424192,False
5047,SEG_A,0.8366954833661239,0.8366954833661239,0.09853988037621726,0.06476463625765887,False
5048,SEG_A,0.6687294960495715,0.6687294960495715,0.2480600483400832,0.08321045561034535,False
5053,SEG_A,0.8908073868410473,0.8908073868410473,0.06341397019929575,0.045778642959656966,False
5059,SEG_A,0.7855883949092526,0.7855883949092526,0.14920699730896944,0.06520460778177789,False
5064,SEG_A,0.8838619276221827,0.8838619276221827,0.06300588670562297,0.05313218567219423,False
5071,SEG_A,0.5839491380819655,0.5839491380819655,0.21748294118775519,0.19856792073027943,False
5073,SEG_A,0.6630346623347612,0.6630346623347612,0.294079332306577,0.04288600535866174,False
5083,SEG_A,0.6956549118542271,0.6956549118542271,0.07190819418494407,0.23243689396082887,False
5094,SEG_A,0.9326785339152719,0.9326785339152719,0.051944401074785665,0.015377065009942455,False
5105,SEG_A,0.8926816696619405,0.8926816696619405,0.05708256651828213,0.050235763819777325,False
5109,SEG_A,0.9356600551524186,0.9356600551524186,0.044931373930519165,0.019408570917062294,False
5111,SEG_A,0.8732649090776715,0.8732649090776715,0.046061421948648845,0.08067366897367968,False
5114,SEG_A,0.6885012655764945,0.6885012655764945,0.2366137408573792,0.0748849935661263,False
5123,SEG_A,0.8811464998751743,0.8811464998751743,0.11017816079463306,0.00867533933019243,False
5129,SEG_A,0.9268175401722346,0.9268175401722346,0.05568696202400266,0.01749549780376264,False
5130,SEG_A,0.8449448821945861,0.8449448821945861,0.1183624781778588,0.03669263962755505,False
5131,SEG_A,0.5136132639707478,0.5136132639707478,0.38735688831209886,0.09902984771715322,False
5133,SEG_A,0.8255419092740801,0.8255419092740801,0.0657555684848182,0.10870252224110163,False
5135,SEG_A,0.9405993559187138,0.9405993559187138,0.03877265553797509,0.0206279885433111,False
5146,SEG_A,0.9170720395117082,0.9170720395117082,0.07005119787782349,0.012876762610468457,False
5152,SEG_A,0.9063028818165465,0.9063028818165465,0.07208091552362138,0.021616202659832145,False
5160,SEG_A,0.834728709681323,0.834728709681323,0.07147110954399725,0.0938001807746798,False
5162,SEG_A,0.9336989667059524,0.9336989667059524,0.0304637239914568,0.03583730930259067,False
5164,SEG_A,0.8802211068375078,0.8802211068375078,0.07835520815507634,0.04142368500741589,False
5166,SEG_A,0.9534672572922384,0.9534672572922384,0.020973051779023078,0.02555969092873849,False
5171,SEG_A,0.5874818251454372,0.5874818251454372,0.35217984302357724,0.060338331830985484,False
5172,SEG_A,0.8791416469321117,0.8791416469321117,0.09945241069298393,0.02140594237490433,False
5181,SEG_A,0.4906576652416304,0.4906576652416304,0.4320631641801667,0.0772791705782029,False
5198,SEG_A,0.9005365786828179,0.9005365786828179,0.08936662543014216,0.010096795887039916,False
5203,SEG_A,0.9133518209224383,0.9133518209224383,0.035488928439724204,0.05115925063783751,False
5204,SEG_A,0.4733661056186676,0.4733661056186676,0.3668817431275972,0.15975215125373518,False
5212,SEG_A,0.8423126834886294,0.8423126834886294,0.0886506347621129,0.06903668174925763,False
5216,SEG_A,0.9661187404491376,0.9661187404491376,0.026834858603817076,0.007046400947045423,False
5220,SEG_A,0.9010612136561174,0.9010612136561174,0.0740615606513921,0.02487722569249072,False
5221,SEG_A,0.930951881145701,0.930951881145701,0.043861564747001716,0.025186554107297247,False
5224,SEG_A,0.8534448678119613,0.8534448678119613,0.08411625137502064,0.062438880813018134,False
5227,SEG_A,0.9435994798403132,0.9435994798403132,0.04216850184329851,0.014232018316388154,False
5229,SEG_A,0.7672571421683912,0.7672571421683912,0.16827343817577653,0.06446941965583229,False
5242,SEG_A,0.9407844270081185,0.9407844270081185,0.039577848184064617,0.019637724807816982,False
5245,SEG_B,0.6027352689247684,0.053118828651024484,0.6027352689247684,0.3441459024242072,False
5254,SEG_A,0.6955438804883262,0.6955438804883262,0.2428838006302114,0.061572318881462335,False
5255,SEG_A,0.8844252871927774,0.8844252871927774,0.09773246435478873,0.01784224845243392,False
5257,SEG_A,0.9824465455024045,0.9824465455024045,0.013670670414631941,0.003882784082963563,False
5262,SEG_A,0.7585242240480655,0.7585242240480655,0.15706743520239172,0.08440834074954272,False
5263,SEG_A,0.8864410921039712,0.8864410921039712,0.06884132771964115,0.044717580176387786,False
5286,SEG_A,0.6428622443613526,0.6428622443613526,0.2983074172329995,0.05883033840564776,False
5294,SEG_A,0.6742543929126601,0.6742543929126601,0.19232416164057703,0.13342144544676307,False
5295,SEG_A,0.907199388735735,0.907199388735735,0.06354599281028903,0.029254618453975995,False
5296,SEG_A,0.7585242240480655,0.7585242240480655,0.15706743520239172,0.08440834074954272,False
5299,SEG_A,0.6795205616269305,0.6795205616269305,0.18847651471568927,0.13200292365738,False
5314,SEG_A,0.8584017225253217,0.8584017225253217,0.09288361395673747,0.04871466351794092,False
5315,SEG_A,0.8871254610306148,0.8871254610306148,0.06353019909906421,0.049344339870320886,False
5318,SEG_A,0.9233198212090086,0.9233198212090086,0.05433895961888111,0.02234121917211035,False
5319,SEG_A,0.8276394139476687,0.8276394139476687,0.0500233591695958,0.1223372268827354,False
5326,SEG_A,0.8638847897924576,0.8638847897924576,0.07533777709773187,0.06077743310981043,False
5357,SEG_B,0.7571576328765878,0.19859272626293142,0.7571576328765878,0.04424964086048086,False
5358,SEG_B,0.48785406164035705,0.39374402601196484,0.48785406164035705,0.11840191234767805,False
5368,SEG_A,0.881809948729197,0.881809948729197,0.10843573770584554,0.009754313564957337,False
5370,SEG_A,0.7769633562420211,0.7769633562420211,0.19339538486998703,0.0296412588879918,False
5371,SEG_A,0.7585242240480655,0.7585242240480655,0.15706743520239172,0.08440834074954272,False
5373,SEG_A,0.7584149704863868,0.7584149704863868,0.14127853454473044,0.10030649496888276,False
5374,SEG_A,0.938144072360132,0.938144072360132,0.04565298502885625,0.01620294261101178,False
5376,SEG_A,0.8033691016055128,0.8033691016055128,0.13097961302796243,0.06565128536652476,False
5385,SEG_A,0.9164947187997144,0.9164947187997144,0.058066376817935465,0.02543890438234997,False
5402,SEG_A,0.902922416372841,0.902922416372841,0.06241785247047474,0.034659731156684186,False
5404,SEG_A,0.7947609118139803,0.7947609118139803,0.1488247808037951,0.056414307382224534,False
5427,SEG_A,0.8122028986090791,0.8122028986090791,0.17511100254850015,0.012686098842420774,False
5429,SEG_A,0.9374334803899068,0.9374334803899068,0.04632289150486713,0.01624362810522603,False
5430,SEG_A,0.8959169394546437,0.8959169394546437,0.05628944724492979,0.04779361330042656,False
5435,SEG_A,0.6802608599497312,0.6802608599497312,0.2693799314251967,0.05035920862507214,False
5437,SEG_A,0.6794762681476609,0.6794762681476609,0.2836656137867665,0.03685811806557261,False
5443,SEG_A,0.5410369056104022,0.5410369056104022,0.09055691119209601,0.36840618319750174,False
5452,SEG_A,0.9507447634679307,0.9507447634679307,0.03792609714877092,0.011329139383298301,False
5459,SEG_A,0.8998731621366388,0.8998731621366388,0.06129299773095352,0.03883384013240776,False
5470,SEG_A,0.8687241391839904,0.8687241391839904,0.09526400496302109,0.03601185585298841,False
5473,SEG_A,0.7823656796602511,0.7823656796602511,0.18082482986720427,0.036809490472544545,False
5477,SEG_A,0.8118203461610468,0.8118203461610468,0.11555217005449439,0.07262748378445873,False
5478,SEG_A,0.9352943343639161,0.9352943343639161,0.04636761778803806,0.01833804784804581,False
5481,SEG_A,0.6930335333700292,0.6930335333700292,0.2397744303465549,0.0671920362834159,False
5482,SEG_A,0.9588234417529704,0.9588234417529704,0.03048011012461674,0.010696448122412897,False
5492,SEG_A,0.7770584017112037,0.7770584017112037,0.18890757293270438,0.03403402535609213,False
5493,SEG_A,0.5708183148154826,0.5708183148154826,0.21920046894535616,0.2099812162391613,False
5495,SEG_A,0.8712649354464337,0.8712649354464337,0.0819646367796465,0.0467704277739197,False
5505,SEG_A,0.9209030897204156,0.9209030897204156,0.0615220188860862,0.017574891393498344,False
5523,SEG_A,0.9157005250337543,0.9157005250337543,0.04663707076768145,0.03766240419856439,False
5529,SEG_A,0.7973255703563591,0.7973255703563591,0.10286318396023937,0.09981124568340156,False
5531,SEG_A,0.7442483549822486,0.7442483549822486,0.1989525511738816,0.05679909384386979,False
5535,SEG_A,0.7614992901095076,0.7614992901095076,0.20747542762164503,0.031025282268847536,False
5546,SEG_A,0.8191522438554747,0.8191522438554747,0.15641730373332388,0.02443045241120137,False
5549,SEG_A,0.890274822569275,0.890274822569275,0.06698885602369402,0.04273632140703097,False
5550,SEG_A,0.8829342541609194,0.8829342541609194,0.07349720768383862,0.04356853815524208,False
5558,SEG_B,0.6849184871035497,0.1784186097937063,0.6849184871035497,0.136662903102744,False
5560,SEG_A,0.9058791809787629,0.9058791809787629,0.07069251050145048,0.023428308519786653,False
5561,SEG_A,0.9025914713824563,0.9025914713824563,0.07182630484160347,0.025582223775940275,False
5580,SEG_B,0.44523177037756795,0.2873668135618201,0.44523177037756795,0.2674014160606119,True
5596,SEG_A,0.9166046651379015,0.9166046651379015,0.06680663048682778,0.016588704375270703,False
5600,SEG_A,0.9738335349037508,0.9738335349037508,0.020148020652499054,0.006018444443750191,False
5615,SEG_A,0.8109337022544985,0.8109337022544985,0.12434033988092742,0.06472595786457423,False
5618,SEG_A,0.9279624436273327,0.9279624436273327,0.05825288363727621,0.013784672735391157,False
5626,SEG_A,0.9459081842999192,0.9459081842999192,0.0378720573072511,0.016219758392829787,False
5628,SEG_A,0.8173538581702668,0.8173538581702668,0.15923825472700112,0.023407887102732006,False
5631,SEG_A,0.956929010121224,0.956929010121224,0.02503033540051459,0.018040654478261288,False
5637,SEG_A,0.9620177522152392,0.9620177522152392,0.023114711441329597,0.014867536343431137,False
5640,SEG_A,0.8464869968705834,0.8464869968705834,0.11429641938894518,0.039216583740471433,False
5644,SEG_A,0.785972740063723,0.785972740063723,0.17565740649464073,0.03836985344163623,False
5672,SEG_A,0.8862169510983336,0.8862169510983336,0.0724860963138173,0.04129695258784915,False
5673,SEG_A,0.5071007265447235,0.5071007265447235,0.4468889431283044,0.046010330326971986,False
5674,SEG_B,0.4864504713517084,0.3555839794424438,0.4864504713517084,0.15796554920584788,False
5680,SEG_A,0.8603376441619931,0.8603376441619931,0.08249296132712061,0.057169394510886345,False
5682,SEG_A,0.7517976215217222,0.7517976215217222,0.10272710055078879,0.14547527792748888,False
5683,SEG_A,0.9698676999340078,0.9698676999340078,0.025309279864411945,0.004823020201580259,False
5688,SEG_A,0.9304237623693682,0.9304237623693682,0.02816815812113678,0.04140807950949502,False
5690,SEG_A,0.9074229650641301,0.9074229650641301,0.059706994452155944,0.03287004048371395,False
5695,SEG_A,0.8404886405237808,0.8404886405237808,0.06697392714123201,0.09253743233498708,False
5697,SEG_A,0.8965371890245384,0.8965371890245384,0.06483319802211286,0.03862961295334883,False
5703,SEG_A,0.8866227353839381,0.8866227353839381,0.10397925132119103,0.009398013294870795,False
5712,SEG_A,0.9100566854640297,0.9100566854640297,0.04194362408029287,0.047999690455677355,False
5716,SEG_A,0.9285379246163089,0.9285379246163089,0.052081518528372894,0.01938055685531817,False
5725,SEG_A,0.8705045007453763,0.8705045007453763,0.11509436427198934,0.01440113498263429,False
5733,SEG_A,0.9807885284078328,0.9807885284078328,0.01581562468251741,0.003395846909649806,False
5734,SEG_B,0.512565478314229,0.32875316299811425,0.512565478314229,0.15868135868765673,False
5735,SEG_A,0.9009995961240086,0.9009995961240086,0.0823912424620534,0.01660916141393793,False
5759,SEG_A,0.9037979978591538,0.9037979978591538,0.054685792841055215,0.04151620929979105,False
5774,SEG_A,0.8565347545292606,0.8565347545292606,0.07275830076454814,0.07070694470619125,False
5781,SEG_A,0.9082129156693565,0.9082129156693565,0.032296830891947764,0.0594902534386957,False
5785,SEG_A,0.7751868646288896,0.7751868646288896,0.11455863809683349,0.11025449727427696,False
5787,SEG_A,0.8837198276435513,0.8837198276435513,0.06588245664698393,0.05039771570946479,False
5804,SEG_A,0.7687802781088356,0.7687802781088356,0.15235470804913454,0.07886501384202987,False
5810,SEG_A,0.8027795431043532,0.8027795431043532,0.13773709265867953,0.05948336423696727,False
5818,SEG_A,0.8939869429495723,0.8939869429495723,0.09502591486997362,0.01098714218045407,False
5819,SEG_A,0.6897262810499882,0.6897262810499882,0.26642579623739693,0.04384792271261498,False
5820,SEG_A,0.7869496012987028,0.7869496012987028,0.09381262631870788,0.11923777238258927,False
5825,SEG_A,0.9317202290467911,0.9317202290467911,0.042692357076892215,0.025587413876316824,False
5826,SEG_A,0.718115080138369,0.718115080138369,0.23776687109123026,0.04411804877040068,False
5830,SEG_A,0.8295291240935455,0.8295291240935455,0.11244981086840876,0.058021065038045834,False
5834,SEG_A,0.44081449241804993,0.44081449241804993,0.39887779279020474,0.16030771479174538,True
5839,SEG_A,0.7132721018230811,0.7132721018230811,0.1593549199801728,0.12737297819674606,False
5841,SEG_A,0.3705108530770898,0.3705108530770898,0.36182237743556306,0.2676667694873472,True
5843,SEG_A,0.9564750993606317,0.9564750993606317,0.02734185725874641,0.016183043380621827,False
5844,SEG_A,0.9766816073083994,0.9766816073083994,0.018809453585822245,0.004508939105778306,False
5846,SEG_A,0.9056952735995024,0.9056952735995024,0.06302117384820123,0.03128355255229646,False
5847,SEG_A,0.9549415206173064,0.9549415206173064,0.029392254188168432,0.01566622519452523,False
5848,SEG_A,0.8000838475360784,0.8000838475360784,0.17213444150351007,0.0277817109604115,False
5855,SEG_A,0.9538820508824186,0.9538820508824186,0.03177674923293058,0.014341199884650694,False
5856,SEG_A,0.7477690662057372,0.7477690662057372,0.20861267590683769,0.043618257887425,False
5862,SEG_A,0.6816671840669568,0.6816671840669568,0.24819730013160646,0.07013551580143675,False
5865,SEG_A,0.9237538051903679,0.9237538051903679,0.0694384991876152,0.006807695622016909,False
5868,SEG_A,0.9790464790784786,0.9790464790784786,0.014434595565762827,0.006518925355758562,False
5869,SEG_A,0.8526849972606212,0.8526849972606212,0.12067141691752384,0.026643585821854998,False
5870,SEG_A,0.7843193918258404,0.7843193918258404,0.19079587515557098,0.02488473301858868,False
5871,SEG_A,0.8241563996871524,0.8241563996871524,0.11289699003164629,0.06294661028120144,False
5873,SEG_A,0.9543413179491722,0.9543413179491722,0.02475993323903489,0.020898748811792912,False
5874,SEG_A,0.8839719691943009,0.8839719691943009,0.10737243599108545,0.00865559481461368,False
5877,SEG_A,0.8833254023097015,0.8833254023097015,0.06121061846536934,0.055463979224929155,False
5880,SEG_A,0.8925723133433547,0.8925723133433547,0.05120067439955591,0.05622701225708937,False
5881,SEG_A,0.8799876544686007,0.8799876544686007,0.08868342441750626,0.03132892111389287,False
5900,SEG_A,0.9343498665952142,0.9343498665952142,0.045226490971640984,0.02042364243314481,False
5903,SEG_A,0.8312782231892119,0.8312782231892119,0.1237592892551444,0.0449624875556439,False
5911,SEG_A,0.9711709823996156,0.9711709823996156,0.02343401288334963,0.005395004717034748,False
5914,SEG_A,0.6244876774720004,0.6244876774720004,0.3199959302659729,0.055516392262026724,False
5915,SEG_A,0.8891731923020182,0.8891731923020182,0.09941524915573112,0.011411558542250637,False
5918,SEG_A,0.7029715825357812,0.7029715825357812,0.19163346015265956,0.10539495731155926,False
5920,SEG_A,0.9555772194267538,0.9555772194267538,0.03283167471158987,0.01159110586165633,False
5925,SEG_A,0.8884345216236622,0.8884345216236622,0.06507177117194918,0.04649370720438869,False
5933,SEG_A,0.5334155275233249,0.5334155275233249,0.3040002631508635,0.16258420932581163,False
5938,SEG_A,0.6259452098758324,0.6259452098758324,0.2806226701620725,0.09343211996209524,False
5941,SEG_A,0.7240976571520226,0.7240976571520226,0.12876474602554414,0.14713759682243333,False
5945,SEG_A,0.7283735937124814,0.7283735937124814,0.18112155632305138,0.09050484996446723,False
5949,SEG_A,0.8793220638229035,0.8793220638229035,0.06170805802424026,0.05896987815285621,False
5956,SEG_A,0.7292512913201649,0.7292512913201649,0.24011140533978492,0.03063730334005023,False
5968,SEG_A,0.7979641003796585,0.7979641003796585,0.16412339201805587,0.03791250760228565,False
5970,SEG_A,0.8385790410787223,0.8385790410787223,0.06306329774122199,0.0983576611800557,False
5972,SEG_A,0.8750690837448211,0.8750690837448211,0.08864135789423622,0.03628955836094279,False
5976,SEG_A,0.8337147896691499,0.8337147896691499,0.09013612573872654,0.07614908459212345,False
5980,SEG_A,0.8872049574016398,0.8872049574016398,0.07945468160898762,0.0333403609893727,False
5982,SEG_A,0.5110483725491276,0.5110483725491276,0.15804026604044188,0.3309113614104306,False
5985,SEG_A,0.8889796975962008,0.8889796975962008,0.054752784715775646,0.056267517688023606,False
5989,SEG_A,0.8654740413613038,0.8654740413613038,0.08864960680856931,0.0458763518301269,False
5990,SEG_A,0.9578148328983414,0.9578148328983414,0.02244319473140058,0.01974197237025796,False
5996,SEG_A,0.9560992485174972,0.9560992485174972,0.029463470296052594,0.014437281186450133,False
5997,SEG_A,0.6177127257191272,0.6177127257191272,0.3262158025625076,0.05607147171836543,False
5999,SEG_A,0.9541895390804304,0.9541895390804304,0.027277885732210377,0.01853257518735925,False
6003,SEG_A,0.8666045813569497,0.8666045813569497,0.09266565636165643,0.0407297622813938,False
6006,SEG_A,0.8194263794716733,0.8194263794716733,0.147280664176651,0.033292956351675694,False
6010,SEG_A,0.9530688055887971,0.9530688055887971,0.03435667618494103,0.012574518226261875,False
6019,SEG_A,0.7635105368239685,0.7635105368239685,0.21220253943508777,0.024286923740943697,False
6025,SEG_A,0.8167052275238009,0.8167052275238009,0.11181841884463874,0.07147635363156021,False
6027,SEG_A,0.8060643488127578,0.8060643488127578,0.15581294137322835,0.03812270981401381,False
6034,SEG_C,0.6308625614073877,0.00550137319342629,0.363636065399186,0.6308625614073877,False
6041,SEG_A,0.90959156909029,0.90959156909029,0.06629386790130902,0.024114563008400952,False
6044,SEG_A,0.9000940244252571,0.9000940244252571,0.05700110221564341,0.0429048733590995,False
6045,SEG_A,0.7089342603140891,0.7089342603140891,0.23515159391418244,0.05591414577172844,False
6048,SEG_A,0.7780073919974407,0.7780073919974407,0.1863201723046828,0.0356724356978766,False
6056,SEG_A,0.7983113514583619,0.7983113514583619,0.12055462389955492,0.08113402464208318,False
6059,SEG_A,0.8730933771615118,0.8730933771615118,0.06032785995253879,0.06657876288594933,False
6065,SEG_A,0.5518441401821197,0.5518441401821197,0.14907753761865447,0.2990783221992257,False
6070,SEG_A,0.9030987140784491,0.9030987140784491,0.029815199094274807,0.06708608682727613,False
6071,SEG_A,0.9438377494030041,0.9438377494030041,0.046528335701158115,0.009633914895837778,False
6072,SEG_A,0.7437847281219707,0.7437847281219707,0.14258086374389442,0.11363440813413493,False
6074,SEG_B,0.46267600163998795,0.4314423391797015,0.46267600163998795,0.1058816591803105,False
6078,SEG_A,0.7338803861942059,0.7338803861942059,0.2068104600474981,0.059309153758295936,False
6082,SEG_A,0.7763792189246388,0.7763792189246388,0.09421815987744923,0.12940262119791193,False
6086,SEG_A,0.6792168411115671,0.6792168411115671,0.2863486741021039,0.03443448478632886,False
6093,SEG_A,0.7596436597165668,0.7596436597165668,0.10985139434463588,0.13050494593879733,False
6101,SEG_A,0.5365461991413794,0.5365461991413794,0.34088386990963626,0.12256993094898454,False
6102,SEG_A,0.8276409572281948,0.8276409572281948,0.1279872481116176,0.04437179466018769,False
6105,SEG_A,0.87223202534918,0.87223202534918,0.10559177921129367,0.02217619543952635,False
6109,SEG_A,0.7950086277985103,0.7950086277985103,0.1698896423725672,0.03510172982892244,False
6110,SEG_A,0.7606686581606091,0.7606686581606091,0.19544649507409453,0.04388484676529638,False
6111,SEG_A,0.8322358852259193,0.8322358852259193,0.06493640224599045,0.10282771252809031,False
6115,SEG_A,0.9367338781832174,0.9367338781832174,0.04909237028108056,0.014173751535702033,False
6120,SEG_A,0.8857451403218725,0.8857451403218725,0.05825911302086907,0.05599574665725847,False
6125,SEG_A,0.8331213490590963,0.8331213490590963,0.10690558449767724,0.05997306644322648,False
6128,SEG_A,0.929526082242195,0.929526082242195,0.049944911341463255,0.020529006416341835,False
6133,SEG_B,0.629163434462708,0.3225688853622016,0.629163434462708,0.04826768017509045,False
6142,SEG_A,0.732320341260858,0.732320341260858,0.1292959055738879,0.13838375316525406,False
6155,SEG_A,0.838340304519321,0.838340304519321,0.13638076376713457,0.025278931713544575,False
6165,SEG_A,0.9343779245737652,0.9343779245737652,0.03801229372911465,0.027609781697120174,False
6167,SEG_A,0.9225843171681904,0.9225843171681904,0.046362385818709224,0.03105329701310037,False
6170,SEG_A,0.781806287998911,0.781806287998911,0.16869880384827698,0.0494949081528121,False
6173,SEG_A,0.8342229453751032,0.8342229453751032,0.13545708828952205,0.03031996633537467,False
6177,SEG_A,0.663384456596746,0.663384456596746,0.3026827925161705,0.03393275088708357,False
6184,SEG_A,0.9579808207525252,0.9579808207525252,0.022173423830464924,0.0198457554170098,False
6189,SEG_A,0.7517976215217222,0.7517976215217222,0.10272710055078879,0.14547527792748888,False
6195,SEG_A,0.9474890080473765,0.9474890080473765,0.03452482643467357,0.017986165517949983,False
6196,SEG_A,0.8483912064752027,0.8483912064752027,0.11638817844379111,0.03522061508100613,False
6202,SEG_A,0.8902151274164046,0.8902151274164046,0.08018065312050032,0.029604219463095098,False
6208,SEG_A,0.9248696008172943,0.9248696008172943,0.0379655879109458,0.03716481127175981,False
6209,SEG_A,0.915269309615407,0.915269309615407,0.06673888343971789,0.017991806944875132,False
6211,SEG_A,0.9569462923359254,0.9569462923359254,0.025444313670426547,0.017609393993647967,False
6217,SEG_A,0.9344749526215035,0.9344749526215035,0.04756401268158132,0.017961034696915262,False
6220,SEG_A,0.7676931190635812,0.7676931190635812,0.11108412248902816,0.12122275844739074,False
6222,SEG_A,0.573696613220803,0.573696613220803,0.3980929361631742,0.02821045061602285,False
6227,SEG_A,0.7263218336684769,0.7263218336684769,0.15607943469091737,0.1175987316406057,False
6228,SEG_A,0.8802041185899528,0.8802041185899528,0.06979962000503931,0.049996261405007895,False
6237,SEG_A,0.6595512965967116,0.6595512965967116,0.264734532211887,0.07571417119140146,False
6251,SEG_A,0.7991965932950127,0.7991965932950127,0.09470378524561275,0.10609962145937465,False
6259,SEG_A,0.6321902686850253,0.6321902686850253,0.3043379860138203,0.06347174530115433,False
6260,SEG_A,0.975606034598589,0.975606034598589,0.01954580506651255,0.004848160334898528,False
6262,SEG_A,0.9163119763611247,0.9163119763611247,0.045993759206393946,0.03769426443248142,False
6263,SEG_A,0.8104271788611398,0.8104271788611398,0.08826879661160239,0.10130402452725785,False
6265,SEG_A,0.6217292800564735,0.6217292800564735,0.23515718238472397,0.14311353755880257,False
6267,SEG_B,0.8658332674220744,0.024410869039979348,0.8658332674220744,0.10975586353794617,False
6268,SEG_A,0.6307844486701838,0.6307844486701838,0.1620955924511111,0.20711995887870516,False
6271,SEG_A,0.8854069337159286,0.8854069337159286,0.09877038070448849,0.015822685579582906,False
6275,SEG_A,0.9048248032749724,0.9048248032749724,0.06461139728554896,0.030563799439478685,False
6277,SEG_A,0.8850382632090273,0.8850382632090273,0.0448764216404427,0.07008531515053,False
6281,SEG_A,0.656668279552662,0.656668279552662,0.2828977282800739,0.060433992167263854,False
6284,SEG_A,0.9020252053905173,0.9020252053905173,0.07465771364790105,0.02331708096158167,False
6286,SEG_A,0.8113149688055099,0.8113149688055099,0.11518112521173238,0.0735039059827578,False
6291,SEG_A,0.5403877662197241,0.5403877662197241,0.40319698382831826,0.056415249951957666,False
6292,SEG_A,0.8138732895616761,0.8138732895616761,0.14501014085914551,0.04111656957917827,False
6293,SEG_A,0.7853485148957295,0.7853485148957295,0.06162502886133098,0.15302645624293942,False
6297,SEG_A,0.764035311325392,0.764035311325392,0.14794484693824664,0.08801984173636143,False
6298,SEG_A,0.7831747591743594,0.7831747591743594,0.06321200711368168,0.1536132337119589,False
6309,SEG_A,0.838811357154539,0.838811357154539,0.07991348868758483,0.08127515415787617,False
6311,SEG_A,0.9490978666406957,0.9490978666406957,0.031785346938319144,0.019116786420985143,False
6312,SEG_B,0.4945387708766783,0.349264706955312,0.4945387708766783,0.15619652216800967,False
6315,SEG_A,0.8834188702218619,0.8834188702218619,0.06860782211475422,0.04797330766338378,False
6317,SEG_A,0.9069123352485217,0.9069123352485217,0.07781609428749953,0.015271570463978743,False
6318,SEG_A,0.7688751109803506,0.7688751109803506,0.16275260558278568,0.06837228343686376,False
6321,SEG_A,0.9211288545762338,0.9211288545762338,0.057609926131001216,0.021261219292764994,False
6323,SEG_A,0.8087159174658394,0.8087159174658394,0.05892748511585657,0.13235659741830408,False
6324,SEG_A,0.8665209476650377,0.8665209476650377,0.04137085938487136,0.09210819295009083,False
6331,SEG_A,0.8908586642408859,0.8908586642408859,0.09788456830864832,0.011256767450465685,False
6333,SEG_A,0.8300588910326975,0.8300588910326975,0.07218753144832657,0.09775357751897594,False
6334,SEG_A,0.6854489255046272,0.6854489255046272,0.1791110609847652,0.13544001351060767,False
6335,SEG_A,0.8808093112304344,0.8808093112304344,0.06655892508281187,0.05263176368675391,False
6336,SEG_B,0.6051902839661334,0.05502275721700436,0.6051902839661334,0.33978695881686216,False
6341,SEG_A,0.9196403030342719,0.9196403030342719,0.04036647927942049,0.03999321768630762,False
6344,SEG_A,0.9327156609873479,0.9327156609873479,0.03125393800917163,0.03603040100348054,False
6352,SEG_A,0.9142534840837494,0.9142534840837494,0.0645726090521873,0.021173906864063213,False
6363,SEG_A,0.8914875890660184,0.8914875890660184,0.09797957048725768,0.01053284044672378,False
6369,SEG_A,0.7360750668189604,0.7360750668189604,0.20982860332627787,0.054096329854761885,False
6371,SEG_A,0.8628900187869075,0.8628900187869075,0.07575306837070611,0.06135691284238637,False
6373,SEG_A,0.6541721080563098,0.6541721080563098,0.21172648271060515,0.13410140923308508,False
6374,SEG_A,0.9199654006109077,0.9199654006109077,0.055659873036304264,0.024374726352788076,False
6375,SEG_A,0.7073537673515685,0.7073537673515685,0.20126572934191106,0.09138050330652042,False
6378,SEG_A,0.6964377080553874,0.6964377080553874,0.20362412540797095,0.09993816653664166,False
6379,SEG_A,0.7117576401486623,0.7117576401486623,0.2446513686102302,0.04359099124110757,False
6380,SEG_A,0.8856000703760918,0.8856000703760918,0.09902887353446659,0.0153710560894416,False
6385,SEG_A,0.9333500233451093,0.9333500233451093,0.05420239309092512,0.012447583563965534,False
6388,SEG_A,0.8249071993965735,0.8249071993965735,0.10693261456181888,0.06816018604160744,False
6389,SEG_A,0.9187394356016447,0.9187394356016447,0.047964190701162986,0.03329637369719218,False
6390,SEG_B,0.6272589427019004,0.25517335528547785,0.6272589427019004,0.11756770201262175,False
6392,SEG_A,0.7680523110064035,0.7680523110064035,0.08811679955342318,0.14383088944017328,False
6393,SEG_A,0.6691854445376225,0.6691854445376225,0.08912842645102288,0.24168612901135467,False
6394,SEG_A,0.8798902138701916,0.8798902138701916,0.08024209828084403,0.03986768784896445,False
6399,SEG_A,0.9232981295289084,0.9232981295289084,0.04908358405821653,0.027618286412875066,False
6401,SEG_A,0.9697645647427616,0.9697645647427616,0.020969827533428933,0.009265607723809468,False
6412,SEG_A,0.9457363039070789,0.9457363039070789,0.025929973031918498,0.028333723061002587,False
6417,SEG_A,0.47176781626053227,0.47176781626053227,0.2284011592489506,0.29983102449051713,False
6427,SEG_A,0.8361338109778256,0.8361338109778256,0.10119897692616371,0.06266721209601066,False
6428,SEG_A,0.9332484764691482,0.9332484764691482,0.04502856627838891,0.021722957252462788,False
6435,SEG_A,0.8042268216754282,0.8042268216754282,0.1274943716905187,0.06827880663405313,False
6439,SEG_A,0.5735884678267821,0.5735884678267821,0.35177238230588403,0.07463914986733373,False
6441,SEG_A,0.7687727329561296,0.7687727329561296,0.15069502904976875,0.08053223799410174,False
6449,SEG_A,0.9003526613770546,0.9003526613770546,0.047524937324351015,0.052122401298594224,False
6450,SEG_A,0.807362988530562,0.807362988530562,0.04248972911582547,0.15014728235361247,False
6453,SEG_A,0.9111574967585212,0.9111574967585212,0.07218820412014586,0.016654299121332976,False
6466,SEG_A,0.8297380419259841,0.8297380419259841,0.1331253888807996,0.037136569193216284,False
6471,SEG_A,0.9219090265080401,0.9219090265080401,0.0320034584866166,0.046087515005343284,False
6476,SEG_A,0.9477017068094515,0.9477017068094515,0.02170784762829406,0.03059044556225437,False
6487,SEG_A,0.6083341827497296,0.6083341827497296,0.35142951840113795,0.04023629884913257,False
6495,SEG_A,0.6296069869317176,0.6296069869317176,0.19659262078685946,0.1738003922814229,False
6497,SEG_A,0.8598613475146393,0.8598613475146393,0.04807700752465549,0.0920616449607053,False
6498,SEG_A,0.6338814732573483,0.6338814732573483,0.24409185157186647,0.12202667517078529,False
6505,SEG_A,0.815069003122223,0.815069003122223,0.06223189556092268,0.12269910131685438,False
6511,SEG_A,0.9628984214423718,0.9628984214423718,0.022697748286521307,0.014403830271106957,False
6517,SEG_A,0.8242518779704384,0.8242518779704384,0.11697821104427886,0.05876991098528268,False
6519,SEG_A,0.6424799370302122,0.6424799370302122,0.11783097214870747,0.23968909082108025,False
6520,SEG_C,0.6873442295077359,0.2537150202825964,0.05894075020966771,0.6873442295077359,False
6521,SEG_B,0.6558065588182006,0.1386033824615327,0.6558065588182006,0.20559005872026676,False
6525,SEG_A,0.8185669555661605,0.8185669555661605,0.11263634924642907,0.06879669518741041,False
6538,SEG_A,0.8218777112281561,0.8218777112281561,0.12735027077459402,0.05077201799724992,False
6558,SEG_A,0.9402055179788072,0.9402055179788072,0.03889171269282962,0.02090276932836317,False
6562,SEG_A,0.923671893915622,0.923671893915622,0.04011470340499334,0.03621340267938468,False
6566,SEG_A,0.6803177236190089,0.6803177236190089,0.28387559651406946,0.035806679866921695,False
6568,SEG_A,0.9201782248205789,0.9201782248205789,0.04899799822651599,0.03082377695290511,False
6572,SEG_A,0.6568281791767236,0.6568281791767236,0.07107033983712684,0.2721014809861495,False
6574,SEG_B,0.5974967924513007,0.006942145415022221,0.5974967924513007,0.39556106213367714,False
6575,SEG_A,0.8627613355782988,0.8627613355782988,0.10296151890120428,0.03427714552049693,False
6599,SEG_A,0.7641071991510142,0.7641071991510142,0.15553732432559836,0.08035547652338736,False
6610,SEG_A,0.8273537133946828,0.8273537133946828,0.12393645006289308,0.04870983654242414,False
6617,SEG_A,0.9429919801999198,0.9429919801999198,0.046314754414683794,0.010693265385396344,False
6622,SEG_A,0.9671588524257837,0.9671588524257837,0.02255031590479861,0.010290831669417745,False
6624,SEG_C,0.3752742970337961,0.28641473683498436,0.3383109661312195,0.3752742970337961,True
6626,SEG_A,0.9560414805625524,0.9560414805625524,0.02577879237062811,0.01817972706681943,False
6627,SEG_A,0.8867376028750614,0.8867376028750614,0.06704270648198725,0.0462196906429513,False
6628,SEG_A,0.7935448850345694,0.7935448850345694,0.1443059266913335,0.06214918827409697,False
6629,SEG_A,0.92840409213662,0.92840409213662,0.046006296872384764,0.02558961099099518,False
6631,SEG_A,0.7146916034666313,0.7146916034666313,0.13880826590821124,0.14650013062515754,False
6632,SEG_A,0.9270432592639964,0.9270432592639964,0.055177016016606364,0.01777972471939719,False
6633,SEG_A,0.8973048568834706,0.8973048568834706,0.050171921568654396,0.05252322154787498,False
6634,SEG_A,0.7221949986672265,0.7221949986672265,0.04411183564206802,0.23369316569070536,False
6640,SEG_A,0.9421958606678345,0.9421958606678345,0.03536267936179656,0.022441459970368914,False
6651,SEG_A,0.7647518239794312,0.7647518239794312,0.17495000422721058,0.06029817179335827,False
6653,SEG_A,0.8855501612353756,0.8855501612353756,0.08949688776604313,0.024952950998581327,False
6661,SEG_A,0.5844269767407347,0.5844269767407347,0.08644036382166788,0.32913265943759745,False
6665,SEG_A,0.9322994780557771,0.9322994780557771,0.05751424570997207,0.01018627623425069,False
6669,SEG_A,0.6149149870267491,0.6149149870267491,0.15939792937097866,0.22568708360227233,False
6671,SEG_A,0.9581161969826614,0.9581161969826614,0.026616556206247442,0.015267246811091248,False
6675,SEG_A,0.8017398283690605,0.8017398283690605,0.1487251747593409,0.049534996871598534,False
6679,SEG_A,0.8729206468365205,0.8729206468365205,0.08262666850175109,0.04445268466172856,False
6681,SEG_B,0.5209027935669643,0.29488311253071586,0.5209027935669643,0.18421409390231963,False
6683,SEG_A,0.9494826983774992,0.9494826983774992,0.03950675541296318,0.011010546209537628,False
6692,SEG_A,0.8042268216754282,0.8042268216754282,0.1274943716905187,0.06827880663405313,False
6695,SEG_A,0.8947540310777784,0.8947540310777784,0.07602958988578723,0.02921637903643444,False
6700,SEG_A,0.956209125175765,0.956209125175765,0.0234201687778461,0.020370706046388954,False
6708,SEG_A,0.8426927295558571,0.8426927295558571,0.14791876993283548,0.009388500511307655,False
6709,SEG_A,0.9164820778931729,0.9164820778931729,0.07626623096824715,0.0072516911385799,False
6712,SEG_A,0.9461784530099686,0.9461784530099686,0.02267437125494689,0.031147175735084336,False
6718,SEG_A,0.9445255367939381,0.9445255367939381,0.04007519569553595,0.015399267510525958,False
6720,SEG_A,0.8279485248932466,0.8279485248932466,0.10189173037745954,0.07015974472929398,False
6721,SEG_A,0.8501210945445797,0.8501210945445797,0.08340646130293923,0.0664724441524811,False
6724,SEG_A,0.8451236484148075,0.8451236484148075,0.11530462211652719,0.039571729468665384,False
6733,SEG_A,0.854604913636712,0.854604913636712,0.08727604201518686,0.058119044348101064,False
6734,SEG_A,0.9086045916046612,0.9086045916046612,0.06879456731107694,0.022600841084261754,False
6736,SEG_A,0.912727618158525,0.912727618158525,0.06267446488315413,0.024597916958320733,False
6737,SEG_A,0.8113725377933635,0.8113725377933635,0.15979577599595993,0.028831686210676583,False
6738,SEG_A,0.6176087482349591,0.6176087482349591,0.2954478387972534,0.08694341296778751,False
6739,SEG_A,0.8118203461610468,0.8118203461610468,0.11555217005449439,0.07262748378445873,False
6744,SEG_A,0.8101597141589819,0.8101597141589819,0.18223902538598327,0.0076012604550347385,False
6745,SEG_A,0.8280687588968414,0.8280687588968414,0.1369749929362463,0.034956248166912327,False
6747,SEG_B,0.8094329423911781,0.02001459489860085,0.8094329423911781,0.17055246271022104,False
6748,SEG_A,0.919534742475948,0.919534742475948,0.04795742501669575,0.03250783250735626,False
6749,SEG_A,0.9125995323009635,0.9125995323009635,0.019903901742384288,0.06749656595665231,False
6750,SEG_A,0.8239733309815538,0.8239733309815538,0.1377179424184915,0.03830872659995467,False
6751,SEG_A,0.9715254192122608,0.9715254192122608,0.020424202740924175,0.008050378046815016,False
6752,SEG_A,0.737611802580559,0.737611802580559,0.21503655969780908,0.047351637721631805,False
6756,SEG_A,0.8930245219999351,0.8930245219999351,0.08770099954697022,0.019274478453094632,False
6760,SEG_B,0.837724346842498,0.002511298797283334,0.837724346842498,0.15976435436021877,False
6762,SEG_A,0.8746182767443228,0.8746182767443228,0.05015700274513956,0.07522472051053761,False
6763,SEG_A,0.7982430645838473,0.7982430645838473,0.126753742017805,0.07500319339834778,False
6765,SEG_A,0.7632015591341306,0.7632015591341306,0.0694462830219381,0.16735215784393134,False
6766,SEG_A,0.7917476097055501,0.7917476097055501,0.10679568317217951,0.10145670712227031,False
6773,SEG_A,0.7319649899038676,0.7319649899038676,0.23657352546733434,0.03146148462879793,False
6774,SEG_A,0.7842147361761965,0.7842147361761965,0.13925008119086757,0.07653518263293593,False
6775,SEG_A,0.726333328410854,0.726333328410854,0.1573579401330103,0.11630873145613581,False
6778,SEG_A,0.8152508995724066,0.8152508995724066,0.12069457930692756,0.064054521120666,False
6779,SEG_A,0.9468654629735941,0.9468654629735941,0.04125379677539826,0.011880740251007648,False
6780,SEG_A,0.8665965646022991,0.8665965646022991,0.058574646836513505,0.07482878856118733,False
6783,SEG_A,0.9561128642619878,0.9561128642619878,0.028848858370300635,0.01503827736771147,False
6788,SEG_A,0.8308826735456661,0.8308826735456661,0.103394642721802,0.0657226837325319,False
6795,SEG_A,0.8033691016055128,0.8033691016055128,0.13097961302796243,0.06565128536652476,False
6796,SEG_A,0.9680306147827669,0.9680306147827669,0.02326043749729423,0.008708947719938912,False
6797,SEG_A,0.7270763762939,0.7270763762939,0.2596062820990485,0.01331734160705166,False
6805,SEG_A,0.8762501874666532,0.8762501874666532,0.07942470035591896,0.04432511217742797,False
6818,SEG_A,0.8913599206698435,0.8913599206698435,0.10055177532784969,0.008088304002306859,False
6820,SEG_A,0.9368527595267301,0.9368527595267301,0.037175008759159404,0.025972231714110543,False
6828,SEG_A,0.9183409140432737,0.9183409140432737,0.05204908622084642,0.029609999735879963,False
6829,SEG_A,0.6881650431546246,0.6881650431546246,0.28257881180130967,0.029256145044065845,False
6830,SEG_A,0.9048229532976636,0.9048229532976636,0.0770140287477971,0.0181630179545393,False
6831,SEG_A,0.3977810609990278,0.3977810609990278,0.28947809128574,0.3127408477152322,True
6832,SEG_A,0.8301352978615735,0.8301352978615735,0.06785515977535622,0.10200954236307032,False
6838,SEG_A,0.8816675245516791,0.8816675245516791,0.07862528214876001,0.039707193299560836,False
6840,SEG_A,0.4303074216771597,0.4303074216771597,0.15839576554992993,0.4112968127729104,True
6841,SEG_A,0.7306400904057002,0.7306400904057002,0.20423877753877911,0.06512113205552066,False
6843,SEG_A,0.4918562785772236,0.4918562785772236,0.4693915655606471,0.03875215586212921,False
6850,SEG_A,0.9534933240228322,0.9534933240228322,0.02922962205198061,0.01727705392518723,False
6861,SEG_A,0.8921863478975586,0.8921863478975586,0.08840355465931722,0.019410097443124042,False
6862,SEG_A,0.9623280322581457,0.9623280322581457,0.02848965535568036,0.009182312386173876,False
6864,SEG_A,0.9496327271941937,0.9496327271941937,0.018549379778199752,0.03181789302760673,False
6865,SEG_A,0.8349024104654956,0.8349024104654956,0.1127402660928061,0.052357323441698356,False
6874,SEG_A,0.8442685980408592,0.8442685980408592,0.0933423300762409,0.06238907188290001,False
6877,SEG_A,0.5990943563480424,0.5990943563480424,0.04514296130684253,0.355762682345115,False
6878,SEG_A,0.8893500324773643,0.8893500324773643,0.048466621051392385,0.062183346471243316,False
6879,SEG_B,0.7312118638429165,0.0480974224927465,0.7312118638429165,0.2206907136643371,False
6887,SEG_A,0.8042268216754282,0.8042268216754282,0.1274943716905187,0.06827880663405313,False
6898,SEG_A,0.8821134122084238,0.8821134122084238,0.06837580874645027,0.04951077904512592,False
6900,SEG_A,0.8305668672550796,0.8305668672550796,0.12740925928549834,0.04202387345942217,False
6910,SEG_A,0.8881752295005352,0.8881752295005352,0.06525711055705531,0.04656765994240951,False
6915,SEG_A,0.8896073931179919,0.8896073931179919,0.10313480871875981,0.007257798163248376,False
6919,SEG_A,0.9233812439010886,0.9233812439010886,0.05183847709590993,0.024780279003001445,False
6922,SEG_A,0.8690367755410581,0.8690367755410581,0.06461995346466631,0.06634327099427557,False
6923,SEG_A,0.8890929635771576,0.8890929635771576,0.06978850506689539,0.04111853135594692,False
6924,SEG_A,0.7881282711007667,0.7881282711007667,0.1776077093836602,0.03426401951557324,False
6925,SEG_A,0.7265090811871853,0.7265090811871853,0.10068396007709307,0.17280695873572172,False
6929,SEG_A,0.7165448609511471,0.7165448609511471,0.21655657225469982,0.06689856679415318,False
6930,SEG_A,0.6846661090413717,0.6846661090413717,0.2715277159228367,0.043806175035791574,False
6931,SEG_A,0.6250197105422155,0.6250197105422155,0.11728884387043752,0.2576914455873469,False
6933,SEG_A,0.5974681393203587,0.5974681393203587,0.10252764819788472,0.3000042124817567,False
6934,SEG_A,0.8030332021499235,0.8030332021499235,0.13412584703100025,0.0628409508190763,False
6944,SEG_A,0.5505134533135234,0.5505134533135234,0.09016271961117495,0.3593238270753017,False
6947,SEG_A,0.9715770768075188,0.9715770768075188,0.023814567000804917,0.004608356191676213,False
6954,SEG_A,0.7819320268125507,0.7819320268125507,0.06599471988164798,0.15207325330580124,False
6957,SEG_A,0.9131197096623599,0.9131197096623599,0.06078373810335577,0.026096552234284295,False
6958,SEG_A,0.8185669555661605,0.8185669555661605,0.11263634924642907,0.06879669518741041,False
6959,SEG_A,0.8866452225676803,0.8866452225676803,0.06526701824884272,0.04808775918347705,False
6962,SEG_A,0.7805841520717786,0.7805841520717786,0.07749401809536027,0.1419218298328611,False
6964,SEG_A,0.806361015526456,0.806361015526456,0.04991270999972191,0.14372627447382197,False
6975,SEG_A,0.9283462525428603,0.9283462525428603,0.031791457909720024,0.03986228954741966,False
6985,SEG_A,0.9451081430948216,0.9451081430948216,0.04340135105091964,0.011490505854258738,False
6990,SEG_A,0.6117391938197649,0.6117391938197649,0.3186599369227879,0.06960086925744725,False
6992,SEG_A,0.5930292020397996,0.5930292020397996,0.2280784612339412,0.17889233672625923,False
6996,SEG_A,0.9186706423997796,0.9186706423997796,0.05662858862726067,0.024700768972959593,False
6997,SEG_A,0.8118750864736883,0.8118750864736883,0.13929084179541568,0.04883407173089602,False
7001,SEG_A,0.8830788402646458,0.8830788402646458,0.09658943644669724,0.020331723288657046,False
7003,SEG_A,0.6822309263210259,0.6822309263210259,0.19708685826017924,0.12068221541879481,False
7010,SEG_A,0.8388753407990877,0.8388753407990877,0.11853844345675105,0.042586215744161306,False
7021,SEG_A,0.8533114329674392,0.8533114329674392,0.12717668369316792,0.019511883339392796,False
7024,SEG_A,0.9037037123718571,0.9037037123718571,0.03602207126860937,0.06027421635953365,False
7028,SEG_A,0.8178300906483584,0.8178300906483584,0.1509521313302309,0.03121777802141062,False
7037,SEG_A,0.7392787941760162,0.7392787941760162,0.052607732860423265,0.20811347296356053,False
7041,SEG_A,0.7672293603405282,0.7672293603405282,0.11911633456309874,0.11365430509637307,False
7053,SEG_A,0.8273537133946828,0.8273537133946828,0.12393645006289308,0.04870983654242414,False
7056,SEG_A,0.8772016072782965,0.8772016072782965,0.0428912202842558,0.07990717243744751,False
7075,SEG_A,0.9788495894325063,0.9788495894325063,0.015522177374758254,0.005628233192735369,False
7079,SEG_A,0.843704993319559,0.843704993319559,0.10144860941838166,0.05484639726205942,False
7090,SEG_A,0.9295373799482124,0.9295373799482124,0.04905781645155043,0.02140480360023717,False
7091,SEG_A,0.561801708815694,0.561801708815694,0.2856245084708077,0.1525737827134982,False
7099,SEG_B,0.7132086492669845,0.0036258129140172156,0.7132086492669845,0.2831655378189983,False
7111,SEG_A,0.782078653261995,0.782078653261995,0.0581168363161425,0.15980451042186256,False
7114,SEG_A,0.9109190647505567,0.9109190647505567,0.04893674808367879,0.0401441871657644,False
7117,SEG_A,0.9735240990006436,0.9735240990006436,0.02149007530777661,0.004985825691579905,False
7118,SEG_A,0.4584581086223323,0.4584581086223323,0.19825919510542891,0.34328269627223884,False
7121,SEG_A,0.8422313916406177,0.8422313916406177,0.11044453262218559,0.0473240757371968,False
7124,SEG_A,0.9235183514005998,0.9235183514005998,0.059507720585203046,0.016973928014197212,False
7125,SEG_A,0.8237464262394878,0.8237464262394878,0.051118490577620995,0.1251350831828913,False
7127,SEG_A,0.8389668421339345,0.8389668421339345,0.10266809798151032,0.058365059884555134,False
7130,SEG_A,0.9513049488402238,0.9513049488402238,0.030323634097252517,0.01837141706252388,False
7133,SEG_A,0.8593247935243524,0.8593247935243524,0.11443025153138311,0.026244954944264463,False
7153,SEG_A,0.9517212427676046,0.9517212427676046,0.036958540436284285,0.01132021679611098,False
7157,SEG_A,0.4974921070938874,0.4974921070938874,0.4223129640319648,0.08019492887414784,False
7160,SEG_A,0.9156643416807457,0.9156643416807457,0.062348751177430516,0.0219869071418237,False
7163,SEG_A,0.9011935133719702,0.9011935133719702,0.07169251773736034,0.02711396889066955,False
7164,SEG_A,0.49707492818993076,0.49707492818993076,0.38893630589417666,0.11398876591589253,False
7168,SEG_A,0.834657895284327,0.834657895284327,0.11166687606534278,0.053675228650330184,False
7170,SEG_A,0.8298890947474017,0.8298890947474017,0.10608528412748712,0.06402562112511118,False
7173,SEG_A,0.8113149688055099,0.8113149688055099,0.11518112521173238,0.0735039059827578,False
7174,SEG_A,0.5843192551932346,0.5843192551932346,0.07059487099162065,0.3450858738151449,False
7178,SEG_C,0.7642433204019331,0.13582396937395114,0.09993271022411578,0.7642433204019331,False
7182,SEG_A,0.8042268216754282,0.8042268216754282,0.1274943716905187,0.06827880663405313,False
7187,SEG_A,0.7579737361610058,0.7579737361610058,0.21768967693403068,0.024336586904963375,False
7195,SEG_A,0.8167323466415676,0.8167323466415676,0.12727173094323302,0.05599592241519935,False
7199,SEG_A,0.877967263501866,0.877967263501866,0.05342454807434034,0.06860818842379375,False
7201,SEG_A,0.5745994976333838,0.5745994976333838,0.30194805355359344,0.12345244881302263,False
7202,SEG_A,0.8163447436625794,0.8163447436625794,0.08747156080927092,0.09618369552814977,False
7204,SEG_A,0.71654928678618,0.71654928678618,0.2056748700070315,0.07777584320678857,False
7211,SEG_A,0.9283849722785965,0.9283849722785965,0.049525385989656334,0.022089641731747198,False
7216,SEG_A,0.636246454892505,0.636246454892505,0.32655511467970316,0.037198430427791966,False
7218,SEG_A,0.8215907406992056,0.8215907406992056,0.14281399083628799,0.03559526846450641,False
7219,SEG_A,0.8113149688055099,0.8113149688055099,0.11518112521173238,0.0735039059827578,False
7220,SEG_A,0.7514195386938465,0.7514195386938465,0.14611476403032972,0.10246569727582386,False
7223,SEG_A,0.7668995464820577,0.7668995464820577,0.1443536874867869,0.08874676603115544,False
7225,SEG_A,0.8557120991471515,0.8557120991471515,0.1295861588921906,0.014701741960657967,False
7230,SEG_C,0.4142382867459481,0.33367594296965997,0.25208577028439194,0.4142382867459481,True
7231,SEG_A,0.9164236286195098,0.9164236286195098,0.07569445548352695,0.0078819158969634,False
7232,SEG_A,0.8928734185585588,0.8928734185585588,0.060889958713316795,0.04623662272812432,False
7233,SEG_A,0.8276709334797318,0.8276709334797318,0.08092965288911866,0.09139941363114959,False
7234,SEG_A,0.7954185374175029,0.7954185374175029,0.06436221983275883,0.14021924274973832,False
7235,SEG_A,0.7422969290275515,0.7422969290275515,0.07544654513206665,0.18225652584038166,False
7244,SEG_A,0.8860115816528827,0.8860115816528827,0.04847293308508131,0.06551548526203597,False
7245,SEG_A,0.4776337958713326,0.4776337958713326,0.2744748460783096,0.24789135805035784,False
7248,SEG_A,0.7720020667488575,0.7720020667488575,0.18042068015093113,0.047577253100211346,False
7250,SEG_A,0.8860752764200209,0.8860752764200209,0.10526840864012081,0.008656314939858393,False
7253,SEG_A,0.9551016266533675,0.9551016266533675,0.022397281305621724,0.02250109204101061,False
7257,SEG_A,0.9346147581573403,0.9346147581573403,0.0494807810508972,0.015904460791762404,False
7266,SEG_A,0.9130933806272975,0.9130933806272975,0.05564560067188464,0.03126101870081781,False
7268,SEG_A,0.8580843716252725,0.8580843716252725,0.10128575081071359,0.040629877564013914,False
7269,SEG_A,0.8057876026085311,0.8057876026085311,0.10632070716176653,0.08789169022970239,False
7271,SEG_A,0.9431144449821528,0.9431144449821528,0.03974768632054568,0.01713786869730157,False
7272,SEG_A,0.8105022954402302,0.8105022954402302,0.15103064370504982,0.03846706085471993,False
7278,SEG_A,0.6534976403803034,0.6534976403803034,0.2522970376505921,0.09420532196910453,False
7286,SEG_A,0.8329953714991271,0.8329953714991271,0.0909228125510751,0.07608181594979788,False
7288,SEG_A,0.9588836368046544,0.9588836368046544,0.027147178862937344,0.013969184332408124,False
7290,SEG_A,0.926433949345893,0.926433949345893,0.05914327745472059,0.014422773199386464,False
7293,SEG_A,0.8324121826507143,0.8324121826507143,0.0633922372230636,0.10419558012622214,False
7296,SEG_A,0.920957923315636,0.920957923315636,0.06227567625354985,0.016766400430814208,False
7301,SEG_A,0.9362634762209505,0.9362634762209505,0.051717288320857174,0.012019235458192211,False
7311,SEG_A,0.9473079003394724,0.9473079003394724,0.03531475796210651,0.017377341698421044,False
7323,SEG_A,0.5428048303645628,0.5428048303645628,0.37634842029997273,0.08084674933546447,False
7324,SEG_A,0.7985496529051125,0.7985496529051125,0.11146178160333937,0.089988565491548,False
7326,SEG_A,0.9321732001575955,0.9321732001575955,0.043081900678430984,0.024744899163973298,False
7329,SEG_A,0.7058319765819796,0.7058319765819796,0.2504030025868901,0.04376502083113016,False
7336,SEG_A,0.8547905106720263,0.8547905106720263,0.09918046578975977,0.046029023538214094,False
7340,SEG_A,0.8914013409082868,0.8914013409082868,0.04715438081463227,0.06144427827708093,False
7377,SEG_A,0.7481345060046586,0.7481345060046586,0.11682653228039425,0.13503896171494711,False
7378,SEG_A,0.803974878018679,0.803974878018679,0.17316075036212586,0.02286437161919517,False
7399,SEG_B,0.5812105144140682,0.3320035611304534,0.5812105144140682,0.08678592445547825,False
7411,SEG_A,0.7524233936424195,0.7524233936424195,0.18807865323293527,0.05949795312464512,False
7427,SEG_A,0.9793296282957827,0.9793296282957827,0.014592742693645157,0.006077629010572171,False
7429,SEG_A,0.8337147896691499,0.8337147896691499,0.09013612573872654,0.07614908459212345,False
7435,SEG_A,0.8185669555661605,0.8185669555661605,0.11263634924642907,0.06879669518741041,False
7436,SEG_A,0.8059002763167126,0.8059002763167126,0.12671375047276912,0.06738597321051837,False
7454,SEG_A,0.8118203461610468,0.8118203461610468,0.11555217005449439,0.07262748378445873,False
7473,SEG_A,0.8165386496112297,0.8165386496112297,0.14457811972064533,0.038883230668124984,False
7478,SEG_A,0.9451738051615761,0.9451738051615761,0.03724859834471458,0.017577596493709192,False
7482,SEG_A,0.7397238067318861,0.7397238067318861,0.19211623241659462,0.0681599608515194,False
7485,SEG_A,0.8421991009559029,0.8421991009559029,0.10850451101352167,0.04929638803057533,False
7486,SEG_A,0.8565356947201362,0.8565356947201362,0.0861880773067541,0.057276227973109634,False
7489,SEG_A,0.8585730094052795,0.8585730094052795,0.08986041068214748,0.05156657991257305,False
7498,SEG_A,0.9036748437233674,0.9036748437233674,0.03942116705955861,0.05690398921707415,False
7502,SEG_A,0.48364495691511383,0.48364495691511383,0.4456144744021809,0.07074056868270538,False
7503,SEG_A,0.8754573715171705,0.8754573715171705,0.060737037662852066,0.06380559081997739,False
7504,SEG_A,0.681816075651598,0.681816075651598,0.20925793693036138,0.10892598741804067,False
7505,SEG_A,0.848436859712398,0.848436859712398,0.07971855841888485,0.07184458186871721,False
7506,SEG_A,0.8898664926211828,0.8898664926211828,0.07853488607471479,0.03159862130410244,False
7508,SEG_A,0.7587585718558872,0.7587585718558872,0.1714952594486413,0.06974616869547157,False
7509,SEG_A,0.7677877681075261,0.7677877681075261,0.15360675953997358,0.07860547235250026,False
7512,SEG_A,0.9312917690609801,0.9312917690609801,0.04902123292837109,0.019686998010648857,False
7516,SEG_A,0.7034911812500627,0.7034911812500627,0.27163447844481853,0.024874340305118686,False
7520,SEG_A,0.8576412025173876,0.8576412025173876,0.13251972570233828,0.009839071780274055,False
7532,SEG_A,0.8535893350754931,0.8535893350754931,0.09979962711580921,0.046611037808697686,False
7533,SEG_A,0.9194747728056275,0.9194747728056275,0.07365926584473073,0.006865961349641712,False
7535,SEG_A,0.8042268216754282,0.8042268216754282,0.1274943716905187,0.06827880663405313,False
7546,SEG_A,0.8142545587070397,0.8142545587070397,0.06666835826178134,0.11907708303117909,False
7547,SEG_A,0.9228916406621906,0.9228916406621906,0.04265221646209627,0.03445614287571315,False
7548,SEG_B,0.6869962855107883,0.05387736806965128,0.6869962855107883,0.25912634641956034,False
7550,SEG_A,0.8665697226752045,0.8665697226752045,0.08086070495194796,0.05256957237284749,False
7551,SEG_A,0.8185669555661605,0.8185669555661605,0.11263634924642907,0.06879669518741041,False
7552,SEG_A,0.8890324764488607,0.8890324764488607,0.06846791859012046,0.04249960496101873,False
7554,SEG_C,0.45547287865869157,0.3889221217697987,0.1556049995715097,0.45547287865869157,False
7556,SEG_A,0.9007561793850685,0.9007561793850685,0.07816143074686917,0.021082389868062386,False
7557,SEG_A,0.7836240731472669,0.7836240731472669,0.07343896011495699,0.14293696673777623,False
7565,SEG_A,0.8942877954513708,0.8942877954513708,0.048472185041609286,0.057240019507020026,False
7566,SEG_A,0.820287774027644,0.820287774027644,0.12301779402397145,0.05669443194838455,False
7570,SEG_C,0.4715869948134662,0.38912085852829187,0.13929214665824186,0.4715869948134662,False
7571,SEG_A,0.6329710318491084,0.6329710318491084,0.18108475019225234,0.18594421795863922,False
7577,SEG_A,0.9127865380065404,0.9127865380065404,0.07229356546690069,0.014919896526558991,False
7583,SEG_A,0.8965205300569028,0.8965205300569028,0.049987352696868395,0.05349211724622882,False
7586,SEG_A,0.9073211125130747,0.9073211125130747,0.08119003767056998,0.01148884981635533,False
7589,SEG_A,0.9318262682400631,0.9318262682400631,0.04529666655681958,0.022877065203117452,False
7592,SEG_B,0.5552117809224408,0.07918445385150712,0.5552117809224408,0.3656037652260521,False
7594,SEG_A,0.6526162738897767,0.6526162738897767,0.181841745009444,0.16554198110077922,False
7597,SEG_A,0.7710859026335072,0.7710859026335072,0.09708769502725546,0.1318264023392374,False
7601,SEG_A,0.9223252427581201,0.9223252427581201,0.0489809244942211,0.028693832747658715,False
7603,SEG_A,0.828769327988582,0.828769327988582,0.10996439066810025,0.06126628134331763,False
7604,SEG_A,0.909147804482542,0.909147804482542,0.050337053413654985,0.04051514210380309,False
7614,SEG_A,0.730222864124958,0.730222864124958,0.09689870659452635,0.17287842928051572,False
7623,SEG_B,0.45913392931073865,0.3937491496884488,0.45913392931073865,0.14711692100081264,False
7630,SEG_A,0.6740179186612714,0.6740179186612714,0.2409828214446219,0.08499925989410684,False
7631,SEG_A,0.7362968321879777,0.7362968321879777,0.22512277267170686,0.038580395140315436,False
7636,SEG_B,0.895697766848495,0.017320252677409182,0.895697766848495,0.08698198047409585,False
7639,SEG_A,0.9561513344294322,0.9561513344294322,0.026138788816055292,0.017709876754512483,False
7641,SEG_A,0.9026688260752961,0.9026688260752961,0.033447621094717016,0.06388355282998685,False
7646,SEG_A,0.8118203461610468,0.8118203461610468,0.11555217005449439,0.07262748378445873,False
7649,SEG_A,0.8849344396982125,0.8849344396982125,0.08216969781605671,0.0328958624857308,False
7661,SEG_A,0.8896977324763358,0.8896977324763358,0.0834430539528177,0.026859213570846405,False
7675,SEG_A,0.9602687184952917,0.9602687184952917,0.027016369286083863,0.012714912218624393,False
7684,SEG_B,0.46923734506884923,0.4658514236404122,0.46923734506884923,0.06491123129073861,False
7697,SEG_A,0.8256846856222487,0.8256846856222487,0.09339070413300059,0.08092461024475067,False
7706,SEG_A,0.91963540676498,0.91963540676498,0.07275550434783933,0.007609088887180657,False
7727,SEG_A,0.38554639481565417,0.38554639481565417,0.24573801438515225,0.36871559079919364,True
7754,SEG_A,0.7707312374729237,0.7707312374729237,0.08599206552122692,0.14327669700584933,False
7757,SEG_A,0.8219107233717882,0.8219107233717882,0.1485543744584182,0.029534902169793587,False
7759,SEG_A,0.9649714618608295,0.9649714618608295,0.02935649117244873,0.00567204696672182,False
7761,SEG_A,0.6912779322535059,0.6912779322535059,0.1347325422741682,0.17398952547232596,False
7763,SEG_A,0.4431556701139085,0.4431556701139085,0.13191189110798643,0.42493243877810505,True
7765,SEG_A,0.7802705835694671,0.7802705835694671,0.15448399765597262,0.06524541877456029,False
7766,SEG_A,0.859019277913943,0.859019277913943,0.034784363243106034,0.106196358842951,False
7769,SEG_A,0.8394481094407301,0.8394481094407301,0.1411426860072861,0.019409204551983687,False
7770,SEG_A,0.8926044829382865,0.8926044829382865,0.062077613535627164,0.04531790352608629,False
7774,SEG_A,0.81599202381943,0.81599202381943,0.14588498475333073,0.03812299142723928,False
7778,SEG_A,0.9284654033375239,0.9284654033375239,0.04191465131207846,0.02961994535039763,False
7780,SEG_B,0.7741804657664152,0.10377509688653246,0.7741804657664152,0.12204443734705225,False
7782,SEG_A,0.7949751801106406,0.7949751801106406,0.09254337083107562,0.11248144905828378,False
7785,SEG_C,0.399189426687605,0.3351930163223367,0.26561755699005823,0.399189426687605,True
7801,SEG_A,0.732996738923655,0.732996738923655,0.20875150863866584,0.0582517524376791,False
7802,SEG_A,0.8236545902702996,0.8236545902702996,0.15292184701488937,0.023423562714811007,False
7804,SEG_A,0.9246079159609889,0.9246079159609889,0.05393715170983223,0.02145493232917898,False
7806,SEG_A,0.9177099913495318,0.9177099913495318,0.07530591744608003,0.006984091204388304,False
7814,SEG_A,0.5011696729202599,0.5011696729202599,0.3795922297708475,0.11923809730889273,False
7818,SEG_A,0.8674925095300072,0.8674925095300072,0.07101841334630497,0.06148907712368778,False
7819,SEG_A,0.9167456103426179,0.9167456103426179,0.06801677183911425,0.015237617818267784,False
7823,SEG_C,0.4335149659877255,0.4053845042346811,0.1611005297775934,0.4335149659877255,True
7825,SEG_A,0.8118203461610468,0.8118203461610468,0.11555217005449439,0.07262748378445873,False
7838,SEG_A,0.7753556633901315,0.7753556633901315,0.08180642455753168,0.1428379120523369,False
7839,SEG_A,0.852582690718397,0.852582690718397,0.1235335815959061,0.023883727685696913,False
7844,SEG_A,0.7248482712339698,0.7248482712339698,0.14931558326079383,0.12583614550523642,False
7845,SEG_A,0.9200653952465307,0.9200653952465307,0.06520276068902221,0.014731844064446926,False
7848,SEG_A,0.9070051699093257,0.9070051699093257,0.050311037607934324,0.04268379248273993,False
7850,SEG_A,0.8501235778617877,0.8501235778617877,0.06430329372978365,0.08557312840842865,False
7856,SEG_A,0.7926011184236653,0.7926011184236653,0.18013323034136047,0.02726565123497437,False
7859,SEG_A,0.8642458375825977,0.8642458375825977,0.05744055115378204,0.07831361126362026,False
7866,SEG_A,0.885906449578846,0.885906449578846,0.10240371393950472,0.01168983648164913,False
7870,SEG_A,0.8410478231378966,0.8410478231378966,0.13132786447772468,0.02762431238437869,False
7871,SEG_A,0.7723736109511949,0.7723736109511949,0.1418619723090048,0.08576441673980036,False
7872,SEG_A,0.8872178447308454,0.8872178447308454,0.059792690536660524,0.05298946473249398,False
7874,SEG_A,0.9178347627283655,0.9178347627283655,0.07271304414964382,0.009452193121990653,False
7875,SEG_A,0.9031576485031553,0.9031576485031553,0.06123625259463922,0.035606098902205424,False
7881,SEG_A,0.568685842382648,0.568685842382648,0.36225134950153515,0.06906280811581678,False
7885,SEG_A,0.796547290781457,0.796547290781457,0.18288547750732717,0.02056723171121596,False
7891,SEG_A,0.9775331725702152,0.9775331725702152,0.018078726973267206,0.0043881004565174955,False
7892,SEG_B,0.4500795599887885,0.36730119314300474,0.4500795599887885,0.18261924686820669,False
7894,SEG_A,0.9024626218970778,0.9024626218970778,0.07819526446648487,0.019342113636437255,False
7895,SEG_A,0.4712132661393435,0.4712132661393435,0.443749500740428,0.08503723312022853,False
7898,SEG_A,0.7746273083483024,0.7746273083483024,0.12349547566868324,0.10187721598301439,False
7899,SEG_A,0.46884252123365266,0.46884252123365266,0.4582232565122394,0.07293422225410798,False
7900,SEG_B,0.4958261515906673,0.3675376119239989,0.4958261515906673,0.1366362364853338,False
7901,SEG_A,0.8796841592932542,0.8796841592932542,0.07631848332218373,0.04399735738456218,False
7905,SEG_A,0.9423307497869626,0.9423307497869626,0.03803293270782978,0.019636317505207616,False
7910,SEG_A,0.7302423664418054,0.7302423664418054,0.08384197081419077,0.18591566274400376,False
7919,SEG_A,0.9551951510591874,0.9551951510591874,0.03795350964567141,0.006851339295141149,False
7920,SEG_A,0.9180791594207606,0.9180791594207606,0.027404716689528652,0.05451612388971081,False
7924,SEG_A,0.8674917704564437,0.8674917704564437,0.08749148634988693,0.04501674319366952,False
7926,SEG_A,0.8659319205648772,0.8659319205648772,0.12468173882011406,0.009386340615008803,False
7935,SEG_A,0.7686604651550495,0.7686604651550495,0.20558986054537554,0.025749674299574875,False
7939,SEG_A,0.8380431014474844,0.8380431014474844,0.10559605963986554,0.05636083891265016,False
7941,SEG_A,0.8842175526914459,0.8842175526914459,0.046607813999948886,0.0691746333086052,False
7942,SEG_A,0.7342218967782972,0.7342218967782972,0.1864919952373375,0.07928610798436539,False
7954,SEG_A,0.9200836134260819,0.9200836134260819,0.05857089929147589,0.02134548728244213,False
7962,SEG_A,0.7911387681751818,0.7911387681751818,0.16058513065323343,0.048276101171584714,False
7964,SEG_A,0.789416990022254,0.789416990022254,0.18092638829081314,0.029656621686932907,False
7966,SEG_A,0.9499766396476974,0.9499766396476974,0.030806472828682315,0.019216887523620316,False
7969,SEG_A,0.8218777112281561,0.8218777112281561,0.12735027077459402,0.05077201799724992,False
7973,SEG_A,0.7657232184400209,0.7657232184400209,0.08577743046511518,0.14849935109486398,False
7976,SEG_A,0.6241097002570446,0.6241097002570446,0.13170312526351316,0.24418717447944233,False
7989,SEG_A,0.732537748197816,0.732537748197816,0.07111497201447084,0.19634727978771319,False
7990,SEG_A,0.7945363661463384,0.7945363661463384,0.16377604099407142,0.04168759285959021,False
7992,SEG_A,0.6769437151109132,0.6769437151109132,0.12259699704624744,0.20045928784283937,False
7993,SEG_A,0.9829957726902204,0.9829957726902204,0.013290732060008411,0.0037134952497710665,False
7999,SEG_A,0.8819747640330061,0.8819747640330061,0.06988414216271238,0.04814109380428151,False
8029,SEG_A,0.9725320583144377,0.9725320583144377,0.022152668744460712,0.005315272941101619,False
8043,SEG_A,0.9199417390009798,0.9199417390009798,0.05104170084354308,0.029016560155477024,False
8045,SEG_A,0.965477074493845,0.965477074493845,0.02456704667063801,0.009955878835517136,False
8048,SEG_A,0.803556967316621,0.803556967316621,0.17024417997472843,0.026198852708650647,False
8057,SEG_A,0.9262935109780165,0.9262935109780165,0.06267871252290344,0.011027776499080134,False
8060,SEG_A,0.9110881887682444,0.9110881887682444,0.05780951378280772,0.031102297448947963,False
8061,SEG_A,0.7893553879750304,0.7893553879750304,0.13280147523684183,0.07784313678812783,False
8066,SEG_A,0.9382045940516491,0.9382045940516491,0.04690786634186766,0.014887539606483195,False
8076,SEG_A,0.7242266129294188,0.7242266129294188,0.2083802067345778,0.06739318033600337,False
8082,SEG_A,0.8140161136013027,0.8140161136013027,0.08431807798245557,0.1016658084162418,False
8085,SEG_A,0.9119777232403143,0.9119777232403143,0.03162228382164379,0.05639999293804208,False
8087,SEG_A,0.6646601064197831,0.6646601064197831,0.19664068693794426,0.1386992066422726,False
8088,SEG_A,0.960292655200383,0.960292655200383,0.01934270503119781,0.02036463976841915,False
8090,SEG_A,0.7272852360192888,0.7272852360192888,0.19374706442924092,0.07896769955147027,False
8091,SEG_A,0.8196300623086441,0.8196300623086441,0.05902546452385586,0.12134447316749991,False
8093,SEG_A,0.7829735921377513,0.7829735921377513,0.16186670149351387,0.05515970636873492,False
8100,SEG_A,0.6407901747650796,0.6407901747650796,0.17191532108493093,0.18729450414998952,False
8101,SEG_A,0.7663808016531604,0.7663808016531604,0.09355382291727235,0.14006537542956732,False
8104,SEG_A,0.8800245205938956,0.8800245205938956,0.060027072207238234,0.059948407198866106,False
8107,SEG_A,0.9746610731968088,0.9746610731968088,0.021117357708725,0.004221569094466232,False
8113,SEG_A,0.9388081041997027,0.9388081041997027,0.0195858096047578,0.04160608619553952,False
8118,SEG_A,0.8561601073926612,0.8561601073926612,0.08789390806441691,0.0559459845429218,False
8119,SEG_A,0.8202700029818981,0.8202700029818981,0.09312872065107042,0.08660127636703144,False
8124,SEG_A,0.6430446512217612,0.6430446512217612,0.32823776955554373,0.028717579222695088,False
8130,SEG_A,0.8695802076080686,0.8695802076080686,0.09199846830578062,0.03842132408615091,False
8131,SEG_A,0.7394308808713871,0.7394308808713871,0.22290410485551132,0.037665014273101524,False
8132,SEG_A,0.8156007145489061,0.8156007145489061,0.08645375422537047,0.09794553122572332,False
8139,SEG_B,0.6722264327921683,0.032168102884631226,0.6722264327921683,0.29560546432320045,False
8157,SEG_A,0.7487950382265396,0.7487950382265396,0.20781346723125219,0.04339149454220825,False
8163,SEG_A,0.8173630016382959,0.8173630016382959,0.12129865906636349,0.06133833929534065,False
8167,SEG_A,0.8998425287348926,0.8998425287348926,0.07561732671188726,0.024540144553220213,False
8172,SEG_A,0.7419185417913747,0.7419185417913747,0.2174679084159226,0.04061354979270259,False
8185,SEG_A,0.7280000925133744,0.7280000925133744,0.11396498207421961,0.15803492541240596,False
8198,SEG_A,0.8634920061953358,0.8634920061953358,0.1265886163724243,0.00991937743223974,False
8215,SEG_A,0.6192155590253424,0.6192155590253424,0.3341899816618577,0.04659445931279978,False
8216,SEG_A,0.7770867241649154,0.7770867241649154,0.10341861176109143,0.11949466407399305,False
8218,SEG_B,0.5288491829087947,0.3798941550980026,0.5288491829087947,0.09125666199320276,False
8226,SEG_A,0.7246968326581037,0.7246968326581037,0.11719531659004918,0.15810785075184716,False
8230,SEG_A,0.8379400474429078,0.8379400474429078,0.11145814922877505,0.05060180332831704,False
8232,SEG_A,0.9174108979146711,0.9174108979146711,0.052770607084698336,0.0298184950006305,False
8234,SEG_C,0.4541770302728341,0.33406082084018474,0.2117621488869812,0.4541770302728341,False
8241,SEG_A,0.8534074851330521,0.8534074851330521,0.09198995175135218,0.05460256311559578,False
8242,SEG_A,0.8817620737828507,0.8817620737828507,0.06569655579057779,0.0525413704265715,False
8246,SEG_A,0.7728298772590176,0.7728298772590176,0.13441586052030383,0.09275426222067853,False
8247,SEG_A,0.9412255930877497,0.9412255930877497,0.04030479477876849,0.01846961213348175,False
8255,SEG_A,0.7984419570841201,0.7984419570841201,0.10515868346907238,0.09639935944680755,False
8256,SEG_A,0.8902789832385689,0.8902789832385689,0.08319570896292963,0.02652530779850146,False
8257,SEG_A,0.7471818642221782,0.7471818642221782,0.16451306777916772,0.08830506799865405,False
8258,SEG_A,0.984348942678709,0.984348942678709,0.010354276986951882,0.005296780334339033,False
8262,SEG_A,0.8709077369474856,0.8709077369474856,0.047733706364973455,0.08135855668754101,False
8277,SEG_B,0.7616974920901639,0.1308329953345608,0.7616974920901639,0.10746951257527536,False
8285,SEG_A,0.8232600839214941,0.8232600839214941,0.1296730573053196,0.04706685877318638,False
8292,SEG_A,0.8390590013985643,0.8390590013985643,0.11514479774414978,0.0457962008572859,False
8305,SEG_A,0.7946013620971152,0.7946013620971152,0.14043964366582437,0.06495899423706049,False
8309,SEG_A,0.7059136123197897,0.7059136123197897,0.25629889995150956,0.03778748772870082,False
8310,SEG_A,0.9281351861087246,0.9281351861087246,0.05154962201834599,0.020315191872929562,False
8312,SEG_A,0.8185669555661605,0.8185669555661605,0.11263634924642907,0.06879669518741041,False
8316,SEG_A,0.9324580711141651,0.9324580711141651,0.03897467977523947,0.028567249110595383,False
8320,SEG_A,0.8944885646174088,0.8944885646174088,0.05052779828410886,0.054983637098482224,False
8323,SEG_A,0.927752408647898,0.927752408647898,0.05317556005404513,0.01907203129805688,False
8328,SEG_A,0.7560636551424952,0.7560636551424952,0.09902303425522332,0.1449133106022814,False
8332,SEG_A,0.898896741411417,0.898896741411417,0.03420499271186611,0.06689826587671703,False
8337,SEG_A,0.9090688449477033,0.9090688449477033,0.04003296170740662,0.05089819334489007,False
8344,SEG_A,0.8952629241974762,0.8952629241974762,0.0722544307780762,0.03248264502444749,False
8361,SEG_A,0.8605099410148599,0.8605099410148599,0.12941884387283742,0.010071215112302658,False
8362,SEG_A,0.95989284638776,0.95989284638776,0.023026714523246946,0.017080439088993173,False
8363,SEG_A,0.870394614726448,0.870394614726448,0.054991578120812554,0.07461380715273941,False
8368,SEG_A,0.7597453185623388,0.7597453185623388,0.08637495807774496,0.15387972335991607,False
8369,SEG_A,0.7330629091822364,0.7330629091822364,0.20955946501851,0.05737762579925358,False
8370,SEG_A,0.8750690837448211,0.8750690837448211,0.08864135789423622,0.03628955836094279,False
8375,SEG_A,0.6343107073509863,0.6343107073509863,0.33486513372354276,0.030824158925471093,False
8378,SEG_A,0.7315298869636068,0.7315298869636068,0.2284825384385883,0.0399875745978049,False
8381,SEG_A,0.9825802948725246,0.9825802948725246,0.01381075773204962,0.003608947395425791,False
8392,SEG_A,0.9341802661803617,0.9341802661803617,0.049815871115438434,0.01600386270419994,False
8399,SEG_A,0.6700137756333382,0.6700137756333382,0.10753679369984095,0.22244943066682085,False
8406,SEG_A,0.9135858188229781,0.9135858188229781,0.03668858653086484,0.0497255946461572,False
8417,SEG_B,0.6517426085360855,0.09433915814725209,0.6517426085360855,0.2539182333166624,False
8419,SEG_A,0.9277544210320775,0.9277544210320775,0.03951936645432707,0.03272621251359533,False
8420,SEG_A,0.7951364640108967,0.7951364640108967,0.1390401834039338,0.0658233525851696,False
8421,SEG_A,0.7962602726012183,0.7962602726012183,0.1772390734929127,0.026500653905868993,False
8427,SEG_B,0.3578847210595162,0.3250379330284989,0.3578847210595162,0.3170773459119847,True
8428,SEG_A,0.8329229419851788,0.8329229419851788,0.054634421486858785,0.1124426365279623,False
8432,SEG_A,0.8977849446516081,0.8977849446516081,0.06300836620390311,0.03920668914448876,False
8434,SEG_A,0.6907746011834103,0.6907746011834103,0.1958645141087017,0.11336088470788806,False
8435,SEG_A,0.8850915532323572,0.8850915532323572,0.07614616468688333,0.03876228208075932,False
8437,SEG_A,0.8491940842681854,0.8491940842681854,0.09044484551513403,0.060361070216680565,False
8439,SEG_A,0.6931490111099329,0.6931490111099329,0.11452367233484764,0.19232731655521956,False
8442,SEG_A,0.9391246425906902,0.9391246425906902,0.054822055364245524,0.006053302045064243,False
8444,SEG_A,0.8185669555661605,0.8185669555661605,0.11263634924642907,0.06879669518741041,False
8452,SEG_A,0.8527623529234275,0.8527623529234275,0.08411517380325473,0.06312247327331785,False
8454,SEG_A,0.9013077430194878,0.9013077430194878,0.07768953355676592,0.021002723423746296,False
8457,SEG_B,0.5212891716070913,0.03598156431617231,0.5212891716070913,0.44272926407673635,False
8467,SEG_A,0.8619451775123406,0.8619451775123406,0.0724603706930297,0.06559445179462978,False
8469,SEG_A,0.9577633221036094,0.9577633221036094,0.028192465394500304,0.014044212501890453,False
8470,SEG_A,0.9353324002291784,0.9353324002291784,0.05484616529030259,0.009821434480519002,False
8473,SEG_A,0.8170464128052686,0.8170464128052686,0.10385945315669597,0.07909413403803546,False
8474,SEG_A,0.7155677522817367,0.7155677522817367,0.11730805870874071,0.1671241890095225,False
8476,SEG_A,0.849441903068621,0.849441903068621,0.10334778865113244,0.047210308280246666,False
8477,SEG_A,0.5503459172285393,0.5503459172285393,0.42538876317129326,0.024265319600167513,False
8479,SEG_A,0.6003118847377216,0.6003118847377216,0.2942504453274417,0.10543766993483678,False
8481,SEG_A,0.8717222884410266,0.8717222884410266,0.07697085610298984,0.051306855455983506,False
8483,SEG_A,0.9271720835156254,0.9271720835156254,0.042288286859507355,0.03053962962486713,False
8485,SEG_A,0.9519761779414274,0.9519761779414274,0.042066549270789365,0.005957272787783223,False
8489,SEG_A,0.7456727105887854,0.7456727105887854,0.09844142324169242,0.15588586616952219,False
8521,SEG_A,0.7228629511422718,0.7228629511422718,0.10364842482673205,0.17348862403099602,False
8527,SEG_A,0.8222143187833268,0.8222143187833268,0.16793880361274635,0.009846877603926784,False
8539,SEG_A,0.8700914937136586,0.8700914937136586,0.11992621247860963,0.00998229380773181,False
8540,SEG_A,0.6790190883497327,0.6790190883497327,0.15294513595595213,0.16803577569431524,False
8542,SEG_A,0.6274430633564475,0.6274430633564475,0.30854028519439913,0.06401665144915329,False
8547,SEG_A,0.9218498943303445,0.9218498943303445,0.05739934055195107,0.02075076511770439,False
8550,SEG_A,0.855561438012307,0.855561438012307,0.08661431002336563,0.05782425196432734,False
8553,SEG_A,0.9690367782076416,0.9690367782076416,0.022979391083610436,0.007983830708747931,False
8556,SEG_A,0.9081964141629546,0.9081964141629546,0.03206986380587928,0.059733722031166135,False
8557,SEG_A,0.9407991636841517,0.9407991636841517,0.03618895603895865,0.023011880276889572,False
8558,SEG_A,0.7213926770667601,0.7213926770667601,0.10440467578042441,0.17420264715281542,False
8559,SEG_A,0.906372199921675,0.906372199921675,0.06808919213225945,0.025538607946065595,False
8565,SEG_A,0.7583221833305507,0.7583221833305507,0.16055217934302862,0.08112563732642064,False
8574,SEG_A,0.8328411893921283,0.8328411893921283,0.10833130548864442,0.058827505119227394,False
8577,SEG_A,0.7760023885552827,0.7760023885552827,0.0618915628053438,0.16210604863937336,False
8580,SEG_A,0.8563734487043885,0.8563734487043885,0.08723179376390472,0.056394757531706766,False
8584,SEG_A,0.7782965090282341,0.7782965090282341,0.16722086568174369,0.05448262529002223,False
8585,SEG_A,0.9107268599372239,0.9107268599372239,0.06561657315071197,0.023656566912064175,False
8586,SEG_B,0.46576101484023946,0.4004097127111373,0.46576101484023946,0.13382927244862317,False
8589,SEG_A,0.7318258598561775,0.7318258598561775,0.08392423553954503,0.18424990460427737,False
8596,SEG_A,0.7813034583139072,0.7813034583139072,0.09012199730828396,0.12857454437780874,False
8600,SEG_A,0.7607677608977222,0.7607677608977222,0.14875766274640548,0.0904745763558722,False
8607,SEG_A,0.910037012999484,0.910037012999484,0.06640131051645373,0.023561676484062224,False
8610,SEG_B,0.9116557978871012,0.05120999724569456,0.9116557978871012,0.037134204867204375,False
8611,SEG_A,0.7825913377622671,0.7825913377622671,0.0465496062210319,0.17085905601670093,False
8615,SEG_A,0.7155166429444819,0.7155166429444819,0.11469716829180851,0.16978618876370946,False
8636,SEG_A,0.7980478981000997,0.7980478981000997,0.17095827674437689,0.030993825155523392,False
8641,SEG_A,0.8748424931409129,0.8748424931409129,0.06535190491094887,0.059805601948138234,False
8676,SEG_A,0.8632870360656332,0.8632870360656332,0.06548941770362376,0.07122354623074313,False
8680,SEG_A,0.9424108670333665,0.9424108670333665,0.028598617025474372,0.028990515941159218,False
8682,SEG_C,0.5232827561872744,0.23087606298030378,0.2458411808324218,0.5232827561872744,False
8683,SEG_A,0.903983802865134,0.903983802865134,0.07656872535671926,0.01944747177814665,False
8688,SEG_A,0.7532834464822231,0.7532834464822231,0.08195270491740143,0.16476384860037555,False
8689,SEG_A,0.6773096587785719,0.6773096587785719,0.27577061827160926,0.046919722949818964,False
8691,SEG_A,0.9414445940152916,0.9414445940152916,0.04209878642432987,0.016456619560378385,False
8696,SEG_A,0.8006872096857157,0.8006872096857157,0.1140778813321101,0.08523490898217422,False
8701,SEG_A,0.8956783587076204,0.8956783587076204,0.0785816759410296,0.02573996535135015,False
8704,SEG_A,0.8681657933076311,0.8681657933076311,0.0396838996563864,0.09215030703598247,False
8706,SEG_B,0.6117114460786272,0.26527601662806005,0.6117114460786272,0.12301253729331288,False
8712,SEG_B,0.5051982224277721,0.4282089703694391,0.5051982224277721,0.06659280720278876,False
8732,SEG_A,0.5658949200396043,0.5658949200396043,0.3214245036735711,0.11268057628682462,False
8748,SEG_A,0.41183576343070594,0.41183576343070594,0.2777743558779408,0.3103898806913533,True
8752,SEG_A,0.901258832506832,0.901258832506832,0.08674593244318583,0.011995235049982069,False
8755,SEG_A,0.8242831898933799,0.8242831898933799,0.14843639435697262,0.02728041574964735,False
8780,SEG_A,0.9062786122709254,0.9062786122709254,0.07532865380309328,0.018392733925981137,False
8790,SEG_A,0.934469211250847,0.934469211250847,0.05169228196989786,0.013838506779255261,False
8798,SEG_A,0.7825926069029273,0.7825926069029273,0.16546003172165713,0.05194736137541554,False
8800,SEG_A,0.8113149688055099,0.8113149688055099,0.11518112521173238,0.0735039059827578,False
8804,SEG_A,0.8185669555661605,0.8185669555661605,0.11263634924642907,0.06879669518741041,False
8808,SEG_C,0.8925978863874396,0.0012811992202797196,0.10612091439228072,0.8925978863874396,False
8812,SEG_A,0.7522983711509889,0.7522983711509889,0.1844976637884435,0.06320396506056762,False
8815,SEG_A,0.7007460343117691,0.7007460343117691,0.24752272916083456,0.05173123652739624,False
8816,SEG_A,0.6969501803534516,0.6969501803534516,0.22871904438966356,0.0743307752568848,False
8820,SEG_A,0.9087337651901898,0.9087337651901898,0.04801533287500815,0.04325090193480207,False
8822,SEG_A,0.9282040971390253,0.9282040971390253,0.04299568060405851,0.02880022225691627,False
8825,SEG_A,0.826923408125515,0.826923408125515,0.15299306828435721,0.020083523590127855,False
8832,SEG_A,0.8512058688058362,0.8512058688058362,0.1328793870281306,0.01591474416603323,False
8836,SEG_A,0.5376507496700951,0.5376507496700951,0.37286975859378446,0.08947949173612045,False
8839,SEG_A,0.8013783352663765,0.8013783352663765,0.08460425179320472,0.11401741294041873,False
8844,SEG_A,0.9238692270215901,0.9238692270215901,0.032010760068697845,0.04412001290971189,False
8846,SEG_A,0.9446517135094206,0.9446517135094206,0.038951194003835475,0.016397092486744088,False
8852,SEG_A,0.9161506186167236,0.9161506186167236,0.06274024649971137,0.021109134883564924,False
8858,SEG_B,0.4947688576638111,0.4552424505949939,0.4947688576638111,0.049988691741194885,False
8866,SEG_A,0.6930584430234726,0.6930584430234726,0.15380390337130853,0.15313765360521878,False
8880,SEG_A,0.8218777112281561,0.8218777112281561,0.12735027077459402,0.05077201799724992,False
8885,SEG_A,0.8255624152138775,0.8255624152138775,0.16704708804882804,0.007390496737294412,False
8887,SEG_A,0.5485622063873697,0.5485622063873697,0.361365233150323,0.09007256046230717,False
8894,SEG_A,0.7796525930775392,0.7796525930775392,0.16300603450326884,0.05734137241919189,False
8901,SEG_C,0.39253375130997037,0.2158543473454435,0.391611901344586,0.39253375130997037,True
8903,SEG_A,0.4595789117686311,0.4595789117686311,0.45349952001809063,0.08692156821327829,False
8905,SEG_A,0.7805099454955721,0.7805099454955721,0.17348666673996496,0.04600338776446293,False
8906,SEG_A,0.8567889046468213,0.8567889046468213,0.11581097518669471,0.02740012016648402,False
8918,SEG_A,0.7944471731918182,0.7944471731918182,0.15607499397005148,0.049477832838130405,False
8920,SEG_B,0.6899756070373604,0.17579950014584284,0.6899756070373604,0.1342248928167966,False
8923,SEG_A,0.5640776741492435,0.5640776741492435,0.36835876835302284,0.06756355749773368,False
8932,SEG_A,0.8265177483228391,0.8265177483228391,0.132027917223396,0.041454334453764875,False
8940,SEG_A,0.8609211498658594,0.8609211498658594,0.12185260973703402,0.017226240397106542,False
8944,SEG_A,0.8260373709699433,0.8260373709699433,0.13049217753145703,0.043470451498599585,False
8960,SEG_A,0.8195937337674503,0.8195937337674503,0.10840771032984481,0.07199855590270492,False
8975,SEG_A,0.9386658125869005,0.9386658125869005,0.04118692727851726,0.02014726013458225,False
8986,SEG_A,0.6367809683205665,0.6367809683205665,0.1579834775658346,0.20523555411359887,False
8992,SEG_A,0.9277951533108131,0.9277951533108131,0.047722752723529244,0.024482093965657672,False
8996,SEG_B,0.5503135871156847,0.4236799886315401,0.5503135871156847,0.026006424252775304,False
9000,SEG_A,0.9168059900169365,0.9168059900169365,0.05322874911788132,0.029965260865182183,False
9001,SEG_A,0.8940250370647499,0.8940250370647499,0.06315697506501555,0.04281798787023453,False
9011,SEG_A,0.851288179800138,0.851288179800138,0.141419756864092,0.007292063335770006,False
9012,SEG_A,0.863825663387256,0.863825663387256,0.10381581505534644,0.03235852155739756,False
9017,SEG_A,0.8886894977541842,0.8886894977541842,0.06628117833290778,0.045029323912908106,False
9019,SEG_A,0.5335561270706585,0.5335561270706585,0.1386666239336027,0.32777724899573885,False
9020,SEG_A,0.9655100832915682,0.9655100832915682,0.022218689973285282,0.012271226735146428,False
9022,SEG_A,0.5645201495632639,0.5645201495632639,0.2585268056422184,0.17695304479451768,False
9023,SEG_A,0.6199091569979837,0.6199091569979837,0.3050084002587714,0.0750824427432449,False
9024,SEG_B,0.5792558596002233,0.36543792892730304,0.5792558596002233,0.05530621147247363,False
9027,SEG_A,0.6427634375181168,0.6427634375181168,0.22315367277392587,0.13408288970795726,False
9033,SEG_A,0.6987754422123534,0.6987754422123534,0.16304838676173686,0.13817617102590973,False
9034,SEG_A,0.9617945290225266,0.9617945290225266,0.023781557194392837,0.014423913783080538,False
9037,SEG_A,0.8750690837448211,0.8750690837448211,0.08864135789423622,0.03628955836094279,False
9038,SEG_A,0.8245188346447239,0.8245188346447239,0.10907492337362161,0.06640624198165448,False
9048,SEG_A,0.843115648566014,0.843115648566014,0.11892290060903628,0.03796145082494975,False
9049,SEG_A,0.7116687790412171,0.7116687790412171,0.13880682208884187,0.14952439886994096,False
9054,SEG_A,0.8031669126504373,0.8031669126504373,0.13765521192149532,0.05917787542806741,False
9055,SEG_A,0.9235755280503557,0.9235755280503557,0.055145065399087964,0.021279406550556303,False
9069,SEG_A,0.4385083105876574,0.4385083105876574,0.3657192417980644,0.1957724476142781,True
9070,SEG_A,0.921429507919284,0.921429507919284,0.0672907956141093,0.011279696466606691,False
9072,SEG_A,0.5591965095300953,0.5591965095300953,0.4094769761515977,0.03132651431830697,False
9075,SEG_A,0.7732095930472843,0.7732095930472843,0.09512124764503016,0.13166915930768558,False
9088,SEG_A,0.7658625988592769,0.7658625988592769,0.1743633392143666,0.05977406192635647,False
9090,SEG_A,0.940763970723372,0.940763970723372,0.03270087801661582,0.02653515126001207,False
9103,SEG_A,0.8787100792795183,0.8787100792795183,0.10738656551665424,0.013903355203827444,False
9104,SEG_A,0.5863202813777956,0.5863202813777956,0.24448256983171285,0.16919714879049172,False
9107,SEG_A,0.8039538073227773,0.8039538073227773,0.13825089070196944,0.05779530197525317,False
9115,SEG_A,0.7118481899596466,0.7118481899596466,0.1195071356410267,0.16864467439932673,False
9117,SEG_B,0.560363541493901,0.37295983401340865,0.560363541493901,0.06667662449269024,False
9118,SEG_A,0.8639070702242944,0.8639070702242944,0.04027559429485271,0.09581733548085301,False
9124,SEG_A,0.9041734547416128,0.9041734547416128,0.0753415946483274,0.02048495061005987,False
9131,SEG_A,0.9578117536925873,0.9578117536925873,0.028309865682333728,0.013878380625078856,False
9141,SEG_A,0.972606868025135,0.972606868025135,0.019891724193326653,0.007501407781538434,False
9144,SEG_A,0.9242256957521171,0.9242256957521171,0.060669781162381996,0.015104523085501032,False
9147,SEG_A,0.9758583386355181,0.9758583386355181,0.017889991044612315,0.0062516703198696715,False
9148,SEG_A,0.5124177001849873,0.5124177001849873,0.3390133140535267,0.14856898576148583,False
9149,SEG_A,0.7920131283676983,0.7920131283676983,0.1783447549168537,0.02964211671544812,False
9155,SEG_A,0.9113522283031761,0.9113522283031761,0.06984950343864439,0.01879826825817949,False
9156,SEG_A,0.8897694306018836,0.8897694306018836,0.04880227228052984,0.061428297117586426,False
9158,SEG_A,0.520814980998781,0.520814980998781,0.2368334024657097,0.2423516165355093,False
9161,SEG_A,0.9213661727089842,0.9213661727089842,0.06382480104150506,0.014809026249510686,False
9164,SEG_A,0.8125249730154044,0.8125249730154044,0.0719188073533027,0.11555621963129296,False
9165,SEG_A,0.807882875926981,0.807882875926981,0.1238122484554784,0.0683048756175406,False
9172,SEG_A,0.8470607563075301,0.8470607563075301,0.14271197142668215,0.010227272265787683,False
9174,SEG_A,0.8042268216754282,0.8042268216754282,0.1274943716905187,0.06827880663405313,False
9182,SEG_A,0.9439131958039937,0.9439131958039937,0.02160576108262794,0.03448104311337835,False
9189,SEG_A,0.9728546490762904,0.9728546490762904,0.021309124876457537,0.005836226047252161,False
9193,SEG_A,0.6337690389066905,0.6337690389066905,0.0726352400493259,0.2935957210439836,False
9204,SEG_C,0.4017236557777044,0.307937117966558,0.2903392262557376,0.4017236557777044,True
9208,SEG_A,0.9594201113395242,0.9594201113395242,0.030027993095037543,0.010551895565438145,False
9211,SEG_A,0.953055966910255,0.953055966910255,0.03386155274260736,0.013082480347137578,False
9213,SEG_A,0.9316872263376613,0.9316872263376613,0.055228461507127735,0.013084312155210883,False
9217,SEG_A,0.747214376458651,0.747214376458651,0.04635256959541506,0.2064330539459341,False
9219,SEG_A,0.9408708623822951,0.9408708623822951,0.04131597148901027,0.017813166128694657,False
9220,SEG_A,0.9508319939893307,0.9508319939893307,0.027155846202252226,0.022012159808416976,False
9224,SEG_A,0.9427718431160825,0.9427718431160825,0.03342584791349021,0.023802308970427188,False
9229,SEG_A,0.8483361842523808,0.8483361842523808,0.13477476480700704,0.01688905094061216,False
9234,SEG_A,0.6994203556308449,0.6994203556308449,0.2098514473911356,0.09072819697801952,False
9235,SEG_A,0.5913817795674239,0.5913817795674239,0.13186407126665825,0.2767541491659179,False
9239,SEG_A,0.5977704415868559,0.5977704415868559,0.1741071047847366,0.22812245362840747,False
9240,SEG_A,0.8177153556823117,0.8177153556823117,0.10198507996511749,0.08029956435257088,False
9249,SEG_A,0.9493430759406192,0.9493430759406192,0.04417551889218081,0.006481405167199928,False
9251,SEG_A,0.9314887490274791,0.9314887490274791,0.04912664694722417,0.01938460402529672,False
9252,SEG_A,0.6244978430688213,0.6244978430688213,0.3170343466718082,0.05846781025937048,False
9253,SEG_A,0.8795632269354444,0.8795632269354444,0.08490655908020527,0.03553021398435041,False
9254,SEG_A,0.7179330832786927,0.7179330832786927,0.21526329369040578,0.0668036230309016,False
9255,SEG_A,0.8003756754693103,0.8003756754693103,0.055950801235494216,0.14367352329519556,False
9261,SEG_A,0.9459441960123371,0.9459441960123371,0.048163732154538015,0.00589207183312471,False
9277,SEG_A,0.9545376572518174,0.9545376572518174,0.03277407712644085,0.012688265621741884,False
9289,SEG_A,0.5541116699525294,0.5541116699525294,0.4077473026947512,0.038141027352719487,False
9306,SEG_A,0.9112081154499404,0.9112081154499404,0.06956579074763285,0.01922609380242671,False
9316,SEG_C,0.5244501706967393,0.019575432753408197,0.45597439654985256,0.5244501706967393,False
9318,SEG_A,0.6700206776137142,0.6700206776137142,0.24972193893072633,0.0802573834555596,False
9326,SEG_A,0.4574401153630289,0.4574401153630289,0.08831204082694653,0.4542478438100246,False
9328,SEG_A,0.9678554552801922,0.9678554552801922,0.02069626762321483,0.011448277096593004,False
9354,SEG_A,0.9639560590857088,0.9639560590857088,0.022325433540818437,0.013718507373472764,False
9357,SEG_A,0.9107114369098736,0.9107114369098736,0.05767562215598776,0.031612940934138606,False
9359,SEG_A,0.37864150532332663,0.37864150532332663,0.2860781278584816,0.33528036681819195,True
9363,SEG_A,0.895072820146418,0.895072820146418,0.08078147695692954,0.02414570289665253,False
9365,SEG_A,0.7104612371794798,0.7104612371794798,0.2307685765190041,0.058770186301516016,False
9366,SEG_A,0.7879102540912832,0.7879102540912832,0.1856819172296565,0.026407828679060365,False
9369,SEG_A,0.868248417678919,0.868248417678919,0.03625329737300198,0.09549828494807892,False
9376,SEG_A,0.9272098595874109,0.9272098595874109,0.05098287509638957,0.02180726531619942,False
9377,SEG_A,0.8350320020027218,0.8350320020027218,0.14606915943774898,0.0188988385595292,False
9378,SEG_A,0.6852175229253707,0.6852175229253707,0.2900006033927648,0.024781873681864346,False
9388,SEG_A,0.8341470770467443,0.8341470770467443,0.0316307919593717,0.13422213099388403,False
9391,SEG_A,0.9421775450043435,0.9421775450043435,0.05225251920446753,0.005569935791189,False
9394,SEG_A,0.9678019580792326,0.9678019580792326,0.0264776858173407,0.0057203561034267015,False
9399,SEG_A,0.8736485153659607,0.8736485153659607,0.09739749022119709,0.028953994412842337,False
9404,SEG_A,0.9659451368525264,0.9659451368525264,0.021908881475074478,0.012145981672399149,False
9405,SEG_A,0.8118203461610468,0.8118203461610468,0.11555217005449439,0.07262748378445873,False
9419,SEG_A,0.7305671331349238,0.7305671331349238,0.09567758906586199,0.17375527779921424,False
9422,SEG_A,0.7764255678729246,0.7764255678729246,0.09991571698517078,0.12365871514190449,False
9437,SEG_C,0.48924764048722413,0.3159140786588525,0.19483828085392332,0.48924764048722413,False
9445,SEG_A,0.9384101489026342,0.9384101489026342,0.03625773940699813,0.025332111690367642,False
9447,SEG_A,0.9048509794145931,0.9048509794145931,0.06058652330596012,0.03456249727944667,False
9452,SEG_A,0.6916836976888536,0.6916836976888536,0.21715143714538743,0.09116486516575886,False
9462,SEG_A,0.7328777458117584,0.7328777458117584,0.20981801989371865,0.05730423429452295,False
9466,SEG_B,0.8211833797115164,0.07956123623296467,0.8211833797115164,0.09925538405551888,False
9468,SEG_A,0.9544806808790537,0.9544806808790537,0.022981896830319752,0.022537422290626604,False
9482,SEG_A,0.893448519428784,0.893448519428784,0.06811630920566321,0.0384351713655527,False
9487,SEG_A,0.859115855657307,0.859115855657307,0.11487669096180078,0.026007453380892314,False
9494,SEG_B,0.8350077215781726,0.004926292713724515,0.8350077215781726,0.16006598570810288,False
9503,SEG_C,0.45049840987158535,0.2711249604319933,0.27837662969642135,0.45049840987158535,False
9505,SEG_A,0.7686587627588597,0.7686587627588597,0.16356514053152799,0.06777609670961227,False
9513,SEG_A,0.5828004402777481,0.5828004402777481,0.15303535464009121,0.2641642050821607,False
9518,SEG_A,0.751748368261179,0.751748368261179,0.17909453061504585,0.06915710112377511,False
9519,SEG_A,0.9321982775674175,0.9321982775674175,0.033618111119709984,0.03418361131287256,False
9520,SEG_A,0.8828844428854531,0.8828844428854531,0.06411987148690182,0.05299568562764518,False
9533,SEG_A,0.7869808844459437,0.7869808844459437,0.11413133022219646,0.09888778533185992,False
9545,SEG_A,0.859382873779695,0.859382873779695,0.045134435423822374,0.09548269079648262,False
9546,SEG_A,0.5885561791000751,0.5885561791000751,0.3033613852820832,0.10808243561784174,False
9550,SEG_A,0.7552311146617059,0.7552311146617059,0.19599933400274647,0.04876955133554777,False
9554,SEG_A,0.900127046400712,0.900127046400712,0.08200270750130004,0.01787024609798814,False
9560,SEG_A,0.7894965341447306,0.7894965341447306,0.05383611400467112,0.15666735185059813,False
9561,SEG_A,0.8767136585318708,0.8767136585318708,0.08821227450295098,0.035074066965178265,False
9564,SEG_A,0.9071476961622307,0.9071476961622307,0.0871734895331878,0.005678814304581339,False
9567,SEG_A,0.7731709509168039,0.7731709509168039,0.20875398351546026,0.01807506556773596,False
9571,SEG_A,0.9629555153478583,0.9629555153478583,0.024435809855371554,0.01260867479677026,False
9581,SEG_A,0.9682795453927454,0.9682795453927454,0.019951335317096048,0.011769119290158607,False
9584,SEG_A,0.9178290693847447,0.9178290693847447,0.055915483511604254,0.026255447103651085,False
9587,SEG_A,0.9068722897023861,0.9068722897023861,0.06244522363589635,0.030682486661717648,False
9588,SEG_A,0.9288292440028008,0.9288292440028008,0.05387547895499915,0.0172952770422001,False
9589,SEG_A,0.8882180388705507,0.8882180388705507,0.06979853348190455,0.041983427647544654,False
9591,SEG_A,0.8803573868598591,0.8803573868598591,0.08746279252919396,0.03217982061094703,False
9592,SEG_A,0.9767909719380516,0.9767909719380516,0.015114933584718132,0.00809409447723028,False
9593,SEG_A,0.816829103886399,0.816829103886399,0.0823577110074746,0.10081318510612641,False
9601,SEG_A,0.7656864926134944,0.7656864926134944,0.21145482948710395,0.022858677899401544,False
9610,SEG_B,0.5464325103274499,0.15220460828741217,0.5464325103274499,0.301362881385138,False
9619,SEG_B,0.5305658017623389,0.3798579332261954,0.5305658017623389,0.08957626501146562,False
9624,SEG_A,0.8275737817062042,0.8275737817062042,0.13287594542464876,0.039550272869146995,False
9625,SEG_A,0.9746015453278365,0.9746015453278365,0.01996842911471887,0.005430025557444661,False
9626,SEG_A,0.9050671873670512,0.9050671873670512,0.04477895548516851,0.05015385714778045,False
9629,SEG_A,0.9035072969965644,0.9035072969965644,0.060379286979701276,0.03611341602373434,False
9630,SEG_A,0.8150956737844237,0.8150956737844237,0.15021113113569837,0.03469319507987786,False
9631,SEG_A,0.5636940795020728,0.5636940795020728,0.08256304264052874,0.35374287785739833,False
9633,SEG_B,0.749085970304294,0.15616197903586684,0.749085970304294,0.09475205065983923,False
9635,SEG_A,0.8714539537156796,0.8714539537156796,0.08996307834625362,0.038582967938066676,False
9643,SEG_A,0.7969783419675176,0.7969783419675176,0.16857622681302334,0.034445431219459165,False
9650,SEG_A,0.8445121421979387,0.8445121421979387,0.1460292383951905,0.009458619406870875,False
9651,SEG_A,0.4645053209504132,0.4645053209504132,0.37154478172967076,0.16394989731991613,False
9657,SEG_A,0.9117394942892201,0.9117394942892201,0.08146561256791827,0.006794893142861565,False
9660,SEG_A,0.9782891844482952,0.9782891844482952,0.01674822052294418,0.004962595028760704,False
9661,SEG_A,0.9793719133262554,0.9793719133262554,0.01814080318563917,0.0024872834881054396,False
9663,SEG_A,0.8255155255479651,0.8255155255479651,0.1354312449437473,0.03905322950828763,False
9665,SEG_B,0.45704007270472236,0.4190453226072437,0.45704007270472236,0.12391460468803403,False
9667,SEG_A,0.8745820414491664,0.8745820414491664,0.055127998822482406,0.07028995972835128,False
9681,SEG_B,0.6825751841714999,0.10848547062546247,0.6825751841714999,0.2089393452030376,False
9683,SEG_B,0.9358908546124416,0.023048767161793354,0.9358908546124416,0.041060378225765026,False
9684,SEG_A,0.5565150727637836,0.5565150727637836,0.3819059990971428,0.06157892813907363,False
9685,SEG_A,0.7800745381876251,0.7800745381876251,0.1557277668160941,0.06419769499628084,False
9689,SEG_A,0.7882334276761189,0.7882334276761189,0.17208380280799918,0.03968276951588212,False
9694,SEG_A,0.6074785855326279,0.6074785855326279,0.3136735605598081,0.07884785390756406,False
9697,SEG_A,0.7904905853667102,0.7904905853667102,0.1900627033185987,0.019446711314691036,False
9703,SEG_A,0.7284833184406492,0.7284833184406492,0.09969016953349026,0.17182651202586047,False
9704,SEG_A,0.9121921318908592,0.9121921318908592,0.05838055367416369,0.029427314434976995,False
9705,SEG_A,0.7430925441755022,0.7430925441755022,0.20151127507036984,0.05539618075412783,False
9706,SEG_A,0.8042268216754282,0.8042268216754282,0.1274943716905187,0.06827880663405313,False
9713,SEG_A,0.7821207972154837,0.7821207972154837,0.1645580510439394,0.0533211517405769,False
9718,SEG_A,0.8637608487875454,0.8637608487875454,0.0480012608844966,0.08823789032795798,False
9724,SEG_A,0.8472343020556614,0.8472343020556614,0.1066400879166242,0.04612561002771446,False
9732,SEG_A,0.9194747728056275,0.9194747728056275,0.07365926584473073,0.006865961349641712,False
9737,SEG_B,0.5883743764099002,0.3322820681978369,0.5883743764099002,0.07934355539226289,False
9742,SEG_A,0.9265266040203942,0.9265266040203942,0.05021994427803849,0.023253451701567243,False
9744,SEG_A,0.8682343386570468,0.8682343386570468,0.1093734063839721,0.022392254958981107,False
9745,SEG_A,0.7893553879750304,0.7893553879750304,0.13280147523684183,0.07784313678812783,False
9757,SEG_A,0.887988194876533,0.887988194876533,0.06826003647390634,0.04375176864956059,False
9758,SEG_A,0.7565301062559365,0.7565301062559365,0.20661844195359041,0.03685145179047312,False
9759,SEG_A,0.9211018658722953,0.9211018658722953,0.05534917286708723,0.023548961260617427,False
9764,SEG_A,0.6381669188254512,0.6381669188254512,0.25568233800369156,0.1061507431708572,False
9771,SEG_A,0.859092330671934,0.859092330671934,0.11186951740731398,0.029038151920751917,False
9772,SEG_A,0.9232788102933711,0.9232788102933711,0.061979033955082884,0.01474215575154587,False
9790,SEG_A,0.7753765885285792,0.7753765885285792,0.1991286166111814,0.02549479486023942,False
9807,SEG_A,0.9225950624077678,0.9225950624077678,0.04983012511363658,0.02757481247859569,False
9814,SEG_A,0.90456059290607,0.90456059290607,0.08414887267235477,0.011290534421575276,False
9817,SEG_A,0.930873999969244,0.930873999969244,0.0513161535319599,0.017809846498796238,False
9825,SEG_A,0.7443826234821606,0.7443826234821606,0.18444781302184682,0.07116956349599256,False
9829,SEG_A,0.9436970425899663,0.9436970425899663,0.04669351337105939,0.009609444038974327,False
9834,SEG_A,0.8869282137692982,0.8869282137692982,0.0819463342895253,0.031125451941176562,False
9835,SEG_A,0.9374034753226591,0.9374034753226591,0.03430228129207692,0.02829424338526392,False
9841,SEG_A,0.8805571513491076,0.8805571513491076,0.09629449447895685,0.02314835417193549,False
9845,SEG_A,0.7906275231605779,0.7906275231605779,0.17523799741062362,0.034134479428798534,False
9846,SEG_A,0.7907736469027915,0.7907736469027915,0.17125521634938162,0.0379711367478268,False
9857,SEG_A,0.7732300238171892,0.7732300238171892,0.18973187556295093,0.03703810061985985,False
9858,SEG_A,0.9249167151009663,0.9249167151009663,0.060792293667413566,0.014290991231620127,False
9859,SEG_A,0.7560435897167747,0.7560435897167747,0.13905491392866867,0.10490149635455664,False
9860,SEG_A,0.9489181571738228,0.9489181571738228,0.03401545720248696,0.017066385623690433,False
9862,SEG_A,0.8707175717831024,0.8707175717831024,0.06609542171340858,0.06318700650348905,False
9864,SEG_A,0.5769471753382526,0.5769471753382526,0.2739774001179298,0.14907542454381753,False
9870,SEG_A,0.9178008913829656,0.9178008913829656,0.05262633952612374,0.02957276909091073,False
9877,SEG_A,0.7347478584219028,0.7347478584219028,0.19942263981600603,0.06582950176209122,False
9880,SEG_A,0.8713891041842037,0.8713891041842037,0.06802615675807258,0.06058473905772368,False
9886,SEG_A,0.6404324893874106,0.6404324893874106,0.2872802715359969,0.07228723907659249,False
9890,SEG_A,0.6164580436770962,0.6164580436770962,0.12341033867390389,0.26013161764899995,False
9891,SEG_A,0.7275644446986915,0.7275644446986915,0.09080016030418886,0.18163539499711956,False
9893,SEG_A,0.765746395440003,0.765746395440003,0.21678579761511726,0.01746780694487959,False
9896,SEG_A,0.7287681102843777,0.7287681102843777,0.10914751949089367,0.16208437022472869,False
9903,SEG_A,0.7746719416670244,0.7746719416670244,0.19553043651777874,0.02979762181519695,False
9905,SEG_A,0.789191498414276,0.789191498414276,0.1617058244817475,0.04910267710397655,False
9906,SEG_A,0.775945067053851,0.775945067053851,0.06840029033827597,0.15565464260787315,False
9910,SEG_A,0.8790875950770691,0.8790875950770691,0.08545854697690639,0.03545385794602464,False
9913,SEG_A,0.9031390638835843,0.9031390638835843,0.05728101465332416,0.03957992146309167,False
9915,SEG_A,0.9061535044664153,0.9061535044664153,0.06984109459828468,0.024005400935300125,False
9929,SEG_A,0.880835979997681,0.880835979997681,0.05051078296864246,0.06865323703367651,False
9930,SEG_A,0.718074951303317,0.718074951303317,0.2078652913050315,0.07405975739165137,False
9932,SEG_A,0.981604292197512,0.981604292197512,0.012175584870296616,0.006220122932191386,False
9936,SEG_A,0.8235027467541026,0.8235027467541026,0.14782820852985212,0.028669044716045193,False
9941,SEG_A,0.9217456577236969,0.9217456577236969,0.07136789574941499,0.006886446526888067,False
9942,SEG_A,0.9208401153277315,0.9208401153277315,0.04762339111715811,0.031536493555110505,False
9956,SEG_A,0.7018142392788396,0.7018142392788396,0.24394017282105404,0.05424558790010637,False
9961,SEG_A,0.9155770709059742,0.9155770709059742,0.060680089744088866,0.023742839349936984,False
9967,SEG_A,0.9130687840060352,0.9130687840060352,0.04859810215010756,0.03833311384385717,False
9970,SEG_A,0.9353983664944254,0.9353983664944254,0.042611835908578234,0.0219897975969964,False
9972,SEG_A,0.646138974963647,0.646138974963647,0.19198292257453237,0.1618781024618206,False
9974,SEG_A,0.9580980510294349,0.9580980510294349,0.025020451464245044,0.01688149750632003,False
9977,SEG_A,0.8346274254326458,0.8346274254326458,0.11102947078879628,0.054343103778558,False
9978,SEG_A,0.9668447122551648,0.9668447122551648,0.020587347749295812,0.012567939995539599,False
9980,SEG_A,0.8837550514463353,0.8837550514463353,0.06603863488684254,0.050206313666822155,False
9981,SEG_B,0.8446269641658413,0.00934974629921429,0.8446269641658413,0.1460232895349444,False
9985,SEG_A,0.7365083060951227,0.7365083060951227,0.20526262113435859,0.05822907277051886,False
9988,SEG_A,0.7962837798939514,0.7962837798939514,0.09655957767493922,0.1071566424311093,False
9992,SEG_A,0.7991408003971825,0.7991408003971825,0.12442024724992339,0.07643895235289418,False
10000,SEG_A,0.7951798081240499,0.7951798081240499,0.15065440008340863,0.05416579179254153,False
10008,SEG_A,0.926983652976387,0.926983652976387,0.06678250859460227,0.0062338384290107065,False
10012,SEG_A,0.8936802844896816,0.8936802844896816,0.0690414431731594,0.03727827233715912,False
10031,SEG_A,0.794726011559141,0.794726011559141,0.15678089745651144,0.0484930909843475,False
10032,SEG_A,0.8767136585318708,0.8767136585318708,0.08821227450295098,0.035074066965178265,False
10035,SEG_A,0.5939273840749213,0.5939273840749213,0.2907000570383033,0.11537255888677547,False
10041,SEG_A,0.8988061354190308,0.8988061354190308,0.051399252806227216,0.049794611774742016,False
10051,SEG_A,0.8258818086460594,0.8258818086460594,0.13323815081221313,0.04088004054172746,False
10052,SEG_A,0.7722603893397377,0.7722603893397377,0.12718480907923563,0.10055480158102646,False
10054,SEG_A,0.8061358260045594,0.8061358260045594,0.12370711399100486,0.0701570600044359,False
10055,SEG_A,0.8165539117172219,0.8165539117172219,0.09528271993567293,0.08816336834710516,False
10056,SEG_B,0.36404646424169756,0.31252214826797564,0.36404646424169756,0.32343138749032674,True
10068,SEG_A,0.8141787456667992,0.8141787456667992,0.15531841661846627,0.030502837714734565,False
10069,SEG_A,0.8713933865221074,0.8713933865221074,0.07592127239318758,0.05268534108470503,False
10070,SEG_A,0.7839159984560865,0.7839159984560865,0.12472625732836022,0.09135774421555325,False
10073,SEG_A,0.8054353870542076,0.8054353870542076,0.17075449065477474,0.023810122291017703,False
10079,SEG_A,0.941686896623126,0.941686896623126,0.049946940729416474,0.008366162647457598,False
10082,SEG_A,0.8588403658804145,0.8588403658804145,0.1128315865827451,0.02832804753684049,False
10087,SEG_A,0.8858530424952464,0.8858530424952464,0.0731992732694903,0.04094768423526316,False
10125,SEG_A,0.8595288933818673,0.8595288933818673,0.06275539998430607,0.07771570663382665,False
10127,SEG_A,0.8054006889110751,0.8054006889110751,0.07188784656133904,0.12271146452758579,False
10134,SEG_A,0.8180521128031171,0.8180521128031171,0.10644617431852665,0.07550171287835646,False
10145,SEG_A,0.9105307465172048,0.9105307465172048,0.06411119195669941,0.025358061526095713,False
10148,SEG_A,0.752773339014356,0.752773339014356,0.21888863713760107,0.028338023848042963,False
10150,SEG_A,0.8849465002132387,0.8849465002132387,0.06859920478695533,0.04645429499980602,False
10159,SEG_A,0.9303727648607973,0.9303727648607973,0.04721711082950555,0.022410124309697098,False
10166,SEG_A,0.9564601524855776,0.9564601524855776,0.03491400956236976,0.008625837952052613,False
10184,SEG_B,0.5247679501383742,0.4496968398099111,0.5247679501383742,0.025535210051714746,False
10188,SEG_A,0.87130422151564,0.87130422151564,0.0899583822225418,0.038737396261818324,False
10189,SEG_A,0.9123276082653142,0.9123276082653142,0.050992374457358276,0.03668001727732744,False
10191,SEG_A,0.8118203461610468,0.8118203461610468,0.11555217005449439,0.07262748378445873,False
10195,SEG_A,0.8185669555661605,0.8185669555661605,0.11263634924642907,0.06879669518741041,False
10214,SEG_A,0.9631835303570508,0.9631835303570508,0.029803126298422838,0.0070133433445262894,False
10215,SEG_A,0.9336652560242605,0.9336652560242605,0.03735663715261504,0.028978106823124534,False
10224,SEG_A,0.9605636159189873,0.9605636159189873,0.02972867996624283,0.009707704114769889,False
10228,SEG_B,0.6206429023524431,0.17996178757231393,0.6206429023524431,0.199395310075243,False
10236,SEG_B,0.7859181440211148,0.0042358755136631164,0.7859181440211148,0.20984598046522204,False
10237,SEG_A,0.8089550820480729,0.8089550820480729,0.16381543567475612,0.027229482277170956,False
10248,SEG_A,0.854285761061265,0.854285761061265,0.08449611883033543,0.061218120108399464,False
10255,SEG_A,0.8678805154203757,0.8678805154203757,0.11095100744076777,0.021168477138856494,False
10269,SEG_A,0.8074770073301071,0.8074770073301071,0.068905570955264,0.12361742171462903,False
10275,SEG_A,0.6773485820318602,0.6773485820318602,0.2827279449183241,0.039923473049815646,False
10287,SEG_A,0.9037729621391993,0.9037729621391993,0.05040637171215326,0.04582066614864735,False
10290,SEG_A,0.7802043236965286,0.7802043236965286,0.18667783995611634,0.033117836347355,False
10294,SEG_A,0.9344722511008688,0.9344722511008688,0.05370594797737754,0.011821800921753643,False
10304,SEG_A,0.8946032737449445,0.8946032737449445,0.0652536863817804,0.04014303987327497,False
10305,SEG_A,0.91835627193004,0.91835627193004,0.06876937013668256,0.012874357933277488,False
10306,SEG_A,0.9388764440799995,0.9388764440799995,0.016532597322817866,0.04459095859718282,False
10308,SEG_A,0.9022278974461374,0.9022278974461374,0.025170997795003806,0.0726011047588588,False
10311,SEG_A,0.49730896311689277,0.49730896311689277,0.4332426681729898,0.06944836871011749,False
10319,SEG_A,0.8456189757800657,0.8456189757800657,0.12720868426226228,0.02717233995767191,False
10323,SEG_A,0.8940434354202734,0.8940434354202734,0.07464099572087785,0.03131556885884892,False
10333,SEG_A,0.9667572488233175,0.9667572488233175,0.028435431388164095,0.0048073197885185074,False
10336,SEG_A,0.632654435055035,0.632654435055035,0.29289608476156,0.07444948018340505,False
10337,SEG_A,0.9732055883254,0.9732055883254,0.022921810211637743,0.0038726014629621996,False
10339,SEG_A,0.9416936852864773,0.9416936852864773,0.04197337040512119,0.016332944308401407,False
10347,SEG_A,0.747456196575181,0.747456196575181,0.1581614009267902,0.09438240249802869,False
10348,SEG_A,0.8519493266155272,0.8519493266155272,0.0901651612110211,0.0578855121734517,False
10349,SEG_A,0.8119389998078118,0.8119389998078118,0.12221700937839565,0.06584399081379247,False
10353,SEG_A,0.7537627287677786,0.7537627287677786,0.18182049051867213,0.06441678071354924,False
10355,SEG_A,0.8859247092876721,0.8859247092876721,0.06739352410149022,0.04668176661083775,False
10360,SEG_A,0.7964620798749402,0.7964620798749402,0.13304798900990036,0.07048993111515926,False
10361,SEG_A,0.7897764142262035,0.7897764142262035,0.14615220964297707,0.06407137613081933,False
10368,SEG_A,0.8469480158291792,0.8469480158291792,0.04565621074429613,0.1073957734265246,False
10370,SEG_A,0.834570896006472,0.834570896006472,0.12830134725600825,0.03712775673751979,False
10372,SEG_A,0.7092008332087502,0.7092008332087502,0.19251695717760808,0.09828220961364173,False
10375,SEG_A,0.9124282429112335,0.9124282429112335,0.06572443098978899,0.021847326098977528,False
10380,SEG_A,0.9262834785039796,0.9262834785039796,0.05026474521278686,0.0234517762832336,False
10381,SEG_A,0.853069985776027,0.853069985776027,0.1043404798283473,0.04258953439562571,False
10403,SEG_A,0.7027272706430985,0.7027272706430985,0.23632307032990885,0.06094965902699262,False
10404,SEG_A,0.9406402183725627,0.9406402183725627,0.05077445759616618,0.008585324031271171,False
10408,SEG_A,0.4529707767406902,0.4529707767406902,0.40972432855635604,0.13730489470295384,False
10418,SEG_A,0.9554411790923814,0.9554411790923814,0.03311069838744919,0.01144812252016931,False
10420,SEG_A,0.7502031299985598,0.7502031299985598,0.18997326170239062,0.05982360829904963,False
10425,SEG_A,0.8295808108000227,0.8295808108000227,0.15733150149182026,0.013087687708157074,False
10428,SEG_A,0.7805722263273046,0.7805722263273046,0.04799825723474315,0.17142951643795218,False
10429,SEG_A,0.7368106614205223,0.7368106614205223,0.15247130269727135,0.11071803588220645,False
10433,SEG_A,0.7912189563099691,0.7912189563099691,0.18065024318335818,0.028130800506672812,False
10439,SEG_A,0.8273537133946828,0.8273537133946828,0.12393645006289308,0.04870983654242414,False
10454,SEG_A,0.8079394562621645,0.8079394562621645,0.09390413348102286,0.09815641025681265,False
10461,SEG_A,0.6852569730474818,0.6852569730474818,0.26942658669967084,0.04531644025284747,False
10463,SEG_A,0.9294241779903216,0.9294241779903216,0.05492233913781233,0.015653482871866128,False
10468,SEG_A,0.9181521356230057,0.9181521356230057,0.05623737106647268,0.02561049331052172,False
10469,SEG_A,0.48250108479269793,0.48250108479269793,0.2755277731090989,0.24197114209820314,False
10470,SEG_A,0.7162497674476348,0.7162497674476348,0.1564442099396189,0.1273060226127464,False
10477,SEG_A,0.9437866329422288,0.9437866329422288,0.044114438981600404,0.01209892807617091,False
10478,SEG_A,0.69616742111649,0.69616742111649,0.14119809164653913,0.16263448723697077,False
10483,SEG_A,0.7962482767689009,0.7962482767689009,0.06759356799631684,0.13615815523478234,False
10485,SEG_A,0.9569565711564048,0.9569565711564048,0.034979563878743625,0.008063864964851572,False
10487,SEG_A,0.9195375580384647,0.9195375580384647,0.046769419237045626,0.03369302272448973,False
10488,SEG_A,0.6319668529999529,0.6319668529999529,0.15739942919675973,0.2106337178032874,False
10493,SEG_A,0.9622686124444121,0.9622686124444121,0.027404022364244048,0.010327365191343682,False
10494,SEG_A,0.7366921384314734,0.7366921384314734,0.08151276019415074,0.18179510137437585,False
10497,SEG_A,0.7953641443429555,0.7953641443429555,0.16812517266581603,0.03651068299122846,False
10499,SEG_A,0.9401210082632852,0.9401210082632852,0.05077245180187491,0.009106539934839971,False
10501,SEG_A,0.6979987400838525,0.6979987400838525,0.08296453824075478,0.2190367216753928,False
10508,SEG_A,0.9074026679240895,0.9074026679240895,0.07325021941816523,0.01934711265774513,False
10514,SEG_A,0.7287119708059159,0.7287119708059159,0.1721254704886197,0.09916255870546442,False
10525,SEG_A,0.8305633642253664,0.8305633642253664,0.13583616762528666,0.03360046814934694,False
10526,SEG_A,0.9699679406975885,0.9699679406975885,0.02154400718147202,0.008488052120939463,False
10535,SEG_A,0.8238546606785465,0.8238546606785465,0.09718557232033283,0.07895976700112066,False
10538,SEG_A,0.9413338787763836,0.9413338787763836,0.04521826619499404,0.013447855028622223,False
10540,SEG_A,0.8000189317501529,0.8000189317501529,0.16416541725133937,0.03581565099850781,False
10541,SEG_A,0.7882334276761189,0.7882334276761189,0.17208380280799918,0.03968276951588212,False
10545,SEG_A,0.9144534497551853,0.9144534497551853,0.05595949284374556,0.029587057401069206,False
10546,SEG_A,0.8098264593783532,0.8098264593783532,0.1682796175877136,0.021893923033933334,False
10550,SEG_A,0.6987546888404189,0.6987546888404189,0.08046883647160069,0.22077647468798034,False
10551,SEG_A,0.9395640892926985,0.9395640892926985,0.02590515841530839,0.03453075229199305,False
10565,SEG_A,0.8735396126851251,0.8735396126851251,0.10824028757855055,0.01822009973632428,False
10566,SEG_A,0.8220410643160604,0.8220410643160604,0.14943778294515206,0.02852115273878756,False
10576,SEG_A,0.9777269180394751,0.9777269180394751,0.018624180067338535,0.003648901893186373,False
10580,SEG_A,0.8759470304441297,0.8759470304441297,0.1110184265607069,0.013034542995163337,False
10586,SEG_A,0.8295644145578391,0.8295644145578391,0.13129554631032678,0.03914003913183396,False
10589,SEG_A,0.842413296652071,0.842413296652071,0.12053832672369087,0.037048376624238134,False
10617,SEG_A,0.796492714084213,0.796492714084213,0.18139359547212133,0.022113690443665637,False
10623,SEG_A,0.8601427598967536,0.8601427598967536,0.10416539228751544,0.03569184781573115,False
10632,SEG_A,0.8185669555661605,0.8185669555661605,0.11263634924642907,0.06879669518741041,False
10633,SEG_A,0.783354193009905,0.783354193009905,0.20114509634651084,0.015500710643584057,False
10635,SEG_A,0.9798554383794608,0.9798554383794608,0.01752023166707072,0.00262432995346861,False
10639,SEG_A,0.8603263340607435,0.8603263340607435,0.12071876531601049,0.018954900623245993,False
10645,SEG_A,0.7973410644188524,0.7973410644188524,0.05817535731094972,0.1444835782701977,False
10651,SEG_A,0.7989565823079029,0.7989565823079029,0.11244406851491505,0.08859934917718204,False
10657,SEG_A,0.8266468484213351,0.8266468484213351,0.11652548217360144,0.056827669405063445,False
10660,SEG_B,0.6893469347757814,0.21312736477780522,0.6893469347757814,0.09752570044641351,False
10665,SEG_A,0.7688898492598317,0.7688898492598317,0.09910428598284808,0.13200586475732012,False
10667,SEG_A,0.7867755426118235,0.7867755426118235,0.1703751141799337,0.04284934320824283,False
10670,SEG_A,0.7873376535220502,0.7873376535220502,0.17180395782073418,0.040858388657215576,False
10678,SEG_A,0.9238724839654954,0.9238724839654954,0.05797024358003696,0.01815727245446764,False
10681,SEG_A,0.9339451943787729,0.9339451943787729,0.05771252887700523,0.008342276744222046,False
10682,SEG_A,0.8914552114549682,0.8914552114549682,0.07574001345644185,0.03280477508858999,False
10684,SEG_A,0.8518990782096857,0.8518990782096857,0.05150335664094758,0.09659756514936654,False
10689,SEG_A,0.9300793366469697,0.9300793366469697,0.05830125546365302,0.011619407889377284,False
10690,SEG_A,0.6905359420177483,0.6905359420177483,0.20277658605929094,0.10668747192296077,False
10693,SEG_A,0.9440520478758468,0.9440520478758468,0.04396344586569213,0.01198450625846095,False
10698,SEG_A,0.9332328243249657,0.9332328243249657,0.054765257252978615,0.012001918422055648,False
10699,SEG_A,0.9264088884994836,0.9264088884994836,0.03719589681512135,0.03639521468539509,False
10704,SEG_A,0.9389307795008025,0.9389307795008025,0.03297109576238831,0.02809812473680909,False
10716,SEG_A,0.9140736347401931,0.9140736347401931,0.06329105523756158,0.0226353100222453,False
10721,SEG_A,0.950820022141301,0.950820022141301,0.033511608170308564,0.015668369688390388,False
10723,SEG_A,0.8292335603864244,0.8292335603864244,0.11566668215880763,0.05509975745476793,False
10728,SEG_A,0.7510655819903089,0.7510655819903089,0.19280931127332446,0.05612510673636668,False
10730,SEG_A,0.5429604836571001,0.5429604836571001,0.37843453549830874,0.0786049808445912,False
10731,SEG_A,0.9207917952490094,0.9207917952490094,0.0633372447014801,0.015870960049510375,False
10733,SEG_A,0.6622588860445116,0.6622588860445116,0.19122911320855845,0.14651200074693,False
10734,SEG_A,0.8264679919746544,0.8264679919746544,0.1288361044628248,0.0446959035625207,False
10735,SEG_A,0.7833597364874151,0.7833597364874151,0.07342577945053143,0.14321448406205353,False
10742,SEG_A,0.7547554228433673,0.7547554228433673,0.15991207124947782,0.08533250590715498,False
10746,SEG_A,0.8622239226035625,0.8622239226035625,0.13318149660643466,0.004594580790002749,False
10747,SEG_A,0.6622964510323585,0.6622964510323585,0.10599289133056569,0.23171065763707574,False
10750,SEG_A,0.8620103477236097,0.8620103477236097,0.1068334988153501,0.031156153461040042,False
10753,SEG_A,0.796633222099132,0.796633222099132,0.17574206940171516,0.027624708499152797,False
10754,SEG_A,0.6844130559828019,0.6844130559828019,0.14308785446743927,0.1724990895497588,False
10760,SEG_A,0.8276918732129548,0.8276918732129548,0.08593231356051724,0.0863758132265279,False
10764,SEG_A,0.9635094336668198,0.9635094336668198,0.028725640044789665,0.007764926288390535,False
10768,SEG_B,0.5641940310913114,0.23776100329595637,0.5641940310913114,0.19804496561273224,False
10770,SEG_A,0.8118203461610468,0.8118203461610468,0.11555217005449439,0.07262748378445873,False
10775,SEG_A,0.8329953714991271,0.8329953714991271,0.0909228125510751,0.07608181594979788,False
10778,SEG_A,0.7938339041769775,0.7938339041769775,0.18078617660554602,0.025379919217476427,False
10785,SEG_A,0.8938441056637701,0.8938441056637701,0.06562910341518728,0.0405267909210424,False
10790,SEG_A,0.748824533302234,0.748824533302234,0.15679551827191998,0.09437994842584603,False
10791,SEG_C,0.5294636076171383,0.0407102374292563,0.4298261549536053,0.5294636076171383,False
10795,SEG_A,0.6758618043349344,0.6758618043349344,0.30603295847744477,0.018105237187620814,False
10796,SEG_A,0.8727798461732711,0.8727798461732711,0.06669779786168778,0.06052235596504132,False
10798,SEG_A,0.8160934497720336,0.8160934497720336,0.1366678795027681,0.04723867072519838,False
10800,SEG_A,0.824192315921282,0.824192315921282,0.13455342206442683,0.04125426201429123,False
10803,SEG_A,0.886085403602975,0.886085403602975,0.10133043732604331,0.012584159070981735,False
10814,SEG_A,0.7413075426277799,0.7413075426277799,0.14396191188053306,0.11473054549168717,False
10815,SEG_A,0.758291113775331,0.758291113775331,0.11449840502882615,0.12721048119584283,False
10817,SEG_A,0.9401004798038004,0.9401004798038004,0.045530927542471844,0.014368592653727896,False
10821,SEG_C,0.6786584660036726,0.004010681408481518,0.3173308525878459,0.6786584660036726,False
10827,SEG_A,0.9742426622372158,0.9742426622372158,0.022610116126484524,0.0031472216362998513,False
10830,SEG_A,0.8884863550586323,0.8884863550586323,0.09485883483270223,0.016654810108665638,False
10838,SEG_A,0.8642284510161831,0.8642284510161831,0.12792503509039166,0.00784651389342535,False
10840,SEG_A,0.9399549574757564,0.9399549574757564,0.04867275276726147,0.011372289756981992,False
10841,SEG_A,0.6368346631622352,0.6368346631622352,0.1389489727929477,0.224216364044817,False
10843,SEG_A,0.5658473453722561,0.5658473453722561,0.4174355058714507,0.01671714875629324,False
10844,SEG_C,0.5060039348551704,0.09149812911817291,0.40249793602665673,0.5060039348551704,False
10845,SEG_A,0.6989923272936236,0.6989923272936236,0.15886021357518712,0.14214745913118917,False
10847,SEG_A,0.8986309664390348,0.8986309664390348,0.0774820828248626,0.0238869507361026,False
10848,SEG_C,0.3644160049480912,0.3415501155168297,0.29403387953507903,0.3644160049480912,True
10854,SEG_A,0.7524060886256949,0.7524060886256949,0.07525518417058717,0.172338727203718,False
10856,SEG_A,0.8533913235452792,0.8533913235452792,0.0698571160664565,0.0767515603882643,False
10861,SEG_B,0.4155670782495497,0.39371360403016686,0.4155670782495497,0.19071931772028344,True
10864,SEG_A,0.9239197639274399,0.9239197639274399,0.04405210763915614,0.03202812843340394,False
10866,SEG_A,0.8298396735086107,0.8298396735086107,0.13790337575956865,0.032256950731820735,False
10868,SEG_A,0.7882334276761189,0.7882334276761189,0.17208380280799918,0.03968276951588212,False
10871,SEG_A,0.7244072103582427,0.7244072103582427,0.1550729194411366,0.12051987020062062,False
10874,SEG_A,0.8277321485615065,0.8277321485615065,0.13055191358424134,0.04171593785425227,False
10883,SEG_A,0.9391153309886566,0.9391153309886566,0.04560255880300753,0.015282110208335703,False
10884,SEG_A,0.5936651643697524,0.5936651643697524,0.09099879966565366,0.31533603596459386,False
10890,SEG_A,0.9024677365901856,0.9024677365901856,0.043769844605261565,0.053762418804552875,False
10891,SEG_A,0.8478280331018242,0.8478280331018242,0.07410027121922874,0.07807169567894705,False
10893,SEG_A,0.8591619219434881,0.8591619219434881,0.056158088890531824,0.08467998916598021,False
10894,SEG_A,0.7339277568521724,0.7339277568521724,0.19350820017771558,0.07256404297011217,False
10897,SEG_A,0.899346021629746,0.899346021629746,0.05935691037580001,0.04129706799445401,False
10898,SEG_A,0.8053221195179985,0.8053221195179985,0.0570925483900195,0.13758533209198198,False
10899,SEG_A,0.7226347187399107,0.7226347187399107,0.22581742021304377,0.05154786104704558,False
10903,SEG_A,0.8098744913776494,0.8098744913776494,0.10011617285671065,0.09000933576563992,False
10904,SEG_A,0.87697649243669,0.87697649243669,0.09511682132616278,0.027906686237147267,False
10906,SEG_A,0.5713802035605309,0.5713802035605309,0.3764275911559818,0.052192205283487225,False
10907,SEG_A,0.9019480896329573,0.9019480896329573,0.07282237506940031,0.025229535297642488,False
10915,SEG_A,0.7615698896243938,0.7615698896243938,0.18969453809943168,0.04873557227617461,False
10917,SEG_A,0.45462679709371895,0.45462679709371895,0.13061252120607797,0.41476068170020314,False
10918,SEG_A,0.9080834425613945,0.9080834425613945,0.0702022374431241,0.021714319995481367,False
10924,SEG_A,0.8580222238094598,0.8580222238094598,0.12243569543897909,0.019542080751561067,False
10925,SEG_A,0.921907227351944,0.921907227351944,0.06482086399716507,0.013271908650890861,False
10928,SEG_A,0.8093263517302709,0.8093263517302709,0.11433655867526504,0.07633708959446413,False
10929,SEG_A,0.8920712383380903,0.8920712383380903,0.08537060316443065,0.022558158497478876,False
10930,SEG_A,0.589832928270658,0.589832928270658,0.16531172067825392,0.24485535105108797,False
10933,SEG_A,0.7762893229470205,0.7762893229470205,0.14226031407812798,0.08145036297485148,False
10934,SEG_A,0.8377088264032244,0.8377088264032244,0.12676299733767396,0.03552817625910163,False
10935,SEG_C,0.7733342451098226,0.0017161711014380145,0.22494958378873942,0.7733342451098226,False
10936,SEG_A,0.9044219233060358,0.9044219233060358,0.08521985990913665,0.010358216784827564,False
10937,SEG_A,0.793567260455025,0.793567260455025,0.07968072869189789,0.12675201085307716,False
10944,SEG_A,0.7939941967492419,0.7939941967492419,0.1594945140638668,0.0465112891868913,False
10945,SEG_B,0.812976199627287,0.11891353845759,0.812976199627287,0.06811026191512289,False
10947,SEG_A,0.7597622012387318,0.7597622012387318,0.1821806278537558,0.058057170907512286,False
10950,SEG_A,0.9139369756371639,0.9139369756371639,0.05935084671679492,0.02671217764604121,False
10952,SEG_A,0.6427619103170852,0.6427619103170852,0.21404263215839575,0.14319545752451907,False
10956,SEG_A,0.9377161988002654,0.9377161988002654,0.05457726170193169,0.007706539497803051,False
10958,SEG_A,0.9447481109905952,0.9447481109905952,0.04227984917898457,0.012972039830420204,False
10960,SEG_A,0.9367526683899243,0.9367526683899243,0.05132723478087433,0.011920096829201407,False
10961,SEG_A,0.7669663047484988,0.7669663047484988,0.08083130271648949,0.15220239253501172,False
10965,SEG_A,0.8472940511491373,0.8472940511491373,0.08862056937137394,0.0640853794794889,False
10966,SEG_A,0.7210870492841688,0.7210870492841688,0.12570089322695446,0.15321205748887662,False
10969,SEG_A,0.8629141670825031,0.8629141670825031,0.1080104626074078,0.029075370310089,False
10971,SEG_A,0.9718995557411397,0.9718995557411397,0.018437012296178803,0.00966343196268145,False
10972,SEG_B,0.9102651250998957,0.01107483003736759,0.9102651250998957,0.07866004486273674,False
10973,SEG_A,0.8118203461610468,0.8118203461610468,0.11555217005449439,0.07262748378445873,False
10974,SEG_C,0.6664553432302256,0.011514233537143955,0.32203042323263037,0.6664553432302256,False
10976,SEG_A,0.9069600083834816,0.9069600083834816,0.08304651492437039,0.009993476692148045,False
10977,SEG_B,0.69972429747981,0.013670255804009015,0.69972429747981,0.28660544671618093,False
10979,SEG_A,0.9629378531497353,0.9629378531497353,0.029892997226049087,0.007169149624215616,False
10980,SEG_A,0.7831102646817496,0.7831102646817496,0.12473678653226601,0.09215294878598441,False
10982,SEG_A,0.9017719621418747,0.9017719621418747,0.08510252134972904,0.013125516508396252,False
10984,SEG_A,0.7008500539084794,0.7008500539084794,0.21561842058474262,0.08353152550677805,False
10985,SEG_A,0.9220754106782296,0.9220754106782296,0.056818800716356935,0.021105788605413615,False
10991,SEG_A,0.7488570328998313,0.7488570328998313,0.1400974706517457,0.11104549644842311,False
10992,SEG_B,0.8277171379728293,0.004432463973667497,0.8277171379728293,0.16785039805350307,False
10995,SEG_A,0.7169269455620191,0.7169269455620191,0.053662316527779336,0.2294107379102016,False
11002,SEG_A,0.5140641302797069,0.5140641302797069,0.16563157682047894,0.32030429289981416,False
11006,SEG_A,0.9686186683455255,0.9686186683455255,0.021732127219258365,0.009649204435216234,False
11007,SEG_A,0.8756048349493694,0.8756048349493694,0.051059491689288077,0.07333567336134265,False
11008,SEG_A,0.6688527860362979,0.6688527860362979,0.2566762975829685,0.07447091638073362,False
11009,SEG_A,0.8203547847101095,0.8203547847101095,0.14437907327193358,0.03526614201795692,False
11011,SEG_A,0.5996041115408505,0.5996041115408505,0.3217703662633221,0.07862552219582747,False
11012,SEG_A,0.737326114338335,0.737326114338335,0.10222944008765908,0.160444445574006,False
11014,SEG_A,0.8269322837066784,0.8269322837066784,0.0678497489016359,0.10521796739168567,False
11015,SEG_A,0.9254492894201106,0.9254492894201106,0.05396394352702077,0.02058676705286863,False
11017,SEG_A,0.9252814791285104,0.9252814791285104,0.06491090483999994,0.009807616031489523,False
11018,SEG_B,0.5796137248057751,0.2915705488505654,0.5796137248057751,0.1288157263436595,False
11019,SEG_A,0.9399936007347285,0.9399936007347285,0.042595898070327314,0.01741050119494434,False
11021,SEG_A,0.8742211397291938,0.8742211397291938,0.09409948057009822,0.031679379700708006,False
11022,SEG_A,0.759127908715534,0.759127908715534,0.10297769630965646,0.13789439497480957,False
11024,SEG_A,0.7658825900486589,0.7658825900486589,0.18449825419933838,0.04961915575200271,False
11025,SEG_B,0.7909977429832484,0.12411024225696204,0.7909977429832484,0.08489201475978961,False
11027,SEG_A,0.9081124491215621,0.9081124491215621,0.08150928496460676,0.010378265913831194,False
11028,SEG_A,0.9417050500038793,0.9417050500038793,0.020355298086222363,0.03793965190989837,False
11029,SEG_A,0.9192874285619994,0.9192874285619994,0.061246741880177265,0.019465829557823278,False
11031,SEG_A,0.7092976164143919,0.7092976164143919,0.2620196965994238,0.028682686986184293,False
11036,SEG_A,0.3760139357814423,0.3760139357814423,0.3029338193257253,0.3210522448928326,True
11037,SEG_A,0.9074634646393177,0.9074634646393177,0.07680867849495246,0.015727856865729785,False
11041,SEG_A,0.9099958624664499,0.9099958624664499,0.04481319541242031,0.045190942121129674,False
11045,SEG_A,0.7981997781000587,0.7981997781000587,0.15307950095553094,0.04872072094441029,False
11047,SEG_A,0.9501309192635643,0.9501309192635643,0.033131991281110676,0.01673708945532498,False
11048,SEG_A,0.8150905068896839,0.8150905068896839,0.14753944763604798,0.037370045474268206,False
11050,SEG_A,0.6071688447665929,0.6071688447665929,0.2079227537709083,0.18490840146249887,False
11051,SEG_A,0.9181411392612716,0.9181411392612716,0.06180908979425568,0.020049770944472647,False
11052,SEG_A,0.7086647170279675,0.7086647170279675,0.122198181377419,0.1691371015946135,False
11055,SEG_A,0.9627208071475222,0.9627208071475222,0.0260721580333333,0.011207034819144588,False
11057,SEG_A,0.9171031169171818,0.9171031169171818,0.07829130117424728,0.004605581908570972,False
11058,SEG_A,0.6102028430361135,0.6102028430361135,0.16482056533310965,0.22497659163077688,False
11060,SEG_A,0.9373146749943316,0.9373146749943316,0.04094574374091863,0.02173958126474975,False
11070,SEG_A,0.9328082009856646,0.9328082009856646,0.042425237478595314,0.02476656153574016,False
11073,SEG_B,0.6781486088975355,0.14169997302718262,0.6781486088975355,0.18015141807528193,False
11078,SEG_A,0.7368707405479878,0.7368707405479878,0.10277882580753576,0.1603504336444764,False
11081,SEG_B,0.6543264686688713,0.21051928682206197,0.6543264686688713,0.13515424450906663,False
11083,SEG_A,0.934819850270119,0.934819850270119,0.04785578031015355,0.01732436941972737,False
11089,SEG_A,0.7903501977431241,0.7903501977431241,0.1845107888969684,0.02513901335990751,False
11091,SEG_C,0.6067715540863731,0.0010319385457965634,0.3921965073678304,0.6067715540863731,False
11100,SEG_A,0.8954719449433665,0.8954719449433665,0.058572093933566216,0.04595596112306747,False
11102,SEG_A,0.7758370039377428,0.7758370039377428,0.20789721083832907,0.016265785223928103,False
11103,SEG_A,0.492435828258656,0.492435828258656,0.32614132742317276,0.1814228443181712,False
11105,SEG_A,0.9554253268188495,0.9554253268188495,0.023510415091408648,0.02106425808974191,False
11106,SEG_A,0.8091770069128075,0.8091770069128075,0.12252606324412692,0.06829692984306565,False
11111,SEG_A,0.7246359305038955,0.7246359305038955,0.1930416272828179,0.08232244221328662,False
11125,SEG_A,0.8643443392986215,0.8643443392986215,0.09964112352952881,0.036014537171849624,False
11135,SEG_A,0.8741498367819059,0.8741498367819059,0.1016654285858793,0.02418473463221458,False
11148,SEG_A,0.9402176779199222,0.9402176779199222,0.05576697790888976,0.004015344171187981,False
11170,SEG_A,0.8685334832358841,0.8685334832358841,0.02995146588384651,0.10151505088026933,False
11171,SEG_A,0.7733838942182983,0.7733838942182983,0.13994885028057502,0.08666725550112665,False
11178,SEG_A,0.7065830151572818,0.7065830151572818,0.27095988542767857,0.02245709941503951,False
11186,SEG_A,0.5114012998169365,0.5114012998169365,0.3931279072378982,0.09547079294516529,False
11193,SEG_A,0.8993322077132168,0.8993322077132168,0.08127186638984005,0.019395925896943236,False
11198,SEG_B,0.8553417767886003,0.10247511338541157,0.8553417767886003,0.04218310982598814,False
11203,SEG_A,0.8569032669514258,0.8569032669514258,0.12460103627527215,0.01849569677330194,False
11206,SEG_A,0.8724466469901474,0.8724466469901474,0.06178474407778321,0.06576860893206937,False
11207,SEG_A,0.9429079519877072,0.9429079519877072,0.03684103424009943,0.02025101377219342,False
11211,SEG_A,0.9045281738545126,0.9045281738545126,0.06496512191474564,0.030506704230741838,False
11223,SEG_A,0.8257392288351945,0.8257392288351945,0.10468956343600617,0.06957120772879936,False
11230,SEG_A,0.7882095126799195,0.7882095126799195,0.17262404159760755,0.03916644572247313,False
11231,SEG_A,0.9363008647579412,0.9363008647579412,0.03939074266934095,0.02430839257271776,False
11232,SEG_A,0.5362292211255137,0.5362292211255137,0.3092194526656185,0.15455132620886783,False
11234,SEG_A,0.818980830968602,0.818980830968602,0.1387184917245027,0.042300677306895344,False
11240,SEG_A,0.8611990934391409,0.8611990934391409,0.05279660002775198,0.08600430653310719,False
11258,SEG_A,0.6443886065701904,0.6443886065701904,0.27161971280773545,0.08399168062207418,False
11266,SEG_A,0.9268663813948751,0.9268663813948751,0.061532353534294384,0.01160126507083067,False
11273,SEG_A,0.7218215635443649,0.7218215635443649,0.17155064730473946,0.10662778915089575,False
11279,SEG_A,0.8532237962430457,0.8532237962430457,0.061406172823749994,0.08537003093320443,False
11284,SEG_A,0.8113149688055099,0.8113149688055099,0.11518112521173238,0.0735039059827578,False
11285,SEG_C,0.5380480665386524,0.005827527398186194,0.4561244060631614,0.5380480665386524,False
11301,SEG_A,0.8952684339172681,0.8952684339172681,0.08328727248668405,0.02144429359604794,False
11302,SEG_A,0.7380869344601836,0.7380869344601836,0.18247746340645699,0.07943560213335957,False
11304,SEG_A,0.8979121737279829,0.8979121737279829,0.05932093883977556,0.0427668874322416,False
11305,SEG_A,0.7681605329401102,0.7681605329401102,0.2000091821523083,0.03183028490758141,False
11306,SEG_A,0.7723608993206117,0.7723608993206117,0.1409044924638916,0.08673460821549661,False
11308,SEG_B,0.6378465453988487,0.14202329761200796,0.6378465453988487,0.22013015698914343,False
11311,SEG_A,0.8719542389334088,0.8719542389334088,0.07261129160955727,0.055434469457034084,False
11312,SEG_A,0.7504526400161222,0.7504526400161222,0.06694049830799807,0.18260686167587964,False
11320,SEG_A,0.9766438763599435,0.9766438763599435,0.017382165492953218,0.005973958147103154,False
11323,SEG_A,0.8852401201683365,0.8852401201683365,0.07311138465000794,0.04164849518165559,False
11326,SEG_A,0.8391092479968868,0.8391092479968868,0.12883532027222483,0.03205543173088842,False
11328,SEG_A,0.8848491507999602,0.8848491507999602,0.045433822617300376,0.06971702658273955,False
11332,SEG_B,0.48195921594144514,0.42906704367618953,0.48195921594144514,0.08897374038236536,False
11334,SEG_A,0.791650581508694,0.791650581508694,0.12185572771066479,0.08649369078064123,False
11338,SEG_C,0.586641846431151,0.03349646631224503,0.37986168725660385,0.586641846431151,False
11340,SEG_A,0.834687137875125,0.834687137875125,0.08214057536432404,0.0831722867605509,False
11341,SEG_A,0.7569530242734068,0.7569530242734068,0.21988290434254806,0.023164071384045144,False
11346,SEG_A,0.8514635080527116,0.8514635080527116,0.11248593626641337,0.03605055568087506,False
11352,SEG_A,0.9392137630522874,0.9392137630522874,0.05202124367638356,0.008764993271328923,False
11353,SEG_A,0.9434289713839263,0.9434289713839263,0.04361372130454525,0.012957307311528528,False
11354,SEG_A,0.6359684587456489,0.6359684587456489,0.1900566138929896,0.1739749273613615,False
11355,SEG_A,0.8874959259756334,0.8874959259756334,0.058518729868594854,0.05398534415577167,False
11359,SEG_A,0.909050529322091,0.909050529322091,0.08018733311347491,0.010762137564434122,False
11360,SEG_A,0.8476008623482164,0.8476008623482164,0.14219298134063105,0.0102061563111525,False
11361,SEG_B,0.6055152026556585,0.21044092189286293,0.6055152026556585,0.18404387545147854,False
11366,SEG_A,0.768175223697214,0.768175223697214,0.14696124464004282,0.08486353166274317,False
11371,SEG_A,0.8961430217029095,0.8961430217029095,0.05411502684469593,0.049741951452394746,False
11375,SEG_A,0.7439059132217676,0.7439059132217676,0.05814374547719551,0.19795034130103686,False
11376,SEG_A,0.9222757511655991,0.9222757511655991,0.0650022043403382,0.012722044494062628,False
11382,SEG_A,0.692687868785778,0.692687868785778,0.24312340428741294,0.06418872692680898,False
11383,SEG_A,0.849226307135458,0.849226307135458,0.08750092206479763,0.06327277079974447,False
11385,SEG_A,0.901168436011413,0.901168436011413,0.04577203846106908,0.05305952552751794,False
11397,SEG_A,0.6577225114138224,0.6577225114138224,0.18746270476700166,0.15481478381917596,False
11414,SEG_A,0.5634106279724962,0.5634106279724962,0.420292758101208,0.016296613926295892,False
11421,SEG_A,0.7531380348876529,0.7531380348876529,0.11463131588207937,0.1322306492302678,False
11446,SEG_A,0.7882095126799195,0.7882095126799195,0.17262404159760755,0.03916644572247313,False
11451,SEG_A,0.9277727005464371,0.9277727005464371,0.06504490469550199,0.007182394758060885,False
11456,SEG_A,0.8118203461610468,0.8118203461610468,0.11555217005449439,0.07262748378445873,False
11459,SEG_A,0.9686129391273542,0.9686129391273542,0.026545313413976417,0.004841747458669334,False
11460,SEG_A,0.9172052980369592,0.9172052980369592,0.023322571762388365,0.05947213020065253,False
11470,SEG_A,0.8161685091419597,0.8161685091419597,0.06827532393854276,0.1155561669194975,False
11472,SEG_A,0.8260056947973126,0.8260056947973126,0.14410194911802587,0.02989235608466157,False
11474,SEG_A,0.8664505008939156,0.8664505008939156,0.09280795541422997,0.04074154369185446,False
11486,SEG_A,0.8254923660932814,0.8254923660932814,0.10773316445909442,0.06677446944762432,False
11495,SEG_A,0.716862961793164,0.716862961793164,0.20545713217370395,0.07767990603313212,False
11499,SEG_A,0.509507890319983,0.509507890319983,0.44145850173018475,0.0490336079498323,False
11500,SEG_A,0.7512879100181324,0.7512879100181324,0.13517134856056814,0.1135407414212993,False
11501,SEG_A,0.8344403186995932,0.8344403186995932,0.11549460062957935,0.05006508067082734,False
11503,SEG_A,0.835622249173021,0.835622249173021,0.14854450722533244,0.015833243601646563,False
11505,SEG_A,0.7094712510441458,0.7094712510441458,0.18099882916867874,0.10952991978717556,False
11512,SEG_A,0.8170901160532825,0.8170901160532825,0.1128426724790021,0.07006721146771533,False
11530,SEG_A,0.8427503320226933,0.8427503320226933,0.13231195135500862,0.024937716622297934,False
11533,SEG_A,0.8171933452589171,0.8171933452589171,0.12505229587516548,0.05775435886591726,False
11539,SEG_A,0.9279139493266225,0.9279139493266225,0.06643398706989405,0.0056520636034833455,False
11540,SEG_A,0.7497032686198009,0.7497032686198009,0.22259668118027248,0.027700050199926527,False
11541,SEG_A,0.9523499522580691,0.9523499522580691,0.02127876047662081,0.026371287265310066,False
11544,SEG_A,0.9532681012666199,0.9532681012666199,0.04164549898738476,0.0050863997459952865,False
11547,SEG_A,0.43661443030210584,0.43661443030210584,0.40859520639305313,0.15479036330484108,True
11563,SEG_A,0.7882095126799195,0.7882095126799195,0.17262404159760755,0.03916644572247313,False
11567,SEG_A,0.742261943631611,0.742261943631611,0.11906025212088359,0.13867780424750545,False
11571,SEG_A,0.9121895311886514,0.9121895311886514,0.04285463699201419,0.0449558318193344,False
11574,SEG_A,0.8232476998048801,0.8232476998048801,0.14122001910994852,0.035532281085171445,False
11577,SEG_A,0.9570411663896301,0.9570411663896301,0.03533045874732875,0.007628374863041051,False
11583,SEG_A,0.9469695972617036,0.9469695972617036,0.04530814353331094,0.007722259204985465,False
11585,SEG_A,0.9138872303466657,0.9138872303466657,0.07519112884901978,0.010921640804314315,False
11593,SEG_A,0.8990650327233287,0.8990650327233287,0.07331656355568227,0.027618403720988977,False
11611,SEG_A,0.9112491559304547,0.9112491559304547,0.04389522561417705,0.044855618455368146,False
11614,SEG_A,0.7903911547758252,0.7903911547758252,0.05351692828900104,0.15609191693517366,False
11616,SEG_A,0.42891326637631993,0.42891326637631993,0.2867970377117898,0.2842896959118903,True
11618,SEG_A,0.8239838745031097,0.8239838745031097,0.10599939657747494,0.07001672891941547,False
11619,SEG_A,0.84536408172475,0.84536408172475,0.10334153886733798,0.05129437940791201,False
11634,SEG_A,0.8043451596461252,0.8043451596461252,0.07866422678981282,0.116990613564062,False
11637,SEG_B,0.5043778623817466,0.3764168635879069,0.5043778623817466,0.1192052740303464,False
11641,SEG_A,0.859531525137425,0.859531525137425,0.12730969476994428,0.013158780092630577,False
11652,SEG_A,0.8986331536806944,0.8986331536806944,0.053753942636383736,0.0476129036829217,False
11659,SEG_A,0.9241463417963909,0.9241463417963909,0.05244379023297987,0.023409867970629168,False
11671,SEG_A,0.7471306021840894,0.7471306021840894,0.12123240741159391,0.1316369904043165,False
11672,SEG_A,0.6317100170171901,0.6317100170171901,0.16123011060624223,0.20705987237656778,False
11676,SEG_A,0.7735389723408793,0.7735389723408793,0.04360953425733914,0.18285149340178147,False
11677,SEG_A,0.4846069014846926,0.4846069014846926,0.3187590275292055,0.1966340709861019,False
11682,SEG_A,0.8020592091074799,0.8020592091074799,0.16072030383929317,0.037220487053227023,False
11691,SEG_A,0.8845480388056133,0.8845480388056133,0.05251967195046823,0.06293228924391851,False
11696,SEG_A,0.59146218129463,0.59146218129463,0.09910438093125712,0.30943343777411286,False
11702,SEG_A,0.8006155849192051,0.8006155849192051,0.17156599163441488,0.027818423446379963,False
11704,SEG_A,0.8606501754704674,0.8606501754704674,0.11982160280761603,0.01952822172191668,False
11706,SEG_B,0.5513561882685543,0.37989732604118726,0.5513561882685543,0.06874648569025846,False
11711,SEG_A,0.9204710328858405,0.9204710328858405,0.04108442711897495,0.038444539995184435,False
11713,SEG_A,0.8565841301312729,0.8565841301312729,0.047307455062599084,0.09610841480612793,False
11716,SEG_A,0.8646118658819303,0.8646118658819303,0.05549040985493373,0.07989772426313596,False
11726,SEG_A,0.8483861271491012,0.8483861271491012,0.09498840097685705,0.056625471874041745,False
11727,SEG_A,0.9355096295915097,0.9355096295915097,0.042474459471189684,0.022015910937300567,False
11729,SEG_A,0.9748700004945208,0.9748700004945208,0.01646477758776004,0.00866522191771928,False
11734,SEG_A,0.9034336455333126,0.9034336455333126,0.09040199322860078,0.006164361238086659,False
11742,SEG_A,0.9754911205784437,0.9754911205784437,0.020738699722595046,0.0037701796989612424,False
11744,SEG_A,0.9234953284976428,0.9234953284976428,0.05252411010898532,0.023980561393371968,False
11746,SEG_A,0.9634754124873495,0.9634754124873495,0.031077062299245378,0.005447525213405155,False
11748,SEG_A,0.9400275379028235,0.9400275379028235,0.04679143242216411,0.013181029675012607,False
11754,SEG_A,0.8490711211714299,0.8490711211714299,0.07826842781479637,0.07266045101377366,False
11758,SEG_A,0.6421861681186654,0.6421861681186654,0.2238281581055688,0.13398567377576562,False
11759,SEG_A,0.8276007329686367,0.8276007329686367,0.12087582115174939,0.05152344587961399,False
11760,SEG_A,0.8114667761747193,0.8114667761747193,0.07720787262378184,0.11132535120149883,False
11768,SEG_C,0.5385073619928947,0.14319443756754846,0.3182982004395569,0.5385073619928947,False
11773,SEG_A,0.7349895887843495,0.7349895887843495,0.21856085198436467,0.04644955923128596,False
11778,SEG_A,0.7186202398390861,0.7186202398390861,0.25349752131281933,0.027882238848094706,False
11781,SEG_A,0.5983451041380223,0.5983451041380223,0.34392759929696565,0.05772729656501187,False
11782,SEG_A,0.8398997337223617,0.8398997337223617,0.13413118067941032,0.025969085598227925,False
11789,SEG_A,0.6139934216400554,0.6139934216400554,0.36786758008448306,0.018138998275461407,False
11790,SEG_A,0.9713743445392143,0.9713743445392143,0.021910977815056545,0.006714677645729022,False
11796,SEG_A,0.7487789868966295,0.7487789868966295,0.22946574747914533,0.021755265624225056,False
11810,SEG_A,0.9740181436261919,0.9740181436261919,0.021815805836750267,0.004166050537057986,False
11813,SEG_A,0.757482545801687,0.757482545801687,0.16277857851801944,0.07973887568029364,False
11816,SEG_A,0.9193376975874374,0.9193376975874374,0.06425769475743058,0.016404607655132058,False
11828,SEG_B,0.5065854046723597,0.4567179949569705,0.5065854046723597,0.03669660037066981,False
11831,SEG_A,0.8006872096857157,0.8006872096857157,0.1140778813321101,0.08523490898217422,False
11852,SEG_A,0.7645122460724421,0.7645122460724421,0.11097737276735387,0.12451038116020395,False
11857,SEG_A,0.9174496610905882,0.9174496610905882,0.06679544592649907,0.01575489298291258,False
11869,SEG_A,0.8820933868450298,0.8820933868450298,0.0952045597726754,0.022702053382294772,False
11873,SEG_A,0.9296010532357001,0.9296010532357001,0.048000848954603034,0.02239809780969694,False
11880,SEG_A,0.6818192232131544,0.6818192232131544,0.17968359709479545,0.13849717969205025,False
11886,SEG_A,0.4605050648957238,0.4605050648957238,0.36242379302538796,0.17707114207888816,False
11905,SEG_A,0.8584357399953907,0.8584357399953907,0.11846202108301804,0.023102238921591176,False
11907,SEG_A,0.9329740939655674,0.9329740939655674,0.04666017730385765,0.020365728730574916,False
11921,SEG_A,0.9074978678416218,0.9074978678416218,0.08485164395769039,0.007650488200687693,False
11938,SEG_A,0.8944575927355599,0.8944575927355599,0.09235250154804074,0.0131899057163993,False
11952,SEG_A,0.9113817300714963,0.9113817300714963,0.04110997592698225,0.0475082940015215,False
11957,SEG_A,0.9712444566262944,0.9712444566262944,0.02222722583407003,0.006528317539635613,False
11961,SEG_A,0.8102971717875112,0.8102971717875112,0.07811124380853401,0.11159158440395482,False
11964,SEG_A,0.6937912501571954,0.6937912501571954,0.23924511072301594,0.06696363911978867,False
11966,SEG_A,0.8191196427713879,0.8191196427713879,0.1391180309903802,0.04176232623823198,False
11970,SEG_B,0.5176664382302558,0.42450104461823396,0.5176664382302558,0.05783251715151021,False
11974,SEG_A,0.9620360896037352,0.9620360896037352,0.029073545625024514,0.00889036477124028,False
11976,SEG_A,0.885407896452839,0.885407896452839,0.06641761901390972,0.04817448453325137,False
11987,SEG_A,0.7794878970920534,0.7794878970920534,0.2022420848524925,0.01827001805545407,False
11993,SEG_A,0.9272217919244514,0.9272217919244514,0.05249640605386696,0.020281802021681568,False
12005,SEG_A,0.8990650327233287,0.8990650327233287,0.07331656355568227,0.027618403720988977,False
12013,SEG_A,0.7427444710980335,0.7427444710980335,0.24188403881768825,0.015371490084278116,False
12018,SEG_A,0.9500010430559276,0.9500010430559276,0.04111130909942031,0.00888764784465219,False
12022,SEG_A,0.8433578494652006,0.8433578494652006,0.1401098970987019,0.016532253436097512,False
12029,SEG_A,0.979521028034917,0.979521028034917,0.013199945949462886,0.007279026015620122,False
12032,SEG_A,0.8775493171898878,0.8775493171898878,0.11332259559021515,0.009128087219897014,False
12054,SEG_A,0.872270208798107,0.872270208798107,0.04266684299281694,0.08506294820907605,False
12056,SEG_A,0.8796801945590037,0.8796801945590037,0.08356718529054376,0.036752620150452386,False
12060,SEG_A,0.9308220248135516,0.9308220248135516,0.05389297942576101,0.015284995760687497,False
12072,SEG_A,0.7703740742696856,0.7703740742696856,0.10083233511108983,0.12879359061922457,False
12076,SEG_A,0.764319085171872,0.764319085171872,0.11028420468534456,0.12539671014278345,False
12080,SEG_A,0.8524553521671706,0.8524553521671706,0.08754443930520404,0.060000208527625276,False
12081,SEG_A,0.875670375001732,0.875670375001732,0.0699424506744107,0.05438717432385743,False
12090,SEG_A,0.7367211596795585,0.7367211596795585,0.21424211863814233,0.049036721682299104,False
12091,SEG_A,0.8748833867963803,0.8748833867963803,0.06257750715899546,0.06253910604462418,False
12097,SEG_A,0.6699062192686295,0.6699062192686295,0.27940115892176265,0.0506926218096079,False
12098,SEG_A,0.9139789361968162,0.9139789361968162,0.056793691616048574,0.029227372187135236,False
12099,SEG_A,0.730771442674667,0.730771442674667,0.10639321355160884,0.16283534377372405,False
12100,SEG_A,0.7488180892389524,0.7488180892389524,0.1933025648535185,0.0578793459075291,False
12101,SEG_A,0.942277788824411,0.942277788824411,0.040338562607584456,0.017383648568004516,False
12109,SEG_A,0.6809244756912791,0.6809244756912791,0.2674186923932482,0.051656831915472566,False
12112,SEG_A,0.8533910673292902,0.8533910673292902,0.10506687634997401,0.041542056320735675,False
12125,SEG_A,0.9319819094944228,0.9319819094944228,0.056494595562340794,0.01152349494323638,False
12126,SEG_A,0.7946784466758482,0.7946784466758482,0.16818595112527981,0.037135602198871916,False
12127,SEG_A,0.9394718985066925,0.9394718985066925,0.0471329703089112,0.013395131184396343,False
12133,SEG_A,0.7935620837142661,0.7935620837142661,0.182772359120872,0.023665557164861965,False
12135,SEG_A,0.9793495752794592,0.9793495752794592,0.015894964836015532,0.004755459884525151,False
12137,SEG_A,0.97661172849123,0.97661172849123,0.017517046422943095,0.00587122508582704,False
12140,SEG_B,0.9429988828858883,0.014720772475923318,0.9429988828858883,0.04228034463818835,False
12141,SEG_A,0.9009127765479867,0.9009127765479867,0.0765180894071308,0.02256913404488241,False
12142,SEG_A,0.7581279887100546,0.7581279887100546,0.2061314253092151,0.03574058598073022,False
12148,SEG_A,0.7472248808869716,0.7472248808869716,0.15641145131728643,0.0963636677957421,False
12149,SEG_A,0.9393716103478058,0.9393716103478058,0.0446298144308511,0.01599857522134311,False
12150,SEG_A,0.7713571352974615,0.7713571352974615,0.13723392444335836,0.09140894025918002,False
12153,SEG_A,0.8158340597505492,0.8158340597505492,0.16642961301451287,0.017736327234937822,False
12156,SEG_A,0.8793650057179457,0.8793650057179457,0.07560612782374945,0.04502886645830473,False
12161,SEG_A,0.7434344431164694,0.7434344431164694,0.23119585608937915,0.02536970079415149,False
12163,SEG_A,0.7458921812342462,0.7458921812342462,0.13399480749529347,0.1201130112704604,False
12167,SEG_A,0.798969791560356,0.798969791560356,0.0818650621537944,0.11916514628584965,False
12168,SEG_A,0.8461889324595498,0.8461889324595498,0.03440944257661678,0.11940162496383333,False
12177,SEG_A,0.7923109442409654,0.7923109442409654,0.10650293282335457,0.10118612293568008,False
12189,SEG_A,0.8056192231844012,0.8056192231844012,0.14654805688814632,0.04783271992745266,False
12190,SEG_A,0.7559313078545361,0.7559313078545361,0.1838489003474277,0.060219791798036285,False
12196,SEG_A,0.6567816826769065,0.6567816826769065,0.2812434350462531,0.0619748822768405,False
12197,SEG_A,0.9360287948185162,0.9360287948185162,0.037159146791121124,0.02681205839036269,False
12199,SEG_A,0.8599739245364926,0.8599739245364926,0.0968171424229477,0.04320893304055971,False
12200,SEG_A,0.7885401882918534,0.7885401882918534,0.1537505763738446,0.057709235334301945,False
12204,SEG_A,0.7375913282711818,0.7375913282711818,0.20519716445125516,0.057211507277563044,False
12205,SEG_A,0.8750804458134002,0.8750804458134002,0.09057632302969652,0.034343231156903284,False
12208,SEG_A,0.7882095126799195,0.7882095126799195,0.17262404159760755,0.03916644572247313,False
12209,SEG_A,0.8769437011934076,0.8769437011934076,0.09801802881261311,0.02503826999397934,False
12210,SEG_A,0.7096875772572285,0.7096875772572285,0.14052098012162725,0.14979144262114416,False
12212,SEG_A,0.7927611617315895,0.7927611617315895,0.12622128996089238,0.08101754830751828,False
12214,SEG_B,0.42523313318169975,0.4251421834314528,0.42523313318169975,0.14962468338684745,True
12217,SEG_B,0.3370764612701448,0.33339552530288014,0.3370764612701448,0.32952801342697496,True
12222,SEG_A,0.9438420288251894,0.9438420288251894,0.03659502034263481,0.019562950832175796,False
12230,SEG_A,0.9671146809440961,0.9671146809440961,0.025948900287569802,0.006936418768334165,False
12232,SEG_A,0.824022589276944,0.824022589276944,0.15440067927363946,0.021576731449416558,False
12234,SEG_A,0.9695579229239273,0.9695579229239273,0.026187821354425225,0.004254255721647493,False
12235,SEG_A,0.8368971472783756,0.8368971472783756,0.14942435015066016,0.01367850257096412,False
12236,SEG_A,0.5883066449867075,0.5883066449867075,0.3848398198274904,0.02685353518580203,False
12238,SEG_A,0.746067784466181,0.746067784466181,0.15405860663227053,0.09987360890154837,False
12248,SEG_A,0.9849890912057542,0.9849890912057542,0.012488238522566227,0.0025226702716795507,False
12250,SEG_A,0.547062238355449,0.547062238355449,0.1775169409762168,0.27542082066833407,False
12255,SEG_A,0.7398877049729298,0.7398877049729298,0.09018789038793074,0.1699244046391395,False
12256,SEG_B,0.4541833696700139,0.3250030338394455,0.4541833696700139,0.22081359649054066,False
12258,SEG_A,0.5705169509177376,0.5705169509177376,0.10997626650828479,0.31950678257397763,False
12259,SEG_A,0.46560738505848487,0.46560738505848487,0.33159143632728505,0.20280117861423,False
12262,SEG_A,0.8085664988568756,0.8085664988568756,0.11448818604455831,0.07694531509856611,False
12264,SEG_A,0.875177046025375,0.875177046025375,0.07726385664374603,0.047559097330878805,False
12266,SEG_B,0.8314695635336343,0.026872132831370743,0.8314695635336343,0.14165830363499496,False
12268,SEG_A,0.7351408030307287,0.7351408030307287,0.12504347258198825,0.13981572438728312,False
12269,SEG_A,0.970607145381913,0.970607145381913,0.020751814993961594,0.008641039624125425,False
12270,SEG_A,0.9310867205515485,0.9310867205515485,0.04697479688112069,0.021938482567330834,False
12271,SEG_A,0.9324871166127618,0.9324871166127618,0.05899787690112305,0.008515006486115053,False
12274,SEG_A,0.8599475305361253,0.8599475305361253,0.08945931687574202,0.050593152588132684,False
12276,SEG_A,0.8118203461610468,0.8118203461610468,0.11555217005449439,0.07262748378445873,False
12278,SEG_A,0.9456714496780879,0.9456714496780879,0.04194704747619967,0.01238150284571244,False
12280,SEG_A,0.7031690930753363,0.7031690930753363,0.27690502235123654,0.01992588457342719,False
12282,SEG_A,0.7839776797791479,0.7839776797791479,0.146310376270008,0.06971194395084408,False
12283,SEG_A,0.7018614349957599,0.7018614349957599,0.21523306921699745,0.08290549578724257,False
12286,SEG_C,0.45385604516700545,0.38980112687316365,0.15634282795983093,0.45385604516700545,False
12287,SEG_A,0.645869024910302,0.645869024910302,0.2947249492909301,0.059406025798767914,False
12290,SEG_A,0.8273537133946828,0.8273537133946828,0.12393645006289308,0.04870983654242414,False
12292,SEG_A,0.8210160458977556,0.8210160458977556,0.1268901166959319,0.052093837406312626,False
12293,SEG_A,0.8964440034459109,0.8964440034459109,0.07720522189620546,0.026350774657883616,False
12296,SEG_A,0.9179196864094034,0.9179196864094034,0.061565220732692626,0.02051509285790402,False
12297,SEG_A,0.9333444511142319,0.9333444511142319,0.04828888241471006,0.01836666647105801,False
12299,SEG_A,0.9621161560428382,0.9621161560428382,0.0226297218576041,0.015254122099557847,False
12300,SEG_A,0.8167052275238009,0.8167052275238009,0.11181841884463874,0.07147635363156021,False
12303,SEG_B,0.6637274134243007,0.3080719772083323,0.6637274134243007,0.02820060936736686,False
12314,SEG_B,0.4732413255896054,0.4178360154438781,0.4732413255896054,0.10892265896651662,False
12316,SEG_A,0.9170462357788546,0.9170462357788546,0.06839685403191975,0.014556910189225619,False
12329,SEG_A,0.8825550416830314,0.8825550416830314,0.07843013078948154,0.03901482752748709,False
12331,SEG_A,0.8864480608081758,0.8864480608081758,0.08985275221174474,0.023699186980079518,False
12334,SEG_A,0.9720220683198297,0.9720220683198297,0.023879781915513515,0.00409814976465671,False
12336,SEG_A,0.7677516252043383,0.7677516252043383,0.18858960305345987,0.0436587717422018,False
12339,SEG_A,0.7234072321183694,0.7234072321183694,0.0472556967143725,0.22933707116725802,False
12341,SEG_A,0.7680069615775359,0.7680069615775359,0.20058190639656773,0.031411132025896245,False
12343,SEG_A,0.9088537557896154,0.9088537557896154,0.08639096447512869,0.004755279735255908,False
12344,SEG_A,0.8426121172759766,0.8426121172759766,0.05718980303608331,0.10019807968793996,False
12346,SEG_A,0.9235033623043891,0.9235033623043891,0.04958214977478161,0.026914487920829164,False
12348,SEG_A,0.9776786376284876,0.9776786376284876,0.018198589328783855,0.004122773042728503,False
12350,SEG_A,0.7688653640539511,0.7688653640539511,0.1193034410319807,0.11183119491406823,False
12364,SEG_A,0.8263522043978033,0.8263522043978033,0.08288066087835415,0.09076713472384261,False
12365,SEG_A,0.9824427827700148,0.9824427827700148,0.01431374204714081,0.0032434751828443707,False
12366,SEG_A,0.9364648856146782,0.9364648856146782,0.05447696689726351,0.00905814748805825,False
12369,SEG_A,0.8844186969933506,0.8844186969933506,0.10427633195297871,0.011304971053670636,False
12381,SEG_A,0.8151223623363105,0.8151223623363105,0.13492934608046214,0.04994829158322734,False
12384,SEG_A,0.8819473476679314,0.8819473476679314,0.03927044909606366,0.07878220323600496,False
12395,SEG_A,0.5968448572850045,0.5968448572850045,0.28542205491609973,0.11773308779889584,False
12397,SEG_A,0.9578375677013669,0.9578375677013669,0.025625983382939064,0.016536448915694155,False
12398,SEG_A,0.9275551550549697,0.9275551550549697,0.05810459714590119,0.01434024779912916,False
12405,SEG_A,0.7945196601131158,0.7945196601131158,0.12306924574681732,0.08241109414006682,False
12406,SEG_A,0.7946784466758482,0.7946784466758482,0.16818595112527981,0.037135602198871916,False
12407,SEG_B,0.45727519139555206,0.18710175948514018,0.45727519139555206,0.35562304911930775,False
12412,SEG_A,0.7946784466758482,0.7946784466758482,0.16818595112527981,0.037135602198871916,False
12424,SEG_A,0.933754702535761,0.933754702535761,0.035846495294834343,0.030398802169404587,False
12428,SEG_A,0.6985918486666227,0.6985918486666227,0.19731124427838595,0.10409690705499129,False
12431,SEG_A,0.8910239774015419,0.8910239774015419,0.08121605570457668,0.027759966893881386,False
12433,SEG_A,0.9680949202149859,0.9680949202149859,0.021329396858852146,0.010575682926162048,False
12435,SEG_A,0.9527767465009914,0.9527767465009914,0.022406252407099498,0.024817001091909045,False
12436,SEG_A,0.7449802243731589,0.7449802243731589,0.07095237122542374,0.1840674044014174,False
12440,SEG_A,0.929894457654063,0.929894457654063,0.06166307100469307,0.008442471341243882,False
12443,SEG_A,0.8756741382836551,0.8756741382836551,0.07184170448846051,0.05248415722788434,False
12449,SEG_A,0.867002392720988,0.867002392720988,0.0601636188592971,0.07283398841971488,False
12454,SEG_A,0.9874702026583746,0.9874702026583746,0.007590065193586573,0.004939732148038876,False
12456,SEG_A,0.7837328993470879,0.7837328993470879,0.12900010447285742,0.08726699618005455,False
12463,SEG_A,0.7627035057611778,0.7627035057611778,0.1317103309429873,0.10558616329583476,False
12475,SEG_A,0.7882353337245818,0.7882353337245818,0.18972205680843227,0.022042609466985913,False
12482,SEG_A,0.8749999070783503,0.8749999070783503,0.04793438150736644,0.07706571141428319,False
12483,SEG_A,0.9060677006792272,0.9060677006792272,0.06731309645078741,0.026619202869985512,False
12491,SEG_A,0.9173658163506891,0.9173658163506891,0.06821554067177871,0.014418642977532162,False
12494,SEG_A,0.8094624013843909,0.8094624013843909,0.1596715716779307,0.030866026937678488,False
12500,SEG_A,0.9134711609612262,0.9134711609612262,0.0780478453920327,0.008480993646741215,False
12503,SEG_A,0.9168326936374523,0.9168326936374523,0.06704812948036885,0.01611917688217867,False
12526,SEG_A,0.8805571513491076,0.8805571513491076,0.09629449447895685,0.02314835417193549,False
12535,SEG_A,0.6758080845623625,0.6758080845623625,0.30486046379872905,0.019331451638908554,False
12537,SEG_A,0.9373803001997819,0.9373803001997819,0.05372944417939839,0.008890255620819718,False
12539,SEG_A,0.9773226987857171,0.9773226987857171,0.018991798986561077,0.0036855022277217384,False
12544,SEG_A,0.9540261458318774,0.9540261458318774,0.036273400230187686,0.00970045393793494,False
12546,SEG_A,0.7707960881080743,0.7707960881080743,0.08804570852124115,0.1411582033706846,False
12547,SEG_A,0.8470230304769902,0.8470230304769902,0.13554542660858093,0.017431542914428937,False
12548,SEG_A,0.8437764726114243,0.8437764726114243,0.08850328555846552,0.06772024183011013,False
12554,SEG_A,0.9040179695322392,0.9040179695322392,0.05678905447046649,0.03919297599729428,False
12561,SEG_A,0.9073830313581563,0.9073830313581563,0.08247972191767806,0.01013724672416559,False
12575,SEG_A,0.974702790327062,0.974702790327062,0.022091251912149303,0.0032059577607885946,False
12594,SEG_A,0.9365513326675016,0.9365513326675016,0.041937758762455334,0.021510908570043112,False
12599,SEG_A,0.9467172890143555,0.9467172890143555,0.03945848655343518,0.013824224432209327,False
12600,SEG_A,0.9130943696306913,0.9130943696306913,0.07253381828762491,0.014371812081683677,False
12604,SEG_A,0.9390573774217095,0.9390573774217095,0.04513442054996021,0.015808202028330356,False
12606,SEG_A,0.8159833765901999,0.8159833765901999,0.053281794207655636,0.13073482920214446,False
12613,SEG_A,0.7976083903115736,0.7976083903115736,0.06663800969868494,0.13575359998974135,False
12619,SEG_A,0.8682075156956137,0.8682075156956137,0.12394016169883249,0.007852322605553757,False
12625,SEG_A,0.921469613123219,0.921469613123219,0.05140778360363889,0.02712260327314219,False
12629,SEG_A,0.8227495131291415,0.8227495131291415,0.12449241973958941,0.05275806713126915,False
12633,SEG_A,0.8497588793826467,0.8497588793826467,0.10702946992329981,0.04321165069405354,False
12637,SEG_A,0.8734820892187989,0.8734820892187989,0.06716076136543755,0.05935714941576355,False
12639,SEG_A,0.6846432166248664,0.6846432166248664,0.2876589586342329,0.02769782474090075,False
12640,SEG_A,0.49872490551682547,0.49872490551682547,0.27848967283044634,0.22278542165272824,False
12646,SEG_A,0.7374299133649301,0.7374299133649301,0.16283619407846628,0.09973389255660371,False
12650,SEG_A,0.9806373126462842,0.9806373126462842,0.016536868104628677,0.0028258192490871544,False
12652,SEG_A,0.8009686943294881,0.8009686943294881,0.13718286207851935,0.0618484435919926,False
12653,SEG_A,0.8997210311763033,0.8997210311763033,0.09556214979846671,0.004716819025230147,False
12660,SEG_A,0.9160441427586279,0.9160441427586279,0.05926447400912406,0.02469138323224791,False
12662,SEG_A,0.8760376819771737,0.8760376819771737,0.09765838575241206,0.026303932270414363,False
12675,SEG_A,0.7882095126799195,0.7882095126799195,0.17262404159760755,0.03916644572247313,False
12679,SEG_B,0.5281266443223159,0.07060231640571706,0.5281266443223159,0.40127103927196694,False
12680,SEG_A,0.883009779153553,0.883009779153553,0.09898788165151519,0.01800233919493175,False
12689,SEG_A,0.7946784466758482,0.7946784466758482,0.16818595112527981,0.037135602198871916,False
12690,SEG_A,0.944225891615374,0.944225891615374,0.044419347435757345,0.01135476094886872,False
12698,SEG_A,0.6455442785423261,0.6455442785423261,0.3223768756597202,0.032078845797953795,False
12699,SEG_A,0.696727228261595,0.696727228261595,0.09534641929076158,0.2079263524476435,False
12700,SEG_A,0.7861232847814551,0.7861232847814551,0.14679178066133056,0.06708493455721441,False
12701,SEG_A,0.8971788994383487,0.8971788994383487,0.06806510364469219,0.03475599691695907,False
12708,SEG_A,0.8896877685817602,0.8896877685817602,0.09083647522452966,0.01947575619371008,False
12712,SEG_A,0.5898648084035729,0.5898648084035729,0.3079176101951977,0.10221758140122937,False
12713,SEG_A,0.9754128251101393,0.9754128251101393,0.020733546881252223,0.003853628008608624,False
12715,SEG_A,0.8911377489595829,0.8911377489595829,0.09991626422199767,0.008945986818419438,False
12716,SEG_A,0.8628733328985965,0.8628733328985965,0.10007774411967983,0.03704892298172367,False
12717,SEG_B,0.5830351032589356,0.0997891072939852,0.5830351032589356,0.31717578944707925,False
12722,SEG_A,0.6172859844024365,0.6172859844024365,0.2056037373678921,0.1771102782296714,False
12724,SEG_A,0.965353583325634,0.965353583325634,0.02463996436449195,0.01000645230987399,False
12725,SEG_A,0.7290905809441842,0.7290905809441842,0.2263924330903028,0.04451698596551299,False
12727,SEG_A,0.8597428952992281,0.8597428952992281,0.09978040833220998,0.040476696368562055,False
12729,SEG_A,0.9632720679430414,0.9632720679430414,0.03307938071091724,0.003648551346041318,False
12732,SEG_A,0.9244566678848217,0.9244566678848217,0.05282623224496459,0.022717099870213732,False
12733,SEG_A,0.9260431265489356,0.9260431265489356,0.04649818175365471,0.027458691697409724,False
12739,SEG_A,0.8575964392585254,0.8575964392585254,0.08561813481902673,0.05678542592244787,False
12742,SEG_A,0.9365925215421492,0.9365925215421492,0.03182061854154551,0.031586859916305256,False
12748,SEG_A,0.8580468291531161,0.8580468291531161,0.08186757089855723,0.06008559994832654,False
12751,SEG_A,0.9212587352830575,0.9212587352830575,0.042346528129580306,0.03639473658736218,False
12764,SEG_A,0.7946784466758482,0.7946784466758482,0.16818595112527981,0.037135602198871916,False
12773,SEG_A,0.7722427253677304,0.7722427253677304,0.09095312342509385,0.13680415120717565,False
12778,SEG_B,0.4189038990318916,0.4003914207686961,0.4189038990318916,0.1807046801994123,True
12788,SEG_A,0.7153423144226281,0.7153423144226281,0.26650994224684643,0.018147743330525472,False
12791,SEG_A,0.8548350493951364,0.8548350493951364,0.10045906352269725,0.04470588708216646,False
12792,SEG_A,0.9351590816212395,0.9351590816212395,0.04646261986392886,0.01837829851483167,False
12793,SEG_A,0.6362215675331275,0.6362215675331275,0.27631072357738795,0.08746770888948442,False
12794,SEG_A,0.9490922861902258,0.9490922861902258,0.03457999537042478,0.016327718439349395,False
12798,SEG_A,0.792386329155177,0.792386329155177,0.18837892040595086,0.019234750438872048,False
12811,SEG_A,0.835820403303792,0.835820403303792,0.09573997977522898,0.068439616920979,False
12812,SEG_A,0.7718271500826915,0.7718271500826915,0.1716023585625362,0.05657049135477224,False
12813,SEG_A,0.9307518324101456,0.9307518324101456,0.03614033041947345,0.03310783717038103,False
12814,SEG_A,0.9333949157774142,0.9333949157774142,0.057334942003789725,0.009270142218796004,False
12815,SEG_A,0.7962216011216517,0.7962216011216517,0.18646986005659147,0.01730853882175675,False
12817,SEG_A,0.8256516133840663,0.8256516133840663,0.15724399783446763,0.017104388781466064,False
12818,SEG_A,0.7657852243922978,0.7657852243922978,0.21152858224129864,0.02268619336640349,False
12819,SEG_A,0.8386997961830761,0.8386997961830761,0.13007944365481253,0.031220760162111477,False
12820,SEG_A,0.9373501333722283,0.9373501333722283,0.05034062032471536,0.012309246303056316,False
12829,SEG_A,0.8215127415239628,0.8215127415239628,0.06017875586685484,0.11830850260918237,False
12832,SEG_A,0.9360244282677305,0.9360244282677305,0.05261176284276528,0.011363808889504364,False
12835,SEG_A,0.795910781423987,0.795910781423987,0.1845857012394324,0.019503517336580824,False
12838,SEG_A,0.7841648284015343,0.7841648284015343,0.19129195729982557,0.024543214298640217,False
12841,SEG_B,0.8257584908172227,0.008777358796735966,0.8257584908172227,0.16546415038604134,False
12842,SEG_A,0.7239785541005438,0.7239785541005438,0.1785950095520466,0.09742643634740958,False
12844,SEG_A,0.6325453670328395,0.6325453670328395,0.18069402041719143,0.18676061254996917,False
12847,SEG_A,0.8013246522828232,0.8013246522828232,0.09295124413588687,0.10572410358128985,False
12854,SEG_A,0.9704660562774878,0.9704660562774878,0.023895496900975886,0.00563844682153628,False
12860,SEG_A,0.720138157188338,0.720138157188338,0.18035982734161773,0.09950201547004416,False
12862,SEG_A,0.947795051397922,0.947795051397922,0.03299773841154781,0.019207210190530195,False
12870,SEG_A,0.9063374936850658,0.9063374936850658,0.057424601400197055,0.03623790491473709,False
12875,SEG_A,0.9005606404218213,0.9005606404218213,0.07640841747999291,0.023030942098185913,False
12879,SEG_A,0.7016812183509045,0.7016812183509045,0.20350302470813023,0.09481575694096538,False
12881,SEG_A,0.9489106248674004,0.9489106248674004,0.03516221775089463,0.015927157381705047,False
12884,SEG_A,0.9783940352952042,0.9783940352952042,0.014355507911233316,0.007250456793562654,False
12885,SEG_A,0.7014576414004673,0.7014576414004673,0.06560500078463438,0.23293735781489824,False
12889,SEG_A,0.8485569725188251,0.8485569725188251,0.0950949528131658,0.05634807466800905,False
12892,SEG_A,0.9047038843710105,0.9047038843710105,0.08984423279568506,0.005451882833304448,False
12894,SEG_A,0.9001334868303161,0.9001334868303161,0.07040552419759533,0.02946098897208855,False
12901,SEG_A,0.8124969883399495,0.8124969883399495,0.10631050435856589,0.08119250730148458,False
12903,SEG_A,0.9373241561044955,0.9373241561044955,0.05067597078863759,0.011999873106866846,False
12907,SEG_A,0.8915282621876306,0.8915282621876306,0.07925189208245105,0.029219845729918294,False
12911,SEG_A,0.9339753209867011,0.9339753209867011,0.05759152974387295,0.008433149269425927,False
12913,SEG_A,0.75602491117898,0.75602491117898,0.18064446922657806,0.06333061959444194,False
12926,SEG_A,0.7270004880944254,0.7270004880944254,0.04989776734266231,0.2231017445629123,False
12928,SEG_A,0.7121498839841583,0.7121498839841583,0.19235046560747576,0.09549965040836583,False
12933,SEG_A,0.9260186639125063,0.9260186639125063,0.048271661953636635,0.025709674133857167,False
12935,SEG_A,0.9727454514180942,0.9727454514180942,0.02155704513343387,0.005697503448471872,False
12947,SEG_A,0.7638700644691969,0.7638700644691969,0.13558281523113483,0.10054712029966831,False
12948,SEG_A,0.7325895350594637,0.7325895350594637,0.16575686027493472,0.10165360466560167,False
12954,SEG_A,0.6817446055837544,0.6817446055837544,0.1296295072174736,0.188625887198772,False
12955,SEG_A,0.7896958438188647,0.7896958438188647,0.14439629317054473,0.06590786301059047,False
12956,SEG_A,0.9071908732002039,0.9071908732002039,0.08260503024400374,0.010204096555792503,False
12957,SEG_A,0.7906823157188336,0.7906823157188336,0.17253347533446928,0.03678420894669713,False
12959,SEG_A,0.8642782400207959,0.8642782400207959,0.03739826720992017,0.09832349276928383,False
12964,SEG_A,0.6499473042818743,0.6499473042818743,0.16908063279853752,0.1809720629195881,False
12965,SEG_A,0.7841946296418129,0.7841946296418129,0.16812223243606117,0.04768313792212592,False
12969,SEG_A,0.8684980865050312,0.8684980865050312,0.11548487178749531,0.01601704170747339,False
12972,SEG_A,0.7881494017569799,0.7881494017569799,0.1954285071412065,0.016422091101813658,False
12973,SEG_A,0.6611977555715175,0.6611977555715175,0.21452890398342456,0.12427334044505792,False
12980,SEG_A,0.787801370543792,0.787801370543792,0.18507283280763207,0.027125796648575947,False
12983,SEG_A,0.8241469893036947,0.8241469893036947,0.15492162881628233,0.0209313818800229,False
12984,SEG_A,0.9419863396490787,0.9419863396490787,0.030615515667905692,0.027398144683015727,False
12985,SEG_A,0.7438410493697636,0.7438410493697636,0.23942908541939215,0.016729865210844325,False
12988,SEG_A,0.7946784466758482,0.7946784466758482,0.16818595112527981,0.037135602198871916,False
12998,SEG_A,0.8948656781020556,0.8948656781020556,0.09909858052183505,0.006035741376109197,False
13007,SEG_A,0.7010476654565192,0.7010476654565192,0.28782442688534166,0.011127907658139258,False
13012,SEG_A,0.9115769085597301,0.9115769085597301,0.054718312114149216,0.03370477932612077,False
13016,SEG_A,0.7963821721955879,0.7963821721955879,0.15082722775568908,0.05279060004872305,False
13023,SEG_A,0.8823775695487798,0.8823775695487798,0.09789161648885296,0.01973081396236727,False
13031,SEG_A,0.8575399602326103,0.8575399602326103,0.08898953901113757,0.053470500756252,False
13046,SEG_A,0.8882519623986567,0.8882519623986567,0.06429760447000282,0.04745043313134048,False
13049,SEG_A,0.9183983355738232,0.9183983355738232,0.04849875923002567,0.033102905196151056,False
13051,SEG_A,0.9524086633731048,0.9524086633731048,0.032399361106032885,0.01519197552086215,False
13058,SEG_A,0.8503769084495708,0.8503769084495708,0.08878676543324913,0.060836326117180074,False
13062,SEG_A,0.8090837204822069,0.8090837204822069,0.13933597602897838,0.05158030348881475,False
13075,SEG_A,0.860372841042043,0.860372841042043,0.12498056467408768,0.014646594283869318,False
13086,SEG_A,0.5184200178922578,0.5184200178922578,0.2994368129362297,0.18214316917151255,False
13090,SEG_A,0.7895738802940404,0.7895738802940404,0.18426700123145429,0.02615911847450526,False
13097,SEG_A,0.9591745435779298,0.9591745435779298,0.02673463442553564,0.01409082199653469,False
13103,SEG_A,0.8559060998010555,0.8559060998010555,0.09197710672999748,0.05211679346894707,False
13110,SEG_A,0.7267943331904313,0.7267943331904313,0.18354191377494283,0.08966375303462591,False
13122,SEG_B,0.7091458932701838,0.2281741342785042,0.7091458932701838,0.06267997245131188,False
13128,SEG_A,0.8212803222038507,0.8212803222038507,0.1265405258376105,0.05217915195853887,False
13133,SEG_A,0.8195410758337803,0.8195410758337803,0.15279145735211838,0.027667466814101316,False
13141,SEG_A,0.9031313207673395,0.9031313207673395,0.05116845265757965,0.045700226575080986,False
13149,SEG_A,0.8149238920364844,0.8149238920364844,0.09503851573436811,0.09003759222914745,False
13154,SEG_A,0.902879327370659,0.902879327370659,0.042955255060760374,0.05416541756858066,False
13162,SEG_A,0.8575037671352,0.8575037671352,0.10135604067975089,0.04114019218504904,False
13171,SEG_A,0.9203200126154913,0.9203200126154913,0.05231636205333338,0.02736362533117532,False
13178,SEG_A,0.9016181738631267,0.9016181738631267,0.09365598313932717,0.004725842997546212,False
13181,SEG_A,0.9223433128541302,0.9223433128541302,0.06608889698108955,0.011567790164780321,False
13182,SEG_A,0.920011238422917,0.920011238422917,0.07005908012781913,0.00992968144926374,False
13184,SEG_A,0.8163138979249757,0.8163138979249757,0.16669628883230614,0.016989813242718258,False
13192,SEG_A,0.9217314450270027,0.9217314450270027,0.06859076213517455,0.009677792837822802,False
13203,SEG_A,0.505492419077829,0.505492419077829,0.37771572960390726,0.1167918513182638,False
13214,SEG_A,0.5816593592368808,0.5816593592368808,0.12366255218681389,0.2946780885763053,False
13217,SEG_A,0.9419038533745905,0.9419038533745905,0.035816565147776376,0.022279581477633075,False
13219,SEG_A,0.8257286233186062,0.8257286233186062,0.12846151497123345,0.0458098617101602,False
13224,SEG_A,0.8043572247290248,0.8043572247290248,0.15467886852499074,0.04096390674598446,False
13232,SEG_A,0.8646033404402642,0.8646033404402642,0.08995797517198127,0.045438684387754495,False
13234,SEG_A,0.9399031772213525,0.9399031772213525,0.04226762915882567,0.01782919361982176,False
13239,SEG_A,0.9052607117662932,0.9052607117662932,0.08158330429054331,0.013155983943163516,False
13242,SEG_A,0.7796770134897009,0.7796770134897009,0.1718690814515562,0.04845390505874292,False
13248,SEG_A,0.8699382587547899,0.8699382587547899,0.0644896383937795,0.06557210285143049,False
13254,SEG_A,0.7198113944946894,0.7198113944946894,0.16896826133816284,0.11122034416714763,False
13283,SEG_A,0.9419041674974719,0.9419041674974719,0.04717928110891004,0.01091655139361809,False
13284,SEG_A,0.6325702774157156,0.6325702774157156,0.1847689911511496,0.18266073143313477,False
13292,SEG_A,0.8400598128167716,0.8400598128167716,0.08782715254870145,0.07211303463452697,False
13293,SEG_B,0.6925909994728779,0.01302846340442987,0.6925909994728779,0.29438053712269213,False
13294,SEG_A,0.7598802429955834,0.7598802429955834,0.15901687255337343,0.08110288445104313,False
13300,SEG_A,0.932843655878782,0.932843655878782,0.05007657330631651,0.017079770814901467,False
13303,SEG_A,0.9055105853628007,0.9055105853628007,0.05652079494750325,0.03796861968969609,False
13309,SEG_A,0.8884020411331467,0.8884020411331467,0.0946234587528405,0.01697450011401276,False
13313,SEG_A,0.794528301851005,0.794528301851005,0.1851653300769913,0.020306368072003665,False
13314,SEG_A,0.9385539640084508,0.9385539640084508,0.05134579982844011,0.010100236163109195,False
13318,SEG_A,0.8205596849278713,0.8205596849278713,0.062470692995257635,0.11696962207687106,False
13320,SEG_A,0.8760777101336441,0.8760777101336441,0.0788571718268774,0.04506511803947838,False
13327,SEG_A,0.9650760617482015,0.9650760617482015,0.020334662951298217,0.014589275300500281,False
13329,SEG_A,0.952636206668081,0.952636206668081,0.03899884035297574,0.008364952978943326,False
13332,SEG_A,0.9553048542589746,0.9553048542589746,0.027145385251772618,0.01754976048925282,False
13335,SEG_A,0.9124490210897211,0.9124490210897211,0.06581847929265645,0.021732499617622424,False
13342,SEG_A,0.9400953338693195,0.9400953338693195,0.04836426462456765,0.011540401506112841,False
13345,SEG_A,0.7829433955598056,0.7829433955598056,0.18376976431366138,0.03328684012653303,False
13346,SEG_A,0.6117693535431684,0.6117693535431684,0.2953170356432814,0.09291361081355015,False
13347,SEG_A,0.9592827961398097,0.9592827961398097,0.02539837477398255,0.015318829086207774,False
13351,SEG_A,0.8085664988568756,0.8085664988568756,0.11448818604455831,0.07694531509856611,False
13369,SEG_A,0.848133964271536,0.848133964271536,0.13261183673436405,0.01925419899410006,False
13376,SEG_A,0.9421278034464503,0.9421278034464503,0.04507983967796044,0.012792356875589182,False
13380,SEG_A,0.9290792939712861,0.9290792939712861,0.06577846163047028,0.005142244398243707,False
13381,SEG_A,0.9045558101908505,0.9045558101908505,0.07047491221179086,0.024969277597358633,False
13389,SEG_A,0.7960840082296771,0.7960840082296771,0.1869765319489795,0.016939459821343386,False
13390,SEG_A,0.972777226890426,0.972777226890426,0.023683186408124487,0.003539586701449323,False
13392,SEG_A,0.8974102166301439,0.8974102166301439,0.0770440152133759,0.02554576815648035,False
13395,SEG_A,0.9208213902068174,0.9208213902068174,0.06723848702281951,0.01194012277036317,False
13400,SEG_A,0.7918893944789661,0.7918893944789661,0.16110728514908396,0.04700332037195003,False
13402,SEG_A,0.937963824524573,0.937963824524573,0.039560326338851905,0.02247584913657493,False
13406,SEG_A,0.9261511268651373,0.9261511268651373,0.03518486168178699,0.0386640114530757,False
13408,SEG_A,0.9749515558299722,0.9749515558299722,0.021433977900737828,0.0036144662692901104,False
13411,SEG_A,0.7076470838013958,0.7076470838013958,0.2345990399193438,0.05775387627926025,False
13418,SEG_A,0.7533713581150643,0.7533713581150643,0.1606974136344409,0.08593122825049482,False
13424,SEG_A,0.8851976921842823,0.8851976921842823,0.046736457939697384,0.06806584987602035,False
13426,SEG_A,0.9733629733219099,0.9733629733219099,0.02275929858269589,0.0038777280953942736,False
13428,SEG_B,0.4961365121740777,0.45215304746911145,0.4961365121740777,0.0517104403568108,False
13437,SEG_A,0.914135645538036,0.914135645538036,0.06366520547490677,0.02219914898705734,False
13445,SEG_B,0.8740120291093211,0.07468553138575224,0.8740120291093211,0.05130243950492678,False
13448,SEG_A,0.9070109292149939,0.9070109292149939,0.08456179645834357,0.00842727432666255,False
13451,SEG_A,0.8898455262463195,0.8898455262463195,0.0916260159900107,0.018528457763669702,False
13452,SEG_A,0.8451787829061178,0.8451787829061178,0.1212759334158143,0.03354528367806793,False
13456,SEG_A,0.7020121869141254,0.7020121869141254,0.21127651248083043,0.08671130060504435,False
13463,SEG_A,0.8573445912038807,0.8573445912038807,0.07167575731486411,0.0709796514812551,False
13466,SEG_A,0.9409500917049115,0.9409500917049115,0.03834443578956539,0.020705472505523074,False
13471,SEG_A,0.7963833635330017,0.7963833635330017,0.15686345313322675,0.04675318333377163,False
13481,SEG_A,0.8370525980790934,0.8370525980790934,0.10977772027886894,0.05316968164203754,False
13488,SEG_A,0.8466069443777778,0.8466069443777778,0.1363461055091518,0.017046950113070426,False
13489,SEG_A,0.9605409092838822,0.9605409092838822,0.02275547148421752,0.01670361923190026,False
13491,SEG_A,0.9570752132973857,0.9570752132973857,0.02617103110218779,0.01675375560042658,False
13493,SEG_A,0.9092510619536254,0.9092510619536254,0.05652926512598861,0.03421967292038609,False
13500,SEG_A,0.8782832412136793,0.8782832412136793,0.07198771320579318,0.04972904558052757,False
13502,SEG_A,0.7521681589957256,0.7521681589957256,0.22702515986212615,0.020806681142148262,False
13504,SEG_A,0.8874331572974926,0.8874331572974926,0.10093776381191938,0.011629078890588037,False
13510,SEG_A,0.9288297863270348,0.9288297863270348,0.05687684384199017,0.014293369830975048,False
13515,SEG_A,0.7480296507346426,0.7480296507346426,0.18736519920062686,0.06460515006473046,False
13523,SEG_A,0.9080198120632081,0.9080198120632081,0.06286582913918812,0.029114358797603778,False
13532,SEG_A,0.5203880717652856,0.5203880717652856,0.2930736628975161,0.18653826533719844,False
13537,SEG_A,0.9572419331430851,0.9572419331430851,0.038280508980801264,0.004477557876113583,False
13540,SEG_A,0.7744624023007475,0.7744624023007475,0.1813724532865213,0.04416514441273118,False
13542,SEG_A,0.8455389614938602,0.8455389614938602,0.06668046396860065,0.08778057453753917,False
13543,SEG_A,0.9861669398583975,0.9861669398583975,0.011337255531864059,0.002495804609738376,False
13544,SEG_A,0.7946784466758482,0.7946784466758482,0.16818595112527981,0.037135602198871916,False
13545,SEG_A,0.8702442925267284,0.8702442925267284,0.1118486553790937,0.01790705209417785,False
13546,SEG_A,0.8817316629004645,0.8817316629004645,0.09045988949832522,0.027808447601210234,False
13548,SEG_A,0.8809944559666201,0.8809944559666201,0.09180040180355187,0.027205142229828092,False
13549,SEG_A,0.9074395320904479,0.9074395320904479,0.039509362215306924,0.053051105694245176,False
13552,SEG_A,0.6835821080149912,0.6835821080149912,0.26627671735588854,0.050141174629120225,False
13555,SEG_A,0.9046576193556249,0.9046576193556249,0.06201373409664969,0.03332864654772536,False
13562,SEG_A,0.9388359149490801,0.9388359149490801,0.04938320936070121,0.011780875690218719,False
13570,SEG_A,0.5935087699952702,0.5935087699952702,0.17421504008343927,0.2322761899212904,False
13573,SEG_A,0.7802043236965286,0.7802043236965286,0.18667783995611634,0.033117836347355,False
13575,SEG_B,0.5516355569890926,0.12798372579159592,0.5516355569890926,0.3203807172193115,False
13576,SEG_A,0.871756775800414,0.871756775800414,0.035006101693721245,0.09323712250586468,False
13582,SEG_A,0.8439473006491061,0.8439473006491061,0.0778505181490923,0.07820218120180157,False
13583,SEG_A,0.9059105138926622,0.9059105138926622,0.07873991818753703,0.015349567919800723,False
13586,SEG_B,0.7693885291959224,0.12234414811268875,0.7693885291959224,0.10826732269138895,False
13589,SEG_A,0.9563285124000637,0.9563285124000637,0.0341225070315107,0.009548980568425706,False
13590,SEG_A,0.9445294179310805,0.9445294179310805,0.04234154316444565,0.01312903890447381,False
13596,SEG_A,0.7268677455731085,0.7268677455731085,0.20506294586527324,0.0680693085616182,False
13599,SEG_A,0.8377813079271765,0.8377813079271765,0.09954289544187196,0.06267579663095142,False
13600,SEG_A,0.8680024675814421,0.8680024675814421,0.09345939032084348,0.03853814209771451,False
13604,SEG_A,0.8405148582109395,0.8405148582109395,0.1307293127778926,0.028755829011167917,False
13607,SEG_A,0.8546092976557541,0.8546092976557541,0.10352521912218106,0.04186548322206491,False
13610,SEG_A,0.8053700230518124,0.8053700230518124,0.11562039107490633,0.07900958587328134,False
13612,SEG_A,0.8811580919834378,0.8811580919834378,0.1125918187043157,0.006250089312246438,False
13615,SEG_A,0.9345122187783592,0.9345122187783592,0.055252604188388246,0.010235177033252564,False
13619,SEG_A,0.9489529269866538,0.9489529269866538,0.037449188269572824,0.0135978847437735,False
13620,SEG_A,0.9109033736438853,0.9109033736438853,0.08349184488784588,0.005604781468268842,False
13621,SEG_A,0.8512494455664275,0.8512494455664275,0.08367352839023182,0.06507702604334077,False
13630,SEG_A,0.9813569136708284,0.9813569136708284,0.015860805879813707,0.0027822804493577396,False
13631,SEG_A,0.657021708391986,0.657021708391986,0.30128512890416337,0.0416931627038506,False
13632,SEG_B,0.4507072657243746,0.2801007598107295,0.4507072657243746,0.26919197446489584,False
13633,SEG_A,0.9298407730501428,0.9298407730501428,0.05859861339073621,0.011560613559120992,False
13635,SEG_A,0.7586360830926644,0.7586360830926644,0.16554789680182438,0.07581602010551124,False
13636,SEG_A,0.9167204790608743,0.9167204790608743,0.056406688759954554,0.026872832179171056,False
13637,SEG_B,0.3769445367698492,0.3435911429806571,0.3769445367698492,0.27946432024949364,True
13638,SEG_A,0.7946784466758482,0.7946784466758482,0.16818595112527981,0.037135602198871916,False
13641,SEG_A,0.9198070106830146,0.9198070106830146,0.050675781366475284,0.029517207950510084,False
13646,SEG_A,0.8070395403696283,0.8070395403696283,0.1817048870902826,0.011255572540089128,False
13648,SEG_A,0.6575825229935707,0.6575825229935707,0.3041017261817688,0.03831575082466054,False
13649,SEG_A,0.9153989165939556,0.9153989165939556,0.06468218973210772,0.019918893673936795,False
13653,SEG_A,0.8044299994514065,0.8044299994514065,0.11313260705246912,0.08243739349612453,False
13654,SEG_A,0.8405019444550362,0.8405019444550362,0.1298590983572931,0.029638957187670786,False
13658,SEG_A,0.9375434009293495,0.9375434009293495,0.05332988228429578,0.009126716786354674,False
13665,SEG_A,0.8837527272471775,0.8837527272471775,0.0900623713762753,0.02618490137654731,False
13667,SEG_A,0.8469721443942861,0.8469721443942861,0.14036142405577257,0.012666431549941369,False
13674,SEG_B,0.7339326631361709,0.09609512740352366,0.7339326631361709,0.16997220946030545,False
13675,SEG_A,0.8891243258551659,0.8891243258551659,0.09865769089568398,0.012217983249150166,False
13690,SEG_A,0.8722794370815873,0.8722794370815873,0.09633677695021567,0.03138378596819705,False
13698,SEG_A,0.707309742260224,0.707309742260224,0.10310258744725671,0.18958767029251908,False
13700,SEG_A,0.9003565821664213,0.9003565821664213,0.0724262214228509,0.02721719641072766,False
13706,SEG_A,0.9600121394743376,0.9600121394743376,0.02635768403855132,0.013630176487111054,False
13709,SEG_A,0.8481651663333266,0.8481651663333266,0.06461900528166893,0.08721582838500441,False
13713,SEG_A,0.9462817866603915,0.9462817866603915,0.04915272895845858,0.0045654843811498815,False
13716,SEG_A,0.7879102540912832,0.7879102540912832,0.1856819172296565,0.026407828679060365,False
13719,SEG_A,0.8420037754046185,0.8420037754046185,0.13842733865825507,0.01956888593712643,False
13722,SEG_A,0.9634341076435646,0.9634341076435646,0.02466540480147276,0.011900487554962669,False
13725,SEG_A,0.858304524694327,0.858304524694327,0.0749118506977815,0.06678362460789139,False
13728,SEG_A,0.9042961060119147,0.9042961060119147,0.06443357638146566,0.03127031760661959,False
13733,SEG_B,0.48073073211690337,0.332013691927093,0.48073073211690337,0.18725557595600364,False
13739,SEG_A,0.8280289417105843,0.8280289417105843,0.16141208111481062,0.010558977174605005,False
13740,SEG_A,0.7882095126799195,0.7882095126799195,0.17262404159760755,0.03916644572247313,False
13746,SEG_A,0.7415570195339591,0.7415570195339591,0.18082592205585518,0.07761705841018555,False
13756,SEG_A,0.7531467453846622,0.7531467453846622,0.14788744527434824,0.09896580934098967,False
13760,SEG_A,0.6366571272359126,0.6366571272359126,0.2795954519011894,0.08374742086289792,False
13765,SEG_A,0.6730841203723487,0.6730841203723487,0.3089640888301001,0.017951790797551097,False
13766,SEG_A,0.9671558391437356,0.9671558391437356,0.021357178620676587,0.011486982235587752,False
13772,SEG_A,0.8984471045420734,0.8984471045420734,0.0866729713335188,0.014879924124407879,False
13774,SEG_A,0.7534677350038309,0.7534677350038309,0.13432299573576317,0.11220926926040602,False
13778,SEG_A,0.7095117479283886,0.7095117479283886,0.1886982758470654,0.10178997622454604,False
13779,SEG_A,0.6139879719795603,0.6139879719795603,0.3135321592111218,0.07247986880931785,False
13781,SEG_A,0.8786313712054087,0.8786313712054087,0.08969001111240321,0.0316786176821882,False
13785,SEG_A,0.8486336265184479,0.8486336265184479,0.06626672773018398,0.08509964575136823,False
13786,SEG_A,0.8793944442362268,0.8793944442362268,0.09368877709102626,0.02691677867274689,False
13789,SEG_A,0.6725939765484052,0.6725939765484052,0.2953798714915653,0.03202615196002934,False
13797,SEG_A,0.9206543338707183,0.9206543338707183,0.06807492315717692,0.011270742972104736,False
13799,SEG_A,0.6887597697097716,0.6887597697097716,0.2397880552702275,0.07145217502000079,False
13801,SEG_A,0.8606461070058578,0.8606461070058578,0.11773277513776989,0.021621117856372284,False
13803,SEG_A,0.9428933745897443,0.9428933745897443,0.036978217166524385,0.02012840824373132,False
13814,SEG_A,0.8929494323013559,0.8929494323013559,0.05181855206513913,0.055232015633504924,False
13824,SEG_A,0.8740355736830347,0.8740355736830347,0.09739459033308193,0.028569835983883247,False
13833,SEG_A,0.8731465815528657,0.8731465815528657,0.09526359989559394,0.031589818551540236,False
13836,SEG_A,0.9033423418211749,0.9033423418211749,0.07807685936818164,0.018580798810643524,False
13837,SEG_A,0.9188701313756177,0.9188701313756177,0.0681166664982714,0.01301320212611107,False
13841,SEG_A,0.9584869655869388,0.9584869655869388,0.032182759226231226,0.009330275186829988,False
13847,SEG_A,0.9422826382832027,0.9422826382832027,0.02501734407626855,0.032700017640528795,False
13848,SEG_A,0.8608805594810577,0.8608805594810577,0.13379027783739264,0.005329162681549614,False
13853,SEG_A,0.9420441487852165,0.9420441487852165,0.02676345815395159,0.031192393060832095,False
13862,SEG_A,0.7336441352880414,0.7336441352880414,0.23474616569505805,0.03160969901690052,False
13863,SEG_A,0.8262191908779631,0.8262191908779631,0.11209956791974678,0.06168124120229006,False
13865,SEG_A,0.935639463893743,0.935639463893743,0.041588153025057154,0.022772383081199804,False
13872,SEG_C,0.8483555137863342,0.001867529557996845,0.1497769566556688,0.8483555137863342,False
13874,SEG_A,0.6282963140525528,0.6282963140525528,0.13017434940332148,0.24152933654412564,False
13880,SEG_B,0.8349411722888036,0.004836490221286945,0.8349411722888036,0.16022233748990947,False
13884,SEG_A,0.7900738810547427,0.7900738810547427,0.17290427558239618,0.03702184336286109,False
13885,SEG_A,0.8455274749833972,0.8455274749833972,0.12317494927482935,0.03129757574177345,False
13888,SEG_A,0.8141295354296916,0.8141295354296916,0.09833992446476086,0.08753054010554766,False
13894,SEG_A,0.9080062604351974,0.9080062604351974,0.06307544059047328,0.028918298974329307,False
13895,SEG_C,0.6035465535972045,0.08242869938664271,0.31402474701615274,0.6035465535972045,False
13900,SEG_A,0.5370336253979348,0.5370336253979348,0.16128350575936012,0.3016828688427051,False
13902,SEG_A,0.8512294882582165,0.8512294882582165,0.08044985521344858,0.068320656528335,False
13903,SEG_A,0.8982459385137392,0.8982459385137392,0.056002834860460184,0.04575122662580059,False
13904,SEG_A,0.7290345217483738,0.7290345217483738,0.19306059757391222,0.0779048806777141,False
13906,SEG_A,0.9670777201288356,0.9670777201288356,0.027803534862185043,0.005118745008979367,False
13908,SEG_A,0.8144135376677022,0.8144135376677022,0.07670252707784281,0.10888393525445496,False
13910,SEG_A,0.8810049573998884,0.8810049573998884,0.10837731959447343,0.010617723005638296,False
13911,SEG_A,0.8936062192311777,0.8936062192311777,0.07994698016591215,0.026446800602910128,False
13915,SEG_A,0.6504216756198239,0.6504216756198239,0.16741100952695365,0.1821673148532226,False
13917,SEG_A,0.8275275267598341,0.8275275267598341,0.12135647390023384,0.05111599933993198,False
13922,SEG_A,0.9168190612094501,0.9168190612094501,0.05688388119806797,0.026297057592481833,False
13924,SEG_A,0.6203205509742886,0.6203205509742886,0.2806912520056062,0.09898819702010518,False
13926,SEG_A,0.8125443978674877,0.8125443978674877,0.1291658398795568,0.05828976225295563,False
13927,SEG_A,0.9001305474762867,0.9001305474762867,0.056925969016579474,0.04294348350713366,False
13928,SEG_A,0.7938339041769775,0.7938339041769775,0.18078617660554602,0.025379919217476427,False
13936,SEG_A,0.8923333097262767,0.8923333097262767,0.08663186704818668,0.02103482322553681,False
13937,SEG_B,0.6956435954179127,0.05305037644530584,0.6956435954179127,0.25130602813678155,False
13941,SEG_A,0.47416271346267014,0.47416271346267014,0.3828452483860232,0.1429920381513066,False
13942,SEG_A,0.918105251123767,0.918105251123767,0.05627651211526096,0.025618236760972014,False
13946,SEG_A,0.8087910781257723,0.8087910781257723,0.13628564922433736,0.05492327264989045,False
13948,SEG_A,0.877089398680757,0.877089398680757,0.11358208715727613,0.009328514161966835,False
13949,SEG_A,0.9455536509948885,0.9455536509948885,0.04058777169044598,0.013858577314665544,False
13950,SEG_A,0.5499368970343625,0.5499368970343625,0.3751429416245731,0.07492016134106425,False
13956,SEG_A,0.9588772815567327,0.9588772815567327,0.02851815787182827,0.012604560571439051,False
13961,SEG_A,0.9709807948783168,0.9709807948783168,0.021093672209346267,0.007925532912337104,False
13964,SEG_A,0.9667868687041323,0.9667868687041323,0.02743400065984681,0.005779130636020971,False
13971,SEG_A,0.888873608815245,0.888873608815245,0.06846983745011673,0.042656553734638315,False
13974,SEG_A,0.7847018250425348,0.7847018250425348,0.1255022225486963,0.08979595240876886,False
13980,SEG_A,0.884205584886118,0.884205584886118,0.07800420110455208,0.037790214009330005,False
13981,SEG_A,0.7867836736238325,0.7867836736238325,0.1882407847302666,0.024975541645900896,False
13984,SEG_A,0.5891157285116263,0.5891157285116263,0.36234794699491923,0.048536324493454575,False
13991,SEG_A,0.6393726271495854,0.6393726271495854,0.3090050357802329,0.05162233707018169,False
13994,SEG_A,0.8368628471285611,0.8368628471285611,0.07027904975254423,0.09285810311889467,False
13995,SEG_A,0.7601473578992973,0.7601473578992973,0.09827342861927355,0.14157921348142904,False
13997,SEG_A,0.7882334276761189,0.7882334276761189,0.17208380280799918,0.03968276951588212,False
13998,SEG_A,0.7185214510612897,0.7185214510612897,0.24126354630811003,0.04021500263060021,False
13999,SEG_A,0.9270364630172997,0.9270364630172997,0.05601148233722698,0.01695205464547351,False
14004,SEG_A,0.9041691306979462,0.9041691306979462,0.05987866097680819,0.035952208325245566,False
14006,SEG_A,0.674022096797834,0.674022096797834,0.16467103681153752,0.16130686639062847,False
14009,SEG_A,0.932103403481892,0.932103403481892,0.041114391476531426,0.026782205041576444,False
14010,SEG_A,0.6620972008584641,0.6620972008584641,0.24567733278439574,0.0922254663571401,False
14014,SEG_C,0.4836894243855604,0.2968696938965754,0.21944088171786416,0.4836894243855604,False
14015,SEG_A,0.7552972882300165,0.7552972882300165,0.22058809429057735,0.024114617479406165,False
14016,SEG_A,0.6576612487963824,0.6576612487963824,0.15342554958553165,0.18891320161808597,False
14020,SEG_A,0.8205868558814108,0.8205868558814108,0.118850709299177,0.06056243481941217,False
14024,SEG_A,0.889485251474151,0.889485251474151,0.09498908324211905,0.015525665283729926,False
14032,SEG_A,0.9331257557474649,0.9331257557474649,0.04587933020612526,0.02099491404640978,False
14033,SEG_A,0.4797324766539563,0.4797324766539563,0.3030037993884512,0.2172637239575925,False
14034,SEG_A,0.7662859623838891,0.7662859623838891,0.20572913719958166,0.027984900416529027,False
14036,SEG_A,0.9208198453402751,0.9208198453402751,0.06885476383708392,0.010325390822641022,False
14037,SEG_A,0.40080098380094087,0.40080098380094087,0.3203017928210134,0.27889722337804573,True
14042,SEG_A,0.6519526417206007,0.6519526417206007,0.24544346160970812,0.10260389666969125,False
14044,SEG_A,0.8450704431468056,0.8450704431468056,0.05273612130158038,0.10219343555161406,False
14045,SEG_B,0.4261936704952482,0.26184489781272474,0.4261936704952482,0.31196143169202706,True
14050,SEG_A,0.9490272930471066,0.9490272930471066,0.03942777341617347,0.011544933536719914,False
14051,SEG_A,0.7958449100352959,0.7958449100352959,0.15032354702888767,0.05383154293581639,False
14057,SEG_A,0.7424425115434373,0.7424425115434373,0.21325328193366094,0.04430420652290164,False
14063,SEG_A,0.5606099178923499,0.5606099178923499,0.37459564366472164,0.06479443844292845,False
14068,SEG_A,0.6151612421321722,0.6151612421321722,0.12877502033419946,0.25606373753362827,False
14069,SEG_A,0.9534363298266672,0.9534363298266672,0.03971836974697949,0.0068453004263533445,False
14070,SEG_A,0.8266331822252575,0.8266331822252575,0.14881509231098453,0.024551725463757904,False
14071,SEG_A,0.8986204592780166,0.8986204592780166,0.07092656425865235,0.030452976463331137,False
14073,SEG_A,0.7953223661349438,0.7953223661349438,0.12753295167965964,0.07714468218539654,False
14076,SEG_A,0.824745894630486,0.824745894630486,0.14653756190848508,0.02871654346102899,False
14078,SEG_A,0.9500377965031271,0.9500377965031271,0.03371083551739277,0.01625136797947999,False
14081,SEG_A,0.9729030294252653,0.9729030294252653,0.014386965053707438,0.012710005521027277,False
14084,SEG_A,0.8238447714358287,0.8238447714358287,0.09663352389433587,0.07952170466983545,False
14085,SEG_A,0.823463445789945,0.823463445789945,0.07107895658021186,0.10545759762984305,False
14086,SEG_A,0.9386602044012623,0.9386602044012623,0.04576418584533019,0.015575609753407669,False
14087,SEG_A,0.8152162437398779,0.8152162437398779,0.09136432837245571,0.09341942788766633,False
14089,SEG_A,0.9208857183082036,0.9208857183082036,0.06250389816777513,0.016610383524021242,False
14090,SEG_A,0.8738213166824934,0.8738213166824934,0.10891313509554433,0.017265548221962225,False
14092,SEG_A,0.8201382447819082,0.8201382447819082,0.05137327892740935,0.1284884762906823,False
14097,SEG_A,0.6312859568038879,0.6312859568038879,0.17609301460423224,0.19262102859188,False
14103,SEG_B,0.7008771427834034,0.14426870930339847,0.7008771427834034,0.15485414791319807,False
14104,SEG_A,0.7900738810547427,0.7900738810547427,0.17290427558239618,0.03702184336286109,False
14106,SEG_A,0.963425498113358,0.963425498113358,0.01996604389389042,0.016608457992751617,False
14109,SEG_C,0.5811418311152529,0.3584588623961541,0.06039930648859299,0.5811418311152529,False
14113,SEG_B,0.8191024957718386,0.1558558979455507,0.8191024957718386,0.02504160628261063,False
14114,SEG_A,0.9250163747555081,0.9250163747555081,0.06598617098326676,0.008997454261225066,False
14115,SEG_A,0.9842525549569344,0.9842525549569344,0.01100625352924652,0.004741191513819039,False
14116,SEG_A,0.5654102506143222,0.5654102506143222,0.3128468813190497,0.12174286806662805,False
14119,SEG_A,0.5095848462400028,0.5095848462400028,0.28669112940537855,0.2037240243546187,False
14120,SEG_A,0.9304963746413728,0.9304963746413728,0.06500627496006967,0.004497350398557607,False
14124,SEG_A,0.5448309655048964,0.5448309655048964,0.35443853181656,0.10073050267854373,False
14127,SEG_A,0.6164519279076878,0.6164519279076878,0.15599550007098612,0.22755257202132617,False
14130,SEG_A,0.8365325742322095,0.8365325742322095,0.11476915754047913,0.04869826822731137,False
14133,SEG_A,0.7965559631318213,0.7965559631318213,0.16673031901412896,0.03671371785404963,False
14135,SEG_A,0.6699008889208421,0.6699008889208421,0.22135248630036697,0.10874662477879082,False
14136,SEG_A,0.9257583962904059,0.9257583962904059,0.05178161989796406,0.02245998381163017,False
14142,SEG_C,0.9190199421968561,0.0013477276205010687,0.07963233018264282,0.9190199421968561,False
14143,SEG_A,0.8104369928374643,0.8104369928374643,0.09637039186047236,0.09319261530206333,False
14147,SEG_A,0.8930596057057661,0.8930596057057661,0.09959085771750688,0.0073495365767269885,False
14150,SEG_A,0.9675633524442075,0.9675633524442075,0.015111838381487698,0.017324809174304873,False
14152,SEG_A,0.908391697221795,0.908391697221795,0.06071200480576705,0.030896297972437974,False
14154,SEG_A,0.6669304973689425,0.6669304973689425,0.11028463807985993,0.22278486455119764,False
14155,SEG_A,0.9337264873607108,0.9337264873607108,0.05484099974769425,0.01143251289159484,False
14157,SEG_A,0.6669305591658861,0.6669305591658861,0.2003436234982687,0.13272581733584532,False
14158,SEG_A,0.7724493156882741,0.7724493156882741,0.1452527902540883,0.08229789405763753,False
14164,SEG_A,0.8888782408888082,0.8888782408888082,0.037488057574238086,0.07363370153695357,False
14165,SEG_A,0.7640523360852185,0.7640523360852185,0.0920149472502432,0.1439327166645383,False
14166,SEG_A,0.7935006821281978,0.7935006821281978,0.18363829001223073,0.022861027859571448,False
14167,SEG_A,0.841436496302809,0.841436496302809,0.1320950361617788,0.026468467535412075,False
14170,SEG_A,0.753350939021668,0.753350939021668,0.12447785355510342,0.12217120742322853,False
14174,SEG_A,0.7618839999057928,0.7618839999057928,0.16568696989900333,0.07242903019520393,False
14176,SEG_A,0.4790082334912353,0.4790082334912353,0.45534527873506714,0.06564648777369748,False
14177,SEG_A,0.7856056783832965,0.7856056783832965,0.09053369328479338,0.1238606283319102,False
14182,SEG_A,0.45592142195519325,0.45592142195519325,0.27917168083755123,0.2649068972072556,False
14185,SEG_A,0.9854031295911249,0.9854031295911249,0.010538915812022152,0.00405795459685301,False
14187,SEG_A,0.9715748618039037,0.9715748618039037,0.02230938603054598,0.006115752165550282,False
14190,SEG_A,0.7698322541813009,0.7698322541813009,0.17688061366412514,0.053287132154574035,False
14191,SEG_A,0.9028432192955497,0.9028432192955497,0.051938526793348684,0.04521825391110153,False
14201,SEG_A,0.8807219340681953,0.8807219340681953,0.060143414896674866,0.05913465103512981,False
14202,SEG_A,0.7508532946780968,0.7508532946780968,0.1997253202219989,0.049421385099904284,False
14207,SEG_A,0.8907921678674018,0.8907921678674018,0.061060666837688175,0.04814716529491007,False
14216,SEG_A,0.9504193288388192,0.9504193288388192,0.03273317208004877,0.016847499081132,False
14221,SEG_A,0.9301902212304848,0.9301902212304848,0.04196064832513065,0.02784913044438464,False
14222,SEG_A,0.9271229784445205,0.9271229784445205,0.0405800748291525,0.03229694672632699,False
14226,SEG_A,0.9363876995143579,0.9363876995143579,0.039923971894612574,0.023688328591029525,False
14228,SEG_A,0.8819863337409306,0.8819863337409306,0.07156139064792212,0.04645227561114728,False
14239,SEG_A,0.9621234816449086,0.9621234816449086,0.02481623241688727,0.013060285938204153,False
14245,SEG_B,0.608181506704807,0.3370010082701432,0.608181506704807,0.05481748502504979,False
14249,SEG_A,0.9614586537204185,0.9614586537204185,0.012697969223450921,0.025843377056130625,False
14250,SEG_A,0.7428959823253137,0.7428959823253137,0.21250207370346882,0.04460194397121737,False
14255,SEG_B,0.6272951936046111,0.004213494811383533,0.6272951936046111,0.3684913115840054,False
14256,SEG_A,0.7839886620408029,0.7839886620408029,0.13221158931748786,0.08379974864170929,False
14257,SEG_A,0.597035009169315,0.597035009169315,0.2074772840784758,0.1954877067522093,False
14258,SEG_A,0.9766644378451569,0.9766644378451569,0.017932385454979397,0.00540317669986376,False
14261,SEG_A,0.9417252645509038,0.9417252645509038,0.046536058793096635,0.011738676655999638,False
14269,SEG_A,0.887735813628711,0.887735813628711,0.08586850797239165,0.026395678398897504,False
14273,SEG_A,0.8624168585877624,0.8624168585877624,0.11900075583621963,0.018582385576017973,False
14274,SEG_A,0.9385687310562021,0.9385687310562021,0.037313679461726916,0.024117589482071062,False
14275,SEG_A,0.8096085199958479,0.8096085199958479,0.157704392930355,0.032687087073796924,False
14277,SEG_A,0.6498384204816979,0.6498384204816979,0.168381786898501,0.18177979261980104,False
14290,SEG_A,0.7946784466758482,0.7946784466758482,0.16818595112527981,0.037135602198871916,False
14292,SEG_A,0.9263770842864867,0.9263770842864867,0.06341767041339202,0.010205245300121218,False
14296,SEG_A,0.7544787508762346,0.7544787508762346,0.22568230505994014,0.01983894406382541,False
14297,SEG_A,0.6063925093269045,0.6063925093269045,0.36792199261266206,0.025685498060433416,False
14302,SEG_B,0.7614999416947809,0.005424067659441012,0.7614999416947809,0.23307599064577814,False
14303,SEG_A,0.9778502465581113,0.9778502465581113,0.0175838280883331,0.004565925353555576,False
14304,SEG_A,0.902708440012199,0.902708440012199,0.05412449231608918,0.04316706767171179,False
14308,SEG_A,0.8095246621280128,0.8095246621280128,0.16574451634016799,0.0247308215318192,False
14313,SEG_A,0.7861040035005449,0.7861040035005449,0.1872381159830119,0.02665788051644326,False
14320,SEG_A,0.8804859603019181,0.8804859603019181,0.06738538875316948,0.05212865094491254,False
14323,SEG_A,0.8419885083872037,0.8419885083872037,0.13562245428965508,0.022389037323141174,False
14330,SEG_A,0.7085123243183313,0.7085123243183313,0.23977757657613472,0.051710099105533966,False
14333,SEG_A,0.7838205596732416,0.7838205596732416,0.20497600838657942,0.011203431940178941,False
14336,SEG_A,0.9742243933055886,0.9742243933055886,0.018635460252740627,0.007140146441670806,False
14342,SEG_A,0.7882095126799195,0.7882095126799195,0.17262404159760755,0.03916644572247313,False
14343,SEG_A,0.8549306627512306,0.8549306627512306,0.12070448875141841,0.02436484849735105,False
14346,SEG_A,0.7851248587785916,0.7851248587785916,0.2002378690846499,0.014637272136758452,False
14347,SEG_A,0.9062085022645365,0.9062085022645365,0.04157901291186171,0.0522124848236018,False
14349,SEG_A,0.9058858353872459,0.9058858353872459,0.05427702138883394,0.03983714322392012,False
14351,SEG_C,0.5452212927229677,0.1394241765981596,0.31535453067887265,0.5452212927229677,False
14358,SEG_A,0.8847732355259496,0.8847732355259496,0.10193180086434878,0.013294963609701647,False
14360,SEG_A,0.6796637388639484,0.6796637388639484,0.14594860401313112,0.17438765712292034,False
14366,SEG_A,0.8288856780165197,0.8288856780165197,0.09762008853251015,0.07349423345097,False
14367,SEG_A,0.661654269519409,0.661654269519409,0.22034948958642936,0.11799624089416175,False
14372,SEG_B,0.646608037924284,0.32343744127683083,0.646608037924284,0.029954520798885224,False
14377,SEG_A,0.605905251245525,0.605905251245525,0.2973778247130595,0.0967169240414156,False
14380,SEG_A,0.9693774227200416,0.9693774227200416,0.014269010528235376,0.01635356675172308,False
14382,SEG_A,0.8541687012847949,0.8541687012847949,0.10744761538434816,0.03838368333085693,False
14383,SEG_A,0.972582739040448,0.972582739040448,0.014408372689518126,0.013008888270033997,False
14384,SEG_A,0.6936381967708217,0.6936381967708217,0.1136217453501035,0.19274005787907478,False
14391,SEG_B,0.4066439080785798,0.2397076103110306,0.4066439080785798,0.35364848161038953,True
14394,SEG_A,0.9017987037808097,0.9017987037808097,0.07899383059641138,0.019207465622778933,False
14395,SEG_B,0.7789940899262683,0.08691216075583315,0.7789940899262683,0.1340937493178985,False
14397,SEG_A,0.5043014804993753,0.5043014804993753,0.4490500410026142,0.04664847849801054,False
14398,SEG_A,0.9511822154850744,0.9511822154850744,0.03878307959250789,0.01003470492241769,False
14400,SEG_A,0.8764790610598017,0.8764790610598017,0.09304518874002682,0.030475750200171625,False
14413,SEG_A,0.8130401656152381,0.8130401656152381,0.12477199995739426,0.062187834427367666,False
14415,SEG_B,0.8703163647666959,0.09295171130832994,0.8703163647666959,0.03673192392497421,False
14417,SEG_A,0.9382430375236829,0.9382430375236829,0.04294461796650641,0.018812344509810685,False
14419,SEG_C,0.523263099197501,0.003226928873371853,0.47350997192912714,0.523263099197501,False
14422,SEG_A,0.7774947322408906,0.7774947322408906,0.1975347192584311,0.024970548500678254,False
14423,SEG_A,0.8042128984475951,0.8042128984475951,0.1833593207516413,0.012427780800763656,False
14430,SEG_A,0.9559826776952849,0.9559826776952849,0.026970667214110653,0.017046655090604546,False
14433,SEG_A,0.5574173868964908,0.5574173868964908,0.22667562734752938,0.2159069857559798,False
14434,SEG_A,0.7915017339155754,0.7915017339155754,0.1387897454696189,0.06970852061480566,False
14437,SEG_B,0.600919582089994,0.18558487503955326,0.600919582089994,0.21349554287045278,False
14441,SEG_B,0.5044928145422285,0.3720953073093994,0.5044928145422285,0.12341187814837208,False
14446,SEG_A,0.7946784466758482,0.7946784466758482,0.16818595112527981,0.037135602198871916,False
14454,SEG_B,0.5731954779906746,0.30996469690332445,0.5731954779906746,0.1168398251060009,False
14460,SEG_A,0.671268328726075,0.671268328726075,0.29746102167741256,0.03127064959651263,False
14462,SEG_A,0.946732882003227,0.946732882003227,0.04327965290620417,0.00998746509056887,False
14472,SEG_A,0.8298974296977321,0.8298974296977321,0.12832567835882727,0.04177689194344074,False
14476,SEG_A,0.9505965792587895,0.9505965792587895,0.03579196680132353,0.013611453939887086,False
14478,SEG_A,0.7802043236965286,0.7802043236965286,0.18667783995611634,0.033117836347355,False
14479,SEG_A,0.7882095126799195,0.7882095126799195,0.17262404159760755,0.03916644572247313,False
14483,SEG_A,0.78819793857422,0.78819793857422,0.1573485001809049,0.05445356124487502,False
14485,SEG_A,0.9698929275356529,0.9698929275356529,0.02139701645238313,0.008710056011963884,False
14486,SEG_A,0.8197502197888834,0.8197502197888834,0.14999869190996673,0.03025108830114988,False
14487,SEG_A,0.9089748638957555,0.9089748638957555,0.07588965859168553,0.015135477512558951,False
14490,SEG_B,0.7023005796757074,0.15059124071138152,0.7023005796757074,0.14710817961291112,False
14491,SEG_A,0.7681741888793835,0.7681741888793835,0.10792503619469627,0.12390077492592032,False
14492,SEG_A,0.7984493039875515,0.7984493039875515,0.1142057095278667,0.08734498648458179,False
14496,SEG_A,0.7725265658886166,0.7725265658886166,0.16118938032758498,0.06628405378379838,False
14497,SEG_A,0.9141750159600075,0.9141750159600075,0.07627841875239855,0.009546565287593874,False
14498,SEG_A,0.8202235476400739,0.8202235476400739,0.16337945446532218,0.016396997894603846,False
14502,SEG_A,0.7568843334505011,0.7568843334505011,0.15886391298807326,0.08425175356142552,False
14503,SEG_A,0.8515603801251644,0.8515603801251644,0.07206012592143891,0.07637949395339666,False
14507,SEG_A,0.9407051501604977,0.9407051501604977,0.042240292674534496,0.0170545571649678,False
14512,SEG_A,0.9187505269892793,0.9187505269892793,0.05610681074121347,0.025142662269507177,False
14514,SEG_B,0.8751752854209801,0.0383407848694221,0.8751752854209801,0.08648392970959774,False
14517,SEG_A,0.6554844379394265,0.6554844379394265,0.25685090120669424,0.0876646608538793,False
14519,SEG_A,0.974250113211856,0.974250113211856,0.020515221753678228,0.005234665034465834,False
14527,SEG_A,0.9244002872714291,0.9244002872714291,0.06653782960396024,0.009061883124610643,False
14538,SEG_A,0.960149792754407,0.960149792754407,0.033146066844388054,0.00670414040120486,False
14543,SEG_A,0.7979953817594755,0.7979953817594755,0.13869548487936698,0.06330913336115751,False
14546,SEG_A,0.7555458575259821,0.7555458575259821,0.13971877574136854,0.10473536673264935,False
14549,SEG_B,0.7308054391534764,0.15731535710305083,0.7308054391534764,0.1118792037434728,False
14552,SEG_A,0.8233737007414602,0.8233737007414602,0.16582208389347805,0.01080421536506181,False
14554,SEG_A,0.7800903809171458,0.7800903809171458,0.20040082938669093,0.019508789696163265,False
14555,SEG_A,0.6575487568482739,0.6575487568482739,0.28789603514155615,0.054555208010170005,False
14560,SEG_A,0.8788915195690659,0.8788915195690659,0.11401904642887076,0.00708943400206344,False
14563,SEG_A,0.6413901206550213,0.6413901206550213,0.3146765431749304,0.043933336170048284,False
14573,SEG_A,0.89770887944364,0.89770887944364,0.0843313118462366,0.01795980871012343,False
14575,SEG_A,0.7722416446632199,0.7722416446632199,0.17095046532219096,0.056807890014589295,False
14582,SEG_A,0.9339574136951101,0.9339574136951101,0.05576225308911355,0.010280333215776488,False
14588,SEG_A,0.8076100635029696,0.8076100635029696,0.18122163740310662,0.011168299093923742,False
14590,SEG_A,0.7921509613447054,0.7921509613447054,0.11590568773093712,0.09194335092435749,False
14591,SEG_A,0.7374252785462564,0.7374252785462564,0.086119030420685,0.1764556910330585,False
14597,SEG_A,0.7938023465708193,0.7938023465708193,0.15873097541261452,0.04746667801656621,False
14602,SEG_A,0.7280718580045754,0.7280718580045754,0.1230886889878022,0.14883945300762233,False
14607,SEG_A,0.8442271645473574,0.8442271645473574,0.1307944765924766,0.024978358860166146,False
14610,SEG_A,0.8519070541219644,0.8519070541219644,0.08057022087525709,0.06752272500277849,False
14611,SEG_A,0.4474242302098986,0.4474242302098986,0.39428527439595656,0.15829049539414491,True
14612,SEG_A,0.9134287224184924,0.9134287224184924,0.0724517477737556,0.01411952980775209,False
14613,SEG_A,0.7965443794169506,0.7965443794169506,0.1259197092654647,0.0775359113175848,False
14614,SEG_A,0.5407792882936944,0.5407792882936944,0.4043404314158646,0.05488028029044109,False
14622,SEG_A,0.8206265967118916,0.8206265967118916,0.1353807243650512,0.04399267892305719,False
14623,SEG_A,0.8170873830996217,0.8170873830996217,0.13351837238631534,0.049394244514062845,False
14624,SEG_A,0.8206909141402217,0.8206909141402217,0.11250138280394562,0.06680770305583268,False
14631,SEG_A,0.5278282678324313,0.5278282678324313,0.3901499269505063,0.08202180521706245,False
14635,SEG_A,0.979507943292063,0.979507943292063,0.014004107670194216,0.006487949037742717,False
14636,SEG_A,0.8074651580555069,0.8074651580555069,0.14664840746813854,0.0458864344763545,False
14640,SEG_A,0.9003430584806034,0.9003430584806034,0.049902205164534356,0.04975473635486232,False
14644,SEG_A,0.9622292927674497,0.9622292927674497,0.03470948166142065,0.0030612255711296565,False
14647,SEG_A,0.9035803041413903,0.9035803041413903,0.07907240645977008,0.017347289398839453,False
14652,SEG_A,0.9489545237803876,0.9489545237803876,0.043834967076221434,0.0072105091433910294,False
14657,SEG_A,0.7449382723791771,0.7449382723791771,0.21992811612528337,0.03513361149553959,False
14661,SEG_A,0.741718956998961,0.741718956998961,0.1461751671741181,0.11210587582692094,False
14662,SEG_A,0.7918893944789661,0.7918893944789661,0.16110728514908396,0.04700332037195003,False
14665,SEG_A,0.8656741159253055,0.8656741159253055,0.11602260142648799,0.018303282648206465,False
14670,SEG_A,0.8912510229020159,0.8912510229020159,0.07888102423995676,0.029867952858027454,False
14675,SEG_B,0.43577961725153797,0.377017792550798,0.43577961725153797,0.18720259019766414,True
14682,SEG_A,0.809495862761997,0.809495862761997,0.14547014502879005,0.04503399220921302,False
14689,SEG_A,0.6087268833838942,0.6087268833838942,0.20409705282333637,0.1871760637927693,False
14691,SEG_A,0.7489003368980272,0.7489003368980272,0.1654547146434071,0.08564494845856574,False
14694,SEG_A,0.9433361505129081,0.9433361505129081,0.0250954637931208,0.0315683856939711,False
14696,SEG_A,0.6350224991820101,0.6350224991820101,0.08620517739658701,0.2787723234214028,False
14700,SEG_A,0.6409442899021828,0.6409442899021828,0.11218477137114805,0.24687093872666918,False
14701,SEG_A,0.9002055182699179,0.9002055182699179,0.07892899041624964,0.020865491313832533,False
14704,SEG_B,0.4255475387000086,0.3218576733235204,0.4255475387000086,0.25259478797647084,True
14719,SEG_A,0.9625093051820581,0.9625093051820581,0.02386230299229062,0.013628391825651296,False
14722,SEG_A,0.8352720128987288,0.8352720128987288,0.1321432775525108,0.0325847095487605,False
14723,SEG_A,0.8266159233194642,0.8266159233194642,0.12292342080095531,0.05046065587958051,False
14724,SEG_A,0.9391059367852218,0.9391059367852218,0.052294472750040406,0.008599590464737704,False
14725,SEG_A,0.7626343471431773,0.7626343471431773,0.18261766980828922,0.054747983048533524,False
14726,SEG_A,0.8340053621835248,0.8340053621835248,0.142406664509326,0.02358797330714921,False
14727,SEG_A,0.8984696176734029,0.8984696176734029,0.05770670765771328,0.0438236746688838,False
14728,SEG_A,0.8843127089777956,0.8843127089777956,0.10488823026605554,0.010799060756148985,False
14732,SEG_A,0.8680409511157596,0.8680409511157596,0.08739600172096391,0.04456304716327651,False
14733,SEG_C,0.6699606913101908,0.19121789806913617,0.13882141062067305,0.6699606913101908,False
14734,SEG_A,0.7419029407746079,0.7419029407746079,0.1914227757621538,0.06667428346323817,False
14736,SEG_A,0.7280000925133744,0.7280000925133744,0.11396498207421961,0.15803492541240596,False
14737,SEG_A,0.5958374907437196,0.5958374907437196,0.3425135733389558,0.06164893591732461,False
14738,SEG_A,0.9609098608021481,0.9609098608021481,0.02383925993778133,0.015250879260070682,False
14741,SEG_A,0.9413159251554699,0.9413159251554699,0.0326088328771418,0.026075241967388307,False
14742,SEG_B,0.7375027912225796,0.008864911968738622,0.7375027912225796,0.2536322968086818,False
14744,SEG_B,0.6352862896353197,0.32781504538269834,0.6352862896353197,0.03689866498198192,False
14746,SEG_A,0.786698781836509,0.786698781836509,0.16520601272266128,0.048095205440829694,False
14747,SEG_A,0.7991151299565248,0.7991151299565248,0.1826663632984762,0.018218506744999072,False
14748,SEG_A,0.9264174047775686,0.9264174047775686,0.06645511552142953,0.007127479701001778,False
14749,SEG_A,0.9453115283586123,0.9453115283586123,0.04682142934498424,0.00786704229640348,False
14750,SEG_A,0.9121199957850422,0.9121199957850422,0.07082326162917299,0.017056742585784917,False
14754,SEG_A,0.5573337836208874,0.5573337836208874,0.3733192831493785,0.069346933229734,False
14755,SEG_A,0.8580578116790962,0.8580578116790962,0.05975831492431321,0.08218387339659053,False
14762,SEG_A,0.9459015239739367,0.9459015239739367,0.04029507575452047,0.013803400271542926,False
14774,SEG_C,0.6968098459158427,0.11719631010729421,0.18599384397686308,0.6968098459158427,False
14778,SEG_A,0.966659343421173,0.966659343421173,0.028986869733145206,0.0043537868456818675,False
14780,SEG_A,0.948045706689149,0.948045706689149,0.03969184322131376,0.01226245008953715,False
14787,SEG_A,0.8000393632760305,0.8000393632760305,0.08793889517327338,0.1120217415506961,False
14791,SEG_A,0.7900345563359912,0.7900345563359912,0.1110871228695801,0.09887832079442865,False
14792,SEG_A,0.8405794198984331,0.8405794198984331,0.14334775605653705,0.01607282404502985,False
14795,SEG_A,0.8511646239740321,0.8511646239740321,0.08523624597025799,0.06359913005570997,False
14796,SEG_A,0.7160155678869624,0.7160155678869624,0.12308076338594492,0.16090366872709264,False
14797,SEG_A,0.8665284935204285,0.8665284935204285,0.10639438600276048,0.027077120476811028,False
14799,SEG_A,0.9116590822399209,0.9116590822399209,0.05306165353758808,0.03527926422249106,False
14801,SEG_A,0.8196586025751755,0.8196586025751755,0.15822393522642994,0.022117462198394586,False
14803,SEG_A,0.8679480796791336,0.8679480796791336,0.07770569954338954,0.05434622077747674,False
14804,SEG_A,0.9341136914322872,0.9341136914322872,0.042143033095789914,0.02374327547192302,False
14805,SEG_A,0.8113149688055099,0.8113149688055099,0.11518112521173238,0.0735039059827578,False
14806,SEG_B,0.5374805783493241,0.41379936964682207,0.5374805783493241,0.04872005200385398,False
14809,SEG_A,0.7292609933501643,0.7292609933501643,0.22825149334649436,0.04248751330334143,False
14812,SEG_A,0.7377750044736224,0.7377750044736224,0.23732453133386536,0.024900464192512167,False
14813,SEG_A,0.9716533491335511,0.9716533491335511,0.02496654173538666,0.003380109131062299,False
14814,SEG_A,0.911588303199938,0.911588303199938,0.0440157141141132,0.0443959826859488,False
14815,SEG_A,0.49474934634607637,0.49474934634607637,0.14414388506333325,0.3611067685905905,False
14825,SEG_A,0.46535101442073173,0.46535101442073173,0.23817973281993896,0.2964692527593294,False
14826,SEG_A,0.9745104123016811,0.9745104123016811,0.022653003936107325,0.002836583762211471,False
14827,SEG_A,0.8953615309812608,0.8953615309812608,0.04085690278308436,0.06378156623565484,False
14828,SEG_A,0.8599176463940135,0.8599176463940135,0.07739745229761298,0.0626849013083735,False
14832,SEG_A,0.4725209319225594,0.4725209319225594,0.3385227718906005,0.1889562961868402,False
14834,SEG_A,0.9741797312190105,0.9741797312190105,0.02290645532614479,0.002913813454844819,False
14835,SEG_A,0.7887918456936426,0.7887918456936426,0.17919337900916535,0.03201477529719208,False
14839,SEG_A,0.7044772241765391,0.7044772241765391,0.20662349192825763,0.08889928389520325,False
14845,SEG_A,0.933534191814738,0.933534191814738,0.05345302675772309,0.013012781427538849,False
14846,SEG_A,0.9643135221033581,0.9643135221033581,0.02053765025051814,0.015148827646123702,False
14850,SEG_A,0.912127317967098,0.912127317967098,0.03893765065745835,0.0489350313754436,False
14851,SEG_A,0.9778111790792096,0.9778111790792096,0.01340223549846404,0.008786585422326408,False
14857,SEG_A,0.9378776887968749,0.9378776887968749,0.05109263823080583,0.01102967297231928,False
14860,SEG_A,0.8566883514090875,0.8566883514090875,0.13459570683876063,0.008715941752151894,False
14861,SEG_A,0.7988179705614865,0.7988179705614865,0.1740065085245235,0.027175520913990038,False
14862,SEG_A,0.5568794937434894,0.5568794937434894,0.11617018743067568,0.3269503188258349,False
14863,SEG_A,0.9363823028139602,0.9363823028139602,0.05453513308179223,0.009082564104247617,False
14864,SEG_A,0.8623364039676935,0.8623364039676935,0.11780411690963404,0.019859479122672358,False
14873,SEG_A,0.956826227831093,0.956826227831093,0.03518511739285919,0.007988654776047792,False
14875,SEG_A,0.8289565746291716,0.8289565746291716,0.11361261254848519,0.05743081282234304,False
14876,SEG_A,0.9852041533327335,0.9852041533327335,0.0110621432579434,0.0037337034093230166,False
14878,SEG_A,0.5713765133780503,0.5713765133780503,0.21744403565808842,0.21117945096386145,False
14879,SEG_A,0.8690412546637425,0.8690412546637425,0.12231301013646828,0.008645735199789182,False
14881,SEG_A,0.829782093372306,0.829782093372306,0.08408692821866687,0.08613097840902705,False
14882,SEG_A,0.9251036459721351,0.9251036459721351,0.06252632133805909,0.012370032689805745,False
14883,SEG_B,0.5449750386242597,0.4231615878134253,0.5449750386242597,0.031863373562315,False
14886,SEG_A,0.8410964868810185,0.8410964868810185,0.14069629049971139,0.018207222619270116,False
14889,SEG_B,0.5302236923864119,0.4191065503043515,0.5302236923864119,0.05066975730923666,False
14892,SEG_A,0.7796516256169518,0.7796516256169518,0.18140267916806133,0.038945695214986836,False
14896,SEG_A,0.8424215292122874,0.8424215292122874,0.12676307430241335,0.030815396485299296,False
14900,SEG_A,0.7907499425023997,0.7907499425023997,0.0969869144563068,0.11226314304129346,False
14909,SEG_A,0.8991044051703619,0.8991044051703619,0.06133837797835584,0.03955721685128223,False
14912,SEG_A,0.8823242135355222,0.8823242135355222,0.04372985051831337,0.07394593594616443,False
14915,SEG_A,0.9452720377837625,0.9452720377837625,0.04663188119315646,0.008096081023081125,False
14917,SEG_A,0.8749469321890669,0.8749469321890669,0.11321688251585126,0.011836185295081854,False
14920,SEG_A,0.7778480839906237,0.7778480839906237,0.1933543481453824,0.028797567863993782,False
14921,SEG_B,0.5907501737797537,0.23452412610764634,0.5907501737797537,0.1747257001125999,False
14924,SEG_A,0.9243547129420919,0.9243547129420919,0.05734880565763016,0.018296481400278015,False
14925,SEG_A,0.9731178641125398,0.9731178641125398,0.021226821656701176,0.005655314230759015,False
14926,SEG_A,0.9027909413259017,0.9027909413259017,0.07404745186099303,0.02316160681310529,False
14929,SEG_A,0.973728879435192,0.973728879435192,0.014527555827616037,0.01174356473719201,False
14930,SEG_A,0.8641754309408131,0.8641754309408131,0.12149249239814677,0.014332076661040112,False
14933,SEG_A,0.9308182025533468,0.9308182025533468,0.03396484770709744,0.03521694973955564,False
14934,SEG_A,0.8748051347421321,0.8748051347421321,0.07663834119787546,0.04855652405999251,False
14935,SEG_A,0.9342945210985155,0.9342945210985155,0.016648648218083546,0.04905683068340108,False
14937,SEG_A,0.9394730942201045,0.9394730942201045,0.04420508574808762,0.016321820031807797,False
14939,SEG_A,0.8327187015679655,0.8327187015679655,0.11362362981565322,0.05365766861638134,False
14945,SEG_A,0.9608861121233143,0.9608861121233143,0.029807674872674328,0.009306213004011368,False
14947,SEG_A,0.8149704900881611,0.8149704900881611,0.14746069408698106,0.037568815824857715,False
14948,SEG_A,0.9310212806897861,0.9310212806897861,0.057489236785269196,0.011489482524944803,False
14949,SEG_B,0.8500326598744309,0.11502875620534853,0.8500326598744309,0.03493858392022063,False
14954,SEG_A,0.9726349644848473,0.9726349644848473,0.023843816901124172,0.003521218614028468,False
14956,SEG_A,0.8896999849901019,0.8896999849901019,0.05915153401479604,0.051148480995102115,False
14960,SEG_A,0.7530506885360418,0.7530506885360418,0.16854074927269508,0.07840856219126305,False
14962,SEG_A,0.8612024614874103,0.8612024614874103,0.058301736802365986,0.08049580171022368,False
14967,SEG_A,0.9587854233772524,0.9587854233772524,0.03406918594606666,0.007145390676681055,False
14969,SEG_B,0.6850919712283537,0.22127583394322398,0.6850919712283537,0.09363219482842225,False
14971,SEG_A,0.9683310902267552,0.9683310902267552,0.028981632132631576,0.0026872776406131746,False
14975,SEG_A,0.7845481088598255,0.7845481088598255,0.1712754004098772,0.044176490730297197,False
14976,SEG_B,0.5807660941085633,0.18950564089302344,0.5807660941085633,0.2297282649984133,False
14981,SEG_A,0.7959169807641124,0.7959169807641124,0.12850595713479798,0.07557706210108954,False
14982,SEG_A,0.9066296993144397,0.9066296993144397,0.0666110320521734,0.02675926863338695,False
14985,SEG_A,0.49515027670612743,0.49515027670612743,0.4546515525717898,0.050198170722082734,False
14992,SEG_A,0.8167605922162757,0.8167605922162757,0.14939906006256448,0.03384034772115968,False
14993,SEG_A,0.9580289794760622,0.9580289794760622,0.030190537895493186,0.011780482628444581,False
14996,SEG_A,0.8855243602692096,0.8855243602692096,0.09827781005020911,0.016197829680581356,False
14998,SEG_A,0.46067472592162,0.46067472592162,0.4316987220430889,0.10762655203529102,False
15002,SEG_A,0.5083470298286766,0.5083470298286766,0.2512916077823342,0.24036136238898909,False
15003,SEG_A,0.6729795621051179,0.6729795621051179,0.1593101613183696,0.16771027657651263,False
15006,SEG_A,0.8967870078712056,0.8967870078712056,0.08821449802216394,0.014998494106630421,False
15007,SEG_A,0.8329695410382576,0.8329695410382576,0.12749172506064477,0.03953873390109759,False
15008,SEG_A,0.907401090297789,0.907401090297789,0.06995422154319189,0.022644688159019172,False
15009,SEG_A,0.9307951501382519,0.9307951501382519,0.038649239220304624,0.030555610641443492,False
15015,SEG_A,0.8466530249469029,0.8466530249469029,0.13673558139709527,0.01661139365600194,False
15018,SEG_A,0.9169039839898993,0.9169039839898993,0.040543627235244954,0.04255238877485585,False
15020,SEG_A,0.869130122808481,0.869130122808481,0.06469177840267633,0.06617809878884266,False
15022,SEG_A,0.9190302216759129,0.9190302216759129,0.07420221971707915,0.00676755860700795,False
15024,SEG_A,0.7538275199901001,0.7538275199901001,0.1318294521130042,0.11434302789689564,False
15027,SEG_A,0.8102758214685625,0.8102758214685625,0.11207942107931751,0.07764475745211992,False
15028,SEG_B,0.6349846738384752,0.040850808166053215,0.6349846738384752,0.3241645179954715,False
15029,SEG_A,0.8125239895414302,0.8125239895414302,0.13407588352598898,0.053400126932580956,False
15031,SEG_A,0.7879102540912832,0.7879102540912832,0.1856819172296565,0.026407828679060365,False
15035,SEG_A,0.825569253141173,0.825569253141173,0.14116515541972288,0.033265591439104,False
15036,SEG_A,0.8609418778072504,0.8609418778072504,0.12482640335189589,0.014231718840853762,False
15038,SEG_A,0.9468201353385821,0.9468201353385821,0.04853464433630067,0.004645220325117138,False
15039,SEG_B,0.6032539542611572,0.2908002917682487,0.6032539542611572,0.10594575397059416,False
15041,SEG_A,0.3907822435491079,0.3907822435491079,0.2538471514004065,0.35537060505048557,True
15044,SEG_A,0.9170201025740906,0.9170201025740906,0.07054933663463638,0.012430560791272948,False
15047,SEG_A,0.8884397349855893,0.8884397349855893,0.09411074105959641,0.01744952395481421,False
15051,SEG_A,0.8209079661110802,0.8209079661110802,0.16101982648020854,0.018072207408711242,False
15054,SEG_A,0.829692866531517,0.829692866531517,0.04185588946834904,0.12845124400013402,False
15058,SEG_A,0.7491903137745899,0.7491903137745899,0.14826268642119778,0.10254699980421231,False
15062,SEG_A,0.9698554395584313,0.9698554395584313,0.025096800878581862,0.005047759562986783,False
15063,SEG_A,0.9341858662642452,0.9341858662642452,0.05133347403908892,0.014480659696665994,False
15064,SEG_A,0.7213440190137561,0.7213440190137561,0.22025944539849174,0.058396535587752214,False
15072,SEG_A,0.4125939349904117,0.4125939349904117,0.26846192712459943,0.3189441378849888,True
15077,SEG_A,0.7041377575837883,0.7041377575837883,0.13876412253564677,0.157098119880565,False
15078,SEG_A,0.7673337782650429,0.7673337782650429,0.21372094034189412,0.01894528139306294,False
15082,SEG_A,0.9022179938155013,0.9022179938155013,0.05563874366931856,0.042143262515180316,False
15084,SEG_A,0.41192882875684067,0.41192882875684067,0.33730612332669174,0.25076504791646753,True
15085,SEG_B,0.5801577001040843,0.3054832227865991,0.5801577001040843,0.11435907710931664,False
15088,SEG_A,0.8111045299134647,0.8111045299134647,0.13740534789544295,0.051490122191092336,False
15089,SEG_A,0.6378667037790212,0.6378667037790212,0.2543984743875102,0.10773482183346872,False
15094,SEG_A,0.9633074632117725,0.9633074632117725,0.03348647447573825,0.003206062312489319,False
15095,SEG_A,0.8992824201835362,0.8992824201835362,0.0815770463214481,0.01914053349501573,False
15097,SEG_A,0.9657828219216451,0.9657828219216451,0.028975307771475,0.005241870306879806,False
15098,SEG_A,0.7846181140481349,0.7846181140481349,0.12828080190861615,0.08710108404324916,False
15100,SEG_A,0.9609568669384605,0.9609568669384605,0.031577022451479454,0.007466110610060059,False
15105,SEG_A,0.9361335205865787,0.9361335205865787,0.04044096486226976,0.023425514551151598,False
15108,SEG_A,0.9611975938109644,0.9611975938109644,0.03369454554969893,0.005107860639336655,False
15109,SEG_A,0.8186671976789885,0.8186671976789885,0.15025558244747325,0.03107721987353818,False
15111,SEG_A,0.8271233607428271,0.8271233607428271,0.10872014565977683,0.06415649359739604,False
15114,SEG_A,0.7551433067396834,0.7551433067396834,0.14419857323070093,0.1006581200296157,False
15115,SEG_A,0.8939815669335076,0.8939815669335076,0.09200778445076487,0.01401064861572767,False
15116,SEG_A,0.8067935284222894,0.8067935284222894,0.16436117161568142,0.02884529996202932,False
15117,SEG_A,0.9746979556655819,0.9746979556655819,0.02073861802562247,0.004563426308795581,False
15122,SEG_A,0.9305994689224107,0.9305994689224107,0.043526451880781324,0.025874079196807828,False
15125,SEG_A,0.9511661074539649,0.9511661074539649,0.03939087048889631,0.009443022057138789,False
15128,SEG_A,0.6608540998413038,0.6608540998413038,0.24908888881885805,0.09005701133983818,False
15129,SEG_A,0.9370332595612806,0.9370332595612806,0.04506071056458247,0.0179060298741369,False
15130,SEG_A,0.8705134672027103,0.8705134672027103,0.10061657257484276,0.028869960222446898,False
15131,SEG_A,0.9545658960181445,0.9545658960181445,0.030935140719100654,0.014498963262754886,False
15133,SEG_A,0.9000812169760543,0.9000812169760543,0.05543098472331278,0.044487798300632965,False
15135,SEG_A,0.8341943692426504,0.8341943692426504,0.07525504502221779,0.09055058573513174,False
15137,SEG_A,0.6412922892546404,0.6412922892546404,0.146979328828917,0.21172838191644253,False
15142,SEG_A,0.9377118282092376,0.9377118282092376,0.0538737947783128,0.008414377012449634,False
15146,SEG_A,0.8811731322918199,0.8811731322918199,0.06922544209688113,0.049601425611298953,False
15150,SEG_A,0.9449533496674082,0.9449533496674082,0.046095516455169634,0.008951133877422112,False
15151,SEG_A,0.9146559555626746,0.9146559555626746,0.07630775140714999,0.00903629303017535,False
15153,SEG_A,0.7418944287366578,0.7418944287366578,0.09120695072558892,0.16689862053775326,False
15154,SEG_A,0.9571572732310053,0.9571572732310053,0.03737164653553907,0.005471080233455557,False
15155,SEG_A,0.9697889061564575,0.9697889061564575,0.020358432963143352,0.009852660880399036,False
15156,SEG_A,0.8532530447417305,0.8532530447417305,0.12190908994971404,0.02483786530855564,False
15158,SEG_A,0.48753960038619404,0.48753960038619404,0.390180539509355,0.12227986010445098,False
15160,SEG_A,0.8122759534002131,0.8122759534002131,0.1599138443213571,0.02781020227842981,False
15162,SEG_A,0.8591054147070384,0.8591054147070384,0.08184257742375169,0.05905200786921,False
15167,SEG_A,0.7928728616123056,0.7928728616123056,0.19995817311012004,0.007168965277574187,False
15170,SEG_C,0.43513782852721494,0.14565702294580699,0.41920514852697804,0.43513782852721494,True
15172,SEG_A,0.8942251643895301,0.8942251643895301,0.05685066030262238,0.04892417530784746,False
15176,SEG_A,0.8866079967987797,0.8866079967987797,0.09149401500475504,0.021897988196465313,False
15179,SEG_A,0.8831429817856309,0.8831429817856309,0.024803128666635855,0.09205388954773332,False
15182,SEG_A,0.8807157249600633,0.8807157249600633,0.11508453699600711,0.004199738043929482,False
15190,SEG_A,0.928029568007566,0.928029568007566,0.061763486408009174,0.010206945584424799,False
15192,SEG_A,0.575016378701413,0.575016378701413,0.2171966424604124,0.2077869788381745,False
15193,SEG_A,0.9048509794145931,0.9048509794145931,0.06058652330596012,0.03456249727944667,False
15194,SEG_B,0.5185965833170842,0.45051530462854283,0.5185965833170842,0.030888112054373074,False
15196,SEG_A,0.9256388121754364,0.9256388121754364,0.06606337151686315,0.008297816307700363,False
15198,SEG_A,0.809601915456556,0.809601915456556,0.15229520065103797,0.03810288389240603,False
15200,SEG_A,0.7953775283773701,0.7953775283773701,0.12257803972600412,0.08204443189662575,False
15203,SEG_A,0.9030222243858832,0.9030222243858832,0.0841911581641866,0.012786617449930322,False
15205,SEG_A,0.8003400730912253,0.8003400730912253,0.1444543270669505,0.05520559984182406,False
15213,SEG_A,0.7813316742872931,0.7813316742872931,0.17535513731191466,0.04331318840079232,False
15216,SEG_A,0.8475304032432087,0.8475304032432087,0.10807320997584284,0.04439638678094837,False
15217,SEG_A,0.8754499635774623,0.8754499635774623,0.10114953381373629,0.02340050260880133,False
15222,SEG_A,0.8366738862360822,0.8366738862360822,0.0887097986292142,0.07461631513470364,False
15229,SEG_C,0.8626336568763063,0.001949584764913269,0.1354167583587803,0.8626336568763063,False
15233,SEG_A,0.807236550237019,0.807236550237019,0.17070388195502603,0.02205956780795496,False
15234,SEG_A,0.9014356223258113,0.9014356223258113,0.07668867999156773,0.021875697682621053,False
15235,SEG_A,0.9240956250718005,0.9240956250718005,0.05945135684838961,0.016453018079809926,False
15236,SEG_A,0.7989667308919368,0.7989667308919368,0.07786373017938844,0.12316953892867474,False
15239,SEG_A,0.9146090351860274,0.9146090351860274,0.07452309363429312,0.010867871179679484,False
15240,SEG_A,0.9778274847661865,0.9778274847661865,0.013956581475104035,0.008215933758709479,False
15243,SEG_A,0.9393021126738706,0.9393021126738706,0.04412885807384615,0.016569029252283273,False
15245,SEG_A,0.9348211620043537,0.9348211620043537,0.03347374424253814,0.031705093753108156,False
15246,SEG_A,0.8622727912934702,0.8622727912934702,0.1090041768016326,0.028723031904897136,False
15261,SEG_A,0.8473948645862407,0.8473948645862407,0.10711337127358177,0.045491764140177554,False
15264,SEG_A,0.7323668299632102,0.7323668299632102,0.23819827586855616,0.029434894168233455,False
15279,SEG_B,0.5914692948830714,0.35307638746489795,0.5914692948830714,0.05545431765203058,False
15280,SEG_A,0.9211530236524853,0.9211530236524853,0.06171278370895099,0.017134192638563858,False
15283,SEG_A,0.7802043236965286,0.7802043236965286,0.18667783995611634,0.033117836347355,False
15290,SEG_A,0.7713725414942593,0.7713725414942593,0.1660736551839681,0.06255380332177253,False
15293,SEG_B,0.4092225898073197,0.25314509265196733,0.4092225898073197,0.33763231754071316,True
15300,SEG_A,0.9337318849293923,0.9337318849293923,0.05232659707192542,0.01394151799868222,False
15305,SEG_A,0.8023021511303905,0.8023021511303905,0.08110402046076992,0.1165938284088396,False
15306,SEG_A,0.9523566787155722,0.9523566787155722,0.030807346151650893,0.01683597513277697,False
15307,SEG_A,0.9737841914782566,0.9737841914782566,0.019664777073882273,0.006551031447861067,False
15311,SEG_B,0.5723112495357331,0.03373673647740202,0.5723112495357331,0.3939520139868648,False
15313,SEG_B,0.565397176489774,0.3653999455689366,0.565397176489774,0.06920287794128939,False
15319,SEG_A,0.8027181473572123,0.8027181473572123,0.16297930199151775,0.034302550651270164,False
15321,SEG_B,0.8136362098050547,0.05397136387235614,0.8136362098050547,0.13239242632258907,False
15322,SEG_A,0.8498429209669561,0.8498429209669561,0.09663812607902227,0.05351895295402156,False
15323,SEG_A,0.8245350272174718,0.8245350272174718,0.16297593527796866,0.012489037504559439,False
15324,SEG_A,0.7595054495681903,0.7595054495681903,0.09453790652319914,0.1459566439086105,False
15327,SEG_A,0.9399157821511667,0.9399157821511667,0.019953090183619977,0.04013112766521335,False
15328,SEG_B,0.4846277585135576,0.4707674504143403,0.4846277585135576,0.0446047910721022,False
15334,SEG_B,0.7388646093603138,0.21713235651435497,0.7388646093603138,0.044003034125331096,False
15335,SEG_A,0.8780219468859854,0.8780219468859854,0.09908877413774905,0.02288927897626539,False
15337,SEG_A,0.787801370543792,0.787801370543792,0.18507283280763207,0.027125796648575947,False
15340,SEG_A,0.6235794664236005,0.6235794664236005,0.14620879866376257,0.23021173491263688,False
15344,SEG_A,0.8034021516181927,0.8034021516181927,0.15153996988899016,0.045057878492817095,False
15354,SEG_A,0.9395543291692249,0.9395543291692249,0.054420088513581905,0.0060255823171931336,False
15356,SEG_A,0.8823589760868145,0.8823589760868145,0.08327665526339222,0.034364368649793316,False
15357,SEG_A,0.8707300304575338,0.8707300304575338,0.043572279393823216,0.08569769014864305,False
15359,SEG_A,0.9379854965910239,0.9379854965910239,0.0539365367341474,0.008077966674828786,False
15363,SEG_A,0.6274383476219939,0.6274383476219939,0.11035202653211067,0.2622096258458954,False
15365,SEG_A,0.9696311477695078,0.9696311477695078,0.02271286316501439,0.007655989065477902,False
15372,SEG_A,0.6752378838212997,0.6752378838212997,0.09809599394187828,0.22666612223682195,False
15377,SEG_A,0.7281411511892091,0.7281411511892091,0.20367463918481027,0.06818420962598067,False
15381,SEG_B,0.5112693907247524,0.17057486900144753,0.5112693907247524,0.31815574027380017,False
15384,SEG_A,0.6384084542574051,0.6384084542574051,0.1145936045163821,0.24699794122621282,False
15387,SEG_A,0.9365953628458363,0.9365953628458363,0.043038722765820936,0.020365914388342714,False
15388,SEG_A,0.9298832489789316,0.9298832489789316,0.0280053945693163,0.04211135645175216,False
15390,SEG_A,0.8142103046872845,0.8142103046872845,0.12827119753614052,0.057518497776575084,False
15393,SEG_A,0.9320419426645902,0.9320419426645902,0.04959065711459709,0.01836740022081268,False
15397,SEG_A,0.8459665317279224,0.8459665317279224,0.12728526926165729,0.02674819901042023,False
15398,SEG_A,0.7374231835924221,0.7374231835924221,0.18540011568097123,0.07717670072660687,False
15405,SEG_A,0.6034716444739079,0.6034716444739079,0.3015628273051997,0.0949655282208924,False
15407,SEG_A,0.8576879706135768,0.8576879706135768,0.12049732404181904,0.02181470534460402,False
15412,SEG_A,0.9217576615068184,0.9217576615068184,0.03607343771596717,0.04216890077721445,False
15414,SEG_A,0.8641126560064575,0.8641126560064575,0.13081776919815852,0.00506957479538402,False
15415,SEG_A,0.9571511702908535,0.9571511702908535,0.02476700502256505,0.01808182468658132,False
15416,SEG_A,0.6043981224774161,0.6043981224774161,0.23705735120417115,0.15854452631841262,False
15418,SEG_A,0.8820959793695855,0.8820959793695855,0.05513850118129938,0.06276551944911508,False
15419,SEG_A,0.9301079304788388,0.9301079304788388,0.036977117283027064,0.0329149522381342,False
15420,SEG_A,0.8104123735776204,0.8104123735776204,0.16883337148526428,0.02075425493711536,False
15425,SEG_B,0.672265940356497,0.20961075865655163,0.672265940356497,0.11812330098695135,False
15426,SEG_A,0.9485891913531292,0.9485891913531292,0.04350508723502534,0.00790572141184551,False
15427,SEG_A,0.9445420821864188,0.9445420821864188,0.05004765453316696,0.005410263280414205,False
15429,SEG_A,0.8862671399410647,0.8862671399410647,0.09656819209734216,0.01716466796159335,False
15430,SEG_A,0.8629635678398802,0.8629635678398802,0.1186513101494569,0.018385122010663,False
15431,SEG_A,0.7937887135913893,0.7937887135913893,0.13121250035282028,0.07499878605579056,False
15434,SEG_A,0.9551887208439082,0.9551887208439082,0.0349027920789165,0.009908487077175232,False
15435,SEG_A,0.8540999886978307,0.8540999886978307,0.09066054172839633,0.055239469573772924,False
15437,SEG_A,0.7882095126799195,0.7882095126799195,0.17262404159760755,0.03916644572247313,False
15438,SEG_A,0.8118203461610468,0.8118203461610468,0.11555217005449439,0.07262748378445873,False
15440,SEG_A,0.8656775564513967,0.8656775564513967,0.09854552576869938,0.03577691777990398,False
15442,SEG_C,0.9393551179701883,0.0005846919080954569,0.06006019012171625,0.9393551179701883,False
15444,SEG_A,0.6152720124978315,0.6152720124978315,0.11297275720251876,0.2717552302996498,False
15445,SEG_A,0.6868678364737306,0.6868678364737306,0.2658688829318679,0.04726328059440146,False
15456,SEG_A,0.9278164707274199,0.9278164707274199,0.06677709794540897,0.005406431327171116,False
15471,SEG_A,0.7231849070255386,0.7231849070255386,0.21904643082014358,0.05776866215431789,False
15472,SEG_A,0.8300769585760557,0.8300769585760557,0.14501650631602245,0.024906535107921984,False
15477,SEG_B,0.8181807472695927,0.00931815768963509,0.8181807472695927,0.1725010950407722,False
15479,SEG_A,0.7729422892397855,0.7729422892397855,0.17959903714728728,0.04745867361292725,False
15483,SEG_A,0.9291406909628632,0.9291406909628632,0.04441922833642286,0.02644008070071401,False
15486,SEG_A,0.6247778162212043,0.6247778162212043,0.21633990462843314,0.15888227915036254,False
15487,SEG_A,0.896762566979267,0.896762566979267,0.07673084128008965,0.02650659174064331,False
15493,SEG_A,0.7026597252174257,0.7026597252174257,0.0860807170399988,0.21125955774257554,False
15501,SEG_A,0.715067804014158,0.715067804014158,0.15594473666659456,0.12898745931924746,False
15511,SEG_A,0.6269386756998583,0.6269386756998583,0.2841633469483366,0.08889797735180507,False
15513,SEG_A,0.9622564573453959,0.9622564573453959,0.029417870254586913,0.008325672400017222,False
15518,SEG_A,0.832737306935538,0.832737306935538,0.1082028721920208,0.05905982087244112,False
15519,SEG_A,0.9569115913430868,0.9569115913430868,0.03629180105846554,0.0067966075984478,False
15520,SEG_A,0.8042588956706104,0.8042588956706104,0.16981750077299385,0.025923603556395818,False
15522,SEG_A,0.7624937454966243,0.7624937454966243,0.1669985563261664,0.07050769817720932,False
15523,SEG_A,0.6249637617218365,0.6249637617218365,0.33255147757870546,0.04248476069945794,False
15525,SEG_A,0.9113980642321904,0.9113980642321904,0.07534965680304688,0.013252278964762627,False
15526,SEG_A,0.906991287119849,0.906991287119849,0.0729460417157201,0.02006267116443084,False
15527,SEG_A,0.7039283410846768,0.7039283410846768,0.2546163998144465,0.0414552591008768,False
15529,SEG_A,0.5357696848484639,0.5357696848484639,0.27732842636553556,0.18690188878600067,False
15531,SEG_A,0.949499360722795,0.949499360722795,0.045873695909730255,0.004626943367474641,False
15533,SEG_A,0.7295236398139596,0.7295236398139596,0.22519132113011534,0.04528503905592506,False
15535,SEG_A,0.6440695824628602,0.6440695824628602,0.32440542058997024,0.03152499694716967,False
15536,SEG_A,0.9164157227970663,0.9164157227970663,0.0749608482129133,0.008623428990020393,False
15537,SEG_A,0.7622488689992598,0.7622488689992598,0.14023549078763453,0.09751564021310571,False
15540,SEG_B,0.5994562219366636,0.17295350149819683,0.5994562219366636,0.2275902765651397,False
15542,SEG_A,0.838572599860367,0.838572599860367,0.036018067618449806,0.12540933252118316,False
15544,SEG_A,0.91904141271481,0.91904141271481,0.0620552591891573,0.018903328096032748,False
15548,SEG_A,0.851603034932232,0.851603034932232,0.13046022158368556,0.01793674348408245,False
15549,SEG_A,0.7699726624544951,0.7699726624544951,0.17081473755047172,0.05921259999503309,False
15553,SEG_A,0.8904822844095888,0.8904822844095888,0.0323035429430018,0.07721417264740955,False
15557,SEG_A,0.9076682980914562,0.9076682980914562,0.07007772084535561,0.0222539810631882,False
15558,SEG_A,0.8721857349310381,0.8721857349310381,0.09037132158580473,0.03744294348315722,False
15560,SEG_A,0.8554067794820241,0.8554067794820241,0.10377797917169836,0.040815241346277426,False
15561,SEG_A,0.7882095126799195,0.7882095126799195,0.17262404159760755,0.03916644572247313,False
15562,SEG_A,0.8831277042224275,0.8831277042224275,0.08357988838187012,0.03329240739570241,False
15564,SEG_A,0.9791414101345846,0.9791414101345846,0.018819010709785224,0.002039579155630269,False
15567,SEG_B,0.46473704693473705,0.272966267963902,0.46473704693473705,0.2622966851013611,False
15568,SEG_A,0.8267029028800591,0.8267029028800591,0.15074524474952503,0.0225518523704159,False
15569,SEG_A,0.9341184414785006,0.9341184414785006,0.0522679313057489,0.013613627215750412,False
15570,SEG_A,0.7263980904847069,0.7263980904847069,0.0899977004714262,0.1836042090438668,False
15573,SEG_A,0.9137245184569925,0.9137245184569925,0.05315536617342659,0.0331201153695809,False
15574,SEG_A,0.8964052276627944,0.8964052276627944,0.09200568939541645,0.011589082941789194,False
15576,SEG_A,0.8778812240150075,0.8778812240150075,0.08724160247910985,0.03487717350588273,False
15577,SEG_A,0.8788946054172067,0.8788946054172067,0.05355173203769374,0.06755366254509952,False
15578,SEG_A,0.8118425385691221,0.8118425385691221,0.14517824463730467,0.042979216793573215,False
15579,SEG_A,0.6175989970038599,0.6175989970038599,0.1437280643856823,0.23867293861045774,False
15581,SEG_A,0.6734935591620328,0.6734935591620328,0.20149643222210428,0.1250100086158628,False
15583,SEG_B,0.7676155228519255,0.07916182666421336,0.7676155228519255,0.15322265048386113,False
15584,SEG_A,0.793182123150356,0.793182123150356,0.13563293401207302,0.07118494283757103,False
15593,SEG_A,0.8665770722232253,0.8665770722232253,0.05630978769215205,0.07711314008462278,False
15599,SEG_A,0.8340624601326158,0.8340624601326158,0.07456787241159077,0.09136966745579361,False
15603,SEG_A,0.7889166036918105,0.7889166036918105,0.07782430892810537,0.13325908738008416,False
15607,SEG_A,0.918419232500589,0.918419232500589,0.06423548802697085,0.017345279472440266,False
15611,SEG_A,0.7896330728686445,0.7896330728686445,0.13566864344977164,0.07469828368158377,False
15616,SEG_A,0.9072631272905478,0.9072631272905478,0.07482089698893216,0.017915975720519953,False
15622,SEG_A,0.9334332166485668,0.9334332166485668,0.04557948439907814,0.020987298952354898,False
15623,SEG_A,0.7882334276761189,0.7882334276761189,0.17208380280799918,0.03968276951588212,False
15638,SEG_B,0.7497713034295183,0.007448076265670412,0.7497713034295183,0.2427806203048114,False
15642,SEG_A,0.7625871329937727,0.7625871329937727,0.13171215092573185,0.10570071608049539,False
15643,SEG_A,0.973700956719035,0.973700956719035,0.02313752797926516,0.0031615153016999165,False
15646,SEG_A,0.6000177186330073,0.6000177186330073,0.22413048638728286,0.1758517949797098,False
15650,SEG_A,0.9516293859670111,0.9516293859670111,0.0373562957598454,0.011014318273143487,False
15655,SEG_A,0.9341101410933336,0.9341101410933336,0.05379393322746269,0.01209592567920389,False
15658,SEG_A,0.7658468695774314,0.7658468695774314,0.15492346381186015,0.07922966661070838,False
15659,SEG_A,0.8758359546629555,0.8758359546629555,0.08888764208983035,0.03527640324721414,False
15660,SEG_A,0.7749851728150989,0.7749851728150989,0.19562301479572125,0.029391812389179737,False
15670,SEG_A,0.8055789617136132,0.8055789617136132,0.16984777082114116,0.024573267465245595,False
15676,SEG_A,0.7906823157188336,0.7906823157188336,0.17253347533446928,0.03678420894669713,False
15678,SEG_C,0.3772045889427518,0.28725783523279513,0.33553757582445315,0.3772045889427518,True
15684,SEG_A,0.7909825384580236,0.7909825384580236,0.159187775160733,0.04982968638124339,False
15685,SEG_A,0.7421712772555207,0.7421712772555207,0.15962239790734672,0.09820632483713258,False
15689,SEG_A,0.8087019213224443,0.8087019213224443,0.08068513754847773,0.11061294112907791,False
15695,SEG_A,0.941626404469025,0.941626404469025,0.053296000093554015,0.005077595437421154,False
15701,SEG_A,0.7970455417046575,0.7970455417046575,0.18464459720299634,0.018309861092346294,False
15703,SEG_A,0.9042025306631567,0.9042025306631567,0.07647964266933664,0.019317826667506623,False
15707,SEG_A,0.8738821693810366,0.8738821693810366,0.12123984440267134,0.004877986216292147,False
15708,SEG_A,0.7652798201354087,0.7652798201354087,0.1992567246595068,0.03546345520508431,False
15715,SEG_A,0.6141357674461867,0.6141357674461867,0.3209375492070501,0.0649266833467633,False
15722,SEG_A,0.7711606692061175,0.7711606692061175,0.12673434836140685,0.10210498243247568,False
15723,SEG_A,0.7633343583994777,0.7633343583994777,0.12816930237259735,0.10849633922792494,False
15729,SEG_B,0.43574848831330143,0.3362898499264707,0.43574848831330143,0.2279616617602279,True
15732,SEG_A,0.958576482638435,0.958576482638435,0.024868648949498647,0.01655486841206628,False
15734,SEG_A,0.7200533754841896,0.7200533754841896,0.1466888021979672,0.13325782231784328,False
15738,SEG_A,0.7882095126799195,0.7882095126799195,0.17262404159760755,0.03916644572247313,False
15740,SEG_A,0.8813280689644939,0.8813280689644939,0.1018922009668606,0.01677973006864571,False
15741,SEG_A,0.9348528931912745,0.9348528931912745,0.05350584768385705,0.01164125912486847,False
15744,SEG_A,0.8933399237811145,0.8933399237811145,0.08502020812279802,0.02163986809608744,False
15746,SEG_A,0.9704321115636287,0.9704321115636287,0.022310215028008406,0.007257673408362914,False
15747,SEG_A,0.9389617884014007,0.9389617884014007,0.05158122824448953,0.0094569833541097,False
15748,SEG_B,0.8161006616812583,0.00877549215752572,0.8161006616812583,0.175123846161216,False
15752,SEG_A,0.619746343938614,0.619746343938614,0.2189616260551143,0.16129203000627168,False
15753,SEG_A,0.7811125006628268,0.7811125006628268,0.18538513497382766,0.03350236436334558,False
15754,SEG_A,0.7652798201354087,0.7652798201354087,0.1992567246595068,0.03546345520508431,False
15763,SEG_B,0.5515791871705144,0.3504582248788424,0.5515791871705144,0.09796258795064336,False
15769,SEG_A,0.7882334276761189,0.7882334276761189,0.17208380280799918,0.03968276951588212,False
15781,SEG_A,0.7649413283854619,0.7649413283854619,0.2066636644967335,0.028395007117804617,False
15805,SEG_A,0.572885334045552,0.572885334045552,0.3144080114268368,0.11270665452761137,False
15812,SEG_A,0.9633637021738273,0.9633637021738273,0.02657003345076399,0.010066264375408777,False
15814,SEG_A,0.6480856707204327,0.6480856707204327,0.19336687960910837,0.15854744967045897,False
15817,SEG_A,0.7944471731918182,0.7944471731918182,0.15607499397005148,0.049477832838130405,False
15820,SEG_B,0.6628442608254264,0.24454924517996876,0.6628442608254264,0.09260649399460495,False
15823,SEG_B,0.5652718946641122,0.3948666118658823,0.5652718946641122,0.039861493470005505,False
15831,SEG_A,0.97601124331198,0.97601124331198,0.01753359461175245,0.0064551620762674945,False
15832,SEG_A,0.872355471450963,0.872355471450963,0.07438398984327804,0.05326053870575897,False
15835,SEG_C,0.662850817544119,0.13448315533178754,0.20266602712409346,0.662850817544119,False
15838,SEG_A,0.885362303848119,0.885362303848119,0.08714247953182738,0.027495216620053633,False
15842,SEG_A,0.8567064263348555,0.8567064263348555,0.09672013305539603,0.046573440609748495,False
15847,SEG_A,0.8447968732668346,0.8447968732668346,0.09227078638342298,0.06293234034974246,False
15854,SEG_A,0.7801337441006021,0.7801337441006021,0.15839095232543454,0.061475303573963434,False
15855,SEG_A,0.8685059667596128,0.8685059667596128,0.08671354314159731,0.04478049009878988,False
15857,SEG_A,0.8823521191018369,0.8823521191018369,0.08833046111457585,0.02931741978358726,False
15866,SEG_A,0.9038529119332605,0.9038529119332605,0.03956404736669739,0.056583040700042164,False
15867,SEG_A,0.8959036277774146,0.8959036277774146,0.0996185150019676,0.004477857220617885,False
15869,SEG_A,0.544286962305391,0.544286962305391,0.2384329290728637,0.2172801086217453,False
15870,SEG_A,0.9466942340363365,0.9466942340363365,0.018111243475811032,0.035194522487852535,False
15871,SEG_A,0.5302175220366174,0.5302175220366174,0.24505414011751167,0.22472833784587096,False
15873,SEG_A,0.9672804322964061,0.9672804322964061,0.024599877221095152,0.00811969048249858,False
15874,SEG_A,0.8596113692635967,0.8596113692635967,0.04382105959933298,0.09656757113707026,False
15879,SEG_A,0.638277500777613,0.638277500777613,0.10069376280574711,0.2610287364166399,False
15880,SEG_A,0.967998874981624,0.967998874981624,0.022965048560972662,0.009036076457403315,False
15881,SEG_A,0.8764075377612517,0.8764075377612517,0.09910421521695559,0.02448824702179267,False
15895,SEG_A,0.5696730969933276,0.5696730969933276,0.21159607563186947,0.21873082737480298,False
15903,SEG_A,0.6415379316386826,0.6415379316386826,0.11718928444644347,0.24127278391487397,False
15917,SEG_A,0.8580455699513027,0.8580455699513027,0.08886239673019485,0.05309203331850261,False
15918,SEG_A,0.7560846819522449,0.7560846819522449,0.17324753867212828,0.07066777937562684,False
15919,SEG_A,0.9112197722808651,0.9112197722808651,0.08313203108234121,0.0056481966367936285,False
15920,SEG_A,0.691751776957106,0.691751776957106,0.1607309225908808,0.1475173004520132,False
15921,SEG_A,0.7906823157188336,0.7906823157188336,0.17253347533446928,0.03678420894669713,False
15922,SEG_A,0.6108213370261673,0.6108213370261673,0.22556346285578915,0.16361520011804365,False
15923,SEG_B,0.6155692220114904,0.3314031362768312,0.6155692220114904,0.05302764171167834,False
15924,SEG_A,0.7873376535220502,0.7873376535220502,0.17180395782073418,0.040858388657215576,False
15925,SEG_A,0.9705117284798344,0.9705117284798344,0.02409004529875086,0.005398226221414696,False
15933,SEG_A,0.7675142986804105,0.7675142986804105,0.17464702891752434,0.05783867240206511,False
15934,SEG_A,0.7816386704344553,0.7816386704344553,0.1151107643490436,0.10325056521650099,False
15938,SEG_B,0.5315857674207082,0.204755651881655,0.5315857674207082,0.2636585806976368,False
15955,SEG_A,0.6127894438026724,0.6127894438026724,0.16082072795552596,0.22638982824180157,False
15960,SEG_A,0.768516207711717,0.768516207711717,0.10900235953433463,0.1224814327539483,False
15961,SEG_A,0.946197512928993,0.946197512928993,0.04066979631145473,0.013132690759552335,False
15967,SEG_A,0.8260469359998363,0.8260469359998363,0.14031010119875445,0.03364296280140929,False
15971,SEG_A,0.9625527502511746,0.9625527502511746,0.02118201534338461,0.016265234405440667,False
15978,SEG_A,0.4744896651624749,0.4744896651624749,0.3877292668986308,0.13778106793889433,False
15979,SEG_A,0.8849709868596753,0.8849709868596753,0.047136022693942486,0.0678929904463821,False
15983,SEG_A,0.7848957563940033,0.7848957563940033,0.1802119743122928,0.034892269293703905,False
15988,SEG_A,0.796905074960027,0.796905074960027,0.16462762925439645,0.038467295785576464,False
15989,SEG_A,0.6989774024312005,0.6989774024312005,0.16461966194119013,0.13640293562760933,False
15991,SEG_A,0.9820623973056616,0.9820623973056616,0.014001724385459564,0.003935878308878874,False
16004,SEG_A,0.3643853299136269,0.3643853299136269,0.3321494953941479,0.3034651746922252,True
16005,SEG_A,0.45650286105843535,0.45650286105843535,0.1921791732639676,0.351317965677597,False
16007,SEG_A,0.8717018055681811,0.8717018055681811,0.08607141739982974,0.04222677703198922,False
16013,SEG_A,0.9353568988849368,0.9353568988849368,0.05325506691421745,0.011388034200845765,False
16014,SEG_A,0.8826380994713718,0.8826380994713718,0.09255195220487278,0.024809948323755396,False
16016,SEG_A,0.8714108601717742,0.8714108601717742,0.10652754949400219,0.022061590334223627,False
16018,SEG_B,0.5254787276701395,0.00600137499912633,0.5254787276701395,0.4685198973307342,False
16019,SEG_A,0.9552719502463435,0.9552719502463435,0.03964769789433831,0.005080351859318304,False
16024,SEG_B,0.8321072101562608,0.06363939798341306,0.8321072101562608,0.10425339186032631,False
16028,SEG_A,0.5675600349251259,0.5675600349251259,0.35620599095971567,0.07623397411515856,False
16029,SEG_A,0.8627729520179733,0.8627729520179733,0.09603155821949784,0.04119548976252887,False
16031,SEG_A,0.8622618634263883,0.8622618634263883,0.09871175893034553,0.03902637764326615,False
16033,SEG_A,0.8459421408150519,0.8459421408150519,0.09446312277392681,0.059594736411021226,False
16034,SEG_A,0.7620430991696988,0.7620430991696988,0.20068341985416538,0.03727348097613581,False
16035,SEG_A,0.8728724384561876,0.8728724384561876,0.05369476303446515,0.07343279850934731,False
16036,SEG_A,0.8581658490023817,0.8581658490023817,0.08670168606806271,0.05513246492955548,False
16038,SEG_A,0.8744411180335673,0.8744411180335673,0.06827442863430956,0.057284453332123175,False
16039,SEG_A,0.9493308109261659,0.9493308109261659,0.027539647885106554,0.023129541188727606,False
16041,SEG_A,0.9181115423447817,0.9181115423447817,0.07490526682833223,0.006983190826886159,False
16044,SEG_A,0.9297120290977859,0.9297120290977859,0.061626195983404936,0.008661774918809255,False
16048,SEG_A,0.8256998362275835,0.8256998362275835,0.16239807911287085,0.011902084659545658,False
16050,SEG_A,0.8876419247451508,0.8876419247451508,0.06930314404900546,0.04305493120584389,False
16051,SEG_A,0.8938301977757159,0.8938301977757159,0.09463612632917015,0.011533675895113962,False
16053,SEG_A,0.9805160609330696,0.9805160609330696,0.015007027165672468,0.00447691190125772,False
16054,SEG_A,0.5678568203949546,0.5678568203949546,0.3708095069064248,0.06133367269862057,False
16055,SEG_A,0.6869901029796301,0.6869901029796301,0.2428325469831959,0.07017735003717393,False
16056,SEG_A,0.9324911352975516,0.9324911352975516,0.04947129748156294,0.018037567220885415,False
16057,SEG_A,0.9477304391327066,0.9477304391327066,0.044309413188986894,0.007960147678306457,False
16058,SEG_A,0.9813710020014826,0.9813710020014826,0.01577892430268461,0.0028500736958327064,False
16059,SEG_A,0.9186280338185676,0.9186280338185676,0.07703757848686492,0.004334387694567618,False
16061,SEG_A,0.9732050545706667,0.9732050545706667,0.016088946261148183,0.010705999168185121,False
16062,SEG_A,0.9530074326698994,0.9530074326698994,0.020018607414617664,0.026973959915482997,False
16063,SEG_A,0.9634378541520019,0.9634378541520019,0.02818508427484577,0.008377061573152206,False
16064,SEG_A,0.9336923586358701,0.9336923586358701,0.04658935080951911,0.01971829055461085,False
16065,SEG_A,0.8759654246909195,0.8759654246909195,0.09721471250537576,0.026819862803704676,False
16068,SEG_A,0.8236115330512963,0.8236115330512963,0.09452349652843804,0.08186497042026562,False
16070,SEG_C,0.4803656551000584,0.21351186391205387,0.3061224809878877,0.4803656551000584,False
16072,SEG_A,0.8680057323034975,0.8680057323034975,0.11006236948965896,0.021931898206843554,False
16073,SEG_A,0.9045742778391354,0.9045742778391354,0.08296804669062287,0.012457675470241795,False
16074,SEG_A,0.8969104454049789,0.8969104454049789,0.08813406607768538,0.014955488517335759,False
16078,SEG_A,0.868231537303432,0.868231537303432,0.018721475132403805,0.11304698756416422,False
16079,SEG_A,0.4307553850446983,0.4307553850446983,0.220494193921763,0.3487504210335386,True
16082,SEG_A,0.9707484285494569,0.9707484285494569,0.01724175337436471,0.0120098180761783,False
16084,SEG_A,0.7344367470508582,0.7344367470508582,0.08271954767947716,0.18284370526966467,False
16086,SEG_A,0.7537564130185231,0.7537564130185231,0.1952236064951468,0.05101998048633008,False
16088,SEG_B,0.5404376047481763,0.20296880668437595,0.5404376047481763,0.25659358856744774,False
16089,SEG_A,0.801372751055786,0.801372751055786,0.06115906926294199,0.13746817968127203,False
16090,SEG_A,0.9696180734360118,0.9696180734360118,0.02335348754842052,0.007028439015567547,False
16091,SEG_A,0.9441781071496768,0.9441781071496768,0.046441202961391155,0.009380689888932097,False
16093,SEG_A,0.8271120487026925,0.8271120487026925,0.1609529716492988,0.011934979648008829,False
16096,SEG_A,0.7931884367893376,0.7931884367893376,0.17467487612905794,0.03213668708160436,False
16097,SEG_A,0.9198942266427453,0.9198942266427453,0.06507008607790792,0.015035687279346637,False
16098,SEG_A,0.9464209999630386,0.9464209999630386,0.04355510255997177,0.010023897476989441,False
16099,SEG_A,0.8432871640578935,0.8432871640578935,0.12053772233700458,0.03617511360510192,False
16103,SEG_A,0.7883752413382935,0.7883752413382935,0.13582461792346145,0.07580014073824494,False
16104,SEG_A,0.8669147085038651,0.8669147085038651,0.047487657117592494,0.08559763437854241,False
16105,SEG_A,0.8741589330476079,0.8741589330476079,0.10621707972771018,0.019623987224681876,False
16106,SEG_A,0.8336134035391853,0.8336134035391853,0.14852549287734002,0.01786110358347458,False
16107,SEG_A,0.958143747317364,0.958143747317364,0.030444518400892608,0.011411734281743349,False
16108,SEG_A,0.956250759697198,0.956250759697198,0.03653811059438889,0.007211129708413059,False
16109,SEG_A,0.8641538548147534,0.8641538548147534,0.1023455410869109,0.033500604098335884,False
16110,SEG_A,0.9808468838318778,0.9808468838318778,0.01521193635201989,0.003941179816102299,False
16111,SEG_A,0.8783496864451376,0.8783496864451376,0.06315206142250175,0.05849825213236063,False
16113,SEG_A,0.9186537546343904,0.9186537546343904,0.04898577922877033,0.03236046613683926,False
16114,SEG_A,0.647628893876771,0.647628893876771,0.2749393480493859,0.0774317580738432,False
16116,SEG_A,0.8748465312787377,0.8748465312787377,0.1207052570553017,0.004448211665960629,False
16119,SEG_A,0.9387594733531255,0.9387594733531255,0.03395728933044337,0.027283237316431112,False
16120,SEG_A,0.91907800047234,0.91907800047234,0.07006399503726812,0.010858004490391945,False
16121,SEG_A,0.7631751781353695,0.7631751781353695,0.13096660617233816,0.10585821569229245,False
16122,SEG_A,0.7328150982916288,0.7328150982916288,0.23098300069276023,0.03620190101561085,False
16123,SEG_A,0.8186958385224868,0.8186958385224868,0.16542231011841174,0.015881851359101553,False
16124,SEG_A,0.9627189556773152,0.9627189556773152,0.029465653761936026,0.007815390560748802,False
16126,SEG_A,0.804931620183693,0.804931620183693,0.13467699126604907,0.060391388550258,False
16127,SEG_A,0.9622593399576965,0.9622593399576965,0.025171033151037903,0.01256962689126549,False
16128,SEG_A,0.9201158259052475,0.9201158259052475,0.05819945010351989,0.02168472399123273,False
16129,SEG_A,0.965956496297862,0.965956496297862,0.024538780553334225,0.009504723148803991,False
16131,SEG_A,0.9511331762556876,0.9511331762556876,0.0348694561161749,0.013997367628137447,False
16132,SEG_A,0.8191196427713879,0.8191196427713879,0.1391180309903802,0.04176232623823198,False
16139,SEG_A,0.9573823792781747,0.9573823792781747,0.025111092241835473,0.017506528479989805,False
16141,SEG_A,0.9475625108908736,0.9475625108908736,0.045295140422914215,0.0071423486862121485,False
16143,SEG_A,0.8502999260230335,0.8502999260230335,0.1311541976105647,0.01854587636640183,False
16144,SEG_A,0.8473050390409986,0.8473050390409986,0.09455129649391746,0.058143664465083865,False
16145,SEG_A,0.9251459965246593,0.9251459965246593,0.06333171333013075,0.01152229014520987,False
16147,SEG_A,0.7369079610799395,0.7369079610799395,0.25100867460772147,0.012083364312338857,False
16148,SEG_A,0.741238274732179,0.741238274732179,0.13352358097870679,0.1252381442891142,False
16149,SEG_A,0.9151841860237632,0.9151841860237632,0.05628101072569756,0.028534803250539226,False
16150,SEG_B,0.7525717416527072,0.06179864784656681,0.7525717416527072,0.18562961050072602,False
16151,SEG_A,0.9305695279359145,0.9305695279359145,0.06425200708596256,0.005178464978122998,False
16154,SEG_A,0.9285249481283899,0.9285249481283899,0.05422539679591307,0.017249655075696937,False
16155,SEG_A,0.7900738810547427,0.7900738810547427,0.17290427558239618,0.03702184336286109,False
16156,SEG_B,0.4759395133662531,0.4360563892022345,0.4759395133662531,0.08800409743151241,False
16157,SEG_A,0.8121459700219339,0.8121459700219339,0.0554112004378143,0.13244282954025177,False
16158,SEG_A,0.9272317963014871,0.9272317963014871,0.06151632714202084,0.011251876556492145,False
16159,SEG_A,0.8396031891134255,0.8396031891134255,0.13170657274082928,0.028690238145745225,False
16160,SEG_A,0.656291311163502,0.656291311163502,0.14438140046605216,0.19932728837044578,False
16161,SEG_A,0.9754081360230534,0.9754081360230534,0.021134781623241713,0.0034570823537048295,False
16164,SEG_A,0.8861574158256829,0.8861574158256829,0.08159649082805671,0.032246093346260454,False
16165,SEG_A,0.7366447860734264,0.7366447860734264,0.16119391238153974,0.10216130154503368,False
16167,SEG_A,0.8849342930727491,0.8849342930727491,0.09887692919655892,0.016188777730692126,False
16168,SEG_A,0.9167703971076689,0.9167703971076689,0.0710700321204422,0.01215957077188888,False
16169,SEG_A,0.9427788795690357,0.9427788795690357,0.04154165977838469,0.01567946065257959,False
16170,SEG_A,0.9312756074038357,0.9312756074038357,0.05059561134486291,0.01812878125130141,False
16171,SEG_A,0.8212306778310892,0.8212306778310892,0.0996729049714974,0.07909641719741357,False
16172,SEG_A,0.8476725246198801,0.8476725246198801,0.13445113336070572,0.017876342019414196,False
16174,SEG_A,0.860398192865877,0.860398192865877,0.11170098208472869,0.0279008250493943,False
16175,SEG_A,0.9338914203903613,0.9338914203903613,0.05088893030708659,0.015219649302552103,False
16177,SEG_A,0.8382868958428531,0.8382868958428531,0.05740529125793897,0.10430781289920786,False
16178,SEG_A,0.7840922708982099,0.7840922708982099,0.1014929350103202,0.11441479409146997,False
16179,SEG_A,0.902635921535493,0.902635921535493,0.05183433007840664,0.04552974838610023,False
16180,SEG_B,0.7048386556337419,0.24980760916294362,0.7048386556337419,0.04535373520331453,False
16181,SEG_A,0.7622601087526486,0.7622601087526486,0.12010412680525162,0.11763576444209985,False
16182,SEG_A,0.9741391582944514,0.9741391582944514,0.021503701742197907,0.004357139963350822,False
16184,SEG_A,0.4852177287219011,0.4852177287219011,0.2667382379603509,0.2480440333177481,False
16185,SEG_A,0.9685188891210822,0.9685188891210822,0.02652749743341936,0.0049536134454984965,False
16192,SEG_B,0.4594168100310599,0.40284877141011555,0.4594168100310599,0.1377344185588246,False
16193,SEG_A,0.9754470776267135,0.9754470776267135,0.01848461748348381,0.006068304889802608,False
16199,SEG_A,0.7355733815685617,0.7355733815685617,0.23613765933449352,0.028288959096944944,False
16201,SEG_A,0.9637414623544579,0.9637414623544579,0.025224983376007377,0.011033554269534774,False
16205,SEG_A,0.9513141048451516,0.9513141048451516,0.03622571191803874,0.012460183236809698,False
16206,SEG_B,0.5391826458826097,0.3739836073060837,0.5391826458826097,0.08683374681130647,False
16207,SEG_A,0.7507463892735535,0.7507463892735535,0.1558580182837545,0.09339559244269191,False
16209,SEG_A,0.8266897669953833,0.8266897669953833,0.11479651870289917,0.05851371430171758,False
16210,SEG_A,0.9068197484676315,0.9068197484676315,0.04970663843909009,0.04347361309327846,False
16213,SEG_A,0.7213045641035991,0.7213045641035991,0.2558744806259929,0.0228209552704081,False
16214,SEG_A,0.9113939303175466,0.9113939303175466,0.07026317496684038,0.018342894715613043,False
16215,SEG_A,0.8580706178803796,0.8580706178803796,0.1372634679787818,0.004665914140838458,False
16216,SEG_A,0.9064717490206248,0.9064717490206248,0.0828109988293566,0.010717252150018746,False
16218,SEG_A,0.9554946918821166,0.9554946918821166,0.038029692943944114,0.006475615173939421,False
16219,SEG_A,0.9258060051451255,0.9258060051451255,0.04785795977169463,0.02633603508317995,False
16221,SEG_A,0.7694331829615407,0.7694331829615407,0.1908961159227559,0.03967070111570345,False
16222,SEG_A,0.505242303969567,0.505242303969567,0.46845097220696785,0.026306723823465203,False
16223,SEG_A,0.7946784466758482,0.7946784466758482,0.16818595112527981,0.037135602198871916,False
16224,SEG_A,0.8719750755738344,0.8719750755738344,0.10055712865335224,0.0274677957728134,False
16225,SEG_A,0.9601119409754486,0.9601119409754486,0.033513636517749065,0.006374422506802223,False
16227,SEG_A,0.9188906694693685,0.9188906694693685,0.05068257472530976,0.030426755805321844,False
16229,SEG_A,0.9322906172311756,0.9322906172311756,0.03141122019657687,0.0362981625722475,False
16231,SEG_A,0.8872966453978123,0.8872966453978123,0.06909047291594067,0.043612881686247024,False
16232,SEG_A,0.7210448202651277,0.7210448202651277,0.17813870462060694,0.10081647511426536,False
16233,SEG_A,0.5713677450212652,0.5713677450212652,0.09216474903545997,0.3364675059432749,False
16238,SEG_B,0.5078239666236026,0.40540700760537707,0.5078239666236026,0.0867690257710202,False
16241,SEG_A,0.8280896565241666,0.8280896565241666,0.09588671134138348,0.07602363213444994,False
16244,SEG_A,0.9457354657033201,0.9457354657033201,0.04396803619704576,0.010296498099634071,False
16245,SEG_B,0.6829167755773067,0.25319157425458905,0.6829167755773067,0.06389165016810418,False
16246,SEG_A,0.8078790209513249,0.8078790209513249,0.15783890109769094,0.034282077950984195,False
16247,SEG_A,0.9707228703884506,0.9707228703884506,0.02399963861057212,0.0052774910009773905,False
16252,SEG_A,0.8626589243788116,0.8626589243788116,0.12204176513594746,0.015299310485240842,False
16254,SEG_A,0.9566290191518823,0.9566290191518823,0.0394390849415255,0.00393189590659217,False
16255,SEG_A,0.9346158564335479,0.9346158564335479,0.05751801727183469,0.007866126294617387,False
16258,SEG_A,0.8608828437674076,0.8608828437674076,0.10753798121113829,0.03157917502145415,False
16261,SEG_A,0.9011980937981915,0.9011980937981915,0.08049416294907297,0.018307743252735632,False
16263,SEG_A,0.6920787857743662,0.6920787857743662,0.18670157704222448,0.12121963718340918,False
16266,SEG_A,0.8183737533278191,0.8183737533278191,0.17306488256187003,0.00856136411031077,False
16267,SEG_A,0.9587651117276489,0.9587651117276489,0.025658687469512893,0.015576200802838206,False
16268,SEG_A,0.7882095126799195,0.7882095126799195,0.17262404159760755,0.03916644572247313,False
16269,SEG_A,0.8808479524267374,0.8808479524267374,0.08466800712610652,0.03448404044715603,False
16270,SEG_A,0.9262013601369318,0.9262013601369318,0.020521955196164628,0.05327668466690354,False
16271,SEG_A,0.94686634853489,0.94686634853489,0.04351619922500042,0.009617452240109521,False
16273,SEG_C,0.43572271202901885,0.2622473557576751,0.30202993221330615,0.43572271202901885,True
16275,SEG_A,0.8613898794571322,0.8613898794571322,0.11624215502136319,0.022367965521504527,False
16276,SEG_A,0.9299586585408323,0.9299586585408323,0.04194192909692535,0.02809941236224243,False
16280,SEG_A,0.9776006316321462,0.9776006316321462,0.01818010538855962,0.004219262979294177,False
16281,SEG_A,0.9168077218141919,0.9168077218141919,0.03202263045872747,0.051169647727080624,False
16282,SEG_A,0.8852147639980282,0.8852147639980282,0.08389095023086897,0.030894285771102873,False
16283,SEG_A,0.854885070209604,0.854885070209604,0.09808872744475264,0.047026202345643336,False
16284,SEG_A,0.9704927210047952,0.9704927210047952,0.026130998711228058,0.003376280283976732,False
16286,SEG_A,0.9065139340061104,0.9065139340061104,0.06350533042207475,0.02998073557181498,False
16287,SEG_A,0.48720216790152937,0.48720216790152937,0.46793408134639447,0.04486375075207614,False
16290,SEG_A,0.5530586823724195,0.5530586823724195,0.3304843983726098,0.11645691925497076,False
16292,SEG_B,0.6547751836008736,0.22127108315659474,0.6547751836008736,0.12395373324253155,False
16293,SEG_A,0.5186342854862735,0.5186342854862735,0.26568147867073255,0.21568423584299376,False
16294,SEG_A,0.9131749860517209,0.9131749860517209,0.03801810086730381,0.048806913080975324,False
16297,SEG_A,0.8255575600219774,0.8255575600219774,0.16173961064900516,0.012702829329017389,False
16299,SEG_A,0.7681605329401102,0.7681605329401102,0.2000091821523083,0.03183028490758141,False
16300,SEG_A,0.5042351137019185,0.5042351137019185,0.2189288362903949,0.2768360500076866,False
16303,SEG_A,0.9837442123163165,0.9837442123163165,0.009410798568228485,0.006844989115454927,False
16304,SEG_A,0.8969271884912986,0.8969271884912986,0.09102456524646037,0.012048246262241038,False
16305,SEG_A,0.9245384690154895,0.9245384690154895,0.06508499371504216,0.010376537269468314,False
16306,SEG_A,0.9326880600372698,0.9326880600372698,0.04746137089626165,0.019850569066468465,False
16308,SEG_B,0.6094499891478924,0.0899048197862232,0.6094499891478924,0.30064519106588433,False
16317,SEG_A,0.617351460711508,0.617351460711508,0.23154540914203678,0.15110313014645527,False
16318,SEG_A,0.9153445601013169,0.9153445601013169,0.055880453811571335,0.02877498608711186,False
16321,SEG_A,0.9660854716734846,0.9660854716734846,0.02741250151782401,0.006502026808691399,False
16323,SEG_A,0.5752596481378511,0.5752596481378511,0.37369536113669277,0.051044990725456055,False
16326,SEG_A,0.9559455026361346,0.9559455026361346,0.03704871704503278,0.00700578031883256,False
16330,SEG_A,0.9365655087812501,0.9365655087812501,0.046117237436976634,0.017317253781773182,False
16331,SEG_A,0.9321257826689653,0.9321257826689653,0.05843111358580358,0.009443103745231237,False
16332,SEG_C,0.41763427150351456,0.24193906747480107,0.34042666102168434,0.41763427150351456,True
16333,SEG_A,0.9226611232570242,0.9226611232570242,0.06336440336489742,0.013974473378078287,False
16335,SEG_A,0.7879102540912832,0.7879102540912832,0.1856819172296565,0.026407828679060365,False
16341,SEG_A,0.7570714878612628,0.7570714878612628,0.12524454962426837,0.1176839625144688,False
16342,SEG_A,0.7869086006516297,0.7869086006516297,0.11377187725655644,0.09931952209181384,False
16344,SEG_A,0.8719502581656358,0.8719502581656358,0.11511399178613815,0.012935750048226018,False
16345,SEG_A,0.9320415849514723,0.9320415849514723,0.044286656428677004,0.023671758619850724,False
16351,SEG_A,0.8714423251504632,0.8714423251504632,0.07401309928060384,0.05454457556893303,False
16357,SEG_A,0.7946784466758482,0.7946784466758482,0.16818595112527981,0.037135602198871916,False
16358,SEG_A,0.8960851178197817,0.8960851178197817,0.037931302813834285,0.06598357936638394,False
16359,SEG_A,0.8035896857533672,0.8035896857533672,0.15836122759498775,0.0380490866516451,False
16360,SEG_A,0.7498516806061715,0.7498516806061715,0.15350603098788648,0.09664228840594195,False
16361,SEG_A,0.8200700676443369,0.8200700676443369,0.14036183415530312,0.03956809820036011,False
16364,SEG_B,0.8311449062024534,0.0023969975272775095,0.8311449062024534,0.16645809627026906,False
16368,SEG_A,0.7457416712543347,0.7457416712543347,0.21755236576706521,0.03670596297860016,False
16370,SEG_A,0.7536166540959466,0.7536166540959466,0.06675270696070681,0.1796306389433465,False
16372,SEG_A,0.7154165331862379,0.7154165331862379,0.16210320469634873,0.1224802621174134,False
16374,SEG_A,0.8018829349491059,0.8018829349491059,0.13791164817403298,0.060205416876861206,False
16375,SEG_A,0.827038630950399,0.827038630950399,0.08235317105826954,0.09060819799133146,False
16376,SEG_A,0.8721729232292681,0.8721729232292681,0.10955819912730358,0.01826887764342837,False
16379,SEG_A,0.5599782058085401,0.5599782058085401,0.329073321774973,0.11094847241648699,False
16381,SEG_B,0.6851863534134592,0.10885451952952066,0.6851863534134592,0.20595912705702016,False
16384,SEG_A,0.7320779592076619,0.7320779592076619,0.21108882589586336,0.05683321489647463,False
16388,SEG_A,0.82461268756858,0.82461268756858,0.13399428315548909,0.041393029275931005,False
16391,SEG_A,0.7763685225147102,0.7763685225147102,0.20390891648837622,0.019722560996913562,False
16392,SEG_A,0.8928610595615193,0.8928610595615193,0.09807309355210193,0.009065846886378778,False
16395,SEG_A,0.9035123778228138,0.9035123778228138,0.04212602323898988,0.05436159893819647,False
16397,SEG_B,0.4982298966417763,0.4628942218502772,0.4982298966417763,0.03887588150794641,False
16398,SEG_A,0.8434532732678625,0.8434532732678625,0.13518328240338096,0.021363444328756486,False
16401,SEG_A,0.8161869211253235,0.8161869211253235,0.15094747664060462,0.03286560223407187,False
16406,SEG_A,0.9268870165435517,0.9268870165435517,0.06548626882445376,0.007626714631994651,False
16413,SEG_A,0.9600136350916872,0.9600136350916872,0.028466930173103422,0.011519434735209357,False
16414,SEG_A,0.5998161131508076,0.5998161131508076,0.1942748720718785,0.20590901477731385,False
16418,SEG_A,0.7732923208664498,0.7732923208664498,0.19349876036939842,0.03320891876415182,False
16420,SEG_B,0.5372127030954474,0.4054861638966749,0.5372127030954474,0.05730113300787759,False
16422,SEG_A,0.6606909278547305,0.6606909278547305,0.12659517896894223,0.21271389317632727,False
16425,SEG_B,0.7219854317205358,0.15639311483510057,0.7219854317205358,0.12162145344436363,False
16428,SEG_A,0.8850299896282794,0.8850299896282794,0.09178457446324377,0.023185435908476777,False
16429,SEG_A,0.938603214386454,0.938603214386454,0.04936520044102841,0.012031585172517527,False
16430,SEG_A,0.5968088452547039,0.5968088452547039,0.18250102117260641,0.22069013357268963,False
16436,SEG_A,0.9417431095463852,0.9417431095463852,0.03582631049066071,0.02243057996295409,False
16440,SEG_A,0.9465695129220056,0.9465695129220056,0.038660901076891324,0.01476958600110308,False
16441,SEG_A,0.9502816578848955,0.9502816578848955,0.02546095271977377,0.024257389395330828,False
16442,SEG_A,0.6784886836120966,0.6784886836120966,0.16512106364339865,0.1563902527445048,False
16450,SEG_B,0.5490479056379858,0.41674007861690554,0.5490479056379858,0.034212015745108536,False
16454,SEG_B,0.5735923977902705,0.2818541294735445,0.5735923977902705,0.14455347273618505,False
16455,SEG_A,0.7805464272516893,0.7805464272516893,0.12587525964101215,0.09357831310729833,False
16456,SEG_A,0.6919955563508581,0.6919955563508581,0.1945788296901642,0.1134256139589778,False
16459,SEG_A,0.9591462818996154,0.9591462818996154,0.03359125508895653,0.0072624630114280055,False
16461,SEG_B,0.4349704117400899,0.37553360644856426,0.4349704117400899,0.18949598181134575,True
16462,SEG_A,0.8619109404379492,0.8619109404379492,0.10475362085970463,0.03333543870234602,False
16463,SEG_A,0.7723587352626751,0.7723587352626751,0.1712551928086159,0.056386071928709015,False
16466,SEG_A,0.6774098323771376,0.6774098323771376,0.10801433844507191,0.21457582917779053,False
16467,SEG_A,0.8910984647446867,0.8910984647446867,0.0654613226312658,0.04344021262404742,False
16471,SEG_A,0.8325785242917159,0.8325785242917159,0.049123644123080075,0.11829783158520411,False
16472,SEG_A,0.9414473977492659,0.9414473977492659,0.05139397961105063,0.007158622639683575,False
16473,SEG_A,0.6978731574990719,0.6978731574990719,0.15800606731865774,0.14412077518227054,False
16475,SEG_A,0.8392379988917259,0.8392379988917259,0.08649386659232332,0.07426813451595081,False
16477,SEG_A,0.5169273619050615,0.5169273619050615,0.18662435787632703,0.29644828021861147,False
16478,SEG_A,0.9701363994775548,0.9701363994775548,0.02478660701749665,0.0050769935049485675,False
16492,SEG_A,0.8251513916068511,0.8251513916068511,0.06543108712400506,0.1094175212691438,False
16493,SEG_A,0.8490671118463331,0.8490671118463331,0.10157971553909918,0.04935317261456758,False
16495,SEG_A,0.8576811351788753,0.8576811351788753,0.11526698503395505,0.027051879787169587,False
16500,SEG_A,0.8712221063139998,0.8712221063139998,0.07039635307325211,0.058381540612748195,False
16501,SEG_A,0.845594918536924,0.845594918536924,0.1168136797118484,0.03759140175122754,False
16505,SEG_A,0.8039459832275535,0.8039459832275535,0.15312518412803458,0.04292883264441183,False
16506,SEG_A,0.7882095126799195,0.7882095126799195,0.17262404159760755,0.03916644572247313,False
16507,SEG_A,0.914809284319821,0.914809284319821,0.05705960439324611,0.02813111128693289,False
16513,SEG_C,0.4434079115902284,0.22417203288383605,0.3324200555259355,0.4434079115902284,True
16516,SEG_A,0.801739535216048,0.801739535216048,0.16839328474682194,0.02986718003712989,False
16517,SEG_A,0.9666745321371386,0.9666745321371386,0.02844226087114155,0.004883206991719903,False
16518,SEG_B,0.4628156127658122,0.4473943811884586,0.4628156127658122,0.08979000604572933,False
16521,SEG_A,0.7867572622718723,0.7867572622718723,0.16330634278244927,0.04993639494567838,False
16522,SEG_A,0.9617119250139062,0.9617119250139062,0.025797813852133405,0.012490261133960465,False
16523,SEG_A,0.8032609817773879,0.8032609817773879,0.17059382586945895,0.02614519235315325,False
16524,SEG_C,0.4035130495168983,0.3611018880405237,0.23538506244257806,0.4035130495168983,True
16525,SEG_B,0.4562662666515787,0.2550850753619802,0.4562662666515787,0.28864865798644107,False
16526,SEG_A,0.8898833494644757,0.8898833494644757,0.05341676598809173,0.056699884547432494,False
16527,SEG_A,0.7512406640150763,0.7512406640150763,0.16864083410801328,0.08011850187691047,False
16528,SEG_A,0.8823745365783211,0.8823745365783211,0.06833138415507649,0.04929407926660238,False
16529,SEG_C,0.7875301198412391,0.0034948721615868637,0.20897500799717397,0.7875301198412391,False
16531,SEG_A,0.9740956928301389,0.9740956928301389,0.02168002066647422,0.004224286503387022,False
16535,SEG_A,0.7344937850344602,0.7344937850344602,0.09866089308308562,0.16684532188245418,False
16536,SEG_A,0.9079390910947698,0.9079390910947698,0.05175276953105219,0.040308139374178084,False
16537,SEG_A,0.6677668306114674,0.6677668306114674,0.22840735572681484,0.10382581366171773,False
16540,SEG_A,0.804527704646721,0.804527704646721,0.16314374400497084,0.03232855134830825,False
16541,SEG_A,0.7806670338554642,0.7806670338554642,0.16048041696419788,0.058852549180338005,False
16542,SEG_A,0.7945611707653362,0.7945611707653362,0.15240375012522506,0.053035079109438776,False
16545,SEG_C,0.6134418036408494,0.05929018431125543,0.32726801204789524,0.6134418036408494,False
16547,SEG_A,0.45686513404301504,0.45686513404301504,0.44827397644698064,0.09486088951000439,False
16549,SEG_A,0.9102841180147734,0.9102841180147734,0.07255939030711323,0.017156491678113412,False
16551,SEG_A,0.6988310738158169,0.6988310738158169,0.207109046039564,0.09405988014461919,False
16552,SEG_A,0.8209830326660208,0.8209830326660208,0.1313391789156877,0.04767778841829142,False
16557,SEG_A,0.7584326975654724,0.7584326975654724,0.13501824316794758,0.10654905926657995,False
16559,SEG_A,0.5025975609821606,0.5025975609821606,0.33990817584030075,0.15749426317753873,False
16561,SEG_A,0.6267299165653667,0.6267299165653667,0.29261108085072823,0.08065900258390511,False
16565,SEG_A,0.8185600084785803,0.8185600084785803,0.06512820076772238,0.11631179075369719,False
16566,SEG_A,0.6816313668248233,0.6816313668248233,0.23092643227428594,0.0874422009008907,False
16573,SEG_A,0.8068898929051606,0.8068898929051606,0.08684099785678596,0.10626910923805365,False
16575,SEG_A,0.8273607173608254,0.8273607173608254,0.1353133687441296,0.037325913895044915,False
16578,SEG_A,0.9485806197246126,0.9485806197246126,0.0435515161542659,0.007867864121121415,False
16580,SEG_A,0.42198305828037475,0.42198305828037475,0.16253009730104692,0.4154868444185783,True
16581,SEG_A,0.8309877128004277,0.8309877128004277,0.1553805562369352,0.013631730962637156,False
16582,SEG_A,0.9672041183185719,0.9672041183185719,0.028918923090152295,0.0038769585912758627,False
16583,SEG_A,0.9629938588931874,0.9629938588931874,0.028421956827699452,0.0085841842791131,False
16584,SEG_A,0.9354510204541175,0.9354510204541175,0.0420245384480865,0.02252444109779582,False
16587,SEG_A,0.8402996370936276,0.8402996370936276,0.11044377688866479,0.04925658601770751,False
16588,SEG_A,0.6871908287637056,0.6871908287637056,0.23977006467147724,0.0730391065648171,False
16589,SEG_A,0.9029953299229102,0.9029953299229102,0.07104232964347892,0.025962340433610776,False
16590,SEG_A,0.9322391102747075,0.9322391102747075,0.02191039722627821,0.04585049249901418,False
16591,SEG_A,0.5905816111901496,0.5905816111901496,0.11313945061577463,0.2962789381940759,False
16593,SEG_A,0.8105404599340245,0.8105404599340245,0.08567457495206882,0.1037849651139067,False
16597,SEG_A,0.9310252876764781,0.9310252876764781,0.0419830373310086,0.02699167499251333,False
16599,SEG_A,0.649122089171478,0.649122089171478,0.1650729483096003,0.18580496251892178,False
16602,SEG_A,0.7448701743514028,0.7448701743514028,0.1463547954152361,0.10877503023336109,False
16603,SEG_A,0.8915752743914244,0.8915752743914244,0.05240581641997972,0.05601890918859589,False
16605,SEG_A,0.9527849487549974,0.9527849487549974,0.02577851370202075,0.021436537542981842,False
16606,SEG_A,0.7888925879578585,0.7888925879578585,0.1403651115286823,0.07074230051345905,False
16607,SEG_A,0.8399884774855554,0.8399884774855554,0.15467587185632053,0.005335650658124148,False
16609,SEG_A,0.6465075132447409,0.6465075132447409,0.2753139013265594,0.07817858542869964,False
16611,SEG_A,0.9348025933924226,0.9348025933924226,0.033548381231886054,0.031649025375691434,False
16627,SEG_A,0.6237674270004512,0.6237674270004512,0.3215553891005762,0.054677183898972574,False
16647,SEG_A,0.6892776199648888,0.6892776199648888,0.07951364134848736,0.23120873868662375,False
16649,SEG_A,0.9707662280487603,0.9707662280487603,0.025154529689948957,0.004079242261290788,False
16650,SEG_A,0.9592992071893626,0.9592992071893626,0.037382394627954396,0.0033183981826829857,False
16664,SEG_B,0.5196007462034125,0.1570661781409257,0.5196007462034125,0.32333307565566183,False
16666,SEG_A,0.9213984365280027,0.9213984365280027,0.060702676113515874,0.01789888735848138,False
16669,SEG_A,0.6805112363858968,0.6805112363858968,0.2107883546818333,0.1087004089322697,False
16670,SEG_C,0.47526618586479397,0.1269390217917547,0.3977947923434512,0.47526618586479397,False
16671,SEG_A,0.9239428402046904,0.9239428402046904,0.06123499652245059,0.014822163272858938,False
16674,SEG_B,0.5722113671361954,0.0034410129751136454,0.5722113671361954,0.42434761988869096,False
16677,SEG_A,0.899437129264073,0.899437129264073,0.06919349503155403,0.03136937570437292,False
16679,SEG_A,0.8050799834733274,0.8050799834733274,0.16948814460159337,0.025431871925079265,False
16681,SEG_A,0.8113380573740113,0.8113380573740113,0.1361422233135254,0.052519719312463235,False
16683,SEG_A,0.8893583258940053,0.8893583258940053,0.07701781447120008,0.033623859634794744,False
16687,SEG_B,0.6776483317165171,0.011802736199496709,0.6776483317165171,0.31054893208398626,False
16690,SEG_A,0.9379580910637709,0.9379580910637709,0.0510308292860996,0.0110110796501295,False
16694,SEG_A,0.7377252934596136,0.7377252934596136,0.2529217485128148,0.009352958027571615,False
16697,SEG_A,0.8850706498692459,0.8850706498692459,0.06606712824782678,0.04886222188292726,False
16700,SEG_A,0.7915425020658499,0.7915425020658499,0.09700820315038935,0.1114492947837608,False
16701,SEG_A,0.8960265784928916,0.8960265784928916,0.08727148776360401,0.01670193374350437,False
16704,SEG_A,0.7830612416879902,0.7830612416879902,0.18768957056384417,0.029249187748165633,False
16706,SEG_A,0.6959530474107289,0.6959530474107289,0.25209471019925744,0.05195224239001362,False
16708,SEG_A,0.7706245984898553,0.7706245984898553,0.15428629280408346,0.07508910870606121,False
16715,SEG_A,0.8066678017113414,0.8066678017113414,0.14354179436230985,0.04979040392634878,False
16720,SEG_A,0.8147214791207373,0.8147214791207373,0.1429197008767661,0.042358820002496626,False
16721,SEG_B,0.549493112636449,0.20133790484712905,0.549493112636449,0.24916898251642206,False
16723,SEG_A,0.7480195276049673,0.7480195276049673,0.22088849880070152,0.031091973594331294,False
16724,SEG_A,0.9323767310008851,0.9323767310008851,0.05786825986312703,0.009755009135987721,False
16726,SEG_A,0.9235465449453824,0.9235465449453824,0.034302388567796556,0.042151066486821064,False
16727,SEG_A,0.4516405024419126,0.4516405024419126,0.3995105350006921,0.14884896255739521,False
16728,SEG_A,0.7928248343892635,0.7928248343892635,0.18364406858844082,0.02353109702229565,False
16731,SEG_A,0.8726932413481298,0.8726932413481298,0.0981213751921314,0.029185383459738912,False
16737,SEG_A,0.7297398132605971,0.7297398132605971,0.21431948811882823,0.055940698620574755,False
16743,SEG_A,0.9390762625198965,0.9390762625198965,0.04515509845476342,0.015768639025340103,False
16748,SEG_A,0.7773457440212658,0.7773457440212658,0.16572731723612616,0.05692693874260797,False
16749,SEG_A,0.7732707602461028,0.7732707602461028,0.18198994198164847,0.04473929777224883,False
16750,SEG_A,0.7892538042519138,0.7892538042519138,0.18892292740942884,0.021823268338657376,False
16751,SEG_A,0.8380466767895495,0.8380466767895495,0.07718908195027714,0.08476424126017343,False
16752,SEG_A,0.8769614790872834,0.8769614790872834,0.11212564370932789,0.010912877203388767,False
16755,SEG_A,0.8489101588791622,0.8489101588791622,0.12143982169333654,0.02965001942750128,False
16756,SEG_A,0.9596346411978947,0.9596346411978947,0.03101607010109805,0.009349288701007364,False
16757,SEG_A,0.9743528963050171,0.9743528963050171,0.01485242548413884,0.0107946782108442,False
16758,SEG_A,0.9126176088007679,0.9126176088007679,0.04888890960660449,0.03849348159262751,False
16759,SEG_A,0.6402806956566818,0.6402806956566818,0.26000924819955296,0.09971005614376542,False
16760,SEG_A,0.850622841495958,0.850622841495958,0.10901335477367535,0.04036380373036656,False
16761,SEG_A,0.8591603255354642,0.8591603255354642,0.1251213078733117,0.015718366591224078,False
16762,SEG_A,0.9300836194803347,0.9300836194803347,0.040445215454918866,0.029471165064746396,False
16763,SEG_A,0.9246316355083933,0.9246316355083933,0.04998029484993352,0.025388069641673183,False
16764,SEG_A,0.6197641382435419,0.6197641382435419,0.12965061844803644,0.2505852433084216,False
16765,SEG_A,0.9549712709424613,0.9549712709424613,0.03781461308683068,0.007214115970708074,False
16767,SEG_A,0.8940211358781227,0.8940211358781227,0.09114113843526186,0.01483772568661543,False
16771,SEG_A,0.865247572851673,0.865247572851673,0.12636992004922898,0.008382507099098014,False
16773,SEG_A,0.8260629616815042,0.8260629616815042,0.14688940817690016,0.02704763014159553,False
16775,SEG_A,0.860353191941644,0.860353191941644,0.11904754766439232,0.020599260393963804,False
16776,SEG_A,0.9176507614779748,0.9176507614779748,0.06579351893677733,0.016555719585247947,False
16777,SEG_A,0.7663278437817486,0.7663278437817486,0.21152591470546744,0.022146241512784083,False
16778,SEG_A,0.9847374154708561,0.9847374154708561,0.012068848618711957,0.003193735910431881,False
16781,SEG_A,0.9486283555657533,0.9486283555657533,0.03096390775580366,0.02040773667844298,False
16783,SEG_A,0.8737623348967806,0.8737623348967806,0.10148843888442524,0.024749226218794242,False
16784,SEG_A,0.7407269762774866,0.7407269762774866,0.16708432182399816,0.09218870189851516,False
16785,SEG_A,0.7277624510761741,0.7277624510761741,0.25463011211845743,0.017607436805368377,False
16786,SEG_A,0.9113216982518957,0.9113216982518957,0.06495394455455927,0.023724357193545133,False
16787,SEG_B,0.6504478667149127,0.10923749962716175,0.6504478667149127,0.2403146336579255,False
16788,SEG_B,0.7098101722300728,0.2205085728884892,0.7098101722300728,0.06968125488143793,False
16789,SEG_A,0.9304639512123752,0.9304639512123752,0.033252582736172716,0.0362834660514519,False
16790,SEG_A,0.9756952692065272,0.9756952692065272,0.017523686896659507,0.006781043896813396,False
16793,SEG_A,0.780309925451419,0.780309925451419,0.18870172604552043,0.030988348503060533,False
16794,SEG_A,0.6713800560957772,0.6713800560957772,0.09484427355426202,0.23377567034996077,False
16795,SEG_A,0.5447299592499999,0.5447299592499999,0.4452638660940802,0.010006174655919893,False
16798,SEG_A,0.7938339041769775,0.7938339041769775,0.18078617660554602,0.025379919217476427,False
16800,SEG_A,0.8083871360390357,0.8083871360390357,0.13788959642248197,0.05372326753848244,False
16801,SEG_A,0.8362887214128908,0.8362887214128908,0.11576709221589633,0.04794418637121291,False
16802,SEG_A,0.5685157567246263,0.5685157567246263,0.39672827228259605,0.03475597099277786,False
16803,SEG_A,0.977592340916382,0.977592340916382,0.01925554089141233,0.00315211819220552,False
16804,SEG_A,0.9459958111540351,0.9459958111540351,0.02356604149546763,0.030438147350497165,False
16806,SEG_A,0.889210233152416,0.889210233152416,0.06587745411512462,0.04491231273245948,False
16807,SEG_A,0.9008285319384038,0.9008285319384038,0.07125831148653469,0.02791315657506144,False
16808,SEG_A,0.976319013764938,0.976319013764938,0.0180071797690199,0.005673806466042243,False
16815,SEG_A,0.9223223592895509,0.9223223592895509,0.05469372226972853,0.02298391844072061,False
16817,SEG_A,0.9161275138981052,0.9161275138981052,0.04657534270844537,0.03729714339344931,False
16819,SEG_A,0.8287172203972656,0.8287172203972656,0.12265114037763727,0.04863163922509719,False
16823,SEG_A,0.9561185858119656,0.9561185858119656,0.03245444317372924,0.011426971014305072,False
16824,SEG_A,0.7604360654336164,0.7604360654336164,0.10670297314609288,0.13286096142029072,False
16825,SEG_A,0.9325437400450141,0.9325437400450141,0.05426709594815602,0.013189164006830019,False
16827,SEG_A,0.9667472521843332,0.9667472521843332,0.02687226022606024,0.0063804875896064026,False
16829,SEG_A,0.8757599410735444,0.8757599410735444,0.10461186041823363,0.01962819850822213,False
16830,SEG_A,0.9596564164606936,0.9596564164606936,0.024682710198948316,0.015660873340357994,False
16831,SEG_A,0.8945060117374206,0.8945060117374206,0.0954146782459517,0.010079310016627537,False
16832,SEG_B,0.8566743621440738,0.010546367931780352,0.8566743621440738,0.13277926992414585,False
16833,SEG_A,0.7913069395972694,0.7913069395972694,0.11272203471893685,0.09597102568379387,False
16834,SEG_A,0.9770462593091019,0.9770462593091019,0.01979243068938223,0.0031613100015158496,False
16835,SEG_A,0.8662219496040922,0.8662219496040922,0.06859933135624288,0.065178719039665,False
16840,SEG_A,0.9216922145444925,0.9216922145444925,0.05527650881704121,0.023031276638466342,False
16841,SEG_A,0.8437313963834218,0.8437313963834218,0.11746923062000036,0.03879937299657781,False
16842,SEG_A,0.7219292284741893,0.7219292284741893,0.21309842141678892,0.06497235010902183,False
16843,SEG_A,0.9792427076045551,0.9792427076045551,0.01592130740990291,0.00483598498554193,False
16844,SEG_A,0.9528063090135861,0.9528063090135861,0.039815086629599934,0.007378604356814054,False
16846,SEG_A,0.9614813453131983,0.9614813453131983,0.03092297724161601,0.007595677445185664,False
16847,SEG_A,0.7946784466758482,0.7946784466758482,0.16818595112527981,0.037135602198871916,False
16850,SEG_A,0.8701810508025271,0.8701810508025271,0.09660826728974313,0.03321068190772982,False
16851,SEG_A,0.9490932440645683,0.9490932440645683,0.040109973396956995,0.0107967825384747,False
16852,SEG_A,0.3907262564378623,0.3907262564378623,0.34804253491030374,0.26123120865183413,True
16854,SEG_A,0.8239076098689418,0.8239076098689418,0.06091007153761195,0.11518231859344624,False
16855,SEG_A,0.9173872941687577,0.9173872941687577,0.031454618394509,0.05115808743673325,False
16856,SEG_A,0.9486574748511033,0.9486574748511033,0.03265742061799201,0.01868510453090479,False
16857,SEG_A,0.956204780004372,0.956204780004372,0.027997712114889935,0.01579750788073798,False
16858,SEG_A,0.507889793282497,0.507889793282497,0.46569387019302366,0.026416336524479493,False
16859,SEG_A,0.8180848113801709,0.8180848113801709,0.1182436040361777,0.06367158458365142,False
16860,SEG_A,0.5750917442608515,0.5750917442608515,0.3921956855387337,0.032712570200414647,False
16862,SEG_A,0.7709250360072087,0.7709250360072087,0.1419852359777435,0.08708972801504782,False
16863,SEG_A,0.8833195422260811,0.8833195422260811,0.05489818378002479,0.06178227399389409,False
16864,SEG_A,0.9682873550622538,0.9682873550622538,0.02768494614615988,0.004027698791586352,False
16865,SEG_A,0.955562258756516,0.955562258756516,0.018110850675875652,0.026326890567608244,False
16867,SEG_A,0.9429584681401197,0.9429584681401197,0.03522277641860703,0.0218187554412733,False
16868,SEG_A,0.6991334949168754,0.6991334949168754,0.2797136909466847,0.02115281413643991,False
16869,SEG_A,0.7270936622350755,0.7270936622350755,0.2618065940946995,0.011099743670225015,False
16870,SEG_A,0.9370176035301723,0.9370176035301723,0.05731802715943044,0.005664369310397357,False
16871,SEG_A,0.8132984210751869,0.8132984210751869,0.07599622033350237,0.11070535859131063,False
16875,SEG_A,0.9228478087600265,0.9228478087600265,0.0706865232330954,0.006465668006877947,False
16876,SEG_A,0.9402571847793197,0.9402571847793197,0.044837404410047806,0.014905410810632473,False
16877,SEG_A,0.9772793337487569,0.9772793337487569,0.01852775374668758,0.004192912504555509,False
16878,SEG_A,0.9735446098615969,0.9735446098615969,0.015157738266643779,0.01129765187175935,False
16879,SEG_B,0.6339295585362935,0.13081631214420766,0.6339295585362935,0.23525412931949888,False
16882,SEG_A,0.8707102732549943,0.8707102732549943,0.1155848932929839,0.013704833452021932,False
16883,SEG_A,0.8397990998667149,0.8397990998667149,0.1382244626673145,0.021976437465970593,False
16884,SEG_A,0.8798756842807094,0.8798756842807094,0.10990690529104645,0.010217410428244039,False
16885,SEG_A,0.7576309283316848,0.7576309283316848,0.22515757445139783,0.017211497216917324,False
16887,SEG_A,0.7496430955760852,0.7496430955760852,0.17224765677722667,0.07810924764668804,False
16888,SEG_A,0.48764283843016326,0.48764283843016326,0.3747908182863995,0.13756634328343725,False
16890,SEG_A,0.9433458172856599,0.9433458172856599,0.04903387431895298,0.007620308395387063,False
16891,SEG_A,0.7968122989747327,0.7968122989747327,0.17090248265344596,0.032285218371821404,False
16893,SEG_A,0.9434289713839263,0.9434289713839263,0.04361372130454525,0.012957307311528528,False
16894,SEG_A,0.7946784466758482,0.7946784466758482,0.16818595112527981,0.037135602198871916,False
16896,SEG_A,0.8909430207421654,0.8909430207421654,0.08228500983515859,0.026771969422675974,False
16901,SEG_A,0.7068491167190701,0.7068491167190701,0.26387785793427765,0.02927302534665223,False
16902,SEG_A,0.9618547240029516,0.9618547240029516,0.0265287577896637,0.011616518207384765,False
16904,SEG_B,0.6417127530488173,0.32224066298017817,0.6417127530488173,0.036046583971004464,False
16905,SEG_A,0.9561814633990179,0.9561814633990179,0.018118114248976344,0.025700422352005738,False
16907,SEG_A,0.672713534537819,0.672713534537819,0.18521754529786733,0.1420689201643137,False
16909,SEG_A,0.9139447696470274,0.9139447696470274,0.07665826495322756,0.009396965399745142,False
16910,SEG_A,0.8832036990011826,0.8832036990011826,0.06911948434022226,0.04767681665859521,False
16918,SEG_A,0.7802043236965286,0.7802043236965286,0.18667783995611634,0.033117836347355,False
16919,SEG_A,0.7444889865380521,0.7444889865380521,0.19613525663812212,0.05937575682382588,False
16920,SEG_A,0.8921578385429364,0.8921578385429364,0.09965133553918798,0.008190825917875675,False
16922,SEG_A,0.9025618535981176,0.9025618535981176,0.08097062708734828,0.016467519314534104,False
16923,SEG_A,0.8254362473628748,0.8254362473628748,0.07889783788183174,0.09566591475529357,False
16924,SEG_A,0.9172313010342618,0.9172313010342618,0.0720157173836381,0.010752981582100115,False
16926,SEG_A,0.7982793182291457,0.7982793182291457,0.15670746453441425,0.045013217236439924,False
16927,SEG_A,0.887635136149861,0.887635136149861,0.06801462829931246,0.04435023555082639,False
16932,SEG_A,0.8616717411779748,0.8616717411779748,0.11816891225181472,0.020159346570210294,False
16933,SEG_A,0.7528733245988641,0.7528733245988641,0.09528363938597974,0.15184303601515606,False
16934,SEG_A,0.9479184626242956,0.9479184626242956,0.03957679395741282,0.012504743418291676,False
16935,SEG_A,0.7900738810547427,0.7900738810547427,0.17290427558239618,0.03702184336286109,False
16936,SEG_A,0.49325010137836484,0.49325010137836484,0.1607674741529565,0.3459824244686786,False
16940,SEG_A,0.8629632054441428,0.8629632054441428,0.11754260241559789,0.01949419214025924,False
16942,SEG_A,0.9136324543636943,0.9136324543636943,0.068997209302071,0.0173703363342347,False
16943,SEG_A,0.9318737993739246,0.9318737993739246,0.047441518486592504,0.020684682139482827,False
16944,SEG_A,0.6144014592375211,0.6144014592375211,0.16715519369442827,0.21844334706805055,False
16945,SEG_A,0.7717050269673648,0.7717050269673648,0.11730927859380197,0.11098569443883327,False
16946,SEG_A,0.9303154455582313,0.9303154455582313,0.0605851785001821,0.009099375941586598,False
16948,SEG_B,0.6408096906495659,0.22258150631536233,0.6408096906495659,0.13660880303507178,False
16949,SEG_A,0.8213330046104513,0.8213330046104513,0.15558527156392515,0.023081723825623377,False
16950,SEG_A,0.8261313340557309,0.8261313340557309,0.10184551907671702,0.07202314686755197,False
16952,SEG_A,0.7938339041769775,0.7938339041769775,0.18078617660554602,0.025379919217476427,False
16953,SEG_A,0.8964843979434642,0.8964843979434642,0.07590746142736651,0.027608140629169126,False
16954,SEG_A,0.953110590774774,0.953110590774774,0.02482542505005841,0.0220639841751675,False
16955,SEG_A,0.7946784466758482,0.7946784466758482,0.16818595112527981,0.037135602198871916,False
16956,SEG_A,0.7743882860648462,0.7743882860648462,0.15453217190367308,0.07107954203148067,False
16957,SEG_A,0.7090191936057129,0.7090191936057129,0.22215341924207715,0.06882738715221,False
16959,SEG_A,0.8713225966919067,0.8713225966919067,0.086406361243055,0.042271042065038324,False
16961,SEG_A,0.8306792727776947,0.8306792727776947,0.13973691117637974,0.029583816045925554,False
16963,SEG_A,0.9411422547424838,0.9411422547424838,0.051728466519840366,0.007129278737675843,False
16964,SEG_A,0.7959681746076505,0.7959681746076505,0.06474794205771732,0.13928388333463218,False
16966,SEG_A,0.7272174250272706,0.7272174250272706,0.21598346105236965,0.056799113920359814,False
16967,SEG_A,0.8213568129337626,0.8213568129337626,0.1386320587734978,0.040011128292739645,False
16969,SEG_A,0.9634811539011168,0.9634811539011168,0.02306351372688362,0.013455332371999518,False
16971,SEG_A,0.9080580444572751,0.9080580444572751,0.06618710588482031,0.02575484965790462,False
16973,SEG_A,0.9064988923314614,0.9064988923314614,0.08758618665823313,0.00591492101030539,False
16974,SEG_A,0.9691298239501646,0.9691298239501646,0.018257988709179645,0.012612187340655685,False
16975,SEG_A,0.8764081349350109,0.8764081349350109,0.06748131020376001,0.05611055486122903,False
16978,SEG_A,0.8204391076140325,0.8204391076140325,0.09484599455933153,0.08471489782663603,False
16982,SEG_A,0.8990650327233287,0.8990650327233287,0.07331656355568227,0.027618403720988977,False
16985,SEG_A,0.7958998553140029,0.7958998553140029,0.16921494623377184,0.03488519845222525,False
16986,SEG_A,0.797228508958854,0.797228508958854,0.1651804781883262,0.037591012852819974,False
16987,SEG_A,0.8977055488400129,0.8977055488400129,0.07937694779973856,0.022917503360248597,False
16988,SEG_A,0.9724554191694564,0.9724554191694564,0.02316073750424524,0.0043838433262984155,False
16990,SEG_A,0.7696503335651392,0.7696503335651392,0.20138277260669352,0.02896689382816744,False
16991,SEG_A,0.9309652535736208,0.9309652535736208,0.02757295025228967,0.04146179617408951,False
16992,SEG_A,0.9424001015120296,0.9424001015120296,0.046973297613271285,0.010626600874699082,False
16993,SEG_A,0.8882700826682194,0.8882700826682194,0.09477906744717,0.016950849884610573,False
16994,SEG_A,0.9355764943454836,0.9355764943454836,0.03456423932095627,0.029859266333560067,False
16995,SEG_A,0.9586242475156082,0.9586242475156082,0.025761059282219417,0.015614693202172401,False
16997,SEG_A,0.9082109037963774,0.9082109037963774,0.061742661880612754,0.03004643432300981,False
16998,SEG_A,0.9674520323578347,0.9674520323578347,0.024393865276375,0.008154102365790313,False
16999,SEG_A,0.7903028438699647,0.7903028438699647,0.12887245045044934,0.08082470567958577,False
17000,SEG_A,0.8295399321202498,0.8295399321202498,0.12949711234064523,0.04096295553910495,False
17002,SEG_A,0.9634318377373485,0.9634318377373485,0.022648458645661604,0.013919703616989774,False
17003,SEG_B,0.8717344634299444,0.004198577864630706,0.8717344634299444,0.12406695870542482,False
17004,SEG_A,0.7776090486912549,0.7776090486912549,0.18096190227609912,0.04142904903264579,False
17005,SEG_A,0.8130716879170483,0.8130716879170483,0.12700630343967928,0.05992200864327246,False
17006,SEG_A,0.8293379064561157,0.8293379064561157,0.1347471168201153,0.03591497672376902,False
17009,SEG_A,0.9797022741151559,0.9797022741151559,0.01809429354995181,0.002203432334892226,False
17010,SEG_A,0.7311231881145669,0.7311231881145669,0.16852993874559782,0.10034687313983537,False
17012,SEG_B,0.5363447911540105,0.3349743675151577,0.5363447911540105,0.1286808413308318,False
17013,SEG_A,0.9517222271392024,0.9517222271392024,0.04104301970204749,0.00723475315875011,False
17019,SEG_A,0.9456883811657564,0.9456883811657564,0.048819155340076734,0.005492463494166767,False
17022,SEG_A,0.9570735177729008,0.9570735177729008,0.029570954412913485,0.01335552781418571,False
17027,SEG_A,0.7882095126799195,0.7882095126799195,0.17262404159760755,0.03916644572247313,False
17029,SEG_A,0.8881025460282844,0.8881025460282844,0.06613691686840678,0.045760537103308706,False
17031,SEG_A,0.8456197794838342,0.8456197794838342,0.08021715762061087,0.07416306289555506,False
17032,SEG_A,0.982509552886085,0.982509552886085,0.01241254027421118,0.00507790683970386,False
17035,SEG_A,0.9568261437600889,0.9568261437600889,0.03790080677913098,0.005273049460780219,False
17038,SEG_B,0.5518359089120547,0.41820429555187316,0.5518359089120547,0.02995979553607218,False
17039,SEG_A,0.948793921977505,0.948793921977505,0.03371263135271979,0.017493446669775193,False
17040,SEG_A,0.9542672651441467,0.9542672651441467,0.02667113892316025,0.019061595932693024,False
17041,SEG_A,0.9230300971590332,0.9230300971590332,0.030607890116938367,0.046362012724028505,False
17042,SEG_A,0.7882095126799195,0.7882095126799195,0.17262404159760755,0.03916644572247313,False
17043,SEG_A,0.7457115329049182,0.7457115329049182,0.1261713157287893,0.12811715136629254,False
17044,SEG_A,0.9539881471970655,0.9539881471970655,0.023921806969064322,0.022090045833870236,False
17048,SEG_A,0.8961671762861684,0.8961671762861684,0.0674792366409656,0.03635358707286596,False
17049,SEG_A,0.8051446450798887,0.8051446450798887,0.1759355909105641,0.018919764009547157,False
17053,SEG_A,0.7759888731377942,0.7759888731377942,0.11438498093690024,0.1096261459253055,False
17054,SEG_A,0.7639806774151717,0.7639806774151717,0.20185081893865967,0.03416850364616856,False
17055,SEG_A,0.9058532810465864,0.9058532810465864,0.075683685758775,0.018463033194638635,False
17061,SEG_A,0.7894537790087324,0.7894537790087324,0.15004181209808973,0.060504408893177944,False
17062,SEG_A,0.736939011260469,0.736939011260469,0.11859901078470854,0.14446197795482257,False
17066,SEG_A,0.9759894064777814,0.9759894064777814,0.015180984700483239,0.008829608821735231,False
17067,SEG_A,0.7637943617424882,0.7637943617424882,0.1704432221015977,0.06576241615591419,False
17069,SEG_A,0.8935689725813076,0.8935689725813076,0.08128339159580387,0.0251476358228885,False
17073,SEG_A,0.8996082168323433,0.8996082168323433,0.08364519640488481,0.01674658676277188,False
17074,SEG_A,0.8183722937376152,0.8183722937376152,0.13384179673967767,0.047785909522707,False
17075,SEG_A,0.949267850989433,0.949267850989433,0.04484465864208291,0.005887490368484099,False
17076,SEG_A,0.8185669555661605,0.8185669555661605,0.11263634924642907,0.06879669518741041,False
17077,SEG_B,0.7301192001795609,0.008490631584928101,0.7301192001795609,0.26139016823551103,False
17078,SEG_A,0.7968938363375694,0.7968938363375694,0.14019458803088997,0.06291157563154066,False
17079,SEG_A,0.8361120970236774,0.8361120970236774,0.07211827383500775,0.09176962914131495,False
17083,SEG_A,0.6494729278951076,0.6494729278951076,0.165190104218394,0.18533696788649845,False
17085,SEG_A,0.7896948786264317,0.7896948786264317,0.20412344120287357,0.006181680170694675,False
17086,SEG_A,0.9624716645373105,0.9624716645373105,0.03293884533519341,0.004589490127496054,False
17088,SEG_A,0.7592515108134659,0.7592515108134659,0.22028052959390151,0.020467959592632548,False
17091,SEG_B,0.6526745876551798,0.22904722773426345,0.6526745876551798,0.11827818461055677,False
17092,SEG_A,0.8186240997410846,0.8186240997410846,0.1578443409479184,0.023531559310996947,False
17093,SEG_A,0.6788192927065062,0.6788192927065062,0.14228296932268794,0.17889773797080571,False
17097,SEG_A,0.9825723204463153,0.9825723204463153,0.012401532085175327,0.00502614746850954,False
17098,SEG_A,0.88575832606269,0.88575832606269,0.0638863370197358,0.0503553369175741,False
17099,SEG_A,0.7882095126799195,0.7882095126799195,0.17262404159760755,0.03916644572247313,False
17101,SEG_A,0.9521371027843811,0.9521371027843811,0.029667980797003356,0.018194916418615478,False
17102,SEG_A,0.6255925532243077,0.6255925532243077,0.34622905287391254,0.028178393901779848,False
17104,SEG_A,0.8740447112566868,0.8740447112566868,0.08696698339973934,0.03898830534357379,False
17105,SEG_A,0.8447985606187827,0.8447985606187827,0.13817724749948618,0.017024191881731196,False
17106,SEG_A,0.5428523540086072,0.5428523540086072,0.296781933071288,0.16036571292010485,False
17109,SEG_A,0.9423277165329512,0.9423277165329512,0.03383098515936557,0.02384129830768317,False
17110,SEG_A,0.7882095126799195,0.7882095126799195,0.17262404159760755,0.03916644572247313,False
17111,SEG_A,0.37765705186124987,0.37765705186124987,0.26100512730105285,0.3613378208376973,True
17113,SEG_A,0.51786360642766,0.51786360642766,0.4323579261968261,0.04977846737551387,False
17114,SEG_A,0.9436544549132002,0.9436544549132002,0.03866068372949222,0.017684861357307513,False
17115,SEG_A,0.9629768675768308,0.9629768675768308,0.021575350570973574,0.015447781852195716,False
17116,SEG_A,0.9599141131248144,0.9599141131248144,0.027681051589398566,0.012404835285786937,False
17117,SEG_A,0.9590242201069112,0.9590242201069112,0.03740913510756401,0.0035666447855247905,False
17118,SEG_A,0.6546891673602718,0.6546891673602718,0.29669929693888697,0.0486115357008412,False
17120,SEG_A,0.973780296047292,0.973780296047292,0.02096071953798885,0.005258984414719081,False
17121,SEG_A,0.9304680906481857,0.9304680906481857,0.06601866710429882,0.0035132422475154484,False
17122,SEG_A,0.7357034070561683,0.7357034070561683,0.11665734514045654,0.1476392478033751,False
17125,SEG_B,0.8497301255252299,0.06596751298339372,0.8497301255252299,0.08430236149137646,False
17127,SEG_A,0.974032994849604,0.974032994849604,0.021521871141231927,0.00444513400916408,False
17128,SEG_A,0.8190846036660814,0.8190846036660814,0.08340970919499568,0.09750568713892298,False
17129,SEG_A,0.9269702156873655,0.9269702156873655,0.046650860520278274,0.026378923792356214,False
17130,SEG_A,0.7213363429559415,0.7213363429559415,0.21171428734144987,0.06694936970260865,False
17131,SEG_A,0.9325113190526365,0.9325113190526365,0.03849962623164502,0.028989054715718398,False
17132,SEG_A,0.9065229598185142,0.9065229598185142,0.07079694539976396,0.022680094781721928,False
17134,SEG_A,0.8488228205322863,0.8488228205322863,0.07998737463241942,0.07118980483529422,False
17135,SEG_A,0.9663904258359142,0.9663904258359142,0.029093376692270603,0.004516197471815245,False
17136,SEG_A,0.8253400593041007,0.8253400593041007,0.059535008975181575,0.11512493172071758,False
17138,SEG_A,0.7882095126799195,0.7882095126799195,0.17262404159760755,0.03916644572247313,False
17143,SEG_A,0.9661381569559571,0.9661381569559571,0.02741414439413497,0.006447698649907987,False
17144,SEG_B,0.5907409194733614,0.3591141952780505,0.5907409194733614,0.050144885248588185,False
17145,SEG_A,0.6412582211257805,0.6412582211257805,0.2232240836456134,0.13551769522860607,False
17146,SEG_A,0.6433750948089764,0.6433750948089764,0.1848473767194331,0.1717775284715906,False
17148,SEG_A,0.9304103638353808,0.9304103638353808,0.058298712988022756,0.011290923176596461,False
17150,SEG_A,0.9359459333875368,0.9359459333875368,0.05351379223699292,0.010540274375470275,False
17151,SEG_A,0.8652378714804285,0.8652378714804285,0.09716909584484218,0.0375930326747293,False
17153,SEG_A,0.9088589085199134,0.9088589085199134,0.07503331714883166,0.016107774331255133,False
17155,SEG_A,0.9642241835050729,0.9642241835050729,0.026865374724355108,0.008910441770571955,False
17157,SEG_C,0.42550534556989705,0.30455708987252744,0.2699375645575755,0.42550534556989705,True
17160,SEG_B,0.7919351470401254,0.12087145873828971,0.7919351470401254,0.08719339422158483,False
17162,SEG_B,0.6739954066504534,0.028274549693804676,0.6739954066504534,0.29773004365574185,False
17163,SEG_A,0.8371889503915243,0.8371889503915243,0.07274909425074931,0.09006195535772646,False
17164,SEG_A,0.5888241039246354,0.5888241039246354,0.2926361459964296,0.1185397500789351,False
17165,SEG_A,0.8220520785448182,0.8220520785448182,0.14962479076021223,0.028323130694969684,False
17173,SEG_A,0.9207346425568884,0.9207346425568884,0.05613744040448153,0.02312791703863017,False
17174,SEG_A,0.8904868492448916,0.8904868492448916,0.0898122894976757,0.019700861257432548,False
17175,SEG_A,0.79693245944632,0.79693245944632,0.17754305332229034,0.02552448723138978,False
17176,SEG_A,0.5579739895906972,0.5579739895906972,0.35398798084909083,0.08803802956021202,False
17177,SEG_A,0.38695480771720575,0.38695480771720575,0.2546486625952552,0.35839652968753904,True
17182,SEG_B,0.6770426087826115,0.14464484292550045,0.6770426087826115,0.178312548291888,False
17185,SEG_A,0.7614724526710583,0.7614724526710583,0.1600619362937766,0.07846561103516503,False
17191,SEG_A,0.8047772016270179,0.8047772016270179,0.13607657195510284,0.0591462264178792,False
17192,SEG_A,0.9133648502834155,0.9133648502834155,0.05599465290062155,0.030640496815962995,False
17202,SEG_A,0.75085938212089,0.75085938212089,0.12141530646940318,0.12772531140970683,False
17203,SEG_B,0.4648611340178508,0.2776309464208331,0.4648611340178508,0.2575079195613163,False
17205,SEG_A,0.9545157328366778,0.9545157328366778,0.035825605451855265,0.009658661711466836,False
17207,SEG_A,0.8247047291075894,0.8247047291075894,0.11677171717657801,0.0585235537158325,False
17209,SEG_A,0.7631852090501965,0.7631852090501965,0.16431740641412307,0.07249738453568036,False
17211,SEG_A,0.871103549600993,0.871103549600993,0.0993871806030304,0.02950926979597651,False
17212,SEG_A,0.9300410399786193,0.9300410399786193,0.06420972988019143,0.005749230141189248,False
17215,SEG_A,0.8819811444224804,0.8819811444224804,0.10562178121117316,0.012397074366346274,False
17216,SEG_A,0.8480331831315835,0.8480331831315835,0.1357790820421247,0.016187734826291725,False
17217,SEG_A,0.7798691679569189,0.7798691679569189,0.1890678019612422,0.031063030081838944,False
17218,SEG_A,0.8352002120092223,0.8352002120092223,0.09437812275623739,0.07042166523454037,False
17220,SEG_A,0.7124656371329142,0.7124656371329142,0.22721909921169842,0.06031526365538741,False
17223,SEG_A,0.815411964139293,0.815411964139293,0.16001645897019542,0.024571576890511607,False
17225,SEG_A,0.8485219410143039,0.8485219410143039,0.07125634542130059,0.0802217135643954,False
17230,SEG_A,0.8410706350570153,0.8410706350570153,0.1010537695595824,0.057875595383402395,False
17234,SEG_A,0.9620645354824912,0.9620645354824912,0.032953216448584746,0.004982248068924202,False
17235,SEG_A,0.8763043529452641,0.8763043529452641,0.09888294052627758,0.024812706528458277,False
17236,SEG_A,0.7877651372961001,0.7877651372961001,0.20222824397594463,0.010006618727955292,False
17237,SEG_A,0.7515024888721441,0.7515024888721441,0.10416648940516672,0.14433102172268913,False
17238,SEG_A,0.9064468645787188,0.9064468645787188,0.05499925847404636,0.038553876947234916,False
17240,SEG_A,0.9140620042978477,0.9140620042978477,0.06614777341803911,0.019790222284113212,False
17243,SEG_A,0.9178950495718833,0.9178950495718833,0.035903413145880664,0.046201537282236096,False
17246,SEG_A,0.9466480806177564,0.9466480806177564,0.0449180402609296,0.008433879121314162,False
17249,SEG_A,0.7507730726204521,0.7507730726204521,0.2185702752104902,0.030656652169057576,False
17250,SEG_A,0.8964023094763749,0.8964023094763749,0.05113877887638968,0.052458911647235436,False
17252,SEG_C,0.4784386331267642,0.2738632019872607,0.2476981648859751,0.4784386331267642,False
17256,SEG_A,0.8631014181345706,0.8631014181345706,0.09467052162571075,0.04222806023971854,False
17259,SEG_A,0.905577525767691,0.905577525767691,0.0898641151396283,0.004558359092680614,False
17262,SEG_A,0.6771933750205125,0.6771933750205125,0.24452805163909838,0.07827857334038926,False
17263,SEG_A,0.8333271520184051,0.8333271520184051,0.0986325295718417,0.0680403184097532,False
17273,SEG_A,0.8337995696524978,0.8337995696524978,0.09744958202766213,0.06875084831984014,False
17275,SEG_A,0.9285462731871094,0.9285462731871094,0.06409913947402238,0.007354587338868295,False
17276,SEG_A,0.8116894313924611,0.8116894313924611,0.12613598275756518,0.06217458584997376,False
17278,SEG_A,0.9265958163072667,0.9265958163072667,0.06646162722700018,0.006942556465733229,False
17281,SEG_A,0.9502098971120527,0.9502098971120527,0.030474934486110716,0.019315168401836554,False
17283,SEG_B,0.7452691448312838,0.15357636244664472,0.7452691448312838,0.10115449272207146,False
17288,SEG_A,0.7922726717373149,0.7922726717373149,0.11330458627806245,0.09442274198462274,False
17294,SEG_A,0.9550395749186833,0.9550395749186833,0.03834939522011093,0.006611029861205691,False
17298,SEG_A,0.9473721548724693,0.9473721548724693,0.03950156786640544,0.013126277261125205,False
17301,SEG_A,0.3692213363384476,0.3692213363384476,0.30045352882301074,0.3303251348385416,True
17302,SEG_A,0.5128786820627299,0.5128786820627299,0.2814905607103711,0.205630757226899,False
17303,SEG_A,0.8483320651614925,0.8483320651614925,0.10923365706868689,0.042434277769820575,False
17304,SEG_A,0.5011365734342237,0.5011365734342237,0.4254187891642166,0.0734446374015597,False
17306,SEG_A,0.8324840304132625,0.8324840304132625,0.1359330850306296,0.031582884556107915,False
17308,SEG_A,0.930777104667079,0.930777104667079,0.06141061644337477,0.007812278889546167,False
17310,SEG_A,0.8778203303581448,0.8778203303581448,0.09782698045330951,0.024352689188545888,False
17312,SEG_A,0.8301786834414796,0.8301786834414796,0.14485761559761987,0.024963700960900594,False
17314,SEG_A,0.5139207256616745,0.5139207256616745,0.4190704761884047,0.06700879814992089,False
17315,SEG_A,0.9402813567996899,0.9402813567996899,0.01718830970246615,0.04253033349784392,False
17318,SEG_A,0.9050764373653212,0.9050764373653212,0.06317561029850657,0.03174795233617231,False
17319,SEG_A,0.8674042644745101,0.8674042644745101,0.12532225354499144,0.007273481980498493,False
17320,SEG_B,0.5472678782984066,0.025803560584092982,0.5472678782984066,0.4269285611175005,False
17321,SEG_A,0.77700863407662,0.77700863407662,0.20543261348341885,0.017558752439961176,False
17323,SEG_A,0.9680472544407417,0.9680472544407417,0.027046977069102043,0.004905768490156273,False
17328,SEG_A,0.7096170495638375,0.7096170495638375,0.20362273142639287,0.08676021900976957,False
17329,SEG_A,0.8880451303945244,0.8880451303945244,0.09617961587352682,0.015775253731948755,False
17330,SEG_A,0.727809247243323,0.727809247243323,0.18319474827285342,0.08899600448382355,False
17331,SEG_A,0.8825207352266938,0.8825207352266938,0.09983534699151474,0.017643917781791505,False
17332,SEG_A,0.8420686499238489,0.8420686499238489,0.11169205890381217,0.046239291172338964,False
17337,SEG_A,0.7200663313006511,0.7200663313006511,0.11780052824000496,0.16213314045934388,False
17340,SEG_A,0.8702804320102647,0.8702804320102647,0.07965995904601066,0.05005960894372454,False
17341,SEG_B,0.5202101735476301,0.0026765269909921714,0.5202101735476301,0.4771132994613778,False
17342,SEG_B,0.5369202877852088,0.2663824543266253,0.5369202877852088,0.1966972578881659,False
17343,SEG_A,0.8391725669404567,0.8391725669404567,0.05938725998310862,0.10144017307643459,False
17349,SEG_A,0.7467784368597835,0.7467784368597835,0.18554324532923971,0.06767831781097665,False
17351,SEG_A,0.9579314083040408,0.9579314083040408,0.023403102929998268,0.018665488765960973,False
17352,SEG_A,0.8537111703265164,0.8537111703265164,0.11840886091665118,0.02787996875683239,False
17356,SEG_A,0.6473255133116843,0.6473255133116843,0.3152357844031913,0.03743870228512451,False
17357,SEG_A,0.7423941343798817,0.7423941343798817,0.23569939568333492,0.021906469936783423,False
17359,SEG_A,0.970501093604454,0.970501093604454,0.020809855623412917,0.008689050772132906,False
17360,SEG_A,0.9119410503081582,0.9119410503081582,0.0738471792297311,0.014211770462110728,False
17364,SEG_A,0.881452701702825,0.881452701702825,0.11108630834534731,0.007460989951827624,False
17367,SEG_A,0.5261456504562979,0.5261456504562979,0.3954123334857916,0.07844201605791053,False
17369,SEG_B,0.7879133149885215,0.020662304592912635,0.7879133149885215,0.19142438041856577,False
17371,SEG_A,0.9460480851806424,0.9460480851806424,0.04165309316935286,0.012298821650004696,False
17372,SEG_A,0.9187040445274705,0.9187040445274705,0.031067985597976078,0.050227969874553434,False
17377,SEG_A,0.9426728875197125,0.9426728875197125,0.05131391073277776,0.006013201747509823,False
17383,SEG_A,0.7363170298774903,0.7363170298774903,0.1755667232933021,0.08811624682920768,False
17393,SEG_A,0.9070305064643713,0.9070305064643713,0.03945834670841834,0.05351114682721031,False
17394,SEG_C,0.47146119577208184,0.3600724326835266,0.16846637154439162,0.47146119577208184,False
17395,SEG_A,0.9393095543884096,0.9393095543884096,0.03404854842995476,0.02664189718163581,False
17396,SEG_A,0.9385058052766737,0.9385058052766737,0.03572655071624229,0.025767644007083906,False
17397,SEG_A,0.931559609009574,0.931559609009574,0.04158757661956074,0.026852814370865292,False
17400,SEG_A,0.8612669801805262,0.8612669801805262,0.11532010209623593,0.02341291772323788,False
17403,SEG_A,0.8757210672381677,0.8757210672381677,0.10250064085806501,0.021778291903767313,False
17404,SEG_A,0.841444873588765,0.841444873588765,0.1270520265270328,0.0315030998842023,False
17405,SEG_B,0.45586875645509045,0.12134892178535062,0.45586875645509045,0.42278232175955904,False
17406,SEG_A,0.7366302062764902,0.7366302062764902,0.16906988006164736,0.09429991366186244,False
17408,SEG_A,0.8768761169082386,0.8768761169082386,0.1123492265801303,0.010774656511630964,False
17409,SEG_A,0.8399502789872463,0.8399502789872463,0.09073073655472913,0.06931898445802452,False
17411,SEG_B,0.7987286661992775,0.17228957127524694,0.7987286661992775,0.028981762525475577,False
17412,SEG_A,0.5588168768729357,0.5588168768729357,0.1597308272692839,0.2814522958577804,False
17417,SEG_A,0.8459473644755925,0.8459473644755925,0.11787164632246616,0.036180989201941405,False
17418,SEG_A,0.5097275509100448,0.5097275509100448,0.24781424645423192,0.24245820263572324,False
17426,SEG_A,0.9096972406126953,0.9096972406126953,0.06408424478783831,0.02621851459946643,False
17428,SEG_A,0.7470004752255979,0.7470004752255979,0.1394384861684584,0.1135610386059437,False
17429,SEG_A,0.8360097390119329,0.8360097390119329,0.06976599456921308,0.09422426641885394,False
17433,SEG_A,0.9594293052826559,0.9594293052826559,0.03122209680106711,0.00934859791627699,False
17442,SEG_A,0.8604118329374247,0.8604118329374247,0.07787430198838097,0.061713865074194386,False
17447,SEG_A,0.7519640158110834,0.7519640158110834,0.18554785494657589,0.06248812924234068,False
17452,SEG_A,0.8724949292379538,0.8724949292379538,0.11908457312852397,0.00842049763352228,False
17454,SEG_A,0.9622495238057213,0.9622495238057213,0.02651657569105219,0.011233900503226528,False
17458,SEG_A,0.9832387399929818,0.9832387399929818,0.013613047390370878,0.0031482126166472203,False
17459,SEG_A,0.8979615562267741,0.8979615562267741,0.08638940396148043,0.01564903981174557,False
17461,SEG_A,0.6315076973372215,0.6315076973372215,0.30260612465294345,0.06588617800983516,False
17466,SEG_A,0.8605473053028305,0.8605473053028305,0.10560568504345333,0.033847009653716204,False
17467,SEG_A,0.6101400624699141,0.6101400624699141,0.27348879536704146,0.11637114216304432,False
17468,SEG_A,0.7889744725938056,0.7889744725938056,0.14591888266540431,0.06510664474079005,False
17472,SEG_A,0.8785981002369689,0.8785981002369689,0.09524441431361552,0.026157485449415534,False
17474,SEG_B,0.6807375768603806,0.07872097035808721,0.6807375768603806,0.24054145278153224,False
17475,SEG_B,0.8536223340501142,0.1127399729717914,0.8536223340501142,0.03363769297809424,False
17476,SEG_A,0.6515606505523641,0.6515606505523641,0.1372893127335666,0.2111500367140692,False
17477,SEG_A,0.934722248701478,0.934722248701478,0.03786848802358073,0.02740926327494127,False
17478,SEG_A,0.7660186702172325,0.7660186702172325,0.2090520241458195,0.024929305636948017,False
17482,SEG_A,0.5564803960661826,0.5564803960661826,0.0610812135777337,0.3824383903560836,False
17484,SEG_A,0.7882334276761189,0.7882334276761189,0.17208380280799918,0.03968276951588212,False
17485,SEG_A,0.9728855376952118,0.9728855376952118,0.02129452638451693,0.0058199359202712455,False
17487,SEG_A,0.7254341286096978,0.7254341286096978,0.21435567686531035,0.06021019452499179,False
17491,SEG_A,0.8442840263991082,0.8442840263991082,0.0694786117842857,0.08623736181660607,False
17494,SEG_A,0.945509134282216,0.945509134282216,0.040802221262064675,0.013688644455719282,False
17495,SEG_A,0.8180421667806348,0.8180421667806348,0.13813809227162896,0.04381974094773616,False
17496,SEG_A,0.828851574365978,0.828851574365978,0.08901380913768452,0.08213461649633748,False
17500,SEG_A,0.941226431897893,0.941226431897893,0.03408080863324588,0.024692759468861136,False
17502,SEG_A,0.9413014579025354,0.9413014579025354,0.04165167258632189,0.017046869511142856,False
17503,SEG_A,0.9264486954424386,0.9264486954424386,0.061236151479007475,0.012315153078553975,False
17504,SEG_A,0.8513347698659395,0.8513347698659395,0.09862977754129262,0.050035452592768065,False
17505,SEG_A,0.6472268007114973,0.6472268007114973,0.2533938333323987,0.09937936595610412,False
17507,SEG_A,0.8838333952893055,0.8838333952893055,0.11074741961479095,0.0054191850959036305,False
17515,SEG_A,0.8513040641799787,0.8513040641799787,0.12118084456525642,0.027515091254764895,False
17516,SEG_A,0.6449242763110975,0.6449242763110975,0.17344882411838403,0.18162689957051856,False
17521,SEG_A,0.9037944413553778,0.9037944413553778,0.04338833737542331,0.05281722126919892,False
17522,SEG_A,0.968219403311722,0.968219403311722,0.021828935947486153,0.009951660740791854,False
17524,SEG_A,0.8861956033756815,0.8861956033756815,0.10549716220658682,0.008307234417731641,False
17525,SEG_A,0.9709736673177777,0.9709736673177777,0.021206180863664492,0.00782015181855796,False
17526,SEG_A,0.6929139662324795,0.6929139662324795,0.208412066739224,0.09867396702829656,False
17527,SEG_A,0.787801370543792,0.787801370543792,0.18507283280763207,0.027125796648575947,False
17528,SEG_A,0.6082456623522532,0.6082456623522532,0.30862952552334044,0.08312481212440638,False
17529,SEG_A,0.8483441406653844,0.8483441406653844,0.13173946494937064,0.01991639438524494,False
17531,SEG_B,0.8101997676732045,0.0643245057405342,0.8101997676732045,0.1254757265862613,False
17532,SEG_A,0.9016129058825838,0.9016129058825838,0.06638395993735254,0.03200313418006384,False
17534,SEG_A,0.7169428964842761,0.7169428964842761,0.18931239964054236,0.09374470387518159,False
17535,SEG_A,0.956288035315195,0.956288035315195,0.03044918137680676,0.013262783307998084,False
17536,SEG_A,0.7417581127279259,0.7417581127279259,0.09774936798868882,0.16049251928338515,False
17540,SEG_A,0.9156251107163939,0.9156251107163939,0.0772011424084874,0.007173746875118734,False
17542,SEG_A,0.9303959046391129,0.9303959046391129,0.03618615827866701,0.03341793708222003,False
17545,SEG_A,0.9650449428847108,0.9650449428847108,0.028668219654354034,0.006286837460935131,False
17546,SEG_A,0.7882334276761189,0.7882334276761189,0.17208380280799918,0.03968276951588212,False
17547,SEG_A,0.6901629042810982,0.6901629042810982,0.18730876347390146,0.1225283322450004,False
17551,SEG_A,0.796396544462413,0.796396544462413,0.12578978780265,0.07781366773493702,False
17552,SEG_A,0.59194905417607,0.59194905417607,0.23803240326326164,0.17001854256066842,False
17553,SEG_A,0.8722911929682271,0.8722911929682271,0.11437815783710079,0.013330649194672122,False
17555,SEG_A,0.897255491202061,0.897255491202061,0.07117825983754397,0.03156624896039498,False
17556,SEG_A,0.8189428746919751,0.8189428746919751,0.11657110524143637,0.06448602006658843,False
17557,SEG_A,0.942654729725495,0.942654729725495,0.038250526134212814,0.019094744140292285,False
17558,SEG_A,0.9161755861835251,0.9161755861835251,0.06995194860654597,0.013872465209928813,False
17565,SEG_B,0.8000135365652808,0.07769111805459045,0.8000135365652808,0.12229534538012873,False
17567,SEG_A,0.8644401238842583,0.8644401238842583,0.03545378422304156,0.10010609189270017,False
17569,SEG_A,0.927379818315516,0.927379818315516,0.0594517857523405,0.013168395932143542,False
17575,SEG_B,0.8298565237220261,0.07202769421707629,0.8298565237220261,0.09811578206089763,False
17576,SEG_A,0.7071881543152553,0.7071881543152553,0.23640617359458727,0.05640567209015762,False
17580,SEG_A,0.6553393210716475,0.6553393210716475,0.2881372176109611,0.0565234613173913,False
17581,SEG_B,0.7349065868520707,0.1701261414427792,0.7349065868520707,0.09496727170515003,False
17592,SEG_A,0.9344422578226378,0.9344422578226378,0.04653207198302673,0.01902567019433548,False
17594,SEG_B,0.6062179494208668,0.292373375169246,0.6062179494208668,0.10140867540988728,False
17596,SEG_A,0.7753765885285792,0.7753765885285792,0.1991286166111814,0.02549479486023942,False
17597,SEG_A,0.9571013572697243,0.9571013572697243,0.032668720802182534,0.010229921928092977,False
17602,SEG_A,0.7486853428796039,0.7486853428796039,0.1282699363692575,0.12304472075113877,False
17603,SEG_A,0.8033923773541368,0.8033923773541368,0.08967148123135936,0.10693614141450379,False
17604,SEG_A,0.878743307662714,0.878743307662714,0.11269141290397727,0.008565279433308644,False
17608,SEG_A,0.9471018970190179,0.9471018970190179,0.04327049745497075,0.009627605526011336,False
17609,SEG_A,0.828506818013639,0.828506818013639,0.11274382196720517,0.05874936001915588,False
17610,SEG_A,0.8585005137072987,0.8585005137072987,0.0945022812623141,0.04699720503038711,False
17611,SEG_B,0.8011755492028817,0.14896087691565474,0.8011755492028817,0.04986357388146349,False
17613,SEG_A,0.7783321116415254,0.7783321116415254,0.15881713165437855,0.06285075670409616,False
17614,SEG_A,0.8005891716967035,0.8005891716967035,0.1264007947268054,0.073010033576491,False
17615,SEG_A,0.9758013773098484,0.9758013773098484,0.013934387931135377,0.010264234759016342,False
17617,SEG_A,0.9200709322260486,0.9200709322260486,0.07095728750951365,0.00897178026443769,False
17623,SEG_A,0.9423574437513275,0.9423574437513275,0.027201031801583547,0.03044152444708899,False
17624,SEG_A,0.9401177596687987,0.9401177596687987,0.047866040560481396,0.012016199770719894,False
17625,SEG_A,0.9744161919511445,0.9744161919511445,0.02087850612604257,0.004705301922812862,False
17626,SEG_A,0.8970610854369846,0.8970610854369846,0.06017406502742849,0.042764849535586916,False
17628,SEG_A,0.9323548957250105,0.9323548957250105,0.04701510520368522,0.020629999071304108,False
17629,SEG_A,0.9285304100068544,0.9285304100068544,0.06636556189747263,0.005104028095672849,False
17630,SEG_A,0.7580227804998828,0.7580227804998828,0.14546417563248093,0.09651304386763636,False
17631,SEG_A,0.8759616460356999,0.8759616460356999,0.1035976348574025,0.020440719106897553,False
17632,SEG_A,0.8913524706632471,0.8913524706632471,0.10183138364833569,0.006816145688417128,False
17636,SEG_A,0.7176129481703287,0.7176129481703287,0.14934754647695994,0.13303950535271142,False
17637,SEG_A,0.6316123473840584,0.6316123473840584,0.31263458143615797,0.055753071179783745,False
17639,SEG_A,0.8723089059669695,0.8723089059669695,0.11751637841103828,0.010174715621992205,False
17640,SEG_A,0.8981897904771861,0.8981897904771861,0.0618814332710815,0.03992877625173257,False
17642,SEG_A,0.9598685018835811,0.9598685018835811,0.030341122606399967,0.009790375510018965,False
17646,SEG_A,0.9325508100080334,0.9325508100080334,0.05914475685748909,0.00830443313447752,False
17648,SEG_A,0.9455010382935379,0.9455010382935379,0.04516033564809847,0.009338626058363582,False
17650,SEG_A,0.8817002958746298,0.8817002958746298,0.10160446652335087,0.016695237602019436,False
17654,SEG_A,0.4724849624610069,0.4724849624610069,0.20048137325048035,0.3270336642885127,False
17655,SEG_A,0.8199988125634342,0.8199988125634342,0.14317997424270798,0.03682121319385779,False
17657,SEG_A,0.8676202608810598,0.8676202608810598,0.09942149156452279,0.03295824755441732,False
17660,SEG_A,0.8300488251640964,0.8300488251640964,0.06930495746899151,0.10064621736691207,False
17661,SEG_A,0.6795266928575112,0.6795266928575112,0.15934618716908563,0.16112711997340312,False
17662,SEG_A,0.7441732831142022,0.7441732831142022,0.23191538728552155,0.02391132960027623,False
17665,SEG_A,0.9392495876601854,0.9392495876601854,0.040125368022635145,0.020625044317179604,False
17672,SEG_A,0.9753853398296333,0.9753853398296333,0.021917264164915733,0.0026973960054509044,False
17677,SEG_A,0.7701038295809094,0.7701038295809094,0.17805714762931818,0.05183902278977246,False
17680,SEG_A,0.8630924187409253,0.8630924187409253,0.12311574545129587,0.013791835807778784,False
17683,SEG_A,0.4921796242107367,0.4921796242107367,0.2596484066177687,0.24817196917149464,False
17686,SEG_A,0.9535741350515133,0.9535741350515133,0.03916158483062371,0.0072642801178629535,False
17687,SEG_A,0.9852597561770887,0.9852597561770887,0.011008301323424192,0.003731942499487077,False
17688,SEG_A,0.8773220635182102,0.8773220635182102,0.09665206809438283,0.026025868387406937,False
17689,SEG_A,0.9327664095682067,0.9327664095682067,0.04732536387526825,0.01990822655652513,False
17690,SEG_B,0.5248190172570516,0.3824753862649577,0.5248190172570516,0.09270559647799057,False
17691,SEG_A,0.8044372857409237,0.8044372857409237,0.16536706661984882,0.03019564763922757,False
17692,SEG_A,0.8682986152055615,0.8682986152055615,0.100461695834064,0.031239688960374472,False
17693,SEG_A,0.7938339041769775,0.7938339041769775,0.18078617660554602,0.025379919217476427,False
17695,SEG_A,0.9247722965583959,0.9247722965583959,0.06087163359190368,0.014356069849700356,False
17697,SEG_A,0.9027276553514307,0.9027276553514307,0.07120141878464925,0.026070925863919993,False
17698,SEG_A,0.6507551876103774,0.6507551876103774,0.285273894892407,0.06397091749721547,False
17700,SEG_A,0.6545660359677195,0.6545660359677195,0.3217821948493481,0.023651769182932502,False
17701,SEG_A,0.9082142108338529,0.9082142108338529,0.06757747058471383,0.024208318581433172,False
17702,SEG_A,0.7882095126799195,0.7882095126799195,0.17262404159760755,0.03916644572247313,False
17704,SEG_A,0.8502999260230335,0.8502999260230335,0.1311541976105647,0.01854587636640183,False
17705,SEG_A,0.745174283240284,0.745174283240284,0.20479350810568597,0.05003220865402986,False
17706,SEG_A,0.973121878667797,0.973121878667797,0.021075156949925497,0.005802964382277578,False
17707,SEG_A,0.8948575999984539,0.8948575999984539,0.05276991399881584,0.052372486002730236,False
17708,SEG_A,0.7900738810547427,0.7900738810547427,0.17290427558239618,0.03702184336286109,False
17709,SEG_A,0.7946614156940814,0.7946614156940814,0.17295806904359348,0.032380515262325126,False
17711,SEG_A,0.9504668209026682,0.9504668209026682,0.03557877421681088,0.01395440488052091,False
17713,SEG_A,0.9577256679763044,0.9577256679763044,0.034180571961715506,0.008093760061980182,False
17714,SEG_A,0.9261941125781732,0.9261941125781732,0.05823759711702535,0.015568290304801469,False
17715,SEG_A,0.896683693518169,0.896683693518169,0.06756768368798455,0.03574862279384654,False
17717,SEG_A,0.9598129217498489,0.9598129217498489,0.031538537679520987,0.008648540570630015,False
17719,SEG_A,0.7846962964939532,0.7846962964939532,0.06296819766559232,0.15233550584045427,False
17720,SEG_A,0.8979884947761845,0.8979884947761845,0.09007177868915443,0.011939726534661025,False
17721,SEG_A,0.9588575629071588,0.9588575629071588,0.03702934255015599,0.004113094542685125,False
17723,SEG_A,0.7732066993201301,0.7732066993201301,0.19830079074426088,0.028492509935608964,False
17725,SEG_A,0.8794664542735846,0.8794664542735846,0.10754470477818466,0.01298884094823058,False
17726,SEG_A,0.9246473629521009,0.9246473629521009,0.04559897231339968,0.02975366473449936,False
17730,SEG_A,0.8719552120385996,0.8719552120385996,0.05311039948370206,0.07493438847769837,False
17733,SEG_A,0.7882095126799195,0.7882095126799195,0.17262404159760755,0.03916644572247313,False
17739,SEG_A,0.6425975614509927,0.6425975614509927,0.2541314658786726,0.10327097267033464,False
17740,SEG_A,0.9769312745456977,0.9769312745456977,0.016857887475722432,0.006210837978579957,False
17741,SEG_A,0.9624496009232634,0.9624496009232634,0.03188747505891024,0.005662924017826487,False
17742,SEG_A,0.9200717684626268,0.9200717684626268,0.07304996356424748,0.006878267973125756,False
17743,SEG_A,0.7940110970068941,0.7940110970068941,0.17438719901198035,0.031601703981125516,False
17744,SEG_A,0.9590373620875319,0.9590373620875319,0.033680360449988844,0.007282277462479344,False
17748,SEG_A,0.7969783419675176,0.7969783419675176,0.16857622681302334,0.034445431219459165,False
17749,SEG_A,0.9481584212582657,0.9481584212582657,0.04232082658719082,0.009520752154543566,False
17750,SEG_A,0.7544354477839278,0.7544354477839278,0.17514724311407076,0.07041730910200139,False
17751,SEG_A,0.7841417289096335,0.7841417289096335,0.11567171360687688,0.1001865574834895,False
17752,SEG_A,0.9191613855804054,0.9191613855804054,0.05860748891741837,0.02223112550217621,False
17755,SEG_A,0.7399848444184075,0.7399848444184075,0.1602239258682378,0.0997912297133546,False
17756,SEG_A,0.9261561481598095,0.9261561481598095,0.046446224962512904,0.027397626877677606,False
17760,SEG_A,0.9313798946846141,0.9313798946846141,0.06477225627555791,0.003847849039827912,False
17762,SEG_A,0.6622526191053567,0.6622526191053567,0.3262619293464675,0.011485451548175799,False
17763,SEG_A,0.5564034420376259,0.5564034420376259,0.3061313312660176,0.13746522669635647,False
17765,SEG_A,0.96501272149635,0.96501272149635,0.02083534379513513,0.01415193470851499,False
17766,SEG_A,0.6380177374507382,0.6380177374507382,0.13915795699911881,0.22282430555014288,False
17768,SEG_A,0.7539773655941637,0.7539773655941637,0.22272291315685544,0.02329972124898078,False
17771,SEG_A,0.9635627170317911,0.9635627170317911,0.031734133373410627,0.004703149594798405,False
17775,SEG_C,0.6390439047859167,0.01284374065305326,0.34811235456103,0.6390439047859167,False
17778,SEG_A,0.9445679675585896,0.9445679675585896,0.016314119501601772,0.039117912939808624,False
17779,SEG_A,0.7412676199200029,0.7412676199200029,0.1812743694426209,0.07745801063737634,False
17780,SEG_A,0.8882202040611854,0.8882202040611854,0.09097859341470256,0.020801202524111974,False
17781,SEG_A,0.9673719122540603,0.9673719122540603,0.029448377585035632,0.0031797101609041633,False
17782,SEG_A,0.7002098140307328,0.7002098140307328,0.274764400828808,0.025025785140459136,False
17783,SEG_A,0.6153296465263023,0.6153296465263023,0.2806124957389907,0.10405785773470706,False
17785,SEG_A,0.8193414773068078,0.8193414773068078,0.0623993451380954,0.11825917755509667,False
17786,SEG_A,0.9753823355521745,0.9753823355521745,0.019024253200945165,0.005593411246880285,False
17787,SEG_A,0.9015844822806776,0.9015844822806776,0.06037885794552159,0.038036659773800746,False
17788,SEG_A,0.8775439324993702,0.8775439324993702,0.09477679750917767,0.027679269991451982,False
17791,SEG_A,0.6595119216926432,0.6595119216926432,0.2172721170402307,0.1232159612671261,False
17793,SEG_A,0.8284197125028533,0.8284197125028533,0.11233512608376982,0.059245161413376726,False
17795,SEG_A,0.8124544031041654,0.8124544031041654,0.16811560182433533,0.01942999507149937,False
17796,SEG_A,0.7194227918787809,0.7194227918787809,0.16980990243080452,0.11076730569041456,False
17797,SEG_A,0.9520462148112674,0.9520462148112674,0.0407910235329238,0.0071627616558088605,False
17798,SEG_A,0.9045527217305495,0.9045527217305495,0.06716649253365432,0.028280785735796142,False
17799,SEG_A,0.8933036966639528,0.8933036966639528,0.09195698240880665,0.014739320927240554,False
17801,SEG_A,0.9709155069123193,0.9709155069123193,0.023004018622876616,0.0060804744648039885,False
17802,SEG_A,0.9015167606464651,0.9015167606464651,0.05962537274532176,0.038857866608213124,False
17803,SEG_A,0.9190746492220212,0.9190746492220212,0.05772549516872817,0.023199855609250527,False
17804,SEG_A,0.9318840330565081,0.9318840330565081,0.06368926001834586,0.004426706925146006,False
17805,SEG_A,0.6339707697719384,0.6339707697719384,0.33620944924130614,0.0298197809867554,False
17808,SEG_A,0.8190752388618573,0.8190752388618573,0.1001413013444768,0.08078345979366583,False
17809,SEG_A,0.8897934236845053,0.8897934236845053,0.07366080853642798,0.036545767779066825,False
17810,SEG_A,0.9762523136509962,0.9762523136509962,0.02033700531767017,0.003410681031333803,False
17811,SEG_A,0.9021002843528443,0.9021002843528443,0.08672683854807893,0.011172877099076772,False
17812,SEG_A,0.927482379573652,0.927482379573652,0.0507088197680958,0.02180880065825221,False
17816,SEG_A,0.9179149268665302,0.9179149268665302,0.07298314932274896,0.009101923810720733,False
17818,SEG_A,0.8840523589891316,0.8840523589891316,0.0960414348087028,0.019906206202165606,False
17820,SEG_A,0.9007030294216041,0.9007030294216041,0.0817883876031586,0.017508582975237393,False
17821,SEG_A,0.8161296020420216,0.8161296020420216,0.1429020645180721,0.040968333439906274,False
17822,SEG_A,0.9153441871885679,0.9153441871885679,0.07458914255921502,0.010066670252217122,False
17824,SEG_A,0.8759817315469575,0.8759817315469575,0.09030977702812863,0.0337084914249138,False
17825,SEG_A,0.910730654184882,0.910730654184882,0.06597231307251877,0.023297032742599175,False
17826,SEG_A,0.8146177620150139,0.8146177620150139,0.15483040679507357,0.030551831189912667,False
17827,SEG_A,0.9075447383403703,0.9075447383403703,0.057841744684788324,0.034613516974841343,False
17828,SEG_A,0.9489627342224797,0.9489627342224797,0.04044082566229928,0.010596440115221014,False
17831,SEG_A,0.9673289364740402,0.9673289364740402,0.025158986335655498,0.00751207719030438,False
17832,SEG_A,0.9467723525060843,0.9467723525060843,0.04213020486707695,0.011097442626838748,False
17833,SEG_A,0.8126814339127086,0.8126814339127086,0.17479101204659878,0.012527554040692519,False
17834,SEG_A,0.8909046908924293,0.8909046908924293,0.03872307825193144,0.0703722308556392,False
17835,SEG_A,0.7882095126799195,0.7882095126799195,0.17262404159760755,0.03916644572247313,False
17836,SEG_A,0.8047245367599678,0.8047245367599678,0.15560907778425925,0.03966638545577297,False
17837,SEG_A,0.7710200508068545,0.7710200508068545,0.19490382800034697,0.03407612119279838,False
17838,SEG_A,0.8694198168457979,0.8694198168457979,0.12410328245317849,0.0064769007010235065,False
17841,SEG_A,0.7379579922033158,0.7379579922033158,0.21452855461029416,0.04751345318639005,False
17842,SEG_A,0.8502999260230335,0.8502999260230335,0.1311541976105647,0.01854587636640183,False
17843,SEG_A,0.9031909713936604,0.9031909713936604,0.05323665854646758,0.043572370059872044,False
17844,SEG_A,0.845211540667389,0.845211540667389,0.12374961324732212,0.03103884608528896,False
17845,SEG_A,0.9402362812334807,0.9402362812334807,0.04370660553889578,0.01605711322762348,False
17846,SEG_A,0.9521077868296457,0.9521077868296457,0.02641172805089794,0.0214804851194564,False
17847,SEG_A,0.757284083142362,0.757284083142362,0.1922792324150558,0.05043668444258227,False
17848,SEG_A,0.9695317600373446,0.9695317600373446,0.021965593284622005,0.008502646678033542,False
17849,SEG_A,0.9543950565866202,0.9543950565866202,0.0188564283508924,0.0267485150624873,False
17850,SEG_A,0.9470402091538739,0.9470402091538739,0.04096392686505829,0.011995863981067818,False
17851,SEG_A,0.8662544087399755,0.8662544087399755,0.11103551606462975,0.022710075195394728,False
17854,SEG_A,0.7186711066288739,0.7186711066288739,0.23130910726070208,0.05001978611042419,False
17855,SEG_A,0.8297671209715691,0.8297671209715691,0.13250481045868004,0.037728068569750764,False
17856,SEG_A,0.7900738810547427,0.7900738810547427,0.17290427558239618,0.03702184336286109,False
17857,SEG_A,0.7900738810547427,0.7900738810547427,0.17290427558239618,0.03702184336286109,False
17858,SEG_A,0.8357385245748978,0.8357385245748978,0.0998273332083292,0.06443414221677297,False
17859,SEG_A,0.8944754753258446,0.8944754753258446,0.09209516798068847,0.013429356693467032,False
17860,SEG_B,0.5790610889420085,0.3186311155800722,0.5790610889420085,0.10230779547791928,False
17861,SEG_A,0.8012728980957697,0.8012728980957697,0.16168592675608934,0.03704117514814087,False
17863,SEG_A,0.7050029185785558,0.7050029185785558,0.2695075353440322,0.02548954607741202,False
17865,SEG_A,0.7735494437276178,0.7735494437276178,0.1687949144594735,0.05765564181290861,False
17866,SEG_A,0.8872001819176802,0.8872001819176802,0.10028729950311462,0.012512518579205129,False
17867,SEG_A,0.7946784466758482,0.7946784466758482,0.16818595112527981,0.037135602198871916,False
17869,SEG_A,0.921568551225442,0.921568551225442,0.0674759529965909,0.010955495777967056,False
17872,SEG_A,0.7882334276761189,0.7882334276761189,0.17208380280799918,0.03968276951588212,False
17873,SEG_A,0.7498234265864634,0.7498234265864634,0.18607397323387012,0.06410260017966653,False
17874,SEG_A,0.8669467916421992,0.8669467916421992,0.10751553665060397,0.025537671707196733,False
17889,SEG_A,0.9219424651576575,0.9219424651576575,0.06538737236988616,0.012670162472456293,False
17890,SEG_A,0.7660440829042254,0.7660440829042254,0.079835458187132,0.15412045890864248,False
17891,SEG_A,0.5352162420134643,0.5352162420134643,0.32551035551835694,0.13927340246817876,False
17892,SEG_A,0.9351176287123457,0.9351176287123457,0.05482527980634448,0.0100570914813099,False
17893,SEG_A,0.8515031283292287,0.8515031283292287,0.12771344418680744,0.020783427483963893,False
17894,SEG_A,0.8178106663725503,0.8178106663725503,0.16663576110993275,0.01555357251751708,False
17898,SEG_A,0.8016350751123191,0.8016350751123191,0.15141195177713213,0.04695297311054884,False
17900,SEG_A,0.7946784466758482,0.7946784466758482,0.16818595112527981,0.037135602198871916,False
17902,SEG_A,0.8996243465759748,0.8996243465759748,0.055808390003340584,0.04456726342068461,False
17905,SEG_A,0.8365026974500895,0.8365026974500895,0.09648563967800684,0.06701166287190359,False
17906,SEG_A,0.7670781327474662,0.7670781327474662,0.1590760756329757,0.07384579161955816,False
17908,SEG_A,0.8902432204853982,0.8902432204853982,0.03496249936787516,0.07479428014672669,False
17909,SEG_A,0.9780783118440268,0.9780783118440268,0.0191791475487319,0.002742540607241307,False
17910,SEG_A,0.9601380808645452,0.9601380808645452,0.017157974102804983,0.022703945032649796,False
17911,SEG_A,0.9878627615795315,0.9878627615795315,0.009660209365918618,0.002477029054549835,False
17912,SEG_A,0.8554812873502857,0.8554812873502857,0.13181582208415185,0.012702890565562494,False
17913,SEG_A,0.9469845613684911,0.9469845613684911,0.0403262584814651,0.012689180150043706,False
17915,SEG_A,0.8212981482292009,0.8212981482292009,0.1484128825591676,0.030288969211631458,False
17916,SEG_B,0.6176654567173747,0.30039954561297244,0.6176654567173747,0.08193499766965297,False
17917,SEG_A,0.8202412345624188,0.8202412345624188,0.12381238495346973,0.05594638048411149,False
17919,SEG_A,0.6057048545214506,0.6057048545214506,0.3158880570565292,0.0784070884220201,False
17921,SEG_A,0.7259355977402726,0.7259355977402726,0.23690057883228816,0.037163823427439166,False
17922,SEG_A,0.6259714716021634,0.6259714716021634,0.3233070045541402,0.05072152384369638,False
17923,SEG_A,0.841554903416382,0.841554903416382,0.14512575258243102,0.013319344001186909,False
17924,SEG_A,0.9368584572858273,0.9368584572858273,0.0501360820523881,0.013005460661784573,False
17925,SEG_A,0.8855243234821737,0.8855243234821737,0.090644214900461,0.02383146161736536,False
17926,SEG_A,0.8979603940120605,0.8979603940120605,0.0659862565978133,0.03605334939012622,False
17929,SEG_A,0.7371224716372721,0.7371224716372721,0.23958987772045032,0.023287650642277523,False
17930,SEG_A,0.8037895141065482,0.8037895141065482,0.17943645675052705,0.01677402914292476,False
17931,SEG_A,0.8035342978887843,0.8035342978887843,0.15610147238273428,0.040364229728481374,False
17936,SEG_A,0.9720357235850875,0.9720357235850875,0.01965932285559963,0.008304953559312886,False
17939,SEG_A,0.7882095126799195,0.7882095126799195,0.17262404159760755,0.03916644572247313,False
17940,SEG_A,0.9594323744925777,0.9594323744925777,0.0326213515067537,0.007946274000668786,False
17941,SEG_A,0.9650129375845918,0.9650129375845918,0.013105546066945648,0.021881516348462644,False
17942,SEG_A,0.8969341495339198,0.8969341495339198,0.07484258042102568,0.028223270045054514,False
17945,SEG_B,0.5356665228066425,0.2600303848895946,0.5356665228066425,0.20430309230376284,False
17949,SEG_A,0.615899845507801,0.615899845507801,0.32875439361086906,0.05534576088132997,False
17951,SEG_A,0.8802262724557235,0.8802262724557235,0.05537533409588525,0.06439839344839135,False
17952,SEG_A,0.9485639841349225,0.9485639841349225,0.02684305468567794,0.024592961179399613,False
17955,SEG_A,0.9587908381730375,0.9587908381730375,0.03179792725584064,0.009411234571121915,False
17956,SEG_A,0.6771645561652619,0.6771645561652619,0.2602045285307472,0.06263091530399069,False
17958,SEG_A,0.863515980549387,0.863515980549387,0.08812756412839447,0.04835645532221848,False
17965,SEG_A,0.9545579579850699,0.9545579579850699,0.03515561548067219,0.01028642653425793,False
17966,SEG_A,0.7882095126799195,0.7882095126799195,0.17262404159760755,0.03916644572247313,False
17967,SEG_A,0.9365998244555211,0.9365998244555211,0.03525048391879526,0.028149691625683475,False
17970,SEG_A,0.9674702576781559,0.9674702576781559,0.027916669689887607,0.004613072631956531,False
17973,SEG_A,0.836946361805066,0.836946361805066,0.11847207586087878,0.04458156233405516,False
17977,SEG_A,0.5648915382278522,0.5648915382278522,0.34832015457204535,0.08678830720010237,False
17978,SEG_A,0.7940361192424089,0.7940361192424089,0.1783266900993377,0.027637190658253548,False
17979,SEG_A,0.9769021246481318,0.9769021246481318,0.01780257286111138,0.0052953024907567365,False
17980,SEG_A,0.9748847780027354,0.9748847780027354,0.016261448555226495,0.008853773442038197,False
17981,SEG_A,0.7930771482740376,0.7930771482740376,0.16954640426912215,0.037376447456840246,False
17983,SEG_A,0.834838156042199,0.834838156042199,0.15129670645022186,0.013865137507579074,False
17985,SEG_A,0.7433298562887128,0.7433298562887128,0.09959094509082943,0.1570791986204577,False
17987,SEG_A,0.9367721592740278,0.9367721592740278,0.04097738080517561,0.02225045992079655,False
17989,SEG_A,0.9466993721894159,0.9466993721894159,0.0479618481178405,0.005338779692743578,False
17991,SEG_A,0.7959645914982425,0.7959645914982425,0.1339014725974016,0.07013393590435592,False
17992,SEG_A,0.7614987338258997,0.7614987338258997,0.180770626920479,0.05773063925362131,False
17993,SEG_A,0.9066162365640706,0.9066162365640706,0.06453720931537314,0.028846554120556204,False
17994,SEG_A,0.45301854375164485,0.45301854375164485,0.4110969977232117,0.1358844585251435,False
17996,SEG_A,0.9657385323632911,0.9657385323632911,0.025755797194038307,0.008505670442670567,False
17998,SEG_A,0.938003009053434,0.938003009053434,0.042256850123741314,0.019740140822824537,False
18001,SEG_A,0.7552093863120624,0.7552093863120624,0.14258558119912104,0.10220503248881664,False
18002,SEG_A,0.6872898009538125,0.6872898009538125,0.25614921582636346,0.05656098321982403,False
18003,SEG_A,0.8966814199965318,0.8966814199965318,0.07503985949223171,0.028278720511236283,False
18005,SEG_A,0.851603034932232,0.851603034932232,0.13046022158368556,0.01793674348408245,False
18006,SEG_A,0.786600109557888,0.786600109557888,0.1819495755250857,0.03145031491702635,False
18007,SEG_A,0.7882095126799195,0.7882095126799195,0.17262404159760755,0.03916644572247313,False
18009,SEG_A,0.8381427752183696,0.8381427752183696,0.14642953504210585,0.015427689739524603,False
18012,SEG_A,0.8923003682713967,0.8923003682713967,0.046880871905269614,0.06081875982333363,False
18015,SEG_A,0.9461872654435466,0.9461872654435466,0.028916013799943633,0.024896720756509744,False
18016,SEG_A,0.8816923869320998,0.8816923869320998,0.07521805218073728,0.04308956088716287,False
18017,SEG_A,0.9599606625330614,0.9599606625330614,0.03408148244846432,0.005957855018474132,False
18018,SEG_A,0.7057269430934554,0.7057269430934554,0.15612348779537177,0.1381495691111729,False
18020,SEG_A,0.7836124307053531,0.7836124307053531,0.19203863304579988,0.02434893624884693,False
18021,SEG_A,0.8750523830845771,0.8750523830845771,0.07883761797843172,0.04610999893699127,False
18022,SEG_A,0.9455878657746594,0.9455878657746594,0.05064917728538573,0.003762956939954993,False
18023,SEG_B,0.7437563509387863,0.10692851429639985,0.7437563509387863,0.1493151347648137,False
18026,SEG_A,0.8545608696128796,0.8545608696128796,0.12691326792434257,0.018525862462777844,False
18027,SEG_A,0.8946673838223156,0.8946673838223156,0.09869633177358093,0.006636284404103527,False
18028,SEG_B,0.46528233893746757,0.1102787700473786,0.46528233893746757,0.4244388910151538,False
18029,SEG_A,0.8910151600091399,0.8910151600091399,0.04238647178665325,0.0665983682042069,False
18030,SEG_A,0.8170701392595773,0.8170701392595773,0.16160496265365917,0.02132489808676362,False
18032,SEG_A,0.8821725881033776,0.8821725881033776,0.09867944537255395,0.019147966524068596,False
18033,SEG_A,0.806189341412504,0.806189341412504,0.15049900632583021,0.04331165226166589,False
18034,SEG_A,0.8264607405765371,0.8264607405765371,0.1294812448931301,0.04405801453033297,False
18037,SEG_A,0.9773186043358533,0.9773186043358533,0.019775784905318804,0.0029056107588280467,False
18038,SEG_A,0.9076254231029273,0.9076254231029273,0.06758976911618794,0.024784807780884793,False
18039,SEG_B,0.7268152115297294,0.19558365157099258,0.7268152115297294,0.07760113689927814,False
18044,SEG_A,0.7845481088598255,0.7845481088598255,0.1712754004098772,0.044176490730297197,False
18046,SEG_A,0.8060229773316636,0.8060229773316636,0.12304382885279522,0.07093319381554115,False
18047,SEG_A,0.7946784466758482,0.7946784466758482,0.16818595112527981,0.037135602198871916,False
18048,SEG_A,0.9311319945243843,0.9311319945243843,0.05159080713223623,0.01727719834337927,False
18049,SEG_A,0.8577232379221306,0.8577232379221306,0.12362612116811286,0.018650640909756676,False
18053,SEG_A,0.9680963779782698,0.9680963779782698,0.022410183845498304,0.009493438176231937,False
18054,SEG_A,0.9315711756407729,0.9315711756407729,0.06033122286987491,0.00809760148935233,False
18056,SEG_A,0.8853546170897035,0.8853546170897035,0.07379351258620549,0.0408518703240909,False
18057,SEG_A,0.841115458110303,0.841115458110303,0.11717555009092409,0.04170899179877289,False
18062,SEG_A,0.6960451794905486,0.6960451794905486,0.26697404682854425,0.036980773680907256,False
18063,SEG_A,0.9449924571447024,0.9449924571447024,0.04085776270162814,0.014149780153669545,False
18064,SEG_A,0.931498424872879,0.931498424872879,0.05514903183866003,0.013352543288460864,False
18066,SEG_A,0.9154694891517966,0.9154694891517966,0.057695059686814015,0.02683545116138946,False
18068,SEG_A,0.8474999729831996,0.8474999729831996,0.11753243876409984,0.034967588252700424,False
18069,SEG_A,0.7394558854044012,0.7394558854044012,0.10024790225947944,0.16029621233611946,False
18074,SEG_A,0.7381437795787968,0.7381437795787968,0.2274316220422754,0.034424598378927744,False
18077,SEG_A,0.8271705287340461,0.8271705287340461,0.16504011111778324,0.007789360148170705,False
18080,SEG_A,0.8832477776574047,0.8832477776574047,0.10421691636675579,0.012535305975839416,False
18081,SEG_A,0.8631047239219708,0.8631047239219708,0.09745002909702394,0.03944524698100516,False
18085,SEG_A,0.9310188003207598,0.9310188003207598,0.06055796067860812,0.008423239000632144,False
18088,SEG_A,0.6631327789215861,0.6631327789215861,0.3081950347751728,0.028672186303241174,False
18089,SEG_A,0.8292696640949082,0.8292696640949082,0.1478493496293089,0.022880986275782878,False
18090,SEG_A,0.9584190552910004,0.9584190552910004,0.03446193090064818,0.007119013808351299,False
18091,SEG_A,0.8826602102495044,0.8826602102495044,0.10277963145707607,0.014560158293419691,False
18095,SEG_A,0.8203253461392729,0.8203253461392729,0.11350894519527516,0.06616570866545193,False
18103,SEG_A,0.7845481088598255,0.7845481088598255,0.1712754004098772,0.044176490730297197,False
18104,SEG_A,0.7595205290577233,0.7595205290577233,0.2215127270632563,0.018966743879020493,False
18105,SEG_A,0.6181332083482958,0.6181332083482958,0.27480585270169705,0.10706093895000715,False
18106,SEG_A,0.7099260114574851,0.7099260114574851,0.22038425040037554,0.06968973814213927,False
18109,SEG_A,0.9468324336475822,0.9468324336475822,0.04665026381363213,0.006517302538785761,False
18110,SEG_B,0.8068097855720266,0.00989852629506884,0.8068097855720266,0.18329168813290442,False
18111,SEG_A,0.7906823157188336,0.7906823157188336,0.17253347533446928,0.03678420894669713,False
18118,SEG_A,0.8969118008076533,0.8969118008076533,0.06741252169138989,0.03567567750095677,False
18120,SEG_A,0.841358144133655,0.841358144133655,0.10395855518669421,0.05468330067965078,False
18125,SEG_A,0.8380695371693277,0.8380695371693277,0.0912751924575604,0.07065527037311192,False
18128,SEG_A,0.8728019229388788,0.8728019229388788,0.09413963965802563,0.0330584374030955,False
18129,SEG_A,0.7290490430997708,0.7290490430997708,0.24811277062545184,0.022838186274777388,False
18130,SEG_A,0.723129127192864,0.723129127192864,0.20374145132813803,0.07312942147899781,False
18131,SEG_A,0.9068604852247666,0.9068604852247666,0.058331053243695155,0.034808461531538236,False
18132,SEG_A,0.8514152472346262,0.8514152472346262,0.1094587198946351,0.039126032870738583,False
18133,SEG_A,0.5246594918780572,0.5246594918780572,0.45157587748795647,0.023764630633986282,False
18134,SEG_A,0.9643145240845065,0.9643145240845065,0.028674844067261267,0.007010631848232289,False
18136,SEG_A,0.8943528771306724,0.8943528771306724,0.08278770036794472,0.022859422501382974,False
18137,SEG_A,0.9001494820704181,0.9001494820704181,0.07935924592146285,0.020491272008118955,False
18139,SEG_A,0.9202603958348191,0.9202603958348191,0.06164585142054215,0.018093752744638692,False
18140,SEG_A,0.8966478376560552,0.8966478376560552,0.08647663458368886,0.01687552776025595,False
18142,SEG_A,0.7504542720180641,0.7504542720180641,0.22129839289749356,0.028247335084442302,False
18143,SEG_A,0.9219789252442513,0.9219789252442513,0.06308847879612639,0.014932595959622427,False
18144,SEG_B,0.47993440271094073,0.4074591731411897,0.47993440271094073,0.11260642414786956,False
18146,SEG_C,0.6652273379754552,0.22582640753226263,0.10894625449228215,0.6652273379754552,False
18147,SEG_A,0.7407795183140978,0.7407795183140978,0.12423427295017124,0.1349862087357309,False
18148,SEG_A,0.9138907153849531,0.9138907153849531,0.02846422325764994,0.05764506135739691,False
18154,SEG_A,0.8431784667113834,0.8431784667113834,0.11073573848325105,0.04608579480536564,False
18155,SEG_A,0.6685411138323455,0.6685411138323455,0.2962006491531967,0.03525823701445769,False
18157,SEG_B,0.7526067521568127,0.019459261102952027,0.7526067521568127,0.22793398674023532,False
18158,SEG_A,0.9030342765518687,0.9030342765518687,0.06600565975386215,0.03096006369426903,False
18159,SEG_B,0.7368200137359305,0.11698392836387073,0.7368200137359305,0.1461960579001986,False
18160,SEG_A,0.8178530077992309,0.8178530077992309,0.15145661871096358,0.03069037348980549,False
18161,SEG_A,0.9152608927947908,0.9152608927947908,0.051588171050073156,0.033150936155136125,False
18163,SEG_C,0.4422561193951635,0.3102220454456058,0.2475218351592308,0.4422561193951635,True
18168,SEG_A,0.7377852872820474,0.7377852872820474,0.1412833385954452,0.12093137412250739,False
18170,SEG_B,0.5002592461707469,0.007590634940745422,0.5002592461707469,0.4921501188885077,False
18175,SEG_B,0.577152436645715,0.2951666732404638,0.577152436645715,0.1276808901138211,False
18176,SEG_A,0.939248575074625,0.939248575074625,0.04740199045938091,0.013349434465994136,False
18177,SEG_A,0.8953932785935339,0.8953932785935339,0.06662158311887105,0.03798513828759496,False
18178,SEG_A,0.948655808068983,0.948655808068983,0.04235060916969529,0.00899358276132181,False
18182,SEG_A,0.7123842103890605,0.7123842103890605,0.2666125400323435,0.02100324957859612,False
18183,SEG_A,0.41959261115311786,0.41959261115311786,0.18436895726649544,0.3960384315803867,True
18187,SEG_A,0.4242360629103944,0.4242360629103944,0.21632736362509772,0.3594365734645079,True
18188,SEG_A,0.5840085658761835,0.5840085658761835,0.27621224177783227,0.13977919234598418,False
18189,SEG_A,0.8391533333353492,0.8391533333353492,0.12046301815541045,0.04038364850924026,False
18190,SEG_A,0.770567106785399,0.770567106785399,0.09772901779234779,0.1317038754222532,False
18193,SEG_A,0.8735887753967103,0.8735887753967103,0.08261952076884432,0.04379170383444523,False
18195,SEG_A,0.9257218479583837,0.9257218479583837,0.05704614573736128,0.017232006304254928,False
18197,SEG_A,0.9435766307712575,0.9435766307712575,0.048561462183479925,0.007861907045262635,False
18198,SEG_A,0.7620275252512806,0.7620275252512806,0.2120692535493848,0.025903221199334484,False
18201,SEG_A,0.742675331177821,0.742675331177821,0.20482555232445881,0.05249911649772033,False
18202,SEG_A,0.7653446089397198,0.7653446089397198,0.2159919753710249,0.018663415689255274,False
18204,SEG_A,0.8039625764804332,0.8039625764804332,0.18747065672866584,0.00856676679090092,False
18205,SEG_A,0.8975897871337958,0.8975897871337958,0.08589425444321012,0.01651595842299413,False
18206,SEG_A,0.9254381870542239,0.9254381870542239,0.04689207267315413,0.027669740272621986,False
18207,SEG_A,0.7482012996140636,0.7482012996140636,0.15856110472168972,0.09323759566424672,False
18210,SEG_A,0.7832628409776802,0.7832628409776802,0.15486211692542717,0.061875042096892804,False
18211,SEG_A,0.9388392719854572,0.9388392719854572,0.031127663192782033,0.03003306482176077,False
18212,SEG_A,0.7882334276761189,0.7882334276761189,0.17208380280799918,0.03968276951588212,False
18214,SEG_A,0.9345592619762257,0.9345592619762257,0.019973857349586645,0.04546688067418764,False
18217,SEG_A,0.9279000502620678,0.9279000502620678,0.06074691131939419,0.011353038418538046,False
18224,SEG_A,0.9488127964745116,0.9488127964745116,0.0318622793247868,0.019324924200701605,False
18226,SEG_A,0.8142878750938969,0.8142878750938969,0.1563133277265041,0.029398797179598896,False
18230,SEG_A,0.7704969633610937,0.7704969633610937,0.18073722587378813,0.04876581076511815,False
18232,SEG_A,0.727795328829882,0.727795328829882,0.18355670763788415,0.08864796353223385,False
18233,SEG_A,0.9158645839238954,0.9158645839238954,0.07599868039443805,0.008136735681666781,False
18234,SEG_A,0.43455227250745526,0.43455227250745526,0.3944371872154034,0.17101054027714135,True
18235,SEG_A,0.9608059580932305,0.9608059580932305,0.034892039841801406,0.004302002064967998,False
18242,SEG_B,0.6372452596872764,0.31901967699519207,0.6372452596872764,0.0437350633175316,False
18244,SEG_A,0.9154021616629443,0.9154021616629443,0.05821541965652949,0.02638241868052622,False
18247,SEG_A,0.9167510687558484,0.9167510687558484,0.07250799115209915,0.010740940092052268,False
18248,SEG_A,0.9631955981488564,0.9631955981488564,0.03046974442917629,0.00633465742196742,False
18250,SEG_A,0.7886768914736013,0.7886768914736013,0.15187342713640073,0.05944968138999802,False
18257,SEG_A,0.9329831018487657,0.9329831018487657,0.05929907680819989,0.007717821343034322,False
18259,SEG_A,0.9021396084450196,0.9021396084450196,0.08116466525358156,0.016695726301398713,False
18262,SEG_A,0.9689210303417044,0.9689210303417044,0.021161967984377004,0.009917001673918627,False
18264,SEG_A,0.7350647777206202,0.7350647777206202,0.24598119757111936,0.018954024708260436,False
18265,SEG_B,0.6082286806067387,0.09820553491621874,0.6082286806067387,0.29356578447704257,False
18266,SEG_A,0.8559515577715642,0.8559515577715642,0.12513932374082465,0.01890911848761114,False
18268,SEG_A,0.7375880044703398,0.7375880044703398,0.22623539401560408,0.03617660151405624,False
18270,SEG_B,0.5373426056892422,0.17342381419812972,0.5373426056892422,0.2892335801126281,False
18271,SEG_A,0.8029912333004435,0.8029912333004435,0.19026722600434104,0.006741540695215468,False
18272,SEG_A,0.832703379809544,0.832703379809544,0.14008245350747062,0.02721416668298537,False
18278,SEG_A,0.8966332931576755,0.8966332931576755,0.08814674582554254,0.015219961016782003,False
18280,SEG_A,0.7821711505251898,0.7821711505251898,0.18814513321101048,0.029683716263799707,False
18282,SEG_A,0.8786081105274951,0.8786081105274951,0.09432286419989887,0.02706902527260593,False
18291,SEG_A,0.806910674542916,0.806910674542916,0.11553646755825249,0.07755285789883147,False
18292,SEG_A,0.8209111058953851,0.8209111058953851,0.08931498135695708,0.08977391274765778,False
18294,SEG_A,0.7954599309958975,0.7954599309958975,0.1925888512696248,0.011951217734477701,False
18296,SEG_A,0.9097432126380407,0.9097432126380407,0.07575506758763619,0.014501719774323067,False
18297,SEG_A,0.8691674252893774,0.8691674252893774,0.07082641331929622,0.06000616139132649,False
18302,SEG_A,0.6195808725678134,0.6195808725678134,0.2516261544567645,0.12879297297542205,False
18308,SEG_A,0.9307154837958411,0.9307154837958411,0.05181039634440663,0.017474119859752214,False
18311,SEG_A,0.9047021695524898,0.9047021695524898,0.03436517070067858,0.060932659746831486,False
18312,SEG_A,0.4116935066361613,0.4116935066361613,0.2793082375009837,0.3089982558628549,True
18314,SEG_A,0.8985492544063143,0.8985492544063143,0.09397661415473435,0.007474131438951264,False
18322,SEG_A,0.9023673292391001,0.9023673292391001,0.06342252864983902,0.03421014211106081,False
18323,SEG_A,0.8971531058324878,0.8971531058324878,0.08712381665402036,0.015723077513491873,False
18326,SEG_A,0.9421687741505989,0.9421687741505989,0.048617381151074134,0.009213844698326935,False
18327,SEG_A,0.901372980982609,0.901372980982609,0.05766194865907717,0.040965070358313836,False
18328,SEG_A,0.7483680942101935,0.7483680942101935,0.18881555011126477,0.06281635567854184,False
18329,SEG_A,0.4520640388381559,0.4520640388381559,0.4310826669152577,0.11685329424658636,False
18331,SEG_A,0.7324759890205007,0.7324759890205007,0.23621371934826754,0.03131029163123168,False
18337,SEG_A,0.9501346939325672,0.9501346939325672,0.022467610488342397,0.027397695579090404,False
18341,SEG_A,0.93069153280594,0.93069153280594,0.055764746141519356,0.013543721052540779,False
18342,SEG_A,0.9572182975961504,0.9572182975961504,0.03650616077338964,0.006275541630459997,False
18344,SEG_A,0.8274807569160633,0.8274807569160633,0.11544317607396468,0.05707606700997201,False
18345,SEG_A,0.894011497678323,0.894011497678323,0.08485552032863951,0.021132981993037526,False
18346,SEG_A,0.8832098467848858,0.8832098467848858,0.10436632536927232,0.012423827845841843,False
18348,SEG_A,0.8683005212910644,0.8683005212910644,0.11777965379459196,0.013919824914343713,False
18352,SEG_A,0.8750935230659924,0.8750935230659924,0.11235930241329073,0.012547174520716738,False
18354,SEG_A,0.8561171459506887,0.8561171459506887,0.10988626401743767,0.033996590031873504,False
18357,SEG_A,0.7746920209047554,0.7746920209047554,0.11699640832829943,0.1083115707669451,False
18360,SEG_A,0.7871354430876603,0.7871354430876603,0.1349893752628426,0.07787518164949714,False
18363,SEG_A,0.45562882546395644,0.45562882546395644,0.285210059923985,0.25916111461205865,False
18368,SEG_A,0.9324021674526906,0.9324021674526906,0.05107308840280583,0.016524744144503462,False
18369,SEG_B,0.39614526052608023,0.36375828274205435,0.39614526052608023,0.24009645673186536,True
18371,SEG_A,0.8805587161873626,0.8805587161873626,0.06167314625782278,0.05776813755481473,False
18372,SEG_A,0.9124629265901939,0.9124629265901939,0.07997210103346417,0.00756497237634201,False
18376,SEG_A,0.9616349004518336,0.9616349004518336,0.03440467727311946,0.00396042227504691,False
18377,SEG_A,0.588342777704355,0.588342777704355,0.23013968527577944,0.18151753701986562,False
18380,SEG_A,0.9607562699043736,0.9607562699043736,0.03339657374117599,0.005847156354450394,False
18382,SEG_A,0.865778459191672,0.865778459191672,0.10370875081112717,0.030512789997200904,False
18385,SEG_A,0.7656975544745172,0.7656975544745172,0.15509113524522616,0.07921131028025664,False
18388,SEG_A,0.9881935210822713,0.9881935210822713,0.009151722674106754,0.002654756243621856,False
18391,SEG_A,0.9677808521937306,0.9677808521937306,0.023389524301768393,0.008829623504501047,False
18392,SEG_A,0.8754200351940211,0.8754200351940211,0.08853265160791897,0.03604731319805993,False
18393,SEG_A,0.8271397915937806,0.8271397915937806,0.14501320350008196,0.027847004906137344,False
18395,SEG_A,0.7932083479880445,0.7932083479880445,0.10722966729722978,0.09956198471472573,False
18396,SEG_A,0.93382964373895,0.93382964373895,0.05926197959404387,0.006908376667006061,False
18397,SEG_A,0.7730825373359128,0.7730825373359128,0.21541309170181577,0.011504370962271561,False
18401,SEG_A,0.8334986706658335,0.8334986706658335,0.13243490756715454,0.0340664217670119,False
18406,SEG_B,0.5608369307074405,0.07821194694471902,0.5608369307074405,0.3609511223478405,False
18416,SEG_A,0.8019105097045391,0.8019105097045391,0.09472838299694578,0.10336110729851505,False
18417,SEG_A,0.9429395021442326,0.9429395021442326,0.03619293066428011,0.020867567191487177,False
18418,SEG_A,0.808019024083207,0.808019024083207,0.09139999491658941,0.10058098100020352,False
18420,SEG_A,0.8330162536146168,0.8330162536146168,0.1157139749245026,0.05126977146088062,False
18422,SEG_A,0.9203987034283209,0.9203987034283209,0.06802761734330647,0.011573679228372675,False
18423,SEG_A,0.7688225649907149,0.7688225649907149,0.15515956837248607,0.07601786663679892,False
18424,SEG_A,0.8225776686466696,0.8225776686466696,0.16728031401985624,0.01014201733347423,False
18426,SEG_A,0.9029702309329933,0.9029702309329933,0.06368506267065961,0.03334470639634689,False
18427,SEG_A,0.8141851135619765,0.8141851135619765,0.07784775141313062,0.10796713502489283,False
18428,SEG_A,0.9306871270445575,0.9306871270445575,0.05458666176121136,0.014726211194231198,False
18429,SEG_B,0.7699440510890232,0.10554120293093174,0.7699440510890232,0.12451474598004507,False
18435,SEG_B,0.5919682479207476,0.16762359307732708,0.5919682479207476,0.24040815900192536,False
18439,SEG_A,0.9604940731405746,0.9604940731405746,0.028118267590390128,0.01138765926903523,False
18445,SEG_B,0.4579954701968422,0.4342496104791827,0.4579954701968422,0.10775491932397492,False
18446,SEG_A,0.9461992536043803,0.9461992536043803,0.034930689947104576,0.018870056448515176,False
18447,SEG_A,0.972651086312027,0.972651086312027,0.021643194037364217,0.005705719650608956,False
18448,SEG_A,0.754715483277309,0.754715483277309,0.15310560840268603,0.09217890832000501,False
18449,SEG_A,0.9646645181674145,0.9646645181674145,0.03159793574977287,0.00373754608281264,False
18455,SEG_A,0.9253500448242403,0.9253500448242403,0.04941582051787969,0.02523413465787999,False
18456,SEG_A,0.8996762648803103,0.8996762648803103,0.055647658650390695,0.04467607646929905,False
18457,SEG_A,0.8877213035961404,0.8877213035961404,0.08103653341565832,0.031242162988201115,False
18459,SEG_A,0.8939925765018185,0.8939925765018185,0.07490739593920592,0.031100027558975507,False
18462,SEG_A,0.9452405550113019,0.9452405550113019,0.05080723584326656,0.003952209145431571,False
18465,SEG_A,0.6523955265907938,0.6523955265907938,0.14084619661769027,0.20675827679151587,False
18467,SEG_A,0.3919943666319747,0.3919943666319747,0.26851683103845103,0.33948880232957435,True
18469,SEG_A,0.8215128085186423,0.8215128085186423,0.1558689756398803,0.022618215841477496,False
18470,SEG_A,0.8989264538885263,0.8989264538885263,0.06010983006286012,0.04096371604861347,False
18472,SEG_A,0.8506620211743986,0.8506620211743986,0.13089165451105908,0.018446324314542385,False
18473,SEG_A,0.47150564083642904,0.47150564083642904,0.3384953729184309,0.18999898624513997,False
18475,SEG_A,0.8842434344632523,0.8842434344632523,0.061309459893982204,0.05444710564276547,False
18477,SEG_A,0.5702008988304673,0.5702008988304673,0.34174991664887905,0.0880491845206535,False
18478,SEG_A,0.9458560771294117,0.9458560771294117,0.040801557620888725,0.013342365249699572,False
18484,SEG_B,0.4747676129736104,0.3591802272679597,0.4747676129736104,0.16605215975842985,False
18486,SEG_A,0.9328525328075306,0.9328525328075306,0.03127491027987949,0.03587255691259003,False
18488,SEG_A,0.8820212617907893,0.8820212617907893,0.09054912569685925,0.027429612512351306,False
18489,SEG_A,0.8899038350615894,0.8899038350615894,0.10196868032929614,0.008127484609114388,False
18491,SEG_A,0.7969783419675176,0.7969783419675176,0.16857622681302334,0.034445431219459165,False
18493,SEG_A,0.5697530035152553,0.5697530035152553,0.29397560349830376,0.13627139298644103,False
18495,SEG_A,0.8879691314772395,0.8879691314772395,0.10455414762064767,0.007476720902112909,False
18496,SEG_B,0.40136242693370905,0.3803333878682561,0.40136242693370905,0.21830418519803504,True
18514,SEG_A,0.7778831435150996,0.7778831435150996,0.14805808278698235,0.0740587736979181,False
18531,SEG_A,0.8862150615604665,0.8862150615604665,0.07613040334266329,0.03765453509687035,False
18532,SEG_A,0.8028681402342477,0.8028681402342477,0.08847523278370423,0.108656626982048,False
18533,SEG_A,0.8816115397698283,0.8816115397698283,0.07079747757348352,0.047590982656688124,False
18534,SEG_A,0.8903147845475351,0.8903147845475351,0.07871409904468207,0.03097111640778277,False
18536,SEG_A,0.6789062292498143,0.6789062292498143,0.20527074951289098,0.11582302123729472,False
18539,SEG_A,0.8123540736793775,0.8123540736793775,0.1660857694777887,0.02156015684283369,False
18541,SEG_A,0.768674586160405,0.768674586160405,0.1898939113087919,0.04143150253080321,False
18542,SEG_A,0.8205913328243812,0.8205913328243812,0.0970725443860159,0.08233612278960283,False
18544,SEG_A,0.9223269356749836,0.9223269356749836,0.055889173826573935,0.021783890498442454,False
18546,SEG_A,0.8993470366960424,0.8993470366960424,0.08347045469424771,0.017182508609709823,False
18548,SEG_A,0.9420964474494137,0.9420964474494137,0.05157687038442041,0.006326682166165856,False
18550,SEG_A,0.8095011491165843,0.8095011491165843,0.12494826290203953,0.06555058798137599,False
18554,SEG_A,0.5469585272893739,0.5469585272893739,0.4287000810270355,0.024341391683590546,False
18555,SEG_A,0.8149042848069485,0.8149042848069485,0.11204617130151234,0.07304954389153903,False
18556,SEG_C,0.5135553868011711,0.4171399123043707,0.06930470089445825,0.5135553868011711,False
18559,SEG_A,0.924078118551352,0.924078118551352,0.06590918293069145,0.010012698517956588,False
18560,SEG_A,0.9228914760230915,0.9228914760230915,0.054448647141907065,0.022659876835001518,False
18561,SEG_A,0.8492434182392968,0.8492434182392968,0.10721569267513008,0.04354088908557297,False
18562,SEG_A,0.6860756610673725,0.6860756610673725,0.14227635342305434,0.17164798550957314,False
18565,SEG_A,0.7312738373885186,0.7312738373885186,0.08053159502478145,0.18819456758669997,False
18567,SEG_A,0.9770501916674217,0.9770501916674217,0.02002887707813681,0.0029209312544415758,False
18572,SEG_A,0.9632741960899457,0.9632741960899457,0.024141928872854258,0.012583875037200144,False
18573,SEG_A,0.893266494398493,0.893266494398493,0.09385730021765978,0.01287620538384726,False
18574,SEG_A,0.9169180109818402,0.9169180109818402,0.0597747595617877,0.023307229456372078,False
18575,SEG_A,0.9113334644634595,0.9113334644634595,0.05685889812668642,0.031807637409854095,False
18576,SEG_A,0.925731231470721,0.925731231470721,0.05286976598303231,0.021399002546246708,False
18581,SEG_A,0.7879102540912832,0.7879102540912832,0.1856819172296565,0.026407828679060365,False
18582,SEG_A,0.9284179632906011,0.9284179632906011,0.05083004068206877,0.020751996027330237,False
18587,SEG_A,0.7782851383622147,0.7782851383622147,0.18849453828032883,0.03322032335745655,False
18591,SEG_A,0.9214967584860261,0.9214967584860261,0.07017641974544855,0.008326821768525288,False
18592,SEG_B,0.8112003861111109,0.16097625162767648,0.8112003861111109,0.027823362261212566,False
18593,SEG_A,0.9794938188512486,0.9794938188512486,0.013666446080988945,0.006839735067762372,False
18594,SEG_A,0.9472778540335891,0.9472778540335891,0.039467564651332165,0.013254581315078624,False
18596,SEG_A,0.785358707017469,0.785358707017469,0.18535345015771518,0.029287842824815762,False
18597,SEG_A,0.6975525674887607,0.6975525674887607,0.2567479163620337,0.045699516149205685,False
18598,SEG_A,0.93340560626336,0.93340560626336,0.04547397790776255,0.021120415828877484,False
18599,SEG_A,0.8515750049910975,0.8515750049910975,0.13553289366249188,0.0128921013464106,False
18600,SEG_A,0.964333984537306,0.964333984537306,0.031082313233807644,0.004583702228886219,False
18601,SEG_A,0.9095528900737658,0.9095528900737658,0.08227362828374517,0.008173481642488973,False
18602,SEG_A,0.7741532702907399,0.7741532702907399,0.19501757662122698,0.03082915308803306,False
18604,SEG_A,0.7904986417073235,0.7904986417073235,0.1840273724208664,0.025473985871810056,False
18605,SEG_A,0.9448101435883512,0.9448101435883512,0.030529152138641567,0.024660704273007147,False
18607,SEG_A,0.8194169319669012,0.8194169319669012,0.14693529191603036,0.03364777611706847,False
18608,SEG_A,0.9527967281980035,0.9527967281980035,0.036245583583022496,0.010957688218973975,False
18609,SEG_A,0.4779191572638399,0.4779191572638399,0.43475226391958816,0.08732857881657204,False
18611,SEG_A,0.7912393613621922,0.7912393613621922,0.19453338011232027,0.01422725852548753,False
18612,SEG_A,0.9440411675915727,0.9440411675915727,0.0487020324496327,0.007256799958794464,False
18613,SEG_A,0.8743928662449254,0.8743928662449254,0.09605173834842554,0.029555395406649202,False
18614,SEG_A,0.9490315756029295,0.9490315756029295,0.031971284145443285,0.01899714025162724,False
18615,SEG_A,0.8646531946867515,0.8646531946867515,0.1207225862824077,0.01462421903084074,False
18616,SEG_A,0.8222885473009872,0.8222885473009872,0.16353506348194363,0.014176389217069143,False
18617,SEG_A,0.9482616969639399,0.9482616969639399,0.04443860376473704,0.0072996992713230905,False
18619,SEG_A,0.589241620733103,0.589241620733103,0.38419096696658844,0.02656741230030846,False
18620,SEG_A,0.6691315530469771,0.6691315530469771,0.2957982940551039,0.03507015289791893,False
18621,SEG_A,0.9100125040666471,0.9100125040666471,0.051551605069574125,0.03843589086377874,False
18622,SEG_A,0.8587951847449707,0.8587951847449707,0.11793940737423042,0.023265407880798887,False
18623,SEG_A,0.8887230142982053,0.8887230142982053,0.10435064483371512,0.0069263408680794334,False
18624,SEG_A,0.8482157610194143,0.8482157610194143,0.12259688994203129,0.029187349038554383,False
18626,SEG_A,0.9648928706299411,0.9648928706299411,0.026458445267450437,0.008648684102608509,False
18627,SEG_A,0.6097803722503395,0.6097803722503395,0.321810110700599,0.06840951704906152,False
18628,SEG_A,0.8833913069197987,0.8833913069197987,0.09346127804200631,0.0231474150381951,False
18629,SEG_A,0.9439214977482692,0.9439214977482692,0.04127051465091586,0.01480798760081495,False
18630,SEG_A,0.968227110355448,0.968227110355448,0.017893659906711126,0.013879229737840955,False
18631,SEG_A,0.6259301172977564,0.6259301172977564,0.30419623080567004,0.06987365189657348,False
18633,SEG_A,0.8726709005476654,0.8726709005476654,0.08965227658736474,0.03767682286496985,False
18634,SEG_A,0.7757851440736564,0.7757851440736564,0.20037170524192838,0.02384315068441521,False
18635,SEG_A,0.9103801162365123,0.9103801162365123,0.07166441457873247,0.017955469184755175,False
18636,SEG_A,0.9141740598453674,0.9141740598453674,0.056409257576217314,0.02941668257841547,False
18637,SEG_A,0.9174193938925432,0.9174193938925432,0.0695103584059382,0.013070247701518507,False
18638,SEG_A,0.9813312912904745,0.9813312912904745,0.015242719116619587,0.0034259895929058502,False
18639,SEG_A,0.9779974396441972,0.9779974396441972,0.017880159869652492,0.00412240048615039,False
18640,SEG_A,0.916672793889056,0.916672793889056,0.06772578200248172,0.015601424108462355,False
18641,SEG_A,0.94701318567045,0.94701318567045,0.03841698659419462,0.014569827735355395,False
18642,SEG_A,0.7981290499925472,0.7981290499925472,0.1899961437860885,0.011874806221364229,False
18643,SEG_A,0.9633975879186338,0.9633975879186338,0.02996927375845795,0.00663313832290824,False
18644,SEG_A,0.5113365404838432,0.5113365404838432,0.4562173877231999,0.03244607179295673,False
18645,SEG_A,0.7554655210789036,0.7554655210789036,0.20783692127126174,0.03669755764983458,False
18646,SEG_A,0.92940760851301,0.92940760851301,0.042489138376849256,0.028103253110140836,False
18648,SEG_A,0.9296344502210414,0.9296344502210414,0.060126963452517994,0.010238586326440584,False
18650,SEG_A,0.9325633801283979,0.9325633801283979,0.06353733410663703,0.0038992857649651105,False
18651,SEG_A,0.9476502228875198,0.9476502228875198,0.03519818211157227,0.017151595000907953,False
18652,SEG_A,0.8187577415889807,0.8187577415889807,0.1469170369149055,0.03432522149611376,False
18653,SEG_A,0.9022348220572414,0.9022348220572414,0.06106792438761541,0.03669725355514324,False
18654,SEG_A,0.9358183289547125,0.9358183289547125,0.055645349911747445,0.008536321133540052,False
18658,SEG_A,0.8108006747202345,0.8108006747202345,0.1631105618308758,0.0260887634488897,False
18660,SEG_C,0.5147704118120657,0.2563555378149354,0.228874050372999,0.5147704118120657,False
18661,SEG_A,0.7816175230206114,0.7816175230206114,0.14717569694393703,0.07120678003545158,False
18662,SEG_A,0.7660246641437477,0.7660246641437477,0.1487415699620278,0.08523376589422442,False
18663,SEG_A,0.9636579026748318,0.9636579026748318,0.025305718498640453,0.011036378826527781,False
18665,SEG_A,0.5724881411523631,0.5724881411523631,0.3392048504798486,0.08830700836778822,False
18666,SEG_A,0.920611795048438,0.920611795048438,0.0683375464027749,0.0110506585487871,False
18668,SEG_A,0.804961773955943,0.804961773955943,0.15000233537351493,0.04503589067054218,False
18669,SEG_A,0.6421060959225459,0.6421060959225459,0.2990295462089702,0.05886435786848392,False
18670,SEG_A,0.6561083202706337,0.6561083202706337,0.0755008491821272,0.26839083054723906,False
18671,SEG_A,0.6865639383070228,0.6865639383070228,0.09348742290440568,0.21994863878857146,False
18672,SEG_A,0.8165723910826664,0.8165723910826664,0.1504051106754625,0.03302249824187108,False
18674,SEG_A,0.7976309325485446,0.7976309325485446,0.16889759289937592,0.03347147455207952,False
18676,SEG_A,0.8335993370284674,0.8335993370284674,0.15487247225594095,0.011528190715591653,False
18679,SEG_A,0.9270959817771641,0.9270959817771641,0.030957544250599395,0.041946473972236574,False
18681,SEG_A,0.8616927606412254,0.8616927606412254,0.08515252238864283,0.053154716970131806,False
18683,SEG_A,0.7448904469082785,0.7448904469082785,0.2080926154759091,0.047016937615812306,False
18684,SEG_A,0.8043104580072741,0.8043104580072741,0.12740970763294596,0.06827983435977997,False
18688,SEG_A,0.7996782555478773,0.7996782555478773,0.15226267297427795,0.048059071477844786,False
18689,SEG_A,0.9434146910560702,0.9434146910560702,0.05322831650139856,0.003356992442531202,False
18690,SEG_A,0.8776734987916878,0.8776734987916878,0.10929841826387707,0.013028082944435191,False
18691,SEG_A,0.9012342940545393,0.9012342940545393,0.06491150697196925,0.03385419897349145,False
18692,SEG_A,0.964403991218449,0.964403991218449,0.0214940515424019,0.014101957239149079,False
18693,SEG_A,0.9466711230824977,0.9466711230824977,0.04167467975298982,0.011654197164512558,False
18694,SEG_A,0.7961387993057899,0.7961387993057899,0.16875591772979823,0.035105282964411864,False
18695,SEG_A,0.8383411420571761,0.8383411420571761,0.1329739666357664,0.02868489130705755,False
18696,SEG_B,0.5552249779176679,0.36827674200387184,0.5552249779176679,0.07649828007846025,False
18697,SEG_A,0.9746464407286202,0.9746464407286202,0.021186537514229442,0.004167021757150267,False
18698,SEG_A,0.9325251857272435,0.9325251857272435,0.06347626015625125,0.003998554116505216,False
18699,SEG_B,0.6547570101880952,0.13609375369570115,0.6547570101880952,0.20914923611620376,False
18700,SEG_B,0.6486730531628475,0.07806126270616863,0.6486730531628475,0.27326568413098395,False
18702,SEG_A,0.5134606550855326,0.5134606550855326,0.4410485880336674,0.04549075688079999,False
18703,SEG_A,0.5473460655036032,0.5473460655036032,0.294652434528265,0.15800149996813176,False
18705,SEG_A,0.7938339041769775,0.7938339041769775,0.18078617660554602,0.025379919217476427,False
18706,SEG_A,0.8669968446620415,0.8669968446620415,0.11159796623236243,0.02140518910559608,False
18707,SEG_A,0.9419828235700298,0.9419828235700298,0.04896549783261172,0.009051678597358472,False
18708,SEG_A,0.7814126197027491,0.7814126197027491,0.19385160879493782,0.024735771502312993,False
18710,SEG_A,0.4225291030675606,0.4225291030675606,0.29279130977128504,0.2846795871611544,True
18711,SEG_A,0.8223262616883217,0.8223262616883217,0.16357822039670453,0.014095517914973843,False
18712,SEG_A,0.9689167950834081,0.9689167950834081,0.027138720566341003,0.003944484350250902,False
18713,SEG_A,0.8931715159417962,0.8931715159417962,0.04602559317088613,0.06080289088731761,False
18714,SEG_A,0.9706448865964934,0.9706448865964934,0.020927380753230033,0.008427732650276697,False
18715,SEG_A,0.8723549099304134,0.8723549099304134,0.05716844594094357,0.07047664412864306,False
18716,SEG_A,0.9554278791714735,0.9554278791714735,0.040497550354611826,0.0040745704739145894,False
18717,SEG_A,0.683268439685203,0.683268439685203,0.26987786327460345,0.04685369704019367,False
18719,SEG_A,0.7918893944789661,0.7918893944789661,0.16110728514908396,0.04700332037195003,False
18720,SEG_A,0.8699078534147302,0.8699078534147302,0.0830907037354527,0.04700144284981696,False
18721,SEG_A,0.9629652100526478,0.9629652100526478,0.025779582316338687,0.011255207631013439,False
18722,SEG_A,0.851603034932232,0.851603034932232,0.13046022158368556,0.01793674348408245,False
18723,SEG_A,0.9256435071536885,0.9256435071536885,0.06100333067087354,0.013353162175437947,False
18724,SEG_A,0.9049446022738636,0.9049446022738636,0.08153050952341975,0.013524888202716532,False
18725,SEG_A,0.9558142591311082,0.9558142591311082,0.031098589584108244,0.013087151284783508,False
18726,SEG_A,0.8461143374208618,0.8461143374208618,0.13010984696102745,0.023775815618110607,False
18727,SEG_A,0.8157327640426952,0.8157327640426952,0.15178470795952567,0.03248252799777904,False
18728,SEG_A,0.8325716448850947,0.8325716448850947,0.15297979318243124,0.014448561932474053,False
18729,SEG_A,0.9747474368567605,0.9747474368567605,0.02126243837082045,0.003990124772418986,False
18730,SEG_A,0.8549613035273669,0.8549613035273669,0.13418769938672065,0.010850997085912313,False
18731,SEG_A,0.7011530857522985,0.7011530857522985,0.18414139689178058,0.1147055173559208,False
18732,SEG_A,0.6386165174803751,0.6386165174803751,0.31751156732069113,0.043871915198933735,False
18733,SEG_A,0.9009469598505697,0.9009469598505697,0.07157474485294027,0.02747829529649008,False
18737,SEG_A,0.7882334276761189,0.7882334276761189,0.17208380280799918,0.03968276951588212,False
18738,SEG_A,0.8710744521424193,0.8710744521424193,0.08872561397342123,0.04019993388415936,False
18741,SEG_A,0.9408586925610444,0.9408586925610444,0.04952655607662453,0.009614751362331135,False
18744,SEG_A,0.9612106665964091,0.9612106665964091,0.03406552126511577,0.0047238121384751705,False
18745,SEG_A,0.913186379527376,0.913186379527376,0.05914244028515134,0.02767118018747264,False
18746,SEG_A,0.8809944559666201,0.8809944559666201,0.09180040180355187,0.027205142229828092,False
18747,SEG_A,0.7715153443039208,0.7715153443039208,0.20805958884845907,0.020425066847620257,False
18748,SEG_A,0.9381476608705563,0.9381476608705563,0.04710234989176797,0.014749989237675664,False
18749,SEG_A,0.5442251042825177,0.5442251042825177,0.4272244462817599,0.02855044943572249,False
18750,SEG_A,0.9149618299341276,0.9149618299341276,0.08090921837163209,0.004128951694240239,False
18751,SEG_A,0.6746039824269422,0.6746039824269422,0.23359341540699352,0.0918026021660643,False
18752,SEG_A,0.9013519158794978,0.9013519158794978,0.08878468654562614,0.009863397574876033,False
18753,SEG_B,0.49048976237336667,0.4241940195880445,0.49048976237336667,0.08531621803858883,False
18754,SEG_A,0.906256120595915,0.906256120595915,0.08076698145944836,0.012976897944636656,False
18755,SEG_A,0.9763274255125266,0.9763274255125266,0.01973736790201849,0.003935206585454976,False
18756,SEG_A,0.4841711853503008,0.4841711853503008,0.44023990886652115,0.07558890578317806,False
18757,SEG_A,0.9455263089704463,0.9455263089704463,0.04193164634114859,0.01254204468840499,False
18758,SEG_A,0.8048437888205188,0.8048437888205188,0.14737934730513733,0.04777686387434391,False
18759,SEG_A,0.8988975999572913,0.8988975999572913,0.08801666749307283,0.01308573254963599,False
18760,SEG_A,0.7496643038002442,0.7496643038002442,0.23457800711085317,0.015757689088902613,False
18761,SEG_A,0.829362931868306,0.829362931868306,0.1398816461561988,0.030755421975495308,False
18762,SEG_A,0.7676133228357419,0.7676133228357419,0.1494680185885351,0.08291865857572306,False
18763,SEG_A,0.9201834954984187,0.9201834954984187,0.0643086340058862,0.015507870495695209,False
18765,SEG_A,0.7368321351202126,0.7368321351202126,0.18305904685184923,0.08010881802793805,False
18766,SEG_A,0.7882095126799195,0.7882095126799195,0.17262404159760755,0.03916644572247313,False
18767,SEG_A,0.9047357699517454,0.9047357699517454,0.08316522083004395,0.012099009218210702,False
18768,SEG_A,0.9667746331789728,0.9667746331789728,0.023146760254957512,0.01007860656606963,False
18769,SEG_A,0.8616717411779748,0.8616717411779748,0.11816891225181472,0.020159346570210294,False
18770,SEG_A,0.9461841721936581,0.9461841721936581,0.04838356789877478,0.005432259907567115,False
18771,SEG_A,0.9569257986985432,0.9569257986985432,0.0304487054523874,0.012625495849069423,False
18772,SEG_A,0.5391325664229117,0.5391325664229117,0.39874126127210546,0.06212617230498289,False
18773,SEG_A,0.933392337641866,0.933392337641866,0.05869779616341934,0.007909866194714637,False
18774,SEG_A,0.9551936305355747,0.9551936305355747,0.038450390857914456,0.0063559786065108155,False
18775,SEG_A,0.7946784466758482,0.7946784466758482,0.16818595112527981,0.037135602198871916,False
18776,SEG_A,0.866345618661142,0.866345618661142,0.11678338509310683,0.016870996245751183,False
18777,SEG_A,0.9448599589290021,0.9448599589290021,0.03786054900179136,0.017279492069206516,False
18778,SEG_A,0.9324167973560445,0.9324167973560445,0.06032579740818339,0.007257405235772083,False
18779,SEG_A,0.9525505495510864,0.9525505495510864,0.039821378810577825,0.007628071638335681,False
18780,SEG_A,0.9301552433698256,0.9301552433698256,0.0560285454142214,0.01381621121595315,False
18781,SEG_A,0.8825868419937415,0.8825868419937415,0.09436425335271613,0.023048904653542368,False
18782,SEG_A,0.9487211729193025,0.9487211729193025,0.041566070770070136,0.009712756310627442,False
18783,SEG_A,0.8829461472178994,0.8829461472178994,0.10700381885984471,0.01005003392225587,False
18785,SEG_A,0.8194073320680101,0.8194073320680101,0.15034170329867777,0.030250964633312193,False
18786,SEG_A,0.9448770727013385,0.9448770727013385,0.04773035210026988,0.007392575198391632,False
18787,SEG_A,0.8000477780337257,0.8000477780337257,0.14848915104366178,0.051463070922612514,False
18788,SEG_B,0.5142525454834113,0.45805615865997773,0.5142525454834113,0.027691295856610995,False
18790,SEG_A,0.8615837815848756,0.8615837815848756,0.11298914787747598,0.025427070537648387,False
18791,SEG_A,0.8012623178830404,0.8012623178830404,0.17541992134052142,0.023317760776438174,False
18794,SEG_A,0.8963947875472705,0.8963947875472705,0.09545710818826034,0.00814810426446914,False
18795,SEG_A,0.8547697631834316,0.8547697631834316,0.10138381658403912,0.04384642023252942,False
18796,SEG_A,0.8317321818924438,0.8317321818924438,0.12874508982359725,0.039522728283958905,False
18797,SEG_A,0.946884049752492,0.946884049752492,0.0471744510805511,0.005941499166957079,False
18798,SEG_A,0.9176897019751163,0.9176897019751163,0.06293314218914715,0.01937715583573663,False
18799,SEG_A,0.7337727043390505,0.7337727043390505,0.24636120589749264,0.01986608976345688,False
18800,SEG_A,0.7946784466758482,0.7946784466758482,0.16818595112527981,0.037135602198871916,False
18801,SEG_A,0.9593050554876591,0.9593050554876591,0.026016846654774727,0.01467809785756631,False
18802,SEG_A,0.8889474590189022,0.8889474590189022,0.07910329978231977,0.031949241198778115,False
18803,SEG_A,0.8398695555600871,0.8398695555600871,0.1534774544464439,0.006652989993468827,False
18804,SEG_A,0.9293535930631144,0.9293535930631144,0.05259650781401884,0.018049899122866826,False
18806,SEG_A,0.9588093150974109,0.9588093150974109,0.035440730496508456,0.005749954406080709,False
18807,SEG_A,0.8415661650021417,0.8415661650021417,0.14541847689782691,0.013015358100031465,False
18808,SEG_A,0.9348950127439332,0.9348950127439332,0.044194648774822765,0.020910338481244066,False
18812,SEG_A,0.813343621665527,0.813343621665527,0.11998300393877331,0.06667337439569965,False
18813,SEG_A,0.7141365396372515,0.7141365396372515,0.2601199402661481,0.025743520096600414,False
18814,SEG_A,0.8303961815501285,0.8303961815501285,0.15274264525867268,0.016861173191198942,False
18816,SEG_A,0.9158541930008423,0.9158541930008423,0.07526152512409913,0.008884281875058584,False
18817,SEG_A,0.8685787181262953,0.8685787181262953,0.1280685573063881,0.00335272456731668,False
18818,SEG_A,0.8824214194389204,0.8824214194389204,0.10739876238504059,0.010179818176039098,False
18819,SEG_B,0.5519827212465274,0.2520508227476187,0.5519827212465274,0.19596645600585397,False
18820,SEG_B,0.5834025428454632,0.048457086433863525,0.5834025428454632,0.36814037072067324,False
18821,SEG_A,0.7975978942700609,0.7975978942700609,0.09633923495673825,0.10606287077320083,False
18822,SEG_A,0.7133221614307327,0.7133221614307327,0.2450653930638611,0.04161244550540622,False
18823,SEG_A,0.8989570573944193,0.8989570573944193,0.06900937827438977,0.03203356433119092,False
18824,SEG_A,0.7361588196421052,0.7361588196421052,0.19884896180406714,0.06499221855382768,False
18825,SEG_A,0.8928128515937908,0.8928128515937908,0.07984784080892694,0.0273393075972822,False
18827,SEG_A,0.8944791260423006,0.8944791260423006,0.07271567388441498,0.03280520007328428,False
18828,SEG_A,0.6865250607016763,0.6865250607016763,0.22690215090505275,0.08657278839327102,False
18832,SEG_A,0.9086943265281223,0.9086943265281223,0.02669592780109221,0.06460974567078541,False
18834,SEG_A,0.7450225379212021,0.7450225379212021,0.2128300475670258,0.04214741451177214,False
18835,SEG_A,0.9626631807985143,0.9626631807985143,0.032445344710239,0.004891474491246709,False
18837,SEG_A,0.6970202512270174,0.6970202512270174,0.2601500550074409,0.04282969376554182,False
18839,SEG_B,0.3512427943281201,0.3105185872363081,0.3512427943281201,0.3382386184355717,True
18840,SEG_A,0.754829578166827,0.754829578166827,0.20646915655032486,0.03870126528284819,False
18841,SEG_A,0.8415595663475668,0.8415595663475668,0.12404401705149184,0.0343964166009413,False
18845,SEG_A,0.8027330310742906,0.8027330310742906,0.1348008538043251,0.06246611512138435,False
18847,SEG_A,0.917173497332354,0.917173497332354,0.07114394071175595,0.011682561955890028,False
18856,SEG_A,0.8817166887334338,0.8817166887334338,0.06094763521850937,0.05733567604805676,False
18858,SEG_A,0.7759981162614781,0.7759981162614781,0.19559067297623503,0.02841121076228693,False
18860,SEG_A,0.8716626590792499,0.8716626590792499,0.090325234787497,0.03801210613325304,False
18861,SEG_A,0.8016361195929812,0.8016361195929812,0.18484076517167197,0.013523115235346838,False
18867,SEG_A,0.8757923687446147,0.8757923687446147,0.05070421420048006,0.07350341705490511,False
18869,SEG_A,0.96055446598903,0.96055446598903,0.030997157036352477,0.008448376974617674,False
18872,SEG_A,0.9350780226107694,0.9350780226107694,0.050859419836511405,0.014062557552719188,False
18875,SEG_A,0.9674721415646258,0.9674721415646258,0.029387928121319223,0.0031399303140549075,False
18876,SEG_A,0.8104444620715227,0.8104444620715227,0.13748935953095948,0.05206617839751785,False
18877,SEG_A,0.869504590029092,0.869504590029092,0.11799079723966106,0.012504612731247047,False
18878,SEG_B,0.8430350281249247,0.09248984568242095,0.8430350281249247,0.06447512619265434,False
18879,SEG_A,0.9133423380184432,0.9133423380184432,0.05151409668352698,0.035143565298029866,False
18880,SEG_A,0.9570684948037628,0.9570684948037628,0.03355034816104699,0.009381157035190282,False
18882,SEG_A,0.9328826014684246,0.9328826014684246,0.05408670936272036,0.013030689168855117,False
18883,SEG_A,0.961013070893126,0.961013070893126,0.029154171206207415,0.009832757900666553,False
18885,SEG_B,0.8695188809862807,0.06232178889634181,0.8695188809862807,0.06815933011737764,False
18886,SEG_A,0.9542896894238607,0.9542896894238607,0.033748429173014884,0.01196188140312429,False
18887,SEG_A,0.9334494853131812,0.9334494853131812,0.03560679154300754,0.030943723143811157,False
18889,SEG_A,0.8544330158213991,0.8544330158213991,0.11322900694645437,0.03233797723214668,False
18892,SEG_A,0.9134986731603814,0.9134986731603814,0.06800231499797302,0.01849901184164564,False
18893,SEG_A,0.6528687109406227,0.6528687109406227,0.25323904651377827,0.09389224254559914,False
18894,SEG_A,0.5144619885539434,0.5144619885539434,0.4493637388949673,0.03617427255108942,False
18896,SEG_A,0.8915987509650535,0.8915987509650535,0.09733680895299127,0.011064440081955194,False
18898,SEG_A,0.9256006456153373,0.9256006456153373,0.0628729864018463,0.01152636798281646,False
18900,SEG_A,0.7020861085096384,0.7020861085096384,0.2642721159592771,0.033641775531084515,False
18902,SEG_A,0.9337652573010571,0.9337652573010571,0.056057650827637924,0.010177091871305045,False
18903,SEG_A,0.9080480568185149,0.9080480568185149,0.03910230337712488,0.052849639804360284,False
18904,SEG_A,0.9597397640407251,0.9597397640407251,0.030433629377387597,0.00982660658188737,False
18905,SEG_A,0.9656122691505356,0.9656122691505356,0.029073407837985288,0.0053143230114791285,False
18910,SEG_A,0.8240458527473662,0.8240458527473662,0.09318503452610825,0.08276911272652561,False
18914,SEG_A,0.7192290965430888,0.7192290965430888,0.2578992806966106,0.022871622760300706,False
18915,SEG_A,0.7882095126799195,0.7882095126799195,0.17262404159760755,0.03916644572247313,False
18916,SEG_A,0.8779979208704181,0.8779979208704181,0.10359313586589833,0.01840894326368353,False
18918,SEG_A,0.9726711107628003,0.9726711107628003,0.019172144245178768,0.008156744992020841,False
18922,SEG_A,0.8609841451684235,0.8609841451684235,0.07576887713149083,0.06324697770008574,False
18924,SEG_A,0.5238752833332566,0.5238752833332566,0.35270687312921045,0.12341784353753306,False
18925,SEG_A,0.939019022117036,0.939019022117036,0.039503651103720686,0.021477326779243276,False
18929,SEG_A,0.9466806524980489,0.9466806524980489,0.04246943171440762,0.010849915787543463,False
18930,SEG_C,0.4895294165674877,0.3572479987672291,0.15322258466528316,0.4895294165674877,False
18932,SEG_B,0.6753549777922866,0.1524109543082574,0.6753549777922866,0.1722340678994559,False
18933,SEG_A,0.8136814204731613,0.8136814204731613,0.16241275324924276,0.023905826277596118,False
18934,SEG_A,0.8074296745796753,0.8074296745796753,0.11563520261612381,0.0769351228042009,False
18939,SEG_A,0.5742153902521624,0.5742153902521624,0.17611277637035924,0.24967183337747825,False
18940,SEG_A,0.834632860181113,0.834632860181113,0.13809867805517131,0.027268461763715703,False
18941,SEG_A,0.7261207230618565,0.7261207230618565,0.15099933891056602,0.1228799380275776,False
18944,SEG_A,0.8983222158149609,0.8983222158149609,0.02858286199191519,0.07309492219312404,False
18953,SEG_A,0.9224821305387494,0.9224821305387494,0.05770762945592582,0.01981024000532476,False
18954,SEG_A,0.9155508490355797,0.9155508490355797,0.0574845634478838,0.026964587516536444,False
18956,SEG_A,0.964640171495281,0.964640171495281,0.01942214167644747,0.015937686828271565,False
18958,SEG_A,0.9106399521070663,0.9106399521070663,0.04862505417979852,0.040734993713135305,False
18959,SEG_A,0.8214076732395834,0.8214076732395834,0.16244021891288687,0.01615210784752978,False
18962,SEG_A,0.7920482845669174,0.7920482845669174,0.049717958621690164,0.15823375681139248,False
18969,SEG_B,0.5398618372919406,0.44594285007344286,0.5398618372919406,0.014195312634616594,False
18970,SEG_A,0.8370232142977178,0.8370232142977178,0.10325956617790415,0.05971721952437805,False
18972,SEG_A,0.8932397430633388,0.8932397430633388,0.07320137248421313,0.033558884452448125,False
18973,SEG_A,0.905584318065864,0.905584318065864,0.03829226686280686,0.05612341507132909,False
18975,SEG_B,0.7623985057517034,0.1599785351335732,0.7623985057517034,0.07762295911472329,False
18976,SEG_A,0.8161886375787226,0.8161886375787226,0.13391406103354594,0.04989730138773145,False
18977,SEG_C,0.49523350660086357,0.10050242556725884,0.4042640678318775,0.49523350660086357,False
18980,SEG_A,0.7868603547297207,0.7868603547297207,0.1995758811933711,0.013563764076908333,False
18985,SEG_B,0.4540495919279513,0.3743810656929846,0.4540495919279513,0.17156934237906418,False
18987,SEG_A,0.8818195127475845,0.8818195127475845,0.03719498698997402,0.08098550026244145,False
18988,SEG_A,0.8260228617083385,0.8260228617083385,0.16177288793049954,0.012204250361161779,False
18989,SEG_A,0.4177455980124872,0.4177455980124872,0.3292775761102134,0.25297682587729947,True
18991,SEG_B,0.44624241480062626,0.3848829250703934,0.44624241480062626,0.16887466012898028,True
18995,SEG_A,0.9513964865625264,0.9513964865625264,0.03819351506277566,0.01040999837469795,False
18997,SEG_A,0.8603639418304514,0.8603639418304514,0.1331294628893357,0.006506595280212723,False
18999,SEG_A,0.9620827046707779,0.9620827046707779,0.026608909889852816,0.011308385439369222,False
19000,SEG_A,0.934052978635942,0.934052978635942,0.03844699333905964,0.027500028024998374,False
19011,SEG_A,0.9323279265500201,0.9323279265500201,0.055824268378896404,0.01184780507108357,False
19013,SEG_B,0.4244559928551042,0.22247250321221504,0.4244559928551042,0.3530715039326807,True
19015,SEG_A,0.7446362131820282,0.7446362131820282,0.16381742936298935,0.09154635745498252,False
19019,SEG_A,0.9708177200505744,0.9708177200505744,0.021246176540785408,0.007936103408640224,False
19020,SEG_A,0.5021254278715932,0.5021254278715932,0.18024443216161498,0.31763013996679185,False
19022,SEG_A,0.757213141828425,0.757213141828425,0.16615787522915146,0.07662898294242358,False
19023,SEG_B,0.7925906109061291,0.09362413839290401,0.7925906109061291,0.11378525070096686,False
19025,SEG_A,0.8495297832391776,0.8495297832391776,0.11182290377639288,0.03864731298442952,False
19027,SEG_A,0.8334224103107701,0.8334224103107701,0.15580202787395298,0.010775561815276929,False
19034,SEG_A,0.5768247297085654,0.5768247297085654,0.11980322821526325,0.3033720420761713,False
19035,SEG_A,0.9683034520271592,0.9683034520271592,0.02650117044771106,0.0051953775251297124,False
19041,SEG_A,0.9797019638229071,0.9797019638229071,0.012988062927495107,0.007309973249597802,False
19046,SEG_A,0.7880313595062054,0.7880313595062054,0.12259015011124355,0.08937849038255104,False
19050,SEG_A,0.8705904653526019,0.8705904653526019,0.08243815332028391,0.04697138132711424,False
19055,SEG_A,0.9359208878496834,0.9359208878496834,0.048067478683395885,0.016011633466920763,False
19056,SEG_A,0.9227631371029766,0.9227631371029766,0.05792275543365591,0.01931410746336749,False
19058,SEG_A,0.957447430404643,0.957447430404643,0.029088736931278274,0.013463832664078777,False
19062,SEG_A,0.8113149688055099,0.8113149688055099,0.11518112521173238,0.0735039059827578,False
19074,SEG_A,0.851526427458661,0.851526427458661,0.08456356714573775,0.06391000539560115,False
19075,SEG_A,0.8097592563751378,0.8097592563751378,0.12774457292002278,0.062496170704839385,False
19076,SEG_A,0.9560993023382083,0.9560993023382083,0.03586910680785774,0.00803159085393394,False
19078,SEG_A,0.8807910296911619,0.8807910296911619,0.08822063185473848,0.03098833845409976,False
19084,SEG_A,0.955203249830313,0.955203249830313,0.03410089402863956,0.01069585614104739,False
19085,SEG_A,0.8628633773253497,0.8628633773253497,0.07849761303811195,0.05863900963653842,False
19089,SEG_A,0.8801138383620893,0.8801138383620893,0.0701901194473684,0.04969604219054214,False
19091,SEG_A,0.7946784466758482,0.7946784466758482,0.16818595112527981,0.037135602198871916,False
19092,SEG_A,0.8899675785683554,0.8899675785683554,0.07274173390790438,0.037290687523740255,False
19094,SEG_A,0.9369572732444751,0.9369572732444751,0.027130127845149156,0.03591259891037587,False
19095,SEG_A,0.8974054388726244,0.8974054388726244,0.07285523896447874,0.029739322162896775,False
19096,SEG_A,0.6098856541339218,0.6098856541339218,0.3248704392387094,0.06524390662736877,False
19098,SEG_A,0.9626724741758068,0.9626724741758068,0.025198980829332807,0.01212854499486035,False
19099,SEG_A,0.7546427812550108,0.7546427812550108,0.20889792025587622,0.03645929848911287,False
19100,SEG_A,0.5395885084293489,0.5395885084293489,0.17315566189881965,0.28725582967183144,False
19101,SEG_B,0.6629483749165742,0.22730237719947374,0.6629483749165742,0.10974924788395203,False
19102,SEG_B,0.680415682306337,0.09513709159622695,0.680415682306337,0.22444722609743606,False
19103,SEG_A,0.931330893906633,0.931330893906633,0.055278694321744246,0.0133904117716227,False
19104,SEG_A,0.8206580080434195,0.8206580080434195,0.1307442167368678,0.0485977752197128,False
19110,SEG_A,0.7956262019681307,0.7956262019681307,0.16887420197084907,0.03549959606102023,False
19111,SEG_A,0.6663969505425823,0.6663969505425823,0.2408227408184217,0.09278030863899601,False
19112,SEG_A,0.6344366388952064,0.6344366388952064,0.2557686102627552,0.10979475084203835,False
19118,SEG_A,0.7362578547706754,0.7362578547706754,0.1191026999597826,0.14463944526954192,False
19119,SEG_A,0.841419567252031,0.841419567252031,0.10710242267083568,0.05147801007713319,False
19120,SEG_A,0.8395204731961768,0.8395204731961768,0.07935937180632718,0.08112015499749593,False
19124,SEG_A,0.8920535173370814,0.8920535173370814,0.0792206915536805,0.02872579110923815,False
19125,SEG_A,0.7547086431344789,0.7547086431344789,0.19134505747149738,0.05394629939402374,False
19131,SEG_A,0.8975534132535626,0.8975534132535626,0.08195897933274011,0.020487607413697397,False
19134,SEG_A,0.7842465322999266,0.7842465322999266,0.19835030528030742,0.01740316241976601,False
19136,SEG_B,0.43588762155955724,0.13944979472992344,0.43588762155955724,0.4246625837105193,True
19138,SEG_C,0.6632543983888093,0.03691717202139682,0.2998284295897939,0.6632543983888093,False
19140,SEG_A,0.8750274223345587,0.8750274223345587,0.11983367887452122,0.0051388987909201,False
19144,SEG_A,0.8042208849466504,0.8042208849466504,0.17123093013539098,0.024548184917958505,False
19146,SEG_A,0.8979869067938927,0.8979869067938927,0.06190287983531358,0.04011021337079378,False
19150,SEG_A,0.9091199712342621,0.9091199712342621,0.05589628034968267,0.034983748416055255,False
19155,SEG_A,0.798166487037512,0.798166487037512,0.11714965426451455,0.08468385869797351,False
19157,SEG_C,0.49666591121202347,0.08360582678084913,0.4197282620071275,0.49666591121202347,False
19159,SEG_A,0.8668593181627049,0.8668593181627049,0.10232157003634024,0.030819111800954802,False
19161,SEG_A,0.7789755725931939,0.7789755725931939,0.17528765096397855,0.045736776442827545,False
19162,SEG_A,0.8431458386673525,0.8431458386673525,0.1314123667875441,0.025441794545103424,False
19169,SEG_A,0.961651439968425,0.961651439968425,0.02523881070872013,0.013109749322854887,False
19171,SEG_A,0.9021694743554253,0.9021694743554253,0.07202508992573042,0.025805435718844322,False
19175,SEG_A,0.9139489133279064,0.9139489133279064,0.07533435243694488,0.010716734235148535,False
19176,SEG_B,0.5002101796686432,0.3585425475692655,0.5002101796686432,0.14124727276209123,False
19178,SEG_A,0.8440363257532256,0.8440363257532256,0.1077628071179303,0.04820086712884423,False
19181,SEG_A,0.755568905887369,0.755568905887369,0.1964993589302108,0.04793173518242014,False
19182,SEG_A,0.8935722543435846,0.8935722543435846,0.08412351657839422,0.022304229078021112,False
19183,SEG_A,0.8367199110909045,0.8367199110909045,0.09685355956119744,0.06642652934789813,False
19186,SEG_A,0.6951068778423541,0.6951068778423541,0.11955057382031359,0.18534254833733227,False
19188,SEG_C,0.6841171705970809,0.0027113167477162527,0.3131715126552029,0.6841171705970809,False
19189,SEG_A,0.8660016877499961,0.8660016877499961,0.10480034874632951,0.029197963503674446,False
19190,SEG_A,0.9242410535944752,0.9242410535944752,0.05974992964800459,0.016009016757520225,False
19193,SEG_A,0.735519706766848,0.735519706766848,0.14788266666771838,0.11659762656543367,False
19197,SEG_A,0.8793853393976085,0.8793853393976085,0.07193036571073234,0.04868429489165912,False
19199,SEG_A,0.4715616932279231,0.4715616932279231,0.20874821626891935,0.3196900905031576,False
19203,SEG_B,0.6009770143237113,0.31801957515636203,0.6009770143237113,0.08100341051992681,False
19209,SEG_A,0.7882095126799195,0.7882095126799195,0.17262404159760755,0.03916644572247313,False
19211,SEG_A,0.6551614760985609,0.6551614760985609,0.11894975399867531,0.22588876990276371,False
19212,SEG_B,0.49272136780206166,0.2592314982717927,0.49272136780206166,0.24804713392614555,False
19214,SEG_A,0.9239066955261187,0.9239066955261187,0.05834030681191186,0.017752997661969493,False
19220,SEG_B,0.5321689547477392,0.3702598956935448,0.5321689547477392,0.09757114955871607,False
19221,SEG_A,0.9559957444470629,0.9559957444470629,0.03545614536819307,0.008548110184744098,False
19225,SEG_A,0.8678375706647455,0.8678375706647455,0.12198632835797774,0.01017610097727677,False
19228,SEG_A,0.8704684270134513,0.8704684270134513,0.09559476451938316,0.0339368084671655,False
19229,SEG_A,0.7940083529055411,0.7940083529055411,0.14361505985666367,0.062376587237795246,False
19231,SEG_A,0.9523632473764654,0.9523632473764654,0.03160266175723271,0.016034090866301823,False
19234,SEG_A,0.931391077478836,0.931391077478836,0.05292609704431645,0.015682825476847625,False
19241,SEG_B,0.5107012568275364,0.4519633472525857,0.5107012568275364,0.037335395919877896,False
19243,SEG_A,0.5608111112246568,0.5608111112246568,0.40031933520185664,0.03886955357348653,False
19246,SEG_A,0.9656571511606956,0.9656571511606956,0.03071272029698297,0.0036301285423213456,False
19248,SEG_A,0.9692783885391126,0.9692783885391126,0.021952963015170173,0.008768648445717299,False
19250,SEG_A,0.9213163175738613,0.9213163175738613,0.07427242342503378,0.004411259001104788,False
19251,SEG_A,0.8048277272080308,0.8048277272080308,0.07547636693864952,0.1196959058533197,False
19252,SEG_A,0.8782067772787947,0.8782067772787947,0.11303170651656444,0.008761516204640975,False
19253,SEG_A,0.9030941724253075,0.9030941724253075,0.07414003537429692,0.022765792200395624,False
19254,SEG_A,0.9418417593371796,0.9418417593371796,0.04943048128292935,0.00872775937989095,False
19255,SEG_A,0.4146877445189127,0.4146877445189127,0.25114679149182234,0.33416546398926494,True
19256,SEG_A,0.9448173125276328,0.9448173125276328,0.04573025277987015,0.009452434692497041,False
19257,SEG_A,0.8484741009940935,0.8484741009940935,0.06348136329154101,0.0880445357143655,False
19263,SEG_A,0.9445223056432315,0.9445223056432315,0.042094589825152975,0.01338310453161561,False
19264,SEG_A,0.8805736820037295,0.8805736820037295,0.0700666826540673,0.049359635342203084,False
19267,SEG_A,0.7314996160194673,0.7314996160194673,0.1713866154073439,0.09711376857318871,False
19268,SEG_A,0.9192382438021293,0.9192382438021293,0.0697919296261112,0.010969826571759423,False
19269,SEG_A,0.60519432231179,0.60519432231179,0.25476834724931846,0.14003733043889144,False
19271,SEG_A,0.9502560630612726,0.9502560630612726,0.04043857529015084,0.009305361648576555,False
19284,SEG_A,0.7965418633673571,0.7965418633673571,0.09754449144394028,0.10591364518870257,False
19285,SEG_A,0.8562169647614342,0.8562169647614342,0.11928946893868017,0.024493566299885666,False
19286,SEG_A,0.9315343812214192,0.9315343812214192,0.053060745333358715,0.015404873445222098,False
19289,SEG_A,0.782345406723954,0.782345406723954,0.13643424505354654,0.08122034822249957,False
19295,SEG_A,0.7776596788983701,0.7776596788983701,0.16821053408610098,0.05412978701552886,False
19304,SEG_A,0.7981185012863546,0.7981185012863546,0.13339882033846662,0.06848267837517873,False
19305,SEG_B,0.5146029108647215,0.456334406689162,0.5146029108647215,0.029062682446116594,False
19308,SEG_A,0.8063409025921371,0.8063409025921371,0.10600906952290758,0.08765002788495517,False
19309,SEG_A,0.738162838169708,0.738162838169708,0.1339612364187467,0.12787592541154547,False
19314,SEG_A,0.9168821187305431,0.9168821187305431,0.06032991034589306,0.022787970923563754,False
19315,SEG_A,0.9478282996097785,0.9478282996097785,0.04470629210423286,0.007465408285988486,False
19316,SEG_A,0.8970667241001076,0.8970667241001076,0.06427068304668218,0.03866259285321022,False
19318,SEG_A,0.857649831576347,0.857649831576347,0.07939377034152127,0.06295639808213171,False
19319,SEG_A,0.8911590912861738,0.8911590912861738,0.08832251446075143,0.02051839425307466,False
19326,SEG_B,0.7268787385739617,0.12807077467433403,0.7268787385739617,0.14505048675170426,False
19328,SEG_A,0.8243175111208001,0.8243175111208001,0.08460101709656606,0.09108147178263376,False
19330,SEG_A,0.8833382828608538,0.8833382828608538,0.07009322658043034,0.04656849055871589,False
19331,SEG_B,0.8669412134220845,0.028945246055513643,0.8669412134220845,0.10411354052240178,False
19337,SEG_C,0.4403556226539404,0.3620803883277718,0.1975639890182878,0.4403556226539404,True
19339,SEG_B,0.3875668192315397,0.2644650506653662,0.3875668192315397,0.3479681301030941,True
19341,SEG_A,0.8527213049452166,0.8527213049452166,0.1039131388426575,0.04336555621212595,False
19350,SEG_B,0.517523204397448,0.25617796389088976,0.517523204397448,0.22629883171166223,False
19351,SEG_A,0.4972077381780496,0.4972077381780496,0.3081601243187379,0.1946321375032125,False
19352,SEG_A,0.6490210285596281,0.6490210285596281,0.321784821291287,0.029194150149084868,False
19356,SEG_A,0.7893201893327031,0.7893201893327031,0.16777623721140625,0.04290357345589056,False
19357,SEG_A,0.8403911857246139,0.8403911857246139,0.13367470605893364,0.025934108216452395,False
19359,SEG_A,0.5411829665938303,0.5411829665938303,0.3465235173905648,0.11229351601560494,False
19360,SEG_A,0.9319516183098074,0.9319516183098074,0.061907045257677096,0.006141336432515508,False
19361,SEG_A,0.8767103319165616,0.8767103319165616,0.07168804537735482,0.051601622706083705,False
19367,SEG_A,0.8026938020381224,0.8026938020381224,0.18895868666730442,0.008347511294573074,False
19368,SEG_A,0.9479490066774794,0.9479490066774794,0.030365540922906133,0.021685452399614495,False
19369,SEG_A,0.7937211006965704,0.7937211006965704,0.18691238937983237,0.019366509923597286,False
19372,SEG_B,0.8925512930977119,0.010171635126202993,0.8925512930977119,0.09727707177608513,False
19377,SEG_A,0.6068313780676844,0.6068313780676844,0.35186917244502347,0.0412994494872922,False
19381,SEG_A,0.9109924130074969,0.9109924130074969,0.07047968264994159,0.0185279043425615,False
19382,SEG_A,0.9331752556019306,0.9331752556019306,0.036406727595179315,0.030418016802890042,False
19383,SEG_A,0.619556168439563,0.619556168439563,0.19635004354843388,0.18409378801200332,False
19384,SEG_A,0.9383734753099634,0.9383734753099634,0.03193654219221487,0.029689982497821735,False
19385,SEG_A,0.9718163859064376,0.9718163859064376,0.025057015764449058,0.003126598329113309,False
19386,SEG_A,0.87292695690729,0.87292695690729,0.12024909592523042,0.006823947167479537,False
19387,SEG_A,0.7631374858937143,0.7631374858937143,0.1693712875224571,0.06749122658382851,False
19388,SEG_A,0.9611999982613425,0.9611999982613425,0.031875713562033954,0.0069242881766236174,False
19390,SEG_A,0.8577546521177315,0.8577546521177315,0.11521484002941541,0.027030507852853,False
19391,SEG_A,0.7946784466758482,0.7946784466758482,0.16818595112527981,0.037135602198871916,False
19392,SEG_A,0.9485401494143233,0.9485401494143233,0.031124243347283826,0.02033560723839286,False
19393,SEG_A,0.9838450466594975,0.9838450466594975,0.01272484731208742,0.0034301060284150377,False
19394,SEG_A,0.8800705535833915,0.8800705535833915,0.09373114526382759,0.026198301152780833,False
19395,SEG_A,0.9824762832914605,0.9824762832914605,0.015103888684479008,0.0024198280240603927,False
19396,SEG_A,0.9460044076136851,0.9460044076136851,0.048787627087550495,0.005207965298764428,False
19397,SEG_A,0.9270721282112321,0.9270721282112321,0.0225896720743699,0.05033819971439807,False
19398,SEG_A,0.8891974538552054,0.8891974538552054,0.09383391058120975,0.016968635563584814,False
19399,SEG_A,0.9477860967527328,0.9477860967527328,0.04425906797168994,0.007954835275577223,False
19400,SEG_A,0.954869220300642,0.954869220300642,0.041369297990002586,0.0037614817093554707,False
19401,SEG_A,0.7928248343892635,0.7928248343892635,0.18364406858844082,0.02353109702229565,False
19402,SEG_A,0.7983083246573754,0.7983083246573754,0.17950822948072137,0.022183445861903177,False
19403,SEG_A,0.9057530152871067,0.9057530152871067,0.08428611567330496,0.009960869039588227,False
19405,SEG_A,0.9045826752930344,0.9045826752930344,0.06800529935356832,0.027412025353397453,False
19406,SEG_A,0.8135661173018016,0.8135661173018016,0.15436069310058464,0.03207318959761379,False
19407,SEG_A,0.9358269485064046,0.9358269485064046,0.05136031381808542,0.012812737675510059,False
19408,SEG_A,0.9554975993077799,0.9554975993077799,0.03408593935531375,0.010416461336906352,False
19409,SEG_A,0.9629407592067204,0.9629407592067204,0.031702500885926056,0.005356739907353688,False
19410,SEG_A,0.9094486944565592,0.9094486944565592,0.07980169255425976,0.010749612989181156,False
19411,SEG_A,0.9109945930956035,0.9109945930956035,0.07469029675568473,0.014315110148711731,False
19413,SEG_A,0.7832911400828041,0.7832911400828041,0.20866117734190975,0.008047682575286158,False
19414,SEG_A,0.9103056963313539,0.9103056963313539,0.0686923183292261,0.02100198533942006,False
19415,SEG_A,0.9642465224923998,0.9642465224923998,0.03314153179639189,0.0026119457112082625,False
19416,SEG_A,0.7646907693923062,0.7646907693923062,0.22349810385943675,0.011811126748257116,False
19417,SEG_A,0.9706836352571621,0.9706836352571621,0.02336145488029527,0.005954909862542663,False
19419,SEG_A,0.927392626765681,0.927392626765681,0.05860971612631877,0.013997657108000314,False
19420,SEG_A,0.8099255808165646,0.8099255808165646,0.1604798223786689,0.029594596804766442,False
19421,SEG_A,0.9486532388243618,0.9486532388243618,0.04467736327944456,0.006669397896193711,False
19422,SEG_A,0.6828746113834032,0.6828746113834032,0.2622443215611304,0.054881067055466394,False
19423,SEG_A,0.9336411279707741,0.9336411279707741,0.05629270464631861,0.010066167382907226,False
19424,SEG_A,0.8476093082893794,0.8476093082893794,0.1384580372589621,0.013932654451658378,False
19425,SEG_A,0.9814077216171443,0.9814077216171443,0.006574452227185701,0.01201782615567008,False
19426,SEG_A,0.7958653266400926,0.7958653266400926,0.150330382075902,0.05380429128400555,False
19427,SEG_A,0.9495432625361643,0.9495432625361643,0.03357679931952574,0.016879938144309957,False
19428,SEG_A,0.9388016962665694,0.9388016962665694,0.05305701451026949,0.008141289223161149,False
19430,SEG_A,0.9616848137809741,0.9616848137809741,0.02108152800167562,0.01723365821735028,False
19431,SEG_A,0.9662584616551535,0.9662584616551535,0.023372523219079757,0.01036901512576677,False
19432,SEG_A,0.8509261571541592,0.8509261571541592,0.09359953665058575,0.055474306195254994,False
19433,SEG_A,0.8303812332885363,0.8303812332885363,0.15413108709760895,0.015487679613854765,False
19434,SEG_A,0.45138557582550026,0.45138557582550026,0.20062689296216635,0.3479875312123333,False
19435,SEG_A,0.4576327744341228,0.4576327744341228,0.26470573359533117,0.27766149197054607,False
19436,SEG_A,0.6821411673050803,0.6821411673050803,0.29777780896407074,0.020081023730848857,False
19437,SEG_A,0.9114140684212153,0.9114140684212153,0.08126360082929009,0.007322330749494592,False
19438,SEG_A,0.8192593538602743,0.8192593538602743,0.14409000993855822,0.036650636201167604,False
19440,SEG_A,0.8674835437634109,0.8674835437634109,0.11940270201579388,0.013113754220795323,False
19441,SEG_A,0.7891273692015027,0.7891273692015027,0.20688680131463202,0.003985829483865136,False
19442,SEG_A,0.8669795347932084,0.8669795347932084,0.09087916938401473,0.04214129582277689,False
19443,SEG_A,0.9617759836389492,0.9617759836389492,0.023288253875462767,0.014935762485588047,False
19444,SEG_A,0.9228518353883297,0.9228518353883297,0.0555447560169049,0.021603408594765453,False
19447,SEG_A,0.7930635842813472,0.7930635842813472,0.1789862849403117,0.027950130778341197,False
19448,SEG_A,0.5499401600038131,0.5499401600038131,0.15274474027912227,0.2973150997170645,False
19451,SEG_A,0.49610493706486836,0.49610493706486836,0.29529667419828115,0.2085983887368505,False
19452,SEG_A,0.8435273455698643,0.8435273455698643,0.1272110745261809,0.029261579903954754,False
19453,SEG_A,0.8989306476137603,0.8989306476137603,0.0755278939491269,0.025541458437112724,False
19454,SEG_A,0.7815972488448614,0.7815972488448614,0.18171815985933282,0.03668459129580591,False
19457,SEG_A,0.7465973180321553,0.7465973180321553,0.23247712964153613,0.020925552326308546,False
19460,SEG_C,0.5094145416440674,0.004680306282885445,0.48590515207304713,0.5094145416440674,False
19464,SEG_A,0.9712266821899286,0.9712266821899286,0.021448082970210038,0.0073252348398613635,False
19465,SEG_A,0.9465330882213518,0.9465330882213518,0.03143387343108745,0.022033038347560752,False
19466,SEG_A,0.9329046959817435,0.9329046959817435,0.06045088092487755,0.006644423093378957,False
19467,SEG_A,0.6303614672727884,0.6303614672727884,0.3358667969020729,0.03377173582513863,False
19468,SEG_A,0.9540955774120763,0.9540955774120763,0.034812200940590315,0.011092221647333525,False
19470,SEG_A,0.6521515688151254,0.6521515688151254,0.33116403626192464,0.016684394922950044,False
19471,SEG_A,0.927531936830649,0.927531936830649,0.06577877456526743,0.006689288604083693,False
19472,SEG_A,0.9728928634778435,0.9728928634778435,0.018294157324850815,0.00881297919730546,False
19473,SEG_A,0.9119978286944953,0.9119978286944953,0.08250465111330428,0.0054975201922004314,False
19474,SEG_A,0.9138569708850175,0.9138569708850175,0.06854719305735092,0.017595836057631594,False
19475,SEG_A,0.9281346259951191,0.9281346259951191,0.06626826591759702,0.005597108087283829,False
19476,SEG_A,0.9237584122781495,0.9237584122781495,0.06337943754879234,0.012862150173058109,False
19478,SEG_A,0.905780670870722,0.905780670870722,0.07000375026823416,0.024215578861043877,False
19479,SEG_A,0.8593506021466069,0.8593506021466069,0.12402554542874208,0.016623852424651114,False
19480,SEG_A,0.968719599335856,0.968719599335856,0.016917295999331068,0.014363104664812882,False
19481,SEG_A,0.9096460037357647,0.9096460037357647,0.0665151424815602,0.02383885378267508,False
19485,SEG_A,0.9558312064414312,0.9558312064414312,0.032219741868784485,0.01194905168978438,False
19488,SEG_A,0.7569044346090151,0.7569044346090151,0.2242753241323846,0.01882024125860034,False
19489,SEG_A,0.9097906885283276,0.9097906885283276,0.08059602134745392,0.009613290124218526,False
19490,SEG_A,0.942006611430437,0.942006611430437,0.04949587717334489,0.008497511396218222,False
19497,SEG_A,0.96445622052501,0.96445622052501,0.027532273517549385,0.008011505957440553,False
19498,SEG_A,0.8077349114151963,0.8077349114151963,0.17127005140313797,0.02099503718166569,False
19500,SEG_A,0.9165991904575406,0.9165991904575406,0.05446102020909474,0.028939789333364597,False
19501,SEG_A,0.9732267985984572,0.9732267985984572,0.017884442142803634,0.008888759258739151,False
19502,SEG_A,0.7306106885186264,0.7306106885186264,0.24788589122819957,0.02150342025317397,False
19503,SEG_A,0.9406940912334079,0.9406940912334079,0.044288180361921614,0.01501772840467062,False
19504,SEG_A,0.9725997527831541,0.9725997527831541,0.017831641113431686,0.009568606103414232,False
19505,SEG_A,0.7494117412245833,0.7494117412245833,0.24213774406904381,0.008450514706372826,False
19506,SEG_A,0.9312018595347378,0.9312018595347378,0.05031747024128094,0.018480670223981324,False
19507,SEG_A,0.8828493812129122,0.8828493812129122,0.10690722013485754,0.010243398652230316,False
19509,SEG_A,0.8194880959795902,0.8194880959795902,0.1558383952419867,0.024673508778423246,False
19511,SEG_A,0.9658756420810171,0.9658756420810171,0.02779071274321813,0.006333645175764794,False
19512,SEG_A,0.9303932922744935,0.9303932922744935,0.0562493911515076,0.013357316573998794,False
19513,SEG_A,0.9508992009038342,0.9508992009038342,0.04157196416070907,0.007528834935456633,False
19515,SEG_A,0.7457218944461524,0.7457218944461524,0.23778947077214074,0.016488634781706955,False
19516,SEG_A,0.8935248853993593,0.8935248853993593,0.040811248898178026,0.06566386570246262,False
19517,SEG_A,0.6416437240230453,0.6416437240230453,0.23356461999191797,0.12479165598503676,False
19518,SEG_A,0.9404177436880166,0.9404177436880166,0.04598723711899449,0.013595019192989038,False
19525,SEG_A,0.851603034932232,0.851603034932232,0.13046022158368556,0.01793674348408245,False
19527,SEG_A,0.9119144215566878,0.9119144215566878,0.06382574390839438,0.02425983453491772,False
19528,SEG_A,0.7862636714021186,0.7862636714021186,0.18628705207510088,0.027449276522780605,False
19529,SEG_A,0.9834511338547801,0.9834511338547801,0.012181790156502942,0.004367075988716888,False
19530,SEG_A,0.8313759189423308,0.8313759189423308,0.14295526487233554,0.02566881618533373,False
19531,SEG_A,0.9024982091461378,0.9024982091461378,0.06699723281214193,0.03050455804172026,False
19532,SEG_A,0.9676247532505672,0.9676247532505672,0.026665734332518877,0.005709512416913922,False
19533,SEG_A,0.915300003344705,0.915300003344705,0.057174877349545995,0.027525119305748996,False
19534,SEG_A,0.932472944497765,0.932472944497765,0.055484206092084654,0.01204284941015043,False
19535,SEG_A,0.9593345006640025,0.9593345006640025,0.01634125957591924,0.024324239760078265,False
19536,SEG_A,0.8946233496169333,0.8946233496169333,0.0996227740840865,0.005753876298980233,False
19537,SEG_A,0.9777050752647153,0.9777050752647153,0.017881556984448585,0.004413367750836075,False
19538,SEG_A,0.7923570780603206,0.7923570780603206,0.1933458208248988,0.014297101114780589,False
19539,SEG_A,0.9546673645392769,0.9546673645392769,0.03845518944468401,0.0068774460160390734,False
19540,SEG_A,0.9483271572270793,0.9483271572270793,0.0364431137569825,0.01522972901593805,False
19541,SEG_A,0.8539764486024539,0.8539764486024539,0.07082878775008919,0.07519476364745702,False
19542,SEG_A,0.919598615967386,0.919598615967386,0.04284897344563563,0.037552410586978446,False
19543,SEG_A,0.9639585995053345,0.9639585995053345,0.028450685707691537,0.007590714786973913,False
19544,SEG_A,0.8060512452620643,0.8060512452620643,0.1773582177911964,0.01659053694673932,False
19545,SEG_A,0.8550161361179598,0.8550161361179598,0.10347150039381292,0.04151236348822718,False
19546,SEG_A,0.9385445694768346,0.9385445694768346,0.05349311080624033,0.00796231971692502,False
19547,SEG_A,0.9324795190885741,0.9324795190885741,0.04867909336631598,0.018841387545109837,False
19548,SEG_A,0.9605512977698176,0.9605512977698176,0.030686781223451608,0.008761921006730646,False
19549,SEG_A,0.8273247371306727,0.8273247371306727,0.12026636777325726,0.05240889509607006,False
19550,SEG_A,0.6674092648777675,0.6674092648777675,0.2717827269647489,0.06080800815748361,False
19551,SEG_A,0.9575067008242886,0.9575067008242886,0.03088603108561185,0.011607268090099624,False
19552,SEG_A,0.8904125344176274,0.8904125344176274,0.07882459386333748,0.030762871719035318,False
19553,SEG_A,0.7980988360426642,0.7980988360426642,0.17950526221670615,0.02239590174062963,False
19557,SEG_A,0.9685109172733559,0.9685109172733559,0.023820324714079102,0.007668758012564925,False
19558,SEG_A,0.6047552451229739,0.6047552451229739,0.34412384533523876,0.05112090954178744,False
19560,SEG_A,0.9300933164766166,0.9300933164766166,0.06600137317244417,0.0039053103509392997,False
19561,SEG_A,0.9720753629782353,0.9720753629782353,0.023965947493287645,0.0039586895284770066,False
19562,SEG_A,0.9483690244442119,0.9483690244442119,0.033153629215822135,0.01847734633996612,False
19563,SEG_A,0.9106516067447922,0.9106516067447922,0.06434515840168589,0.025003234853521898,False
19564,SEG_A,0.8465301210658153,0.8465301210658153,0.13647245726737176,0.01699742166681292,False
19569,SEG_A,0.9593783501411368,0.9593783501411368,0.030421423399084133,0.010200226459778982,False
19570,SEG_A,0.9603427420295184,0.9603427420295184,0.0283325354073802,0.011324722563101405,False
19571,SEG_A,0.9813317349445135,0.9813317349445135,0.013964588462017072,0.004703676593469407,False
19572,SEG_A,0.9567074870978843,0.9567074870978843,0.035962567532266156,0.007329945369849491,False
19573,SEG_A,0.8261010326611046,0.8261010326611046,0.15374855318030142,0.020150414158593904,False
19575,SEG_A,0.8995070544881049,0.8995070544881049,0.08871171281649946,0.011781232695395785,False
19577,SEG_A,0.9373803001997819,0.9373803001997819,0.05372944417939839,0.008890255620819718,False
19578,SEG_A,0.951549101406796,0.951549101406796,0.04020246256489051,0.00824843602831358,False
19579,SEG_A,0.9083175475516981,0.9083175475516981,0.07309578030995867,0.0185866721383432,False
19580,SEG_A,0.9068931193177903,0.9068931193177903,0.058944229220019295,0.034162651462190434,False
19583,SEG_A,0.8658353523126391,0.8658353523126391,0.10660390935551398,0.0275607383318471,False
19584,SEG_A,0.9756764848675298,0.9756764848675298,0.019930405955814745,0.004393109176655365,False
19585,SEG_A,0.9642938891582867,0.9642938891582867,0.02757836067188256,0.00812775016983068,False
19586,SEG_A,0.9427541188734453,0.9427541188734453,0.04697581853407686,0.010270062592477786,False
19587,SEG_A,0.7937283997736357,0.7937283997736357,0.1870369082736946,0.019234691952669518,False
19588,SEG_A,0.7784583679473377,0.7784583679473377,0.1845257250428881,0.037015907009774106,False
19589,SEG_A,0.9292419360586881,0.9292419360586881,0.05707683238906583,0.01368123155224592,False
19590,SEG_A,0.9546315240464792,0.9546315240464792,0.03137992457678653,0.01398855137673418,False
19595,SEG_A,0.8570327557563383,0.8570327557563383,0.12935863681378446,0.013608607429877233,False
19596,SEG_A,0.8274674990049309,0.8274674990049309,0.1558075525568995,0.016724948438169712,False
19597,SEG_A,0.9429566369418539,0.9429566369418539,0.050030310106843154,0.007013052951303041,False
19598,SEG_A,0.8018253184292987,0.8018253184292987,0.1657683921594177,0.03240628941128353,False
19600,SEG_A,0.9674643502668291,0.9674643502668291,0.0252751911726779,0.007260458560492878,False
19601,SEG_A,0.8952316226999618,0.8952316226999618,0.06251989242017492,0.0422484848798633,False
19602,SEG_A,0.9635737938614688,0.9635737938614688,0.018542144511245993,0.01788406162728515,False
19604,SEG_A,0.5696645312269126,0.5696645312269126,0.3362790647020964,0.094056404070991,False
19605,SEG_A,0.7201836540155712,0.7201836540155712,0.23940402425862564,0.04041232172580315,False
19606,SEG_A,0.9071774098854082,0.9071774098854082,0.02671046888427096,0.06611212123032076,False
19607,SEG_A,0.7874062885013647,0.7874062885013647,0.16776703392560832,0.044826677573026795,False
19609,SEG_A,0.6589074626905513,0.6589074626905513,0.09721286654608274,0.2438796707633658,False
19611,SEG_A,0.8594251413254071,0.8594251413254071,0.1275322238654448,0.013042634809148117,False
19612,SEG_A,0.971563793409084,0.971563793409084,0.020226534797150343,0.008209671793765621,False
19614,SEG_A,0.8886873627149032,0.8886873627149032,0.05757841472145272,0.0537342225636442,False
19615,SEG_A,0.9676174415696562,0.9676174415696562,0.022044020923243375,0.010338537507100407,False
19617,SEG_A,0.8911647930170847,0.8911647930170847,0.06681532900799844,0.042019877974916776,False
19618,SEG_A,0.9578704731765275,0.9578704731765275,0.030742161583121683,0.011387365240350845,False
19622,SEG_A,0.9433050382457039,0.9433050382457039,0.02485644713280786,0.03183851462148836,False
19623,SEG_A,0.8777837437201789,0.8777837437201789,0.11634627969973688,0.005869976580084185,False
19624,SEG_A,0.9695125233284302,0.9695125233284302,0.02733495132019213,0.0031525253513776,False
19625,SEG_A,0.8466610366579916,0.8466610366579916,0.1484191619008377,0.004919801441170715,False
19627,SEG_A,0.7616743722893404,0.7616743722893404,0.10337613535142702,0.1349494923592325,False
19629,SEG_A,0.9149791430490817,0.9149791430490817,0.07475538978008159,0.0102654671708367,False
19631,SEG_A,0.9363343060342206,0.9363343060342206,0.029862938489514216,0.03380275547626514,False
19632,SEG_A,0.9646848772018076,0.9646848772018076,0.029312516665994666,0.006002606132197813,False
19634,SEG_A,0.9621308437674769,0.9621308437674769,0.030328597803147447,0.007540558429375624,False
19635,SEG_A,0.7889002056410894,0.7889002056410894,0.18590285485445096,0.025196939504459656,False
19636,SEG_A,0.9318429671044279,0.9318429671044279,0.04944464529730304,0.018712387598268983,False
19637,SEG_A,0.9304153088807441,0.9304153088807441,0.05383718326421181,0.015747507855044023,False
19640,SEG_A,0.9887597033705562,0.9887597033705562,0.008446731880397108,0.002793564749046762,False
19641,SEG_A,0.8623864386210118,0.8623864386210118,0.08897581662850414,0.048637744750484,False
19645,SEG_A,0.9353828893801728,0.9353828893801728,0.05798655304748106,0.006630557572346212,False
19653,SEG_A,0.904268324079355,0.904268324079355,0.06243330716573589,0.03329836875490909,False
19654,SEG_A,0.8920967833081448,0.8920967833081448,0.07183154331836827,0.036071673373487,False
19662,SEG_A,0.8909203280122187,0.8909203280122187,0.08276476657184247,0.026314905415938995,False
19665,SEG_A,0.45769984953902415,0.45769984953902415,0.3786225654191109,0.16367758504186483,False
19666,SEG_A,0.8780764503761076,0.8780764503761076,0.11242354709703549,0.009500002526856923,False
19668,SEG_A,0.8886336033314739,0.8886336033314739,0.09651822149804268,0.014848175170483516,False
19671,SEG_A,0.9334734312089822,0.9334734312089822,0.04825289302565749,0.018273675765360355,False
19672,SEG_A,0.8913224754237956,0.8913224754237956,0.0812424559499608,0.027435068626243484,False
19675,SEG_A,0.9809955532627542,0.9809955532627542,0.016516553856345904,0.0024878928808998216,False
19676,SEG_A,0.7946784466758482,0.7946784466758482,0.16818595112527981,0.037135602198871916,False
19678,SEG_A,0.8585678061365032,0.8585678061365032,0.11557947157607885,0.025852722287417956,False
19680,SEG_A,0.851603034932232,0.851603034932232,0.13046022158368556,0.01793674348408245,False
19681,SEG_A,0.9333862212716043,0.9333862212716043,0.04922661144014187,0.017387167288253895,False
19683,SEG_A,0.7920939678392163,0.7920939678392163,0.162872098368045,0.04503393379273875,False
19685,SEG_B,0.5918438743610643,0.22702118957969697,0.5918438743610643,0.18113493605923864,False
19686,SEG_A,0.969444803688,0.969444803688,0.027518646863163913,0.0030365494488359384,False
19688,SEG_A,0.5699352198523371,0.5699352198523371,0.30415245057957563,0.1259123295680872,False
19689,SEG_A,0.4889098314170251,0.4889098314170251,0.42848553742973505,0.08260463115323989,False
19690,SEG_A,0.9780837565469007,0.9780837565469007,0.01816729384311691,0.0037489496099822744,False
19691,SEG_A,0.9640869534924503,0.9640869534924503,0.02971208031009431,0.006200966197455248,False
19696,SEG_A,0.867389303640949,0.867389303640949,0.1104060750570027,0.02220462130204828,False
19700,SEG_B,0.635111256276772,0.3246383057787229,0.635111256276772,0.040250437944505044,False
19702,SEG_A,0.8182660723422179,0.8182660723422179,0.14061941245781054,0.041114515199971516,False
19715,SEG_A,0.45736516164811214,0.45736516164811214,0.23689977099784162,0.3057350673540461,False
19717,SEG_B,0.5991607722830661,0.14972785148258072,0.5991607722830661,0.25111137623435315,False
19719,SEG_A,0.8818202736110585,0.8818202736110585,0.08946975948154859,0.028709966907392873,False
19720,SEG_A,0.7172298757848754,0.7172298757848754,0.2454669260192583,0.03730319819586615,False
19721,SEG_A,0.6130855920295617,0.6130855920295617,0.24842103219133607,0.13849337577910223,False
19722,SEG_A,0.8769633469345507,0.8769633469345507,0.05840633361620479,0.06463031944924456,False
19724,SEG_A,0.9398966181874037,0.9398966181874037,0.03503188500872566,0.0250714968038707,False
19726,SEG_A,0.7631659039301081,0.7631659039301081,0.15868037523052017,0.07815372083937172,False
19730,SEG_A,0.9665520214213495,0.9665520214213495,0.029751307455105833,0.0036966711235445517,False
19734,SEG_A,0.70272899620995,0.70272899620995,0.27579640574529535,0.021474598044754732,False
19736,SEG_A,0.9673681192993657,0.9673681192993657,0.01672063744095422,0.015911243259679967,False
19740,SEG_A,0.828983175012135,0.828983175012135,0.09516855930672616,0.07584826568113878,False
19741,SEG_A,0.3629158030218491,0.3629158030218491,0.3327755483679366,0.3043086486102142,True
19742,SEG_A,0.870854789274431,0.870854789274431,0.04553706995496146,0.08360814077060759,False
19743,SEG_A,0.878492493131623,0.878492493131623,0.0729227038228561,0.04858480304552081,False
19744,SEG_A,0.7058130163130957,0.7058130163130957,0.09392649075232617,0.20026049293457807,False
19745,SEG_A,0.953124499382028,0.953124499382028,0.03025287170259174,0.01662262891538023,False
19747,SEG_B,0.6459427606377967,0.26460101892943655,0.6459427606377967,0.08945622043276684,False
19748,SEG_A,0.9319113761906689,0.9319113761906689,0.054301362194727774,0.013787261614603342,False
19749,SEG_A,0.9758838420406557,0.9758838420406557,0.017841785177272158,0.0062743727820721035,False
19752,SEG_A,0.900231752291609,0.900231752291609,0.07007397484394134,0.029694272864449513,False
19753,SEG_A,0.39773715103306173,0.39773715103306173,0.3590213861132394,0.24324146285369885,True
19756,SEG_A,0.8065816354990122,0.8065816354990122,0.181357325144904,0.0120610393560839,False
19757,SEG_A,0.7681605329401102,0.7681605329401102,0.2000091821523083,0.03183028490758141,False
19759,SEG_A,0.9296121985044968,0.9296121985044968,0.01926309900833927,0.05112470248716392,False
19760,SEG_A,0.39231346810455414,0.39231346810455414,0.29590264077734335,0.31178389111810256,True
19765,SEG_A,0.8892307439235535,0.8892307439235535,0.07238879416679404,0.03838046190965241,False
19767,SEG_A,0.9047366023882912,0.9047366023882912,0.03244956869057886,0.06281382892113001,False
19768,SEG_A,0.7505453213850255,0.7505453213850255,0.17162649255170537,0.07782818606326919,False
19770,SEG_A,0.8595741758150733,0.8595741758150733,0.1077458546681682,0.03267996951675852,False
19773,SEG_A,0.8432598074032353,0.8432598074032353,0.14184690073285977,0.014893291863905072,False
19774,SEG_A,0.8506620211743986,0.8506620211743986,0.13089165451105908,0.018446324314542385,False
19776,SEG_A,0.8427421503581326,0.8427421503581326,0.1274411442610429,0.029816705380824596,False
19777,SEG_A,0.9309530490213944,0.9309530490213944,0.04970119880362181,0.019345752174983744,False
19780,SEG_A,0.8943945700929989,0.8943945700929989,0.07678474372845163,0.02882068617854946,False
19786,SEG_A,0.8750690837448211,0.8750690837448211,0.08864135789423622,0.03628955836094279,False
19787,SEG_A,0.9515372311121066,0.9515372311121066,0.03670073010437044,0.011762038783522935,False
19795,SEG_A,0.8615473579745413,0.8615473579745413,0.08841917391933476,0.05003346810612396,False
19799,SEG_A,0.743106173741782,0.743106173741782,0.17561309843603953,0.08128072782217838,False
19800,SEG_A,0.9680059017873716,0.9680059017873716,0.021756025651521897,0.010238072561106594,False
19801,SEG_B,0.38705243832194425,0.3746501648555202,0.38705243832194425,0.2382973968225354,True
19802,SEG_C,0.401905577983175,0.19886614107221634,0.3992282809446086,0.401905577983175,True
19805,SEG_A,0.8766554769124179,0.8766554769124179,0.11050264213771753,0.012841880949864605,False
19806,SEG_A,0.7405601697327043,0.7405601697327043,0.15508911779636805,0.10435071247092759,False
19807,SEG_A,0.8271730758060695,0.8271730758060695,0.1131218177540724,0.059705106439858185,False
19810,SEG_A,0.9126297951209598,0.9126297951209598,0.07157751843313465,0.015792686445905552,False
19813,SEG_A,0.7527945891227872,0.7527945891227872,0.20596870935184897,0.04123670152536384,False
19814,SEG_A,0.7204456858363155,0.7204456858363155,0.23033225461207021,0.04922205955161432,False
19816,SEG_B,0.3823484517379881,0.26715990069403545,0.3823484517379881,0.3504916475679764,True
19820,SEG_A,0.9402534977917428,0.9402534977917428,0.04928431105122474,0.0104621911570325,False
19824,SEG_A,0.9485284137451574,0.9485284137451574,0.04458298143035581,0.00688860482448677,False
19827,SEG_B,0.5740992733280119,0.3983869005464244,0.5740992733280119,0.027513826125563575,False
19829,SEG_A,0.9646627143051022,0.9646627143051022,0.026182585528189445,0.009154700166708333,False
19835,SEG_A,0.677783952150923,0.677783952150923,0.268032974803499,0.054183073045577894,False
19836,SEG_A,0.7103754107106269,0.7103754107106269,0.22711468466093532,0.06250990462843785,False
19848,SEG_A,0.9509214241674302,0.9509214241674302,0.04247209759862143,0.006606478233948393,False
19849,SEG_A,0.6609216119883797,0.6609216119883797,0.22882541641831405,0.11025297159330617,False
19852,SEG_A,0.9434483155681034,0.9434483155681034,0.0366923318014242,0.019859352630472334,False
19855,SEG_A,0.9550786179593405,0.9550786179593405,0.03353779211494205,0.01138358992571754,False
19857,SEG_B,0.7198445290748614,0.033140068251377844,0.7198445290748614,0.24701540267376085,False
19858,SEG_A,0.7941130911032966,0.7941130911032966,0.15166816277821976,0.05421874611848347,False
19859,SEG_A,0.9197673953561946,0.9197673953561946,0.049755522756379886,0.030477081887425497,False
19863,SEG_A,0.587629969729185,0.587629969729185,0.27135197973813063,0.14101805053268426,False
19868,SEG_A,0.7571456706477152,0.7571456706477152,0.07413994243930792,0.16871438691297694,False
19869,SEG_A,0.7833024108681966,0.7833024108681966,0.1935276141500339,0.02316997498176948,False
19873,SEG_A,0.8558067402621722,0.8558067402621722,0.12512852762927412,0.019064732108553625,False
19874,SEG_A,0.9802318266874559,0.9802318266874559,0.012505115397603864,0.007263057914940083,False
19878,SEG_A,0.9461914082723059,0.9461914082723059,0.031211627038448674,0.022596964689245363,False
19880,SEG_A,0.8353019751598522,0.8353019751598522,0.13266271889474018,0.03203530594540754,False
19881,SEG_A,0.9123439650800262,0.9123439650800262,0.06923632881282128,0.018419706107152514,False
19883,SEG_A,0.799341417384714,0.799341417384714,0.12840751884002832,0.07225106377525765,False
19885,SEG_A,0.8967398391721235,0.8967398391721235,0.06196680772505196,0.04129335310282451,False
19886,SEG_A,0.5995676809903495,0.5995676809903495,0.3208539717836612,0.07957834722598912,False
19887,SEG_A,0.8485909840409223,0.8485909840409223,0.1338437239142846,0.017565292044793075,False
19888,SEG_A,0.7884047869347242,0.7884047869347242,0.14658375057945439,0.0650114624858216,False
19891,SEG_A,0.8732086131273391,0.8732086131273391,0.11427312297727682,0.012518263895384022,False
19892,SEG_A,0.8506620211743986,0.8506620211743986,0.13089165451105908,0.018446324314542385,False
19897,SEG_A,0.742492388424346,0.742492388424346,0.23717821937296255,0.02032939220269157,False
19898,SEG_B,0.8142094325973006,0.023564388049366523,0.8142094325973006,0.16222617935333286,False
19900,SEG_A,0.9391543416947902,0.9391543416947902,0.045504198901232536,0.015341459403977353,False
19901,SEG_B,0.47732846003146706,0.3790461416971332,0.47732846003146706,0.1436253982713999,False
19903,SEG_B,0.5764963118008541,0.3581733829290572,0.5764963118008541,0.06533030527008865,False
19905,SEG_A,0.8216938107095245,0.8216938107095245,0.15920298607836728,0.01910320321210805,False
19908,SEG_A,0.9467004194904914,0.9467004194904914,0.0491882456112152,0.004111334898293465,False
19909,SEG_A,0.510121915641139,0.510121915641139,0.2789840757134005,0.21089400864546054,False
19911,SEG_A,0.9588419541276845,0.9588419541276845,0.0353070565693926,0.005850989302922999,False
19913,SEG_A,0.9132799286500142,0.9132799286500142,0.04410951786255565,0.04261055348743016,False
19914,SEG_A,0.8300131758598517,0.8300131758598517,0.13197270438986483,0.03801411975028352,False
19917,SEG_A,0.5360463723745779,0.5360463723745779,0.4370192088638064,0.0269344187616158,False
19919,SEG_A,0.976460294624499,0.976460294624499,0.014224799229846907,0.009314906145653919,False
19921,SEG_A,0.8506620211743986,0.8506620211743986,0.13089165451105908,0.018446324314542385,False
19922,SEG_A,0.7544698309305482,0.7544698309305482,0.16962201512320366,0.07590815394624813,False
19923,SEG_A,0.9378979448203689,0.9378979448203689,0.05469385584766663,0.0074081993319645295,False
19926,SEG_A,0.9399728038185959,0.9399728038185959,0.03583075896549732,0.024196437215906738,False
19928,SEG_A,0.7588984518608946,0.7588984518608946,0.1614093473272446,0.07969220081186074,False
19930,SEG_B,0.6723780287261858,0.2324561747072617,0.6723780287261858,0.09516579656655251,False
19931,SEG_A,0.8275082427525177,0.8275082427525177,0.16129721390048576,0.01119454334699655,False
19932,SEG_A,0.7255969754723967,0.7255969754723967,0.20231770725443085,0.07208531727317245,False
19934,SEG_A,0.9393192012629874,0.9393192012629874,0.04806076803756702,0.012620030699445547,False
19935,SEG_A,0.7906516843548609,0.7906516843548609,0.18923219190790497,0.020116123737234134,False
19937,SEG_A,0.616339170509537,0.616339170509537,0.2085864802293974,0.17507434926106558,False
19938,SEG_A,0.902412000333006,0.902412000333006,0.06865567470416382,0.02893232496283021,False
19939,SEG_A,0.77155011682233,0.77155011682233,0.09634651673673518,0.1321033664409348,False
19943,SEG_A,0.7770856987514351,0.7770856987514351,0.2067563136338239,0.016157987614741007,False
19944,SEG_A,0.9581161697948415,0.9581161697948415,0.03053687296474046,0.011346957240418199,False
19945,SEG_A,0.7946784466758482,0.7946784466758482,0.16818595112527981,0.037135602198871916,False
19946,SEG_A,0.8234914030118007,0.8234914030118007,0.1473482652798218,0.029160331708377556,False
19947,SEG_A,0.766340737363154,0.766340737363154,0.2214494474377594,0.012209815199086644,False
19948,SEG_A,0.915015297707356,0.915015297707356,0.07503865933551486,0.009946042957129144,False
19949,SEG_A,0.9050192041963645,0.9050192041963645,0.07686091595794803,0.01811987984568747,False
19950,SEG_A,0.8963515275807734,0.8963515275807734,0.09817085785922744,0.005477614559999221,False
19951,SEG_A,0.8529144089942381,0.8529144089942381,0.09437252098997426,0.052713070015787664,False
19953,SEG_A,0.834366641995749,0.834366641995749,0.13622087542368688,0.029412482580564187,False
19954,SEG_A,0.8948871361871403,0.8948871361871403,0.07554075128851769,0.029572112524342022,False
19955,SEG_A,0.8767641404705868,0.8767641404705868,0.09837585443270089,0.024860005096712285,False
19956,SEG_A,0.8351502935685824,0.8351502935685824,0.11040947530798766,0.05444023112342991,False
19958,SEG_A,0.9182822687810364,0.9182822687810364,0.06884898581737894,0.012868745401584728,False
19960,SEG_A,0.8281237301494068,0.8281237301494068,0.12126144751656258,0.05061482233403061,False
19961,SEG_A,0.8932114378994253,0.8932114378994253,0.07616305751145584,0.03062550458911889,False
19962,SEG_A,0.9405630836252266,0.9405630836252266,0.04918337325026772,0.010253543124505805,False
19963,SEG_A,0.9269711991254002,0.9269711991254002,0.05049015130066687,0.022538649573932968,False
19964,SEG_A,0.7946784466758482,0.7946784466758482,0.16818595112527981,0.037135602198871916,False
19965,SEG_A,0.9730097976444243,0.9730097976444243,0.01846180686292038,0.008528395492655367,False
19966,SEG_A,0.8882212805000496,0.8882212805000496,0.07654150421725915,0.03523721528269131,False
19967,SEG_A,0.8912092045489731,0.8912092045489731,0.08764438852239867,0.021146406928628337,False
19968,SEG_A,0.8578638485106405,0.8578638485106405,0.11493368989033867,0.027202461599020913,False
19970,SEG_A,0.6407244535513368,0.6407244535513368,0.2690665875964052,0.0902089588522579,False
19971,SEG_A,0.9177617418640692,0.9177617418640692,0.07182171660631669,0.010416541529614106,False
19972,SEG_A,0.8383288141379478,0.8383288141379478,0.14626875910176498,0.015402426760287394,False
19973,SEG_A,0.821153624716374,0.821153624716374,0.11902583969326971,0.059820535590356355,False
19976,SEG_A,0.7667157777051131,0.7667157777051131,0.2126940216440854,0.020590200650801516,False
19977,SEG_A,0.9233023954729553,0.9233023954729553,0.0657136261532309,0.010983978373813716,False
19978,SEG_A,0.786600109557888,0.786600109557888,0.1819495755250857,0.03145031491702635,False
19979,SEG_A,0.9744519475507782,0.9744519475507782,0.021933650730089366,0.0036144017191324547,False
19980,SEG_A,0.8397929724158633,0.8397929724158633,0.060788768277248426,0.09941825930688837,False
19981,SEG_A,0.8585805175320242,0.8585805175320242,0.10392267583510238,0.03749680663287326,False
19992,SEG_A,0.939691552219331,0.939691552219331,0.0554083582368259,0.0049000895438431466,False
19993,SEG_B,0.5110807354533137,0.41260857504624254,0.5110807354533137,0.07631068950044366,False
19995,SEG_A,0.8724826170825011,0.8724826170825011,0.12070680938878194,0.006810573528717117,False
19997,SEG_A,0.9020929100220224,0.9020929100220224,0.07640246730521551,0.021504622672762236,False
19999,SEG_A,0.7099132230322459,0.7099132230322459,0.2724231347066207,0.017663642261133452,False
20000,SEG_A,0.6204533736971601,0.6204533736971601,0.29570839141155547,0.08383823489128443,False
20003,SEG_A,0.7628875647560054,0.7628875647560054,0.22944184563063424,0.007670589613360244,False
20004,SEG_A,0.7296754590974583,0.7296754590974583,0.2498394217893682,0.020485119113173487,False
20005,SEG_A,0.9390391640849264,0.9390391640849264,0.040462917672060776,0.02049791824301288,False
20008,SEG_A,0.8767024484330213,0.8767024484330213,0.09553069948336698,0.02776685208361184,False
20010,SEG_A,0.9884326767862499,0.9884326767862499,0.009550278896194668,0.002017044317555514,False
20011,SEG_A,0.9226456012895051,0.9226456012895051,0.05797171066681541,0.01938268804367946,False
20012,SEG_A,0.8684954688336212,0.8684954688336212,0.12191868689559313,0.009585844270785696,False
20013,SEG_A,0.9299341442567621,0.9299341442567621,0.060796371656742794,0.009269484086495116,False
20014,SEG_A,0.838209681285212,0.838209681285212,0.14830133063944315,0.013488988075344826,False
20015,SEG_B,0.7054760927665518,0.26945047023043295,0.7054760927665518,0.025073437003015314,False
20016,SEG_A,0.9338051522335092,0.9338051522335092,0.0506160212512011,0.015578826515289669,False
20017,SEG_A,0.9289773383838762,0.9289773383838762,0.06277907926348543,0.008243582352638413,False
20018,SEG_A,0.7428164172813402,0.7428164172813402,0.22496267081663845,0.0322209119020213,False
20019,SEG_A,0.7287376910714389,0.7287376910714389,0.25093174040033256,0.020330568528228437,False
20020,SEG_A,0.926953255624756,0.926953255624756,0.05069769316981559,0.022349051205428388,False
20021,SEG_A,0.7137035219158264,0.7137035219158264,0.22528533072320867,0.06101114736096492,False
20022,SEG_A,0.9540102302254607,0.9540102302254607,0.02685354605872609,0.01913622371581318,False
20023,SEG_A,0.9562534595068842,0.9562534595068842,0.033841990600133286,0.009904549892982461,False
20025,SEG_B,0.8536854536627925,0.01456740345881844,0.8536854536627925,0.13174714287838912,False
20027,SEG_A,0.7716455093860474,0.7716455093860474,0.21818015617366018,0.010174334440292306,False
20029,SEG_A,0.9423978200303205,0.9423978200303205,0.04830646931195356,0.009295710657726032,False
20030,SEG_A,0.7338378834032511,0.7338378834032511,0.15924147555805912,0.10692064103868981,False
20032,SEG_A,0.9478217459048671,0.9478217459048671,0.035914759763324235,0.01626349433180863,False
20033,SEG_A,0.9234450645448248,0.9234450645448248,0.06506877853359694,0.011486156921578308,False
20034,SEG_A,0.8909427430512449,0.8909427430512449,0.09147810471281534,0.01757915223593975,False
20035,SEG_A,0.9322100057218174,0.9322100057218174,0.05194573229058628,0.015844261987596295,False
20038,SEG_A,0.769961382149899,0.769961382149899,0.11313815635016061,0.11690046149994025,False
20039,SEG_A,0.8824735122513606,0.8824735122513606,0.10331518587674263,0.01421130187189673,False
20042,SEG_A,0.95258673582273,0.95258673582273,0.034999189365274685,0.012414074811995333,False
20044,SEG_A,0.8380387251792827,0.8380387251792827,0.07867675462951823,0.08328452019119913,False
20046,SEG_A,0.7554417825126898,0.7554417825126898,0.1412778987850577,0.10328031870225247,False
20047,SEG_A,0.8231650964541193,0.8231650964541193,0.08854460080371224,0.08829030274216855,False
20048,SEG_A,0.9801708462811826,0.9801708462811826,0.014561905209600294,0.005267248509217136,False
20049,SEG_A,0.4710507608174608,0.4710507608174608,0.4137908282294833,0.1151584109530558,False
20050,SEG_A,0.8444228620985095,0.8444228620985095,0.12384856569561577,0.03172857220587478,False
20051,SEG_B,0.84880027504024,0.10797446960705843,0.84880027504024,0.04322525535270149,False
20052,SEG_A,0.7660360123113855,0.7660360123113855,0.09068309673079616,0.14328089095781849,False
20053,SEG_A,0.8997984895365141,0.8997984895365141,0.08853547931355599,0.011666031149929958,False
20054,SEG_A,0.9895563942551634,0.9895563942551634,0.008116084807519174,0.0023275209373175257,False
20055,SEG_A,0.8109503075552236,0.8109503075552236,0.09942739107989701,0.08962230136487949,False
20061,SEG_A,0.9596849215501797,0.9596849215501797,0.03229243819668633,0.008022640253133949,False
20062,SEG_A,0.851603034932232,0.851603034932232,0.13046022158368556,0.01793674348408245,False
20063,SEG_A,0.8510118217298414,0.8510118217298414,0.13126511230323623,0.017723065966922476,False
20064,SEG_A,0.622048738571705,0.622048738571705,0.19019649701121233,0.18775476441708275,False
20065,SEG_A,0.7700112542353722,0.7700112542353722,0.1749049859850835,0.05508375977954431,False
20066,SEG_A,0.8009111632900933,0.8009111632900933,0.1611891869030736,0.037899649806833226,False
20068,SEG_A,0.7963987414487567,0.7963987414487567,0.19925776907696804,0.004343489474275278,False
20072,SEG_A,0.9537779409300561,0.9537779409300561,0.034085057171932755,0.012137001898011217,False
20074,SEG_A,0.9603856068531572,0.9603856068531572,0.031103391547624096,0.00851100159921866,False
20075,SEG_A,0.8823048656495499,0.8823048656495499,0.047959925186631,0.06973520916381908,False
20080,SEG_A,0.7884038079171015,0.7884038079171015,0.1558681712949593,0.05572802078793915,False
20081,SEG_A,0.9258106470704982,0.9258106470704982,0.05841729262748674,0.01577206030201502,False
20086,SEG_A,0.7794215509776844,0.7794215509776844,0.18477302213563973,0.03580542688667591,False
20087,SEG_A,0.9039796489103709,0.9039796489103709,0.08041650321410206,0.015603847875527117,False
20088,SEG_A,0.9127734309196288,0.9127734309196288,0.06952559692472285,0.01770097215564833,False
20090,SEG_A,0.763809598330526,0.763809598330526,0.0890332516879527,0.1471571499815213,False
20092,SEG_A,0.7213481779937554,0.7213481779937554,0.20742722701812707,0.07122459498811756,False
20093,SEG_A,0.9223342204234803,0.9223342204234803,0.06611886321236708,0.011546916364152629,False
20094,SEG_A,0.8990650327233287,0.8990650327233287,0.07331656355568227,0.027618403720988977,False
20098,SEG_A,0.9032369801712068,0.9032369801712068,0.09044308684950121,0.006319932979292169,False
20099,SEG_A,0.8404431875267397,0.8404431875267397,0.14860449845270943,0.010952314020550857,False
20100,SEG_A,0.8258724295503131,0.8258724295503131,0.16147718304696468,0.012650387402722103,False
20101,SEG_A,0.9190080547806222,0.9190080547806222,0.07019293753404014,0.010799007685337743,False
20102,SEG_A,0.8955110428314207,0.8955110428314207,0.08773511287970472,0.016753844288874678,False
20103,SEG_A,0.8980615555143509,0.8980615555143509,0.09597310455362627,0.005965339932022978,False
20104,SEG_A,0.7031316085469002,0.7031316085469002,0.14679305728566924,0.15007533416743057,False
20105,SEG_A,0.9462185703462084,0.9462185703462084,0.047773804269149185,0.006007625384642541,False
20108,SEG_A,0.5735284303765615,0.5735284303765615,0.34203909967782153,0.08443246994561682,False
20109,SEG_A,0.9870095898894493,0.9870095898894493,0.010099092809016054,0.002891317301534752,False
20111,SEG_A,0.5319825614922904,0.5319825614922904,0.2531095400257294,0.21490789848198028,False
20112,SEG_A,0.8254232126151889,0.8254232126151889,0.1392664823494911,0.03531030503531997,False
20113,SEG_A,0.9417151543969862,0.9417151543969862,0.05373828067421191,0.004546564928801889,False
20114,SEG_A,0.7257398351642554,0.7257398351642554,0.19364032831166766,0.08061983652407699,False
20118,SEG_A,0.9293358623747573,0.9293358623747573,0.06213416693100616,0.008529970694236548,False
20124,SEG_A,0.597783904708888,0.597783904708888,0.33096446841143,0.07125162687968221,False
20125,SEG_A,0.7946784466758482,0.7946784466758482,0.16818595112527981,0.037135602198871916,False
20126,SEG_A,0.8791744515911035,0.8791744515911035,0.1108503853798936,0.009975163029002788,False
20129,SEG_A,0.8550152886568761,0.8550152886568761,0.12637829714820528,0.01860641419491862,False
20131,SEG_B,0.48347565611212345,0.483130876429185,0.48347565611212345,0.03339346745869168,False
20132,SEG_A,0.7050055581333848,0.7050055581333848,0.1511146518589874,0.14387979000762777,False
20134,SEG_A,0.9057108985514012,0.9057108985514012,0.08550941809607752,0.008779683352521332,False
20135,SEG_A,0.9424337750595517,0.9424337750595517,0.051404482753062315,0.006161742187385919,False
20136,SEG_A,0.8351066274461988,0.8351066274461988,0.14433156486861734,0.020561807685183876,False
20137,SEG_A,0.7611158141846878,0.7611158141846878,0.16468039344853697,0.07420379236677531,False
20139,SEG_A,0.8442702146623975,0.8442702146623975,0.09409334787118938,0.06163643746641317,False
20143,SEG_A,0.8651549364177351,0.8651549364177351,0.11615457988015239,0.018690483702112532,False
20144,SEG_A,0.8612903873553028,0.8612903873553028,0.11944327732834639,0.019266335316350722,False
20146,SEG_A,0.8236397283360111,0.8236397283360111,0.16020424523492363,0.016156026429065322,False
20149,SEG_A,0.9619362349665449,0.9619362349665449,0.026213384605031278,0.01185038042842383,False
20152,SEG_A,0.8218471641066424,0.8218471641066424,0.14958765864788723,0.028565177245470474,False
20155,SEG_A,0.7577175714051843,0.7577175714051843,0.07150795435341431,0.17077447424140152,False
20158,SEG_A,0.9671010067225626,0.9671010067225626,0.021387181562521878,0.011511811714915506,False
20162,SEG_B,0.657777137258236,0.005976371582127649,0.657777137258236,0.3362464911596363,False
20164,SEG_A,0.977706955431144,0.977706955431144,0.01873290896115446,0.0035601356077015187,False
20165,SEG_A,0.9753817041143565,0.9753817041143565,0.021529345741531373,0.003088950144112101,False
20166,SEG_A,0.8752134506309626,0.8752134506309626,0.11760939318074802,0.007177156188289548,False
20176,SEG_A,0.9790433459455709,0.9790433459455709,0.018094029499500813,0.0028626245549284064,False
20177,SEG_A,0.76306595751822,0.76306595751822,0.22394854667598213,0.012985495805797827,False
20178,SEG_A,0.7737478943656145,0.7737478943656145,0.16974617368075454,0.05650593195363091,False
20179,SEG_A,0.8259338120611192,0.8259338120611192,0.16204733448285008,0.01201885345603079,False
20180,SEG_A,0.9396256482635734,0.9396256482635734,0.043278938679604036,0.017095413056822505,False
20181,SEG_A,0.9592409860358084,0.9592409860358084,0.025500241627087486,0.015258772337104152,False
20182,SEG_A,0.6678613027067193,0.6678613027067193,0.3164424668188004,0.015696230474480127,False
20183,SEG_A,0.6152999236483638,0.6152999236483638,0.37584884258797124,0.00885123376366483,False
20184,SEG_A,0.9151979214974258,0.9151979214974258,0.052351771042150975,0.03245030746042318,False
20185,SEG_A,0.9383848199974021,0.9383848199974021,0.02629637674162487,0.03531880326097318,False
20187,SEG_A,0.827269702128904,0.827269702128904,0.1534887306012311,0.019241567269864798,False
20188,SEG_A,0.8088323433684911,0.8088323433684911,0.1756670049086697,0.015500651722839097,False
20192,SEG_A,0.7010538407210096,0.7010538407210096,0.23751390432789526,0.061432254951094944,False
20194,SEG_A,0.8071423348966774,0.8071423348966774,0.13269651981875225,0.06016114528457032,False
20196,SEG_A,0.8504186839393668,0.8504186839393668,0.12169215341371874,0.027889162646914472,False
20197,SEG_A,0.7946784466758482,0.7946784466758482,0.16818595112527981,0.037135602198871916,False
20198,SEG_B,0.5905410663310193,0.3409521581232979,0.5905410663310193,0.06850677554568281,False
20201,SEG_A,0.42634294045707405,0.42634294045707405,0.28449228003374843,0.28916477950917746,True
20203,SEG_A,0.7702953349636621,0.7702953349636621,0.19058495027700012,0.03911971475933782,False
20204,SEG_A,0.8255294418562007,0.8255294418562007,0.09512834704905629,0.07934221109474311,False
20205,SEG_A,0.8860878018748305,0.8860878018748305,0.09241434848927199,0.021497849635897567,False
20206,SEG_A,0.9554823239664185,0.9554823239664185,0.03529924240499856,0.009218433628583001,False
20211,SEG_A,0.9447007598807816,0.9447007598807816,0.028947985778061194,0.026351254341157145,False
20212,SEG_A,0.846332845977563,0.846332845977563,0.13553087017036358,0.018136283852073335,False
20213,SEG_A,0.8002788483028729,0.8002788483028729,0.1515137612459373,0.04820739045118982,False
20218,SEG_A,0.7236214700035938,0.7236214700035938,0.10199921543749692,0.1743793145589093,False
20219,SEG_A,0.7984479481875429,0.7984479481875429,0.1654294838046425,0.036122568007814486,False
20222,SEG_A,0.6889893123877652,0.6889893123877652,0.0684717130392858,0.24253897457294912,False
20227,SEG_A,0.8760003971701266,0.8760003971701266,0.1115335748404039,0.012466027989469464,False
20228,SEG_A,0.9284123752814137,0.9284123752814137,0.045653834719239006,0.02593378999934716,False
20229,SEG_A,0.6737286120365835,0.6737286120365835,0.1359936522469142,0.19027773571650217,False
20231,SEG_A,0.9718903601675423,0.9718903601675423,0.025070476510077454,0.0030391633223802654,False
20233,SEG_C,0.5018210279324906,0.40358864795607285,0.09459032411143653,0.5018210279324906,False
20234,SEG_A,0.8724192514441264,0.8724192514441264,0.10696635852630272,0.020614390029570995,False
20236,SEG_A,0.9603622695195424,0.9603622695195424,0.03566067534424997,0.003977055136207631,False
20237,SEG_A,0.7779736866132301,0.7779736866132301,0.17600774059830424,0.046018572788465606,False
20240,SEG_A,0.4824726142854044,0.4824726142854044,0.3799359122260847,0.1375914734885109,False
20245,SEG_A,0.8223041156581112,0.8223041156581112,0.16087137474523813,0.016824509596650574,False
20249,SEG_A,0.8788211224847705,0.8788211224847705,0.07844502180202967,0.04273385571319974,False
20251,SEG_A,0.9291391125786965,0.9291391125786965,0.03818088077281604,0.03268000664848742,False
20253,SEG_A,0.9468388512873298,0.9468388512873298,0.03259347503766198,0.02056767367500825,False
20254,SEG_A,0.7354448013350722,0.7354448013350722,0.23839839598775736,0.02615680267717039,False
20256,SEG_A,0.7405528143284491,0.7405528143284491,0.19333378341235685,0.06611340225919397,False
20258,SEG_B,0.6823457467119675,0.24413646384856125,0.6823457467119675,0.07351778943947125,False
20259,SEG_A,0.9179839397697349,0.9179839397697349,0.0466296556935853,0.035386404536679766,False
20262,SEG_A,0.9445524870721749,0.9445524870721749,0.04342466450549584,0.012022848422329358,False
20264,SEG_A,0.7680069615775359,0.7680069615775359,0.20058190639656773,0.031411132025896245,False
20265,SEG_B,0.6884430601362012,0.10522915829135233,0.6884430601362012,0.20632778157244655,False
20267,SEG_A,0.6695720055254779,0.6695720055254779,0.16603720566515062,0.1643907888093715,False
20271,SEG_A,0.8127946025283505,0.8127946025283505,0.045568045462991806,0.14163735200865765,False
20272,SEG_A,0.8975231701328578,0.8975231701328578,0.06935177122198008,0.03312505864516217,False
20274,SEG_B,0.629638019187273,0.00495781836119833,0.629638019187273,0.36540416245152857,False
20276,SEG_A,0.7870948310129248,0.7870948310129248,0.08467577720337778,0.1282293917836975,False
20280,SEG_A,0.9316789035340858,0.9316789035340858,0.05894501199756131,0.009376084468352879,False
20281,SEG_A,0.9609503276565262,0.9609503276565262,0.02773706706207171,0.01131260528140207,False
20284,SEG_A,0.7520272216866253,0.7520272216866253,0.09802593164083802,0.1499468466725367,False
20287,SEG_A,0.8788630410894035,0.8788630410894035,0.09206404689424096,0.029072912016355534,False
20288,SEG_B,0.6539515323586088,0.01953681257100085,0.6539515323586088,0.3265116550703903,False
20290,SEG_A,0.9080449568823336,0.9080449568823336,0.08110271981085579,0.010852323306810721,False
20291,SEG_A,0.6785574499411348,0.6785574499411348,0.11387320522820711,0.20756934483065823,False
20292,SEG_B,0.7885867443013893,0.03591058677012305,0.7885867443013893,0.17550266892848773,False
20293,SEG_A,0.9028950737560277,0.9028950737560277,0.0685397706519046,0.028565155592067626,False
20296,SEG_A,0.9524760763645115,0.9524760763645115,0.03390583797162992,0.013618085663858737,False
20297,SEG_A,0.7681605329401102,0.7681605329401102,0.2000091821523083,0.03183028490758141,False
20298,SEG_A,0.9285797942363686,0.9285797942363686,0.06558753245121468,0.0058326733124165865,False
20299,SEG_A,0.9283473568878369,0.9283473568878369,0.06274947162588287,0.008903171486280215,False
20300,SEG_A,0.9682818653447655,0.9682818653447655,0.026897977023090623,0.00482015763214405,False
20301,SEG_A,0.7672398922095716,0.7672398922095716,0.22499395734474245,0.007766150445686019,False
20302,SEG_A,0.6275951362933714,0.6275951362933714,0.33819931016370985,0.03420555354291896,False
20303,SEG_A,0.8809102814780807,0.8809102814780807,0.10448628738158984,0.01460343114032956,False
20307,SEG_A,0.9530225909872626,0.9530225909872626,0.028774127120464735,0.018203281892272678,False
20314,SEG_A,0.7650578284273195,0.7650578284273195,0.12823050402600308,0.10671166754667732,False
20321,SEG_A,0.8657780522231234,0.8657780522231234,0.11811004344811137,0.01611190432876526,False
20322,SEG_A,0.7882334276761189,0.7882334276761189,0.17208380280799918,0.03968276951588212,False
20323,SEG_A,0.6970014026079676,0.6970014026079676,0.2761689470211647,0.02682965037086763,False
20326,SEG_A,0.9588216384084612,0.9588216384084612,0.029746979704957058,0.01143138188658167,False
20327,SEG_A,0.9227706085829215,0.9227706085829215,0.0642806812019799,0.012948710215098582,False
20330,SEG_A,0.7882334276761189,0.7882334276761189,0.17208380280799918,0.03968276951588212,False
20332,SEG_A,0.8121833291903755,0.8121833291903755,0.16631941969868613,0.021497251110938413,False
20333,SEG_A,0.5039764732736564,0.5039764732736564,0.28490461760359714,0.2111189091227466,False
20335,SEG_A,0.8079155671885463,0.8079155671885463,0.16414506855096928,0.027939364260484392,False
20339,SEG_A,0.7413487727276964,0.7413487727276964,0.241098227228864,0.0175530000434395,False
20344,SEG_A,0.9332963656600965,0.9332963656600965,0.056614006579412096,0.010089627760491295,False
20345,SEG_A,0.6039838188713871,0.6039838188713871,0.3041859646460128,0.09183021648260015,False
20348,SEG_A,0.9061926699895096,0.9061926699895096,0.05197106828414415,0.041836261726346274,False
20350,SEG_A,0.9708109464715903,0.9708109464715903,0.025237574397876064,0.003951479130533766,False
20351,SEG_A,0.7875558626708714,0.7875558626708714,0.18750645028004018,0.024937687049088275,False
20352,SEG_A,0.8925712410313706,0.8925712410313706,0.0732872909761056,0.03414146799252378,False
20353,SEG_A,0.749331154876967,0.749331154876967,0.15606251178978361,0.09460633333324939,False
20355,SEG_A,0.7466230135295976,0.7466230135295976,0.2358045319402548,0.017572454530147646,False
20356,SEG_A,0.9136580155536003,0.9136580155536003,0.07631673078335431,0.010025253663045441,False
20357,SEG_A,0.7946784466758482,0.7946784466758482,0.16818595112527981,0.037135602198871916,False
20358,SEG_A,0.8493792738334212,0.8493792738334212,0.1397178430467406,0.0109028831198382,False
20359,SEG_A,0.9308882054666492,0.9308882054666492,0.05355573783685208,0.015556056696498594,False
20360,SEG_A,0.9027276553514307,0.9027276553514307,0.07120141878464925,0.026070925863919993,False
20361,SEG_A,0.9427834660827903,0.9427834660827903,0.049798393711163465,0.007418140206046261,False
20363,SEG_A,0.7951961917850409,0.7951961917850409,0.17135937266468687,0.033444435550272364,False
20364,SEG_A,0.6947567068959508,0.6947567068959508,0.16403317641920018,0.14121011668484895,False
20366,SEG_A,0.7946784466758482,0.7946784466758482,0.16818595112527981,0.037135602198871916,False
20367,SEG_A,0.9422705972467715,0.9422705972467715,0.046877570317523404,0.01085183243570517,False
20369,SEG_A,0.9835903550229177,0.9835903550229177,0.011800063823664452,0.004609581153417795,False
20370,SEG_A,0.9128005054862268,0.9128005054862268,0.07708041067383654,0.010119083839936701,False
20371,SEG_A,0.9239428434419389,0.9239428434419389,0.06681885219215872,0.009238304365902323,False
20373,SEG_A,0.8515832417726819,0.8515832417726819,0.14334103392556624,0.005075724301751905,False
20374,SEG_A,0.8874755526017273,0.8874755526017273,0.08128650199035854,0.031237945407914282,False
20376,SEG_A,0.9423602948988538,0.9423602948988538,0.04844928106809681,0.009190424033049425,False
20378,SEG_A,0.827411445146872,0.827411445146872,0.15363505532586888,0.018953499527259086,False
20379,SEG_A,0.700579109885954,0.700579109885954,0.20002352802368387,0.09939736209036219,False
20380,SEG_A,0.7487527315764316,0.7487527315764316,0.2179621259820592,0.033285142441509215,False
20381,SEG_A,0.9518673289729771,0.9518673289729771,0.03743053734579775,0.010702133681225133,False
20384,SEG_A,0.7003205713319617,0.7003205713319617,0.23024786312702059,0.06943156554101772,False
20386,SEG_B,0.43628596225651783,0.31873042326863416,0.43628596225651783,0.24498361447484798,True
20387,SEG_A,0.6463792002163555,0.6463792002163555,0.19010986730214896,0.16351093248149554,False
20391,SEG_A,0.8741981611190087,0.8741981611190087,0.04354397318303614,0.08225786569795526,False
20396,SEG_A,0.6966157994761887,0.6966157994761887,0.2866861972115045,0.016698003312306812,False
20397,SEG_A,0.572933135678207,0.572933135678207,0.2713737392711071,0.15569312505068583,False
20398,SEG_A,0.8919531297385136,0.8919531297385136,0.05071532148334961,0.05733154877813681,False
20401,SEG_A,0.9554338638264847,0.9554338638264847,0.03176084848906021,0.01280528768445515,False
20403,SEG_B,0.829235110358278,0.04060665113322412,0.829235110358278,0.13015823850849784,False
20404,SEG_A,0.8174278403560165,0.8174278403560165,0.17314936200333797,0.009422797640645538,False
20405,SEG_B,0.6646137003744206,0.0848878225353997,0.6646137003744206,0.25049847709017986,False
20408,SEG_A,0.9066187679462453,0.9066187679462453,0.08453401273950537,0.008847219314249396,False
20410,SEG_A,0.7946784466758482,0.7946784466758482,0.16818595112527981,0.037135602198871916,False
20413,SEG_A,0.7235133518800848,0.7235133518800848,0.2575881051029855,0.0188985430169296,False
20415,SEG_A,0.603634743430683,0.603634743430683,0.3696609009764639,0.02670435559285312,False
20419,SEG_A,0.9504964628500182,0.9504964628500182,0.03971194685510812,0.009791590294873628,False
20424,SEG_A,0.7946784466758482,0.7946784466758482,0.16818595112527981,0.037135602198871916,False
20425,SEG_A,0.9460999655291084,0.9460999655291084,0.04368054190872154,0.010219492562170066,False
20426,SEG_A,0.8202056720845594,0.8202056720845594,0.15902029374755317,0.02077403416788745,False
20427,SEG_B,0.5158729599341664,0.437958539106627,0.5158729599341664,0.0461685009592066,False
20428,SEG_A,0.887416035166647,0.887416035166647,0.09185762514867298,0.02072633968467996,False
20429,SEG_A,0.851603034932232,0.851603034932232,0.13046022158368556,0.01793674348408245,False
20430,SEG_A,0.941011834827834,0.941011834827834,0.04262774483072721,0.01636042034143871,False
20431,SEG_A,0.8363172314673346,0.8363172314673346,0.14810157176954827,0.01558119676311699,False
20432,SEG_A,0.8443878278405611,0.8443878278405611,0.12222121716913356,0.033390954990305345,False
20433,SEG_A,0.9075395980802055,0.9075395980802055,0.07777472291417675,0.014685679005617753,False
20435,SEG_A,0.8191196427713879,0.8191196427713879,0.1391180309903802,0.04176232623823198,False
20436,SEG_A,0.9271868129314673,0.9271868129314673,0.062283866079253375,0.010529320989279362,False
20443,SEG_A,0.9142907240015326,0.9142907240015326,0.07291226933108247,0.012797006667385011,False
20445,SEG_A,0.9571338663261336,0.9571338663261336,0.037519896107431665,0.005346237566434786,False
20446,SEG_A,0.9618609955685979,0.9618609955685979,0.02279336661854992,0.015345637812852218,False
20447,SEG_A,0.9795937473711747,0.9795937473711747,0.017612081761034425,0.0027941708677909427,False
20449,SEG_A,0.8652011592802087,0.8652011592802087,0.12009501560026156,0.014703825119529633,False
20450,SEG_A,0.8217860973595211,0.8217860973595211,0.16786017671945697,0.010353725921021888,False
20452,SEG_A,0.9326753849191426,0.9326753849191426,0.057305090210913345,0.01001952486994404,False
20453,SEG_A,0.8182404203206922,0.8182404203206922,0.1107326114690864,0.07102696821022145,False
20457,SEG_A,0.9444512768089519,0.9444512768089519,0.04304673438705745,0.01250198880399069,False
20460,SEG_A,0.8176440207253637,0.8176440207253637,0.15555194685733406,0.026804032417302306,False
20462,SEG_A,0.8222172443055601,0.8222172443055601,0.14947636208405884,0.028306393610380953,False
20464,SEG_A,0.9163271107749897,0.9163271107749897,0.07199914525069731,0.011673743974313111,False
20465,SEG_A,0.8960547457825554,0.8960547457825554,0.049586252385663956,0.05435900183178062,False
20466,SEG_A,0.8810580451597372,0.8810580451597372,0.10241275204570784,0.016529202794554942,False
20467,SEG_A,0.5704128299724678,0.5704128299724678,0.11787486841637125,0.3117123016111609,False
20468,SEG_A,0.9274936298060276,0.9274936298060276,0.03391562907040846,0.03859074112356385,False
20470,SEG_A,0.9694783537495639,0.9694783537495639,0.017825979529942075,0.01269566672049401,False
20471,SEG_A,0.7442501804653832,0.7442501804653832,0.1581514144971091,0.09759840503750775,False
20474,SEG_A,0.9219477425486462,0.9219477425486462,0.062425482443212325,0.015626775008141428,False
20475,SEG_A,0.8690302851808956,0.8690302851808956,0.09903385422778067,0.03193586059132365,False
20476,SEG_A,0.9653937879933064,0.9653937879933064,0.00986975626798575,0.02473645573870763,False
20478,SEG_A,0.7927099002813953,0.7927099002813953,0.20022722332633636,0.007062876392268294,False
20479,SEG_A,0.9277360442784791,0.9277360442784791,0.0424343077126736,0.029829648008847364,False
20481,SEG_A,0.7597108642708233,0.7597108642708233,0.1987456144387141,0.04154352129046246,False
20483,SEG_A,0.9286301955737278,0.9286301955737278,0.05855446212055459,0.01281534230571751,False
20484,SEG_A,0.7527143129855555,0.7527143129855555,0.17352931672550667,0.07375637028893775,False
20486,SEG_A,0.4583629087215993,0.4583629087215993,0.2792126427775285,0.26242444850087215,False
20487,SEG_A,0.9331487989877951,0.9331487989877951,0.06203698161741889,0.004814219394785959,False
20490,SEG_A,0.9684709402648639,0.9684709402648639,0.021376980217363277,0.010152079517772916,False
20492,SEG_A,0.6502226413230778,0.6502226413230778,0.2819600137103546,0.06781734496656751,False
20494,SEG_A,0.8874099401908997,0.8874099401908997,0.09825980797079067,0.01433025183830957,False
20495,SEG_A,0.9356134211059284,0.9356134211059284,0.0488950757742289,0.01549150311984266,False
20496,SEG_A,0.7969783419675176,0.7969783419675176,0.16857622681302334,0.034445431219459165,False
20499,SEG_A,0.8265832825684659,0.8265832825684659,0.15343039695200508,0.01998632047952895,False
20502,SEG_A,0.9438415275382649,0.9438415275382649,0.03021694214797123,0.02594153031376381,False
20506,SEG_A,0.9272189289764704,0.9272189289764704,0.06246840360313513,0.01031266742039432,False
20507,SEG_A,0.8179198817910711,0.8179198817910711,0.16300388200991872,0.019076236199010308,False
20518,SEG_A,0.7397813941381725,0.7397813941381725,0.14424008473837832,0.11597852112344918,False
20519,SEG_A,0.846192305414047,0.846192305414047,0.1440943803339743,0.009713314251978728,False
20522,SEG_A,0.7058126089650306,0.7058126089650306,0.18092765572572145,0.11325973530924793,False
20526,SEG_A,0.8713696726326108,0.8713696726326108,0.11403320222847804,0.014597125138911213,False
20527,SEG_A,0.7400668970194214,0.7400668970194214,0.16394676982373363,0.09598633315684509,False
20528,SEG_A,0.9622751612060264,0.9622751612060264,0.02992617799828692,0.007798660795686598,False
20529,SEG_A,0.9288201977641294,0.9288201977641294,0.05613398616946013,0.015045816066410454,False
20530,SEG_A,0.8785391265642465,0.8785391265642465,0.10965047192048062,0.011810401515272887,False
20531,SEG_A,0.9077345100803903,0.9077345100803903,0.08494340856575903,0.007322081353850721,False
20535,SEG_A,0.8731718780618266,0.8731718780618266,0.1085402441098039,0.018287877828369548,False
20536,SEG_A,0.9311666721873433,0.9311666721873433,0.05440140261519207,0.014431925197464624,False
20539,SEG_B,0.5163038801554329,0.26173190525035755,0.5163038801554329,0.2219642145942095,False
20541,SEG_A,0.5164238160642374,0.5164238160642374,0.36084920829359624,0.1227269756421665,False
20543,SEG_A,0.9228661849400827,0.9228661849400827,0.0717958361554386,0.005337978904478745,False
20546,SEG_A,0.8907904204992869,0.8907904204992869,0.05493854875784464,0.054271030742868535,False
20547,SEG_A,0.9648529390140523,0.9648529390140523,0.01959147403213476,0.015555586953812916,False
20553,SEG_A,0.8979767278342531,0.8979767278342531,0.030718016807152315,0.07130525535859465,False
20557,SEG_A,0.7680069615775359,0.7680069615775359,0.20058190639656773,0.031411132025896245,False
20563,SEG_A,0.9599463683172073,0.9599463683172073,0.0277254870685287,0.012328144614264099,False
20567,SEG_A,0.9628940692503494,0.9628940692503494,0.03243884752452842,0.0046670832251222245,False
20569,SEG_A,0.96192712138186,0.96192712138186,0.03188008839684501,0.006192790221294995,False
20579,SEG_A,0.9388145890866483,0.9388145890866483,0.03972616223114564,0.021459248682205993,False
20592,SEG_A,0.7744788762240107,0.7744788762240107,0.19110601916254302,0.03441510461344634,False
20599,SEG_A,0.9061955494520902,0.9061955494520902,0.0875983192630609,0.006206131284848907,False
20601,SEG_A,0.9615125266058283,0.9615125266058283,0.03355510353196834,0.004932369862203422,False
20603,SEG_A,0.8950306636400851,0.8950306636400851,0.09891741114991016,0.006051925210004769,False
20607,SEG_A,0.9313724578831729,0.9313724578831729,0.03703860660719877,0.03158893550962832,False
20612,SEG_A,0.9035373621908144,0.9035373621908144,0.08119110882807459,0.015271528981110939,False
20613,SEG_A,0.9284007302772057,0.9284007302772057,0.055695080951047936,0.015904188771746246,False
20614,SEG_A,0.9459835753480699,0.9459835753480699,0.039532585966437675,0.014483838685492544,False
20616,SEG_A,0.7250486719311453,0.7250486719311453,0.19321501526295293,0.08173631280590177,False
20621,SEG_A,0.9025138008900124,0.9025138008900124,0.0909039882443184,0.006582210865669173,False
20628,SEG_A,0.8155647171382692,0.8155647171382692,0.08235787685461872,0.10207740600711218,False
20629,SEG_A,0.823176701387195,0.823176701387195,0.14998532151331354,0.026837977099491286,False
20630,SEG_A,0.9332502281197956,0.9332502281197956,0.04267316451643763,0.024076607363766656,False
20633,SEG_A,0.8348044077083896,0.8348044077083896,0.13716736186103645,0.028028230430573984,False
20636,SEG_A,0.936857337989188,0.936857337989188,0.030082970816994063,0.03305969119381796,False
20637,SEG_A,0.9229060441596639,0.9229060441596639,0.052136907068945824,0.02495704877139031,False
20643,SEG_A,0.8897600799385734,0.8897600799385734,0.04082234148742606,0.0694175785740005,False
20645,SEG_A,0.9783436495685034,0.9783436495685034,0.01626651256054196,0.005389837870954565,False
20647,SEG_A,0.9873655777059906,0.9873655777059906,0.0062738145799669165,0.006360607714042373,False
20648,SEG_A,0.9477219818860743,0.9477219818860743,0.04510311568990181,0.00717490242402406,False
20653,SEG_A,0.6650470140144248,0.6650470140144248,0.30370000942839454,0.03125297655718065,False
20655,SEG_A,0.9379408091575369,0.9379408091575369,0.04850201479725924,0.013557176045203853,False
20661,SEG_A,0.7946784466758482,0.7946784466758482,0.16818595112527981,0.037135602198871916,False
20663,SEG_A,0.7618678504866312,0.7618678504866312,0.08033621856588698,0.15779593094748182,False
20664,SEG_A,0.9535776127837228,0.9535776127837228,0.03140838937834509,0.015013997837932103,False
20666,SEG_A,0.8509146018548692,0.8509146018548692,0.12840343697160744,0.020681961173523233,False
20671,SEG_A,0.9330291851197071,0.9330291851197071,0.04888110917946728,0.01808970570082562,False
20674,SEG_A,0.8571689797994387,0.8571689797994387,0.09438998648364011,0.048441033716921204,False
20677,SEG_A,0.8197383764383239,0.8197383764383239,0.10962222018974539,0.07063940337193073,False
20678,SEG_A,0.9273244210664996,0.9273244210664996,0.040401012083104385,0.03227456685039615,False
20679,SEG_A,0.983326473464208,0.983326473464208,0.012038945019302758,0.004634581516489298,False
20690,SEG_A,0.818980830968602,0.818980830968602,0.1387184917245027,0.042300677306895344,False
20692,SEG_A,0.7387533337663964,0.7387533337663964,0.14301149990354536,0.1182351663300583,False
20695,SEG_A,0.9749759040307191,0.9749759040307191,0.0155566862899959,0.00946740967928506,False
20696,SEG_A,0.9803875402656428,0.9803875402656428,0.016618409318175497,0.002994050416181845,False
20698,SEG_A,0.8554404991817636,0.8554404991817636,0.133907084627931,0.010652416190305469,False
20699,SEG_A,0.8256000298265538,0.8256000298265538,0.02740590415061582,0.1469940660228304,False
20700,SEG_A,0.8844673692161783,0.8844673692161783,0.08553525632326324,0.02999737446055846,False
20701,SEG_A,0.9368436548506679,0.9368436548506679,0.04938265716508334,0.013773687984248627,False
20702,SEG_A,0.9470886178559622,0.9470886178559622,0.047507662421852316,0.005403719722185499,False
20704,SEG_A,0.9525410612518443,0.9525410612518443,0.03294580696830621,0.014513131779849375,False
20707,SEG_A,0.926037598730253,0.926037598730253,0.053267383290219995,0.02069501797952697,False
20708,SEG_A,0.9276225351309544,0.9276225351309544,0.05134006596841805,0.021037398900627603,False
20709,SEG_A,0.9578796193223261,0.9578796193223261,0.019047289515209676,0.02307309116246413,False
20712,SEG_A,0.7811125006628268,0.7811125006628268,0.18538513497382766,0.03350236436334558,False
20713,SEG_A,0.9540230329927608,0.9540230329927608,0.017580166765335102,0.028396800241904125,False
20714,SEG_A,0.8325469337653406,0.8325469337653406,0.14238129442038763,0.025071771814271702,False
20717,SEG_A,0.9319823994994898,0.9319823994994898,0.05620866571744701,0.011808934783063241,False
20719,SEG_A,0.8805571513491076,0.8805571513491076,0.09629449447895685,0.02314835417193549,False
20721,SEG_A,0.9117176039185859,0.9117176039185859,0.07533985293577933,0.01294254314563479,False
20722,SEG_A,0.9510092236842588,0.9510092236842588,0.04440801594096918,0.004582760374772127,False
20723,SEG_A,0.9796194337313473,0.9796194337313473,0.013983632477713451,0.006396933790939186,False
20726,SEG_A,0.8890587007508616,0.8890587007508616,0.08393868575655178,0.027002613492586595,False
20727,SEG_A,0.9416516098120264,0.9416516098120264,0.0298306353821099,0.028517754805863643,False
20730,SEG_A,0.7825489945449269,0.7825489945449269,0.1574431975054474,0.06000780794962576,False
20731,SEG_A,0.9267855564242595,0.9267855564242595,0.05226849411603245,0.02094594945970793,False
20734,SEG_A,0.8113149688055099,0.8113149688055099,0.11518112521173238,0.0735039059827578,False
20735,SEG_A,0.9792070876680115,0.9792070876680115,0.015119696873706854,0.005673215458281615,False
20736,SEG_A,0.9509607492450207,0.9509607492450207,0.044253312602906374,0.004785938152073025,False
20737,SEG_A,0.9810722461597569,0.9810722461597569,0.01516142486370575,0.0037663289765374045,False
20741,SEG_A,0.9436529319766602,0.9436529319766602,0.04252540550819709,0.013821662515142693,False
20742,SEG_A,0.9561589280949876,0.9561589280949876,0.0403604222247532,0.0034806496802591113,False
20743,SEG_A,0.8052909768048397,0.8052909768048397,0.1900179432258924,0.004691079969267815,False
20745,SEG_A,0.909203854143897,0.909203854143897,0.02929712466324382,0.06149902119285907,False
20746,SEG_A,0.8238365792922357,0.8238365792922357,0.15019631681286705,0.02596710389489706,False
20751,SEG_A,0.7946784466758482,0.7946784466758482,0.16818595112527981,0.037135602198871916,False
20752,SEG_A,0.8310192034918326,0.8310192034918326,0.1058193919557805,0.06316140455238696,False
20754,SEG_A,0.9094248994176423,0.9094248994176423,0.08592546700682964,0.004649633575528116,False
20757,SEG_A,0.5343823848666385,0.5343823848666385,0.433628604446698,0.03198901068666348,False
20758,SEG_A,0.8242614048138737,0.8242614048138737,0.1336076363019478,0.04213095888417851,False
20763,SEG_A,0.9778090489327986,0.9778090489327986,0.017117678929193546,0.00507327213800779,False
20769,SEG_A,0.9762112567335172,0.9762112567335172,0.020045867192575804,0.003742876073907098,False
20770,SEG_A,0.8172859929501066,0.8172859929501066,0.14959339545914146,0.03312061159075176,False
20776,SEG_A,0.6500149336920141,0.6500149336920141,0.2618439145584528,0.08814115174953305,False
20783,SEG_A,0.9270685883198864,0.9270685883198864,0.05965334428043482,0.01327806739967899,False
20792,SEG_A,0.9454546616196535,0.9454546616196535,0.0470840655612787,0.007461272819067794,False
20795,SEG_A,0.9658614036916064,0.9658614036916064,0.023271563619447672,0.010867032688945817,False
20796,SEG_A,0.8280723122213365,0.8280723122213365,0.1563251881841035,0.015602499594560173,False
20800,SEG_A,0.9674881913441141,0.9674881913441141,0.01679210458068143,0.015719704075204257,False
20804,SEG_A,0.9301897410682852,0.9301897410682852,0.051302703414917356,0.01850755551679746,False
20808,SEG_A,0.9275989184800002,0.9275989184800002,0.04469851806936237,0.02770256345063741,False
20812,SEG_A,0.7837028112599803,0.7837028112599803,0.17172432090897452,0.044572867831045165,False
20818,SEG_A,0.8116468459552026,0.8116468459552026,0.14235482636704833,0.04599832767774895,False
20822,SEG_A,0.9409132011345438,0.9409132011345438,0.03679646348265645,0.02229033538279973,False
20825,SEG_A,0.8791522163542067,0.8791522163542067,0.1073555939774943,0.013492189668299015,False
20833,SEG_A,0.7528322653264566,0.7528322653264566,0.1275576770487237,0.1196100576248197,False
20836,SEG_A,0.8511341684113204,0.8511341684113204,0.14507763112728178,0.003788200461397858,False
20837,SEG_A,0.7906823157188336,0.7906823157188336,0.17253347533446928,0.03678420894669713,False
20839,SEG_A,0.9493804950163861,0.9493804950163861,0.040721426590183976,0.009898078393429864,False
20841,SEG_A,0.9662244844280984,0.9662244844280984,0.028723434674818495,0.0050520808970830125,False
20843,SEG_A,0.9273787839692872,0.9273787839692872,0.04685907761420483,0.025762138416507877,False
20845,SEG_A,0.900288062814597,0.900288062814597,0.08800695468537585,0.011704982500027224,False
20854,SEG_A,0.7681605329401102,0.7681605329401102,0.2000091821523083,0.03183028490758141,False
20855,SEG_A,0.8901498262274752,0.8901498262274752,0.06556250078649524,0.04428767298602954,False
20862,SEG_A,0.833118989425324,0.833118989425324,0.14915520973265653,0.01772580084201931,False
20863,SEG_A,0.9694436039408552,0.9694436039408552,0.02203906648155846,0.008517329577586354,False
20865,SEG_A,0.7882095126799195,0.7882095126799195,0.17262404159760755,0.03916644572247313,False
20870,SEG_A,0.6633180906433506,0.6633180906433506,0.18278102396238038,0.15390088539426902,False
20872,SEG_A,0.7906823157188336,0.7906823157188336,0.17253347533446928,0.03678420894669713,False
20875,SEG_A,0.8792032567979039,0.8792032567979039,0.11197705853827945,0.00881968466381678,False
20879,SEG_A,0.7639551392463122,0.7639551392463122,0.14574195587816513,0.09030290487552252,False
20882,SEG_A,0.7984479481875429,0.7984479481875429,0.1654294838046425,0.036122568007814486,False
20886,SEG_A,0.7884038079171015,0.7884038079171015,0.1558681712949593,0.05572802078793915,False
20888,SEG_A,0.6969501803534516,0.6969501803534516,0.22871904438966356,0.0743307752568848,False
20891,SEG_A,0.9491240184125996,0.9491240184125996,0.044975169275796555,0.005900812311603721,False
20907,SEG_A,0.7900738810547427,0.7900738810547427,0.17290427558239618,0.03702184336286109,False
