NUEVO_ID,ATSEG,Predicted,Prob_SEG_A,Prob_SEG_B,Prob_SEG_C,Max_Prob,ORAL_TRX_mean,UC_TRX_mean,TOTAL_TRX_mean,N_CLMOTHERS_mean,IL23_TRX_mean
8524,SEG_B,SEG_A,0.9384905695915222,0.04775272682309151,0.0137566477060318,0.9384905695915222,0.0,0.0219786067798414,-0.2948015687207197,0.1162790697674418,0.0
16432,SEG_C,SEG_A,0.9332755208015442,0.0555596724152565,0.011164786294102669,0.9332755208015442,0.0,0.0,-0.316288484073719,0.0,0.0
8460,SEG_B,SEG_C,0.002001893939450383,0.06930495798587799,0.9286931753158569,0.9286931753158569,0.476402547023336,7.379286144452582,5.994650534373295,8.048394542615258,0.2939503243092528
17365,SEG_B,SEG_A,0.928127646446228,0.056537456810474396,0.015334933064877987,0.928127646446228,0.0,0.0,-0.316288484073719,0.0232558139534883,0.0
5088,SEG_B,SEG_C,0.0015703471144661307,0.07604322582483292,0.9223864078521729,0.9223864078521729,0.5529979187531248,7.552692040905661,6.179935020840787,8.707611861625159,0.4218412130804154
17036,SEG_B,SEG_A,0.922102689743042,0.059563037008047104,0.0183342844247818,0.922102689743042,0.0,0.0,-0.3130430258571354,0.5581395348837209,0.0
2908,SEG_B,SEG_A,0.9199949502944946,0.05358859896659851,0.02641645260155201,0.9199949502944946,0.0,0.0660777322477072,-0.2413704257000652,0.0813953488372093,0.0
8186,SEG_B,SEG_A,0.9189239740371704,0.04246150702238083,0.03861454129219055,0.9189239740371704,0.0,0.2095684104092384,-0.1869581316341512,0.127906976744186,0.0151817003633448
10842,SEG_B,SEG_A,0.9184129238128662,0.06477953493595123,0.016807617619633675,0.9184129238128662,0.0,0.0086921043762084,-0.3077908339341147,0.0116279069767441,0.0
422,SEG_C,SEG_B,0.019713355228304863,0.9179895520210266,0.06229705736041069,0.9179895520210266,0.2416157749920015,2.37219058769269,1.864622760848477,1.976744186046512,0.0649883720930232
4669,SEG_C,SEG_A,0.9177043437957764,0.06295090913772583,0.01934467814862728,0.9177043437957764,0.0,0.0,-0.316288484073719,0.0,0.0
16658,SEG_A,SEG_B,0.0254992563277483,0.9165136814117432,0.057987045496702194,0.9165136814117432,0.535848554573477,4.818818826988681,4.167148174946464,1.058139534883721,0.0115116279069767
4614,SEG_C,SEG_B,0.017340322956442833,0.9141336679458618,0.06852603703737259,0.9141336679458618,0.2546655554210242,1.9908555514164583,1.5049637229321535,1.569767441860465,0.0022255813953488
16195,SEG_B,SEG_A,0.9127721786499023,0.0683588758111,0.018868928775191307,0.9127721786499023,0.0,0.1648306813545491,-0.1435557834808654,0.5697674418604651,0.0
15467,SEG_B,SEG_A,0.9120093584060669,0.05986941233277321,0.028121300041675568,0.9120093584060669,0.0,0.0,-0.2217310679539492,0.0,0.0
1890,SEG_C,SEG_B,0.011475115083158016,0.9111901521682739,0.07733473181724548,0.9111901521682739,0.3164031160369134,2.305004168662303,1.7947433957264969,1.197674418604651,0.038560465116279
7511,SEG_B,SEG_C,0.0030750224832445383,0.08689180761575699,0.9100332260131836,0.9100332260131836,0.5465069575935334,7.552692040905661,6.197780328637101,8.707352038131217,0.4262706831022857
3495,SEG_B,SEG_A,0.9057066440582275,0.06348881870508194,0.030804507434368134,0.9057066440582275,0.0,0.0,-0.2750073704108354,0.0,0.0
7449,SEG_C,SEG_A,0.90386563539505,0.053073227405548096,0.04306109994649887,0.90386563539505,0.0,0.1547726748620793,-0.1775823070500767,0.2790697674418604,0.0
12694,SEG_C,SEG_A,0.9021804928779602,0.048284925520420074,0.04953451454639435,0.9021804928779602,0.0,0.0857414010253135,-0.232577959127046,0.127906976744186,0.0
7094,SEG_B,SEG_C,0.0021267884876579046,0.09610651433467865,0.9017667174339294,0.9017667174339294,0.5331928284483795,7.552692040905661,6.373308661421223,8.707611861625159,0.3672964549774763
9965,SEG_B,SEG_A,0.9008206725120544,0.07240347564220428,0.026775814592838287,0.9008206725120544,0.0,0.0,-0.1471245487945972,0.0,0.0
4550,SEG_B,SEG_A,0.8962998986244202,0.05392860248684883,0.04977153241634369,0.8962998986244202,0.0,0.3923420786546751,0.0837600739270787,0.4186046511627907,0.0
13791,SEG_B,SEG_A,0.8948720097541809,0.0883965790271759,0.016731448471546173,0.8948720097541809,0.0,0.0,-0.2997942478588647,0.2209302325581395,0.0
11855,SEG_B,SEG_A,0.894863486289978,0.08080929517745972,0.02432716079056263,0.894863486289978,0.0,0.0173930782466783,-0.2021635562294217,0.0116279069767441,0.0
11950,SEG_B,SEG_C,0.001630242564715445,0.10455236583948135,0.8938174247741699,0.8938174247741699,0.5529979187531248,7.552692040905661,6.138551230382129,8.707611861625159,0.3872113235093714
15394,SEG_B,SEG_A,0.893701434135437,0.054837264120578766,0.051461249589920044,0.893701434135437,0.0,0.1639171234456211,-0.1475159857398034,0.2209302325581395,0.0
13454,SEG_B,SEG_A,0.8936848044395447,0.08461624383926392,0.02169894427061081,0.8936848044395447,0.0,0.0,-0.2880226488389436,0.0,0.0
15343,SEG_B,SEG_A,0.8920630812644958,0.06537751108407974,0.04255940765142441,0.8920630812644958,0.0,0.0,-0.2123353425444888,0.0,0.0
4674,SEG_B,SEG_A,0.8909239768981934,0.05815830081701279,0.050917740911245346,0.8909239768981934,0.0,0.0947528071949337,-0.172829321104645,0.127906976744186,0.0
13018,SEG_C,SEG_A,0.8901618719100952,0.03830472379922867,0.07153333723545074,0.8901618719100952,0.0,0.3160555585120536,-0.0421178720694875,0.4069767441860465,0.0
15059,SEG_B,SEG_A,0.8898513317108154,0.08065372705459595,0.029494985938072205,0.8898513317108154,0.0021325581395348,0.0565341564224008,-0.2769218191412666,0.1046511627906976,0.0048744186046511
15171,SEG_B,SEG_A,0.8886534571647644,0.08283994346857071,0.028506554663181305,0.8886534571647644,0.0,0.0,-0.2896267970795831,0.0,0.0
1507,SEG_B,SEG_A,0.8871505260467529,0.05986984074115753,0.05297963321208954,0.8871505260467529,0.0,0.0,-0.1184344504150966,0.0,0.0
1598,SEG_B,SEG_A,0.8861469030380249,0.05813465267419815,0.05571844428777695,0.8861469030380249,0.0,0.3334308977702092,-0.0423662363337718,0.5930232558139535,0.0
1071,SEG_B,SEG_A,0.8840712308883667,0.07293897867202759,0.04298979789018631,0.8840712308883667,0.002153488372093,0.0082131516860908,-0.2691293390865008,0.0,0.0
8926,SEG_C,SEG_A,0.8831806778907776,0.07696537673473358,0.03985399380326271,0.8831806778907776,0.0,0.1333705852092314,-0.0628912821046425,0.1976744186046511,0.0
8274,SEG_B,SEG_A,0.8825554847717285,0.08469878137111664,0.032745685428380966,0.8825554847717285,0.0,0.0,-0.2529853260694528,0.0,0.0
4153,SEG_C,SEG_A,0.8820309042930603,0.1055101677775383,0.012458953075110912,0.8820309042930603,0.0062232558139534,0.0313181842371348,-0.2837355909658623,0.0116279069767441,0.0
295,SEG_C,SEG_A,0.8819194436073303,0.09428120404481888,0.023799309507012367,0.8819194436073303,0.0063279069767441,0.2102158834903233,-0.1359413439169955,0.5232558139534884,0.0
16707,SEG_C,SEG_A,0.8793609738349915,0.08465956896543503,0.035979416221380234,0.8793609738349915,0.0,0.0521526262572508,-0.1840626943249075,0.2209302325581395,0.0
17346,SEG_B,SEG_A,0.8780058026313782,0.08475906401872635,0.03723509982228279,0.8780058026313782,0.0,0.0,-0.3144675590438038,0.0,0.0
6551,SEG_B,SEG_A,0.8777523636817932,0.07525964081287384,0.04698801413178444,0.8777523636817932,0.0,0.1477657743955439,-0.1547550917770989,0.1976744186046511,0.0
9644,SEG_C,SEG_A,0.8774574995040894,0.056447383016347885,0.06609508395195007,0.8774574995040894,0.0,0.2041402799212388,-0.1336044901286044,0.2906976744186046,0.0
3460,SEG_B,SEG_A,0.877001941204071,0.0759178102016449,0.04708019271492958,0.877001941204071,0.0,0.0,-0.3002884989384131,0.0,0.0
5436,SEG_B,SEG_C,0.0030913816299289465,0.1220848336815834,0.8748237490653992,0.8748237490653992,0.517014789729049,7.455371094107851,5.912426599323172,7.930036884896273,0.2634446055956852
8930,SEG_B,SEG_A,0.8723636865615845,0.09718142449855804,0.030454937368631363,0.8723636865615845,0.0,0.0,-0.2629242321766124,0.0,0.0
6963,SEG_C,SEG_A,0.8721242547035217,0.06262169778347015,0.0652540996670723,0.8721242547035217,0.0,0.072463768115942,-0.1953939267814716,0.0813953488372093,0.0
12174,SEG_B,SEG_A,0.8716220855712891,0.05827484652400017,0.0701029896736145,0.8716220855712891,0.0,0.0586096180795771,-0.2585007469508796,0.0813953488372093,0.0
12007,SEG_B,SEG_A,0.8712238669395447,0.07655813544988632,0.0522180013358593,0.8712238669395447,0.0,0.171846451315346,-0.0968843601120798,0.2441860465116279,0.0
7062,SEG_B,SEG_A,0.8707940578460693,0.0821945071220398,0.04701147601008415,0.8707940578460693,0.004213953488372,0.1029925673638089,-0.1229378333717337,0.3953488372093023,0.0
2508,SEG_B,SEG_A,0.870652437210083,0.07289504259824753,0.05645257234573364,0.870652437210083,0.0,0.0439572135596828,0.0162235749093872,0.1627906976744186,0.0
16135,SEG_B,SEG_A,0.8697564601898193,0.08656247705221176,0.043681077659130096,0.8697564601898193,0.0,0.0674879818352757,-0.2477473794782988,0.0930232558139534,0.0096232558139534
12400,SEG_B,SEG_A,0.8690946698188782,0.09883809089660645,0.03206726536154747,0.8690946698188782,0.0171395348837209,0.2376669682294716,-0.1039834902797287,0.3023255813953488,0.0024372093023255
12170,SEG_B,SEG_A,0.8683324456214905,0.08650370687246323,0.0451638400554657,0.8683324456214905,0.0,0.5908945771912086,0.2860444057962397,0.686046511627907,0.0048744186046511
4813,SEG_C,SEG_B,0.0578506663441658,0.8674042820930481,0.07474497705698013,0.8674042820930481,0.1991958758075546,5.568422548641767,4.969835195249467,6.0958813142473245,0.0048744186046511
1689,SEG_B,SEG_A,0.8672303557395935,0.08891238272190094,0.04385724291205406,0.8672303557395935,0.0186209302325581,0.3522430950987175,-0.0133574365772173,0.2093023255813953,0.0
3089,SEG_B,SEG_A,0.8670458793640137,0.08700783550739288,0.045946281403303146,0.8670458793640137,0.0,0.193310627428024,-0.1381698093107489,0.1860465116279069,0.0046511627906976
13792,SEG_B,SEG_A,0.8669752478599548,0.11480030417442322,0.018224481493234634,0.8669752478599548,0.0,0.0,-0.316288484073719,0.0116279069767441,0.0
4000,SEG_B,SEG_C,0.0020026378333568573,0.13270600140094757,0.8652913570404053,0.8652913570404053,0.4802701645405828,7.497351624387564,6.025512757510679,8.518187644575995,0.3906803284149627
10422,SEG_B,SEG_A,0.8618736863136292,0.0823526531457901,0.055773667991161346,0.8618736863136292,0.0,0.6971777269260108,0.3914443775533209,0.6627906976744186,0.0
16960,SEG_B,SEG_A,0.8617759346961975,0.08497414737939835,0.05324992164969444,0.8617759346961975,0.0,0.0869210437620846,-0.2483072829568849,0.1046511627906976,0.0
893,SEG_C,SEG_A,0.8617451190948486,0.06298559159040451,0.07526931911706924,0.8617451190948486,0.0,0.0,-0.2390391461719697,0.0,0.0
1061,SEG_B,SEG_C,0.0015180669724941254,0.13799896836280823,0.860482931137085,0.860482931137085,0.5040702523689738,7.552692040905661,6.154323175834656,8.707611861625159,0.3896136490907667
13079,SEG_B,SEG_A,0.8594616651535034,0.06998436152935028,0.07055400311946869,0.8594616651535034,0.0,0.2294715555319036,0.1906322697644689,0.3255813953488372,0.0
6032,SEG_C,SEG_A,0.859205961227417,0.07220406085252762,0.06858998537063599,0.859205961227417,0.0,0.0586096180795771,-0.2333112840370527,0.1511627906976744,0.0
4245,SEG_C,SEG_A,0.8590497374534607,0.071968674659729,0.0689816102385521,0.8590497374534607,0.0,0.0361786670924023,-0.2215725112166504,0.1511627906976744,0.0
11832,SEG_C,SEG_A,0.8589692115783691,0.09994399547576904,0.04108685627579689,0.8589692115783691,0.0,0.2161140971741791,-0.1266744458565904,0.2906976744186046,0.0097488372093023
18011,SEG_B,SEG_A,0.8589411377906799,0.06887464225292206,0.0721842423081398,0.8589411377906799,0.0,0.2785642062689585,-0.0259587108346278,0.3953488372093023,0.0
4637,SEG_B,SEG_A,0.8585479259490967,0.0857626423239708,0.055689454078674316,0.8585479259490967,0.0,0.3554095045500506,0.6274125869675261,0.5116279069767442,0.0012186046511627
18503,SEG_B,SEG_C,0.002894425066187978,0.13904902338981628,0.8580565452575684,0.8580565452575684,0.4966620689198946,7.538571199071288,5.995021202371967,8.57762629692943,0.3382042322305194
13165,SEG_B,SEG_C,0.0017560343258082867,0.14176622033119202,0.856477677822113,0.856477677822113,0.4885919501644705,7.03126530053426,5.87346187568959,7.531310342265715,0.3203372858644036
8038,SEG_B,SEG_C,0.002105145249515772,0.1421176642179489,0.8557772040367126,0.8557772040367126,0.5529979187531248,7.552692040905661,6.283515291617954,8.707611861625159,0.3830101034513407
18336,SEG_B,SEG_A,0.855258584022522,0.12218671292066574,0.02255472168326378,0.855258584022522,0.0064790697674418,0.0433008709843364,-0.2335484997807458,0.0232558139534883,0.0048744186046511
13651,SEG_B,SEG_A,0.8551415205001831,0.08827380836009979,0.05658465996384621,0.8551415205001831,0.0,0.2109431820197612,0.0950888289346225,0.1744186046511628,0.0
15413,SEG_B,SEG_A,0.8548614978790283,0.09602233022451401,0.04911620542407036,0.8548614978790283,0.0,0.0439838220424671,-0.2732886401530072,0.0348837209302325,0.0
15048,SEG_B,SEG_A,0.8546671867370605,0.0912339836359024,0.05409887805581093,0.8546671867370605,0.0,0.0454384191013428,-0.2718665844153592,0.0697674418604651,0.0
4608,SEG_C,SEG_A,0.854241132736206,0.06017528846859932,0.08558350801467896,0.854241132736206,0.0,0.1867294626860376,-0.113589179493659,0.3023255813953488,0.0
2571,SEG_C,SEG_A,0.8535119891166687,0.0415094792842865,0.10497846454381943,0.8535119891166687,0.0,0.526129530094194,0.1488110722151614,0.7093023255813954,0.0
3756,SEG_B,SEG_C,0.008498045615851879,0.13886380195617676,0.8526381254196167,0.8526381254196167,0.1343594340681677,5.115534267307696,4.60206639037068,6.107249397730126,0.1815562714752498
12762,SEG_B,SEG_A,0.8522570133209229,0.1055569127202034,0.04218604043126106,0.8522570133209229,0.0,0.040045766590389,-0.2737352003389151,0.1046511627906976,0.0059418604651162
4464,SEG_B,SEG_A,0.850615382194519,0.13520194590091705,0.014182649552822113,0.850615382194519,0.0127186046511627,0.0485072641158001,-0.2512882734905522,0.0,0.0
4353,SEG_B,SEG_A,0.8489499688148499,0.08354296535253525,0.06750704348087311,0.8489499688148499,0.0,0.0,-0.2984211217393674,0.0,0.0
9802,SEG_B,SEG_A,0.8482699990272522,0.11689761281013489,0.0348324216902256,0.8482699990272522,0.0124465116279069,0.188583186986678,-0.0993752023166867,0.1744186046511628,0.0
8173,SEG_C,SEG_A,0.8480475544929504,0.06184578314423561,0.09010674059391022,0.8480475544929504,0.0,0.2535256239689213,-0.0726833993573497,0.3720930232558139,0.0
11092,SEG_B,SEG_C,0.005965679418295622,0.14623169600963593,0.8478026390075684,0.8478026390075684,0.5509013632110222,7.552692040905661,6.3828995005042986,8.636025655307094,0.370375677252172
2018,SEG_C,SEG_B,0.11677397787570953,0.8466518521308899,0.036574192345142365,0.8466518521308899,0.114260465116279,0.6482802050627074,0.3601909854502452,0.4418604651162791,0.0
5063,SEG_B,SEG_A,0.8460757732391357,0.08809071779251099,0.06583349406719208,0.8460757732391357,0.0,0.2641246696113388,-0.0494294434906266,0.2209302325581395,0.0
7351,SEG_C,SEG_A,0.8456382751464844,0.09332429617643356,0.06103742867708206,0.8456382751464844,0.0,0.2952211164919376,0.0095679081163707,0.4883720930232558,0.0131930232558139
15070,SEG_C,SEG_A,0.8447363376617432,0.07663285732269287,0.07863081991672516,0.8447363376617432,0.0,0.3059532045482767,-0.0474468649121372,0.3604651162790697,0.0024372093023255
4528,SEG_C,SEG_B,0.028755994513630867,0.8439105153083801,0.12733352184295654,0.8439105153083801,0.3066210409535284,2.5389820342491816,2.1472591723817582,1.802325581395349,0.0193093023255813
16102,SEG_B,SEG_A,0.8429164290428162,0.07913815975189209,0.07794542610645294,0.8429164290428162,0.0,0.0782289393858762,-0.2389338545886072,0.2209302325581395,0.0
7476,SEG_B,SEG_C,0.00731508107855916,0.15011456608772278,0.8425703644752502,0.8425703644752502,0.4486766143144235,7.489466643989147,6.054558524005542,8.671688846719155,0.3741560050502324
13040,SEG_B,SEG_A,0.8415855169296265,0.05961999297142029,0.09879449754953384,0.8415855169296265,0.0,0.1920068117715928,-0.1444365166075795,0.3604651162790697,0.0
18405,SEG_B,SEG_A,0.8413490056991577,0.1360846608877182,0.0225662961602211,0.8413490056991577,0.026960465116279,0.1547371968850336,-0.1335162427743244,0.0581395348837209,0.0022162790697674
11791,SEG_B,SEG_A,0.8406336307525635,0.10670547932386398,0.05266088247299194,0.8406336307525635,0.0,0.1737445230872935,-0.1572343988841569,0.2906976744186046,0.0073116279069767
9212,SEG_B,SEG_A,0.8405504822731018,0.0856521874666214,0.07379738241434097,0.8405504822731018,0.0,0.2974473595515584,0.0051493777886785,0.3604651162790697,0.0218720930232558
628,SEG_C,SEG_A,0.840330183506012,0.09738416224718094,0.06228559836745262,0.840330183506012,0.006460465116279,0.3994288045695635,0.0815702402019546,0.4767441860465116,0.0
4517,SEG_B,SEG_A,0.840263307094574,0.09250546246767044,0.06723128259181976,0.840263307094574,0.0,0.6309226047930747,0.3442241992265404,0.6976744186046512,0.0
9925,SEG_B,SEG_A,0.8402472734451294,0.08299101889133453,0.07676173001527786,0.8402472734451294,0.0,0.2573395065013393,-0.0647060135120069,0.3720930232558139,0.0
19727,SEG_A,SEG_B,0.09526995569467545,0.8389104604721069,0.06581961363554001,0.8389104604721069,0.1404513384474794,0.8447306334592802,0.5313242554332432,0.6046511627906976,0.0
3321,SEG_B,SEG_A,0.8386539220809937,0.06049893796443939,0.10084716230630875,0.8386539220809937,0.0,0.2193514625796037,0.032205598539296,0.1860465116279069,0.0
17159,SEG_B,SEG_A,0.8384897112846375,0.0764322280883789,0.08507806807756424,0.8384897112846375,0.0,0.4891614780125237,0.1086869272447545,0.5116279069767442,0.0
11955,SEG_B,SEG_C,0.0015077644493430853,0.16007359325885773,0.8384186029434204,0.8384186029434204,0.4020249245533805,7.269120956023882,5.943468860365468,7.9868773023102815,0.2161032026523304
11138,SEG_A,SEG_B,0.035644855350255966,0.8383428454399109,0.12601232528686523,0.8383428454399109,0.216179772394569,1.8347967998864707,1.4962451726691417,0.9651162790697676,0.0240023255813953
6535,SEG_B,SEG_A,0.8381947875022888,0.08930651843547821,0.07249866425991058,0.8381947875022888,0.0,0.1173434090788143,-0.1542856151877535,0.1976744186046511,0.0048744186046511
11981,SEG_C,SEG_B,0.02194218896329403,0.8379642367362976,0.14009352028369904,0.8379642367362976,0.2049342039863824,2.595951402860558,2.1507930976372185,2.0,0.0791773542150618
3682,SEG_B,SEG_A,0.8377076983451843,0.09580482542514801,0.06648743897676468,0.8377076983451843,0.0,0.2616234722296134,-0.0556317371129295,0.5581395348837209,0.0
7471,SEG_B,SEG_A,0.8368982672691345,0.09219426661729813,0.07090744376182556,0.8368982672691345,0.0,0.1293970517801075,-0.0963727668893893,0.2093023255813953,0.0
12950,SEG_B,SEG_A,0.8360274434089661,0.0656590387225151,0.09831354022026062,0.8360274434089661,0.0,0.0,-0.316288484073719,0.0,0.0
18351,SEG_A,SEG_B,0.0658687949180603,0.8356730341911316,0.09845812618732452,0.8356730341911316,0.2539307595284849,3.733704125205105,3.076518138579594,3.5932830793078963,0.0652441860465116
12588,SEG_B,SEG_A,0.8350437879562378,0.0791521668434143,0.08580398559570312,0.8350437879562378,0.0021302325581395,0.0863533961293527,-0.2246872839974135,0.1976744186046511,0.0
3483,SEG_B,SEG_A,0.834979236125946,0.12227815389633179,0.04274260625243187,0.834979236125946,0.0149186046511627,0.3504514572579071,0.0366290837650287,0.5581395348837209,0.0
13826,SEG_B,SEG_A,0.8348257541656494,0.08174273371696472,0.08343147486448288,0.8348257541656494,0.0042883720930232,0.7621290334025155,0.4557577153956114,0.8837209302325582,0.0024372093023255
5693,SEG_C,SEG_A,0.834627628326416,0.09987232089042664,0.06549999117851257,0.834627628326416,0.0,0.4290263069199795,0.3869310848006024,0.6744186046511628,0.0
4877,SEG_C,SEG_A,0.8346154689788818,0.09799332171678543,0.06739126145839691,0.8346154689788818,0.0,0.252079896404307,-0.0930988180090724,0.3604651162790697,0.0
2561,SEG_B,SEG_A,0.8344972133636475,0.04649411514401436,0.11900867521762848,0.8344972133636475,0.0,0.5707430862292232,0.1905523720335644,0.9186046511627908,0.0
10298,SEG_B,SEG_A,0.8340849280357361,0.11882929503917694,0.047085803002119064,0.8340849280357361,0.0,0.2501286076667908,-0.048299107375118,0.3255813953488372,0.0
1766,SEG_B,SEG_A,0.8335139155387878,0.08634553849697113,0.08014059066772461,0.8335139155387878,0.0,0.0488620438862576,-0.2211984164145862,0.0813953488372093,0.0
11795,SEG_C,SEG_A,0.8330260515213013,0.1402473896741867,0.02672659605741501,0.8330260515213013,0.0,0.0,-0.2735054169422829,0.0,0.0
12691,SEG_B,SEG_A,0.8329911828041077,0.0924578458070755,0.07455094903707504,0.8329911828041077,0.0,0.6792796944765954,0.3833103354425456,1.1046511627906976,0.0024372093023255
6207,SEG_B,SEG_C,0.003565122140571475,0.16350826621055603,0.8329266309738159,0.8329266309738159,0.5025712834170851,6.989061211987516,5.781740004183384,6.737234962425855,0.286527221002553
5101,SEG_C,SEG_A,0.8324234485626221,0.04873775318264961,0.11883879452943802,0.8324234485626221,0.0,0.3044099125467866,0.0505288114933814,0.6162790697674418,0.0
13339,SEG_C,SEG_A,0.8319510221481323,0.11908183991909027,0.04896712675690651,0.8319510221481323,0.0063883720930232,0.130869387827506,-0.2170994770105118,0.1744186046511628,0.0036558139534883
2209,SEG_B,SEG_A,0.8312205672264099,0.10740944743156433,0.06137000396847725,0.8312205672264099,0.0,0.0,-0.304087047648777,0.0,0.0
11104,SEG_B,SEG_A,0.8309743404388428,0.11811856180429459,0.05090707540512085,0.8309743404388428,0.0127813953488372,0.4611250066521208,0.0778780718238721,0.5,0.0391305375726472
5214,SEG_C,SEG_A,0.8299647569656372,0.05287513881921768,0.11716006696224213,0.8299647569656372,0.0,0.1540098983555957,-0.0127935467407919,0.1860465116279069,0.0
430,SEG_C,SEG_A,0.8299195170402527,0.09318825602531433,0.07689222693443298,0.8299195170402527,0.0,0.0819718659642027,-0.2517317368651847,0.1162790697674418,0.0
9678,SEG_C,SEG_A,0.829840898513794,0.06885337829589844,0.10130570828914642,0.829840898513794,0.0,0.0366310112997356,-0.1815802904065742,0.0581395348837209,0.0
6690,SEG_B,SEG_C,0.0024767140857875347,0.1678602546453476,0.829663097858429,0.829663097858429,0.5403277999977006,7.552692040905661,6.0522894043484285,8.707092214637273,0.1622103698763582
14230,SEG_B,SEG_A,0.8294441103935242,0.13080884516239166,0.039746999740600586,0.8294441103935242,0.0,0.1904812587586256,0.1985563904558754,0.2674418604651162,0.0094976744186046
153,SEG_A,SEG_B,0.08944873511791229,0.8292573094367981,0.08129392564296722,0.8292573094367981,0.1600222247658421,2.693700885175528,2.3447974540800565,3.395608660703245,0.0
6351,SEG_A,SEG_B,0.08261504024267197,0.829094648361206,0.08829031139612198,0.829094648361206,0.1554142169735447,1.4748372447803026,1.158256013174782,1.4767441860465116,0.0397093023255814
6560,SEG_B,SEG_A,0.8284627795219421,0.07826556265354156,0.0932716429233551,0.8284627795219421,0.0,0.2173026094052117,-0.0790108041551775,0.2674418604651162,0.0
3277,SEG_B,SEG_A,0.8283565640449524,0.10797147452831268,0.06367198377847672,0.8283565640449524,0.0,0.0293225480283114,-0.2815521713601939,0.0465116279069767,0.0
8197,SEG_C,SEG_A,0.828152596950531,0.10284408926963806,0.06900327652692795,0.828152596950531,0.0,0.168742128323843,-0.1174496644295302,0.2674418604651162,0.0023744186046511
14254,SEG_C,SEG_A,0.8276912569999695,0.12152129411697388,0.05078741908073425,0.8276912569999695,0.0174744186046511,0.2392279992194845,0.2122647352474104,0.3255813953488372,0.0023744186046511
5285,SEG_B,SEG_A,0.8266599774360657,0.09226716309785843,0.08107292652130127,0.8266599774360657,0.0,0.5483564827133557,0.2447255110357966,0.5697674418604651,0.0
13255,SEG_C,SEG_A,0.8258841037750244,0.08642245829105377,0.08769344538450241,0.8258841037750244,0.0,0.269464105156724,-0.028591619780944,0.4767441860465116,0.0
8970,SEG_C,SEG_A,0.8256441354751587,0.11722737550735474,0.05712849646806717,0.8256441354751587,0.0066255813953488,0.9770723573341848,0.5317497479195622,2.0232558139534884,0.0072209302325581
11911,SEG_C,SEG_A,0.8249974846839905,0.0968763455748558,0.0781262069940567,0.8249974846839905,0.0,0.0338105121245986,-0.2132780118967102,0.0465116279069767,0.0
9063,SEG_C,SEG_A,0.8245413899421692,0.08475553244352341,0.0907030999660492,0.8245413899421692,0.0,0.0659624288223085,-0.2173416476522454,0.0348837209302325,0.0
9871,SEG_C,SEG_B,0.025625796988606453,0.8241791725158691,0.15019498765468597,0.8241791725158691,0.1684724443368194,2.114913167651181,1.6334106859076103,2.0348837209302326,0.0599883720930232
11962,SEG_B,SEG_C,0.0014553198125213385,0.17497597634792328,0.8235687017440796,0.8235687017440796,0.5043096115959129,7.152753798283991,5.834998207104007,7.792320765632943,0.3004842550140721
14298,SEG_C,SEG_A,0.8233165740966797,0.08140005171298981,0.09528335928916931,0.8233165740966797,0.0,0.1893637024816845,-0.1662616037518488,0.4534883720930232,0.0047837209302325
7851,SEG_B,SEG_C,0.0020454544574022293,0.1748201847076416,0.8231344223022461,0.8231344223022461,0.5395510558116542,7.061971489667355,5.882223918693207,5.419384121644619,0.3678000385894902
17245,SEG_A,SEG_B,0.05227777734398842,0.822159469127655,0.12556275725364685,0.822159469127655,0.1898944056174888,2.049083781242794,1.664551873748635,1.9186046511627908,0.0698
10396,SEG_B,SEG_C,0.007638881448656321,0.17024070024490356,0.8221203684806824,0.8221203684806824,0.296862637933472,6.6790433511868414,5.9149635214457765,6.854553326169068,0.2354878765986739
10724,SEG_C,SEG_B,0.028244348242878914,0.8219282627105713,0.14982736110687256,0.8219282627105713,0.2242087104194245,2.025331275610665,1.416184025830102,1.5813953488372092,0.0024372093023255
13526,SEG_B,SEG_A,0.820793092250824,0.0573495477437973,0.12185738980770111,0.820793092250824,0.0,0.10262891809909,-0.2048008007115234,0.0813953488372093,0.0
1216,SEG_B,SEG_A,0.8207929134368896,0.0926361009478569,0.08657100051641464,0.8207929134368896,0.0,0.2742358930693772,-0.0299151969200354,0.3023255813953488,0.0071232558139534
17997,SEG_B,SEG_A,0.8204497694969177,0.11868421733379364,0.060866016894578934,0.8204497694969177,0.0,0.44717329217888,0.1037252162193632,0.4186046511627907,0.0121860465116279
16958,SEG_B,SEG_A,0.8201642632484436,0.12456594407558441,0.055269837379455566,0.8201642632484436,0.0,0.3555070689869264,-0.0148554036879306,0.686046511627907,0.0097488372093023
1228,SEG_B,SEG_A,0.8195174932479858,0.07722894847393036,0.10325361043214798,0.8195174932479858,0.0,0.6707732425097122,0.3006285288164482,0.7674418604651163,0.0
15087,SEG_C,SEG_A,0.8190586566925049,0.10140988230705261,0.07953141629695892,0.8190586566925049,0.0021418604651162,0.4455058272577297,0.0883947616817914,0.627906976744186,0.0
18194,SEG_B,SEG_A,0.8190547227859497,0.16434679925441742,0.01659846119582653,0.8190547227859497,0.0454186046511627,0.2688343710641619,0.0722242981346804,0.1395348837209302,0.0
7748,SEG_B,SEG_C,0.001903315307572484,0.17904694378376007,0.8190497159957886,0.8190497159957886,0.3462464466920955,7.330478531472224,6.174568954060511,8.2843303875714,0.2737335877177238
11392,SEG_A,SEG_B,0.13272187113761902,0.8188441395759583,0.04843400791287422,0.8188441395759583,0.1330488372093023,0.8784524506412644,0.8621659256481125,0.5813953488372093,0.0513234083212073
12201,SEG_C,SEG_A,0.8185844421386719,0.1405799686908722,0.040835533291101456,0.8185844421386719,0.0088651162790697,0.4085643836588438,0.0827858170998485,0.5813953488372093,0.0
4651,SEG_C,SEG_B,0.014957684092223644,0.8184239268302917,0.16661833226680756,0.8184239268302917,0.3327694390208763,3.028099771760564,2.3846844748635303,2.4186046511627906,0.0661468166424146
9051,SEG_B,SEG_A,0.8180854916572571,0.10968726873397827,0.07222726196050644,0.8180854916572571,0.0,0.0439749525482057,-0.1762444845791186,0.0232558139534883,0.0
18361,SEG_B,SEG_A,0.8177083134651184,0.1393415331840515,0.042950183153152466,0.8177083134651184,0.0086627906976744,0.1016887517073776,-0.2145675241117726,0.0697674418604651,0.0
7434,SEG_B,SEG_A,0.8174774646759033,0.09470102936029434,0.08782154321670532,0.8174774646759033,0.0,0.2287886044737729,-0.0295912298440203,0.5813953488372093,0.0581303850653933
7057,SEG_A,SEG_B,0.08628231287002563,0.816494882106781,0.09722276777029037,0.816494882106781,0.2266141291451539,1.550201337519735,1.1323836473183793,1.0930232558139534,0.0504906976744186
10107,SEG_C,SEG_A,0.8158573508262634,0.11513662338256836,0.06900596618652344,0.8158573508262634,0.0,0.1422134709878842,0.6212677553378335,0.2790697674418604,0.0
2624,SEG_B,SEG_A,0.8152872323989868,0.12160918116569519,0.06310354918241501,0.8152872323989868,0.0,0.0293225480283114,-0.2746580500989741,0.0232558139534883,0.0
13598,SEG_B,SEG_C,0.022126346826553345,0.1645011007785797,0.8133725523948669,0.8133725523948669,0.1701548707337679,6.484823179582831,5.405689876628606,8.01221170421531,0.2193111324126273
437,SEG_B,SEG_A,0.8127050399780273,0.11523784697055817,0.07205710560083389,0.8127050399780273,0.0,0.148821244212655,-0.1137725107211606,0.2906976744186046,0.0192860465116279
10062,SEG_A,SEG_B,0.09402485936880112,0.8119782209396362,0.09399693459272385,0.8119782209396362,0.1774398861972845,1.323913930427687,0.769739168633038,0.9186046511627908,0.0242465116279069
8385,SEG_B,SEG_A,0.8119681477546692,0.15869687497615814,0.029334960505366325,0.8119681477546692,0.0042651162790697,0.0162666524754758,-0.2641641954112689,0.0,0.0
14599,SEG_B,SEG_A,0.8118084073066711,0.12391635775566101,0.06427517533302307,0.8118084073066711,0.0021325581395348,0.30344313767229,-0.0557023444100079,0.2790697674418604,0.0073116279069767
5085,SEG_B,SEG_A,0.8116742372512817,0.16158077120780945,0.026744971051812172,0.8116742372512817,0.0042162790697674,0.0688450144572756,-0.2401484239708058,0.1511627906976744,0.0
14312,SEG_B,SEG_A,0.8113616704940796,0.13858149945735931,0.050056830048561096,0.8113616704940796,0.004213953488372,0.308232664573466,-0.0405911441107321,0.3837209302325581,0.0287441860465116
3613,SEG_C,SEG_B,0.010817852802574635,0.8108772039413452,0.1783050000667572,0.8108772039413452,0.3088220720016398,3.698820404274872,3.1574120766899147,2.9069767441860463,0.0297770492005541
4551,SEG_C,SEG_A,0.810610294342041,0.07254968583583832,0.11684005707502365,0.810610294342041,0.0,0.0952406293793128,-0.2298292294390312,0.1511627906976744,0.0
92,SEG_B,SEG_C,0.0017149547347798944,0.18776459991931915,0.8105204701423645,0.8105204701423645,0.3907676404098263,7.224920252386199,5.969189613064524,7.83883239353992,0.2587439955666699
10767,SEG_B,SEG_A,0.8102339506149292,0.10531334578990936,0.08445273339748383,0.8102339506149292,0.0,0.2645504053358877,-0.0040153254996395,0.2558139534883721,0.0
1040,SEG_C,SEG_A,0.8101773858070374,0.08040296286344528,0.10941968858242035,0.8101773858070374,0.0,0.0879410356021499,-0.2236380843373195,0.1046511627906976,0.0
15460,SEG_C,SEG_A,0.8100143074989319,0.10913091152906418,0.08085473626852036,0.8100143074989319,0.0,0.1666400581838824,0.0701935630919554,0.3372093023255814,0.0
15348,SEG_B,SEG_A,0.8100008964538574,0.10057871788740158,0.08942040055990219,0.8100008964538574,0.0,0.8256612207971903,0.4701040033098718,1.127906976744186,0.0193720930232558
13702,SEG_B,SEG_A,0.8096907138824463,0.08790618181228638,0.10240311920642853,0.8096907138824463,0.0021465116279069,0.1524222588827985,-0.097394095248005,0.2790697674418604,0.0
8201,SEG_B,SEG_A,0.8090110421180725,0.06454462558031082,0.12644433975219727,0.8090110421180725,0.0,0.3934330264488319,0.0304552808064591,0.8953488372093024,0.0
11581,SEG_C,SEG_A,0.8087829947471619,0.08345624804496765,0.10776081681251526,0.8087829947471619,0.0,0.9667748744966562,0.5762682680897133,0.686046511627907,0.0
5124,SEG_A,SEG_B,0.053366027772426605,0.8076320886611938,0.13900190591812134,0.8076320886611938,0.2040527208091543,2.568765795979088,1.941411322092761,2.988372093023256,0.0519933282703216
6539,SEG_B,SEG_C,0.009990355931222439,0.182891383767128,0.80711829662323,0.80711829662323,0.2404759766231078,7.544558107697759,5.857042115910967,8.660060939742412,0.2489545179502819
2078,SEG_C,SEG_B,0.029708176851272583,0.8069184422492981,0.16337336599826813,0.8069184422492981,0.2650515141042612,1.733782129742962,1.3334848888234054,0.8488372093023255,0.0918933282703216
10176,SEG_B,SEG_A,0.8066281676292419,0.12902742624282837,0.06434441357851028,0.8066281676292419,0.0228720930232558,0.1949958313376971,-0.1198255893038777,0.1976744186046511,0.0
4116,SEG_C,SEG_B,0.009590295143425465,0.8063748478889465,0.18403483927249908,0.8063748478889465,0.2565957001507729,1.9889929576215568,1.5487866390337155,1.302325581395349,0.0433046511627907
6407,SEG_C,SEG_A,0.8063552379608154,0.0675465315580368,0.12609821557998657,0.8063552379608154,0.0,0.6431092899082894,0.2833340765680394,0.9186046511627908,0.0
14942,SEG_B,SEG_A,0.8061824440956116,0.14335614442825317,0.05046139284968376,0.8061824440956116,0.0186697674418604,0.0712042999308179,-0.1728648949374929,0.0,0.0
5463,SEG_C,SEG_A,0.8060168027877808,0.11399820446968079,0.07998497784137726,0.8060168027877808,0.0,0.0074503751796072,-0.280546327057955,0.1511627906976744,0.0
15257,SEG_C,SEG_A,0.8058849573135376,0.06559588015079498,0.12851914763450623,0.8058849573135376,0.0,0.3747627410285065,0.031486518961156,0.3720930232558139,0.0
2607,SEG_B,SEG_A,0.8045142889022827,0.15759137272834778,0.037894316017627716,0.8045142889022827,0.0,0.0347684175048338,-0.2166727364167664,0.0348837209302325,0.0
9403,SEG_B,SEG_A,0.8044654130935669,0.0782700628042221,0.11726454645395279,0.8044654130935669,0.0,0.2950969435722775,0.017296310335174,1.1511627906976745,0.0187232558139534
7681,SEG_B,SEG_C,0.002780977403745055,0.1930350959300995,0.8041839003562927,0.8041839003562927,0.3782792683168031,5.764198288504305,5.006309375635996,6.807781874768147,0.2566617997089757
940,SEG_A,SEG_B,0.101532481610775,0.8027635216712952,0.09570404142141342,0.8027635216712952,0.1800723565084284,1.4776488744611782,1.0701082248259262,1.3255813953488371,0.0
9143,SEG_B,SEG_A,0.8024243712425232,0.07896491140127182,0.11861073225736618,0.8024243712425232,0.0,0.2008585670445071,0.10479795164515,0.2790697674418604,0.0
11561,SEG_B,SEG_C,0.005631622392684221,0.19303302466869354,0.801335334777832,0.801335334777832,0.4813045212911678,6.290976133707964,6.12761596987921,5.338248596301352,0.2312934428049876
8572,SEG_B,SEG_A,0.8010385036468506,0.16160361468791962,0.03735791891813278,0.8010385036468506,0.0,0.0759317403721639,-0.2349916138350663,0.0116279069767441,0.0199093023255813
17284,SEG_B,SEG_A,0.8006399273872375,0.0998324304819107,0.09952763468027115,0.8006399273872375,0.0,0.0,-0.2758168768782161,0.0,0.0
4277,SEG_A,SEG_C,0.012883385643362999,0.18647676706314087,0.8006398677825928,0.8006398677825928,0.1066442738749025,6.787693441949116,5.710359533252004,7.919448271895302,0.2077650783064818
1267,SEG_B,SEG_A,0.8004283308982849,0.05946647375822067,0.1401052176952362,0.8004283308982849,0.0,0.6379206357653487,0.2937436979890546,1.4883720930232558,0.0
12478,SEG_C,SEG_A,0.800328254699707,0.052607759833335876,0.1470640003681183,0.800328254699707,0.0,0.138639064800525,-0.1704664541015407,0.2093023255813953,0.0024372093023255
8105,SEG_B,SEG_A,0.7995572090148926,0.12184035778045654,0.0786023959517479,0.7995572090148926,0.0,0.0521526262572508,-0.250440366563357,0.0930232558139534,0.0
12719,SEG_B,SEG_A,0.7992925643920898,0.08682632446289062,0.1138811782002449,0.7992925643920898,0.0,0.3436574246536463,0.0860585272556553,0.6627906976744186,0.0
4063,SEG_C,SEG_A,0.7991776466369629,0.10201288759708405,0.09880952537059784,0.7991776466369629,0.0,0.3518439678569528,-0.0058430635143605,0.4302325581395348,0.0239325581395348
12581,SEG_B,SEG_C,0.014290750958025455,0.18692059814929962,0.7987886071205139,0.7987886071205139,0.5147806735710574,7.528503109144227,5.979651592779532,8.588474733424347,0.3989934813944777
527,SEG_B,SEG_A,0.7986118793487549,0.14643260836601257,0.054955512285232544,0.7986118793487549,0.0455931110842048,0.5213932201585866,0.1369448607402423,0.2674418604651162,0.0157488372093023
537,SEG_C,SEG_A,0.7983027696609497,0.09163853526115417,0.11005869507789612,0.7983027696609497,0.0,0.6677487449665621,0.2624615685720726,1.0930232558139534,0.0239953488372093
2259,SEG_B,SEG_A,0.797993540763855,0.0713261216878891,0.13068029284477234,0.797993540763855,0.0,0.1894523974242988,-0.1464444890385268,0.0930232558139534,0.0
7638,SEG_C,SEG_A,0.7978546023368835,0.10076148062944412,0.10138390958309174,0.7978546023368835,0.0,0.0,-0.2083385979125014,0.0,0.0
1235,SEG_C,SEG_A,0.7978127002716064,0.08142709732055664,0.12076016515493393,0.7978127002716064,0.0,0.2040249764958402,-0.0933366531150205,0.2558139534883721,0.0
4724,SEG_C,SEG_B,0.09346769005060196,0.7973780035972595,0.10915426164865494,0.7973780035972595,0.2872126818476674,1.5841543685226815,1.265609430948888,0.3953488372093023,0.0
13730,SEG_C,SEG_B,0.07178167253732681,0.7964305877685547,0.13178780674934387,0.7964305877685547,0.2580132737538243,1.893033899207068,1.3940535697031178,1.1744186046511629,0.0060627906976744
12176,SEG_C,SEG_A,0.7962138056755066,0.09858141839504242,0.105204738676548,0.7962138056755066,0.0042651162790697,0.3662657655260497,0.1318609853805732,0.5348837209302325,0.0024744186046511
3720,SEG_B,SEG_A,0.7952906489372253,0.12048491090536118,0.08422449231147766,0.7952906489372253,0.0,0.0173842087524169,-0.2992931837945105,0.0232558139534883,0.0
5821,SEG_C,SEG_A,0.7948158979415894,0.08209823817014694,0.1230858564376831,0.7948158979415894,0.0,0.4576659038901602,0.117795887930116,0.5930232558139535,0.0
7334,SEG_C,SEG_A,0.7941434383392334,0.14567244052886963,0.06018412858247757,0.7941434383392334,0.0277883720930232,0.1146736913061217,0.1875391746626334,0.0930232558139534,0.0
7696,SEG_B,SEG_C,0.09738349914550781,0.108625128865242,0.7939913868904114,0.7939913868904114,0.0327988811234977,2.306192680893336,1.8042886617582847,3.7093023255813953,0.0794860465116279
5142,SEG_B,SEG_A,0.7936308979988098,0.10756129771471024,0.09880779683589935,0.7936308979988098,0.0,0.0478952690117609,-0.1262192145991116,0.0697674418604651,0.0
13026,SEG_C,SEG_B,0.03544178977608681,0.7935284376144409,0.17102976143360138,0.7935284376144409,0.1916712376319262,2.734974283794985,2.4614906550594498,2.419643945138562,0.0383046511627907
348,SEG_C,SEG_A,0.7934912443161011,0.12874417006969452,0.077764593064785,0.7934912443161011,0.0393837209302325,0.5211360048250049,0.2538580074868509,0.3953488372093023,0.0
8014,SEG_C,SEG_A,0.7934540510177612,0.12992346286773682,0.07662253826856613,0.7934540510177612,0.0067209302325581,0.0607649051851063,-0.1650327890377836,0.0465116279069767,0.0023744186046511
3792,SEG_C,SEG_A,0.7931244373321533,0.10924520343542099,0.09763037413358688,0.7931244373321533,0.0,0.0765259964876802,-0.2414744785589174,0.127906976744186,0.0
4256,SEG_B,SEG_C,0.0024299519136548042,0.2047986388206482,0.7927714586257935,0.7927714586257935,0.2585738266984943,5.6091264787179975,5.082462321245591,6.049369686340348,0.1508260389171103
10608,SEG_B,SEG_A,0.7924234867095947,0.10094168037176132,0.10663478076457977,0.7924234867095947,0.0,0.779282635304135,0.490617281197896,1.4883720930232558,0.0094976744186046
6847,SEG_A,SEG_C,0.10320857167243958,0.10455360263586044,0.7922378182411194,0.7922378182411194,0.0063790697674418,2.03492806840154,1.5381912778387703,3.0,0.1225424704941316
18682,SEG_B,SEG_A,0.7921206951141357,0.08187205344438553,0.12600721418857574,0.7921206951141357,0.0,0.1669682294715555,-0.1616585034721448,0.2441860465116279,0.0073116279069767
13112,SEG_C,SEG_A,0.7919462323188782,0.1109519973397255,0.09710181504487991,0.7919462323188782,0.0,0.4217178436485552,0.0644762301153747,0.4534883720930232,0.0
6799,SEG_B,SEG_A,0.791706919670105,0.06319990009069443,0.14509317278862,0.791706919670105,0.0,0.0757454809926738,-0.2013918308596005,0.1162790697674418,0.0
12667,SEG_B,SEG_C,0.011166303418576717,0.19719256460666656,0.7916411757469177,0.7916411757469177,0.3459873639374913,6.929106465631026,5.965797982759687,7.874755408445924,0.3321430045779712
4086,SEG_B,SEG_C,0.001693060388788581,0.20708079636096954,0.7912261486053467,0.7912261486053467,0.4711745522182008,7.288520967854305,5.842765806822478,7.941145144885132,0.1960779642440771
2086,SEG_B,SEG_A,0.7910934686660767,0.042126234620809555,0.1667802780866623,0.7910934686660767,0.0,1.446339559718305,0.9170797812908006,1.848837209302325,0.0
691,SEG_B,SEG_C,0.04818858206272125,0.16073529422283173,0.7910761833190918,0.7910761833190918,0.0722674418604651,2.3539821229441245,1.7480114764847203,2.127906976744186,0.1024357987644532
10102,SEG_A,SEG_B,0.132901132106781,0.7910137176513672,0.07608512043952942,0.7910137176513672,0.1445582273632746,1.2687811540985934,1.2350739600910798,0.6162790697674418,0.0103581395348837
12940,SEG_B,SEG_A,0.7906386256217957,0.13465116918087006,0.07471015304327011,0.7906386256217957,0.0,0.0518776719351462,-0.2563905797478453,0.0697674418604651,0.0071232558139534
8568,SEG_B,SEG_A,0.7901570200920105,0.13613811135292053,0.07370483875274658,0.7901570200920105,0.0066488372093023,0.0253578840934489,-0.1360658357302653,0.0,0.0
7070,SEG_C,SEG_B,0.052020587027072906,0.7897497415542603,0.15822966396808624,0.7897497415542603,0.1888329972814893,2.3345129760701044,2.105290692801568,1.4651162790697674,0.0239953488372093
7120,SEG_C,SEG_A,0.789731502532959,0.08190419524908066,0.12836432456970215,0.789731502532959,0.0,0.104456033916946,-0.0677631856030482,0.0930232558139534,0.0
8495,SEG_C,SEG_A,0.7892493605613708,0.0667455792427063,0.14400503039360046,0.7892493605613708,0.0,0.1393131463643943,-0.1755198307406829,0.1860465116279069,0.0024372093023255
15490,SEG_C,SEG_A,0.7891431450843811,0.07583414018154144,0.13502269983291626,0.7891431450843811,0.0,0.668458304507477,0.389913933421035,0.9534883720930232,0.0
11109,SEG_B,SEG_A,0.7890920639038086,0.13648484647274017,0.07442309707403183,0.7890920639038086,0.0128162790697674,0.3337058520923137,-0.0118849423125996,0.6511627906976745,0.0024372093023255
1710,SEG_C,SEG_A,0.7885204553604126,0.17908994853496552,0.03238954395055771,0.7885204553604126,0.0,0.0,-0.3051727896819203,0.0348837209302325,0.0
2566,SEG_B,SEG_A,0.7884345650672913,0.19242438673973083,0.0191410630941391,0.7884345650672913,0.0107093023255813,0.0594344810458907,-0.2694064775382085,0.0232558139534883,0.0048744186046511
3972,SEG_C,SEG_B,0.029506945982575417,0.7877382636070251,0.18275481462478638,0.7877382636070251,0.2775540153424384,2.840295886328562,2.2505365080586763,2.476744186046512,0.018153488372093
8451,SEG_C,SEG_B,0.016472171992063522,0.7871200442314148,0.19640783965587616,0.7871200442314148,0.2270361782542142,2.46148865591684,1.860436657544648,2.36046511627907,0.0216209302325581
1448,SEG_B,SEG_A,0.7871136665344238,0.159195214509964,0.05369112640619278,0.7871136665344238,0.0121837209302325,0.3131907118656094,-0.0037205090662247,0.3604651162790697,0.0
4592,SEG_C,SEG_B,0.02513187564909458,0.7870209217071533,0.18784721195697784,0.7870209217071533,0.3074251651459738,3.2659529993695253,2.678488407941516,2.3488372093023258,0.0385558139534883
14203,SEG_A,SEG_B,0.04950535669922829,0.7865498065948486,0.163944810628891,0.7865498065948486,0.1767585786768382,2.3305128341581964,1.7523425856201178,1.6395348837209305,0.0558466641351608
958,SEG_C,SEG_A,0.7860819697380066,0.08002180606126785,0.13389620184898376,0.7860819697380066,0.0,0.781837049651429,0.4356228678454368,1.2093023255813953,0.0023767441860465
13433,SEG_B,SEG_A,0.785761833190918,0.1593274623155594,0.05491066724061966,0.785761833190918,0.0107325581395348,0.2004771787912653,0.1037803394600647,0.1162790697674418,0.0096860465116279
6645,SEG_B,SEG_C,0.001921622664667666,0.21293999254703522,0.7851384282112122,0.7851384282112122,0.4962482032599134,6.828674147257947,6.310030938822267,6.0036375289152,0.2987174611552102
8006,SEG_C,SEG_B,0.013283830136060715,0.7848305702209473,0.20188558101654053,0.7848305702209473,0.2111374727874982,3.115170989954928,2.4785200508064107,2.883720930232558,0.0635699199491142
1596,SEG_C,SEG_A,0.7844961285591125,0.09569887816905975,0.11980492621660233,0.7844961285591125,0.0,0.1476504709701452,-0.138204493597033,0.2093023255813953,0.0
14247,SEG_A,SEG_B,0.17935548722743988,0.7841683626174927,0.03647615388035774,0.7841683626174927,0.0859722686800376,0.8345750625299346,0.4488674628352235,0.6511627906976745,0.0485838734374863
18913,SEG_B,SEG_A,0.7830106616020203,0.1412239819765091,0.07576529681682587,0.7830106616020203,0.011053488372093,0.4253986837670516,0.5329730845063605,0.4883720930232558,0.0023744186046511
4176,SEG_B,SEG_A,0.7829742431640625,0.053954318165779114,0.16307145357131958,0.7829742431640625,0.0,0.5963049686906853,0.2347259074276398,0.686046511627907,0.0
14906,SEG_B,SEG_C,0.03481827303767204,0.1824193000793457,0.7827624082565308,0.7827624082565308,0.1674246381756284,5.940838515511984,5.544215963839473,6.807781874768147,0.2388624477105788
6989,SEG_C,SEG_B,0.14082792401313782,0.7824013829231262,0.07677071541547775,0.7824013829231262,0.15546882422214,0.93674276692743,0.5754634872659695,0.2906976744186046,0.0
6460,SEG_C,SEG_A,0.782340943813324,0.1875007450580597,0.0301582720130682,0.782340943813324,0.0063209302325581,0.0767122558671704,-0.2471119138045937,0.1511627906976744,0.0
8206,SEG_B,SEG_A,0.7818089723587036,0.07029199600219727,0.14789897203445435,0.7818089723587036,0.0,0.0455093750554343,0.099179097267126,0.0581395348837209,0.0096232558139534
3121,SEG_B,SEG_C,0.012217676267027855,0.20605865120887756,0.78172367811203,0.78172367811203,0.1708027647233498,6.271312464930358,5.636254615551526,6.562816357774692,0.2063137630085303
317,SEG_B,SEG_A,0.7816360592842102,0.08077648282051086,0.13758742809295654,0.7816360592842102,0.0,0.4472885956042787,0.1184369278641168,0.8837209302325582,0.0
8099,SEG_B,SEG_A,0.781284749507904,0.13436289131641388,0.08435235917568207,0.781284749507904,0.0212976744186046,0.1797935181735937,-0.1133823125004645,0.1395348837209302,0.0
7359,SEG_B,SEG_A,0.7811356782913208,0.13082857429981232,0.08803579211235046,0.7811356782913208,0.0,0.0181115072818547,-0.269376748149965,0.0465116279069767,0.0047488372093023
3484,SEG_B,SEG_A,0.7808758616447449,0.11887436360120773,0.10024978220462799,0.7808758616447449,0.0,0.427394319975875,0.128313278383514,0.5697674418604651,0.0094976744186046
8296,SEG_B,SEG_C,0.001844278653152287,0.21744409203529358,0.7807115912437439,0.7807115912437439,0.3898002863777521,7.499939695801408,5.945481574750861,8.530335198540625,0.3946297756532803
4954,SEG_A,SEG_C,0.06800476461648941,0.15207110345363617,0.7799240946769714,0.7799240946769714,0.0454255813953488,2.4235012189652694,1.914282286219572,2.883720930232558,0.1621516203124591
14082,SEG_B,SEG_A,0.779731273651123,0.1525554656982422,0.06771322339773178,0.779731273651123,0.035406976744186,0.810139605839675,0.4499542910655756,0.9302325581395348,0.0
652,SEG_B,SEG_A,0.7796381115913391,0.17440856993198395,0.04595336690545082,0.7796381115913391,0.0125441860465116,0.2018164724247423,-0.1109436505169438,0.3953488372093023,0.0
3478,SEG_B,SEG_C,0.0022686878219246864,0.21859082579612732,0.7791404724121094,0.7791404724121094,0.5529979187531248,7.552692040905661,6.20030073946127,8.707611861625159,0.446519634846254
4352,SEG_B,SEG_A,0.7788124084472656,0.0845712423324585,0.13661637902259827,0.7788124084472656,0.0,0.2725861671367499,-0.0718720348032038,0.4069767441860465,0.0
13556,SEG_B,SEG_A,0.7786571979522705,0.10728923231363297,0.11405353993177414,0.7786571979522705,0.0129511627906976,0.3556933283664165,0.0058156546305118,0.4418604651162791,0.0
2675,SEG_B,SEG_A,0.7785674333572388,0.114377461373806,0.10705504566431046,0.7785674333572388,0.0,0.7427314494527523,0.3748708629698172,1.0465116279069768,0.0
12417,SEG_B,SEG_A,0.7784216403961182,0.15958724915981293,0.061991117894649506,0.7784216403961182,0.0044465116279069,0.1217958951980558,-0.1725741438555548,0.1627906976744186,0.0
3203,SEG_C,SEG_B,0.02941475436091423,0.7783192992210388,0.19226595759391785,0.7783192992210388,0.3564962271211183,2.878736274457631,2.281575039790697,1.7674418604651163,0.0679420129723701
10007,SEG_B,SEG_C,0.0032973976340144873,0.21866433322429657,0.7780382633209229,0.7780382633209229,0.46078453427833,5.779909804662301,5.812648510082028,4.430492381633478,0.2646709495273032
13387,SEG_A,SEG_C,0.13402408361434937,0.08832932263612747,0.777646541595459,0.777646541595459,0.0063209302325581,1.1224788462561863,0.8079770081601425,1.6511627906976745,0.1987967214024938
8971,SEG_B,SEG_C,0.0056206039153039455,0.21706287562847137,0.7773165106773376,0.7773165106773376,0.5070912704299229,7.552692040905661,6.0147971933356335,8.695724131154472,0.3014309571218208
7443,SEG_B,SEG_C,0.10297642648220062,0.11971559375524521,0.7773079872131348,0.7773079872131348,0.0208720930232558,3.0462898905504407,2.4753646986479283,3.569767441860465,0.0758744186046511
8487,SEG_C,SEG_A,0.7772741317749023,0.09530191123485565,0.1274239867925644,0.7772741317749023,0.0042883720930232,0.2803647136040303,0.0320965907824031,0.7441860465116279,0.0
7869,SEG_C,SEG_A,0.7772361636161804,0.07129677385091782,0.15146705508232117,0.7772361636161804,0.0,0.1917318574494882,-0.0837173379314787,0.4767441860465116,0.0
1521,SEG_B,SEG_A,0.7771705985069275,0.09327065944671631,0.1295587420463562,0.7771705985069275,0.0082697674418604,0.3608819825093574,-0.0133448304116938,0.6744186046511628,0.0012186046511627
6932,SEG_C,SEG_A,0.7769530415534973,0.15938881039619446,0.06365814805030823,0.7769530415534973,0.0129906976744186,0.1681478722083267,-0.1074661642400053,0.1976744186046511,0.0
15455,SEG_B,SEG_C,0.00455495435744524,0.2184949368238449,0.7769500613212585,0.7769500613212585,0.4791432007835591,7.552692040905661,6.000451920737107,8.69546430766053,0.3940066723465806
6835,SEG_B,SEG_C,0.002309449715539813,0.22081327438354492,0.7768772840499878,0.7768772840499878,0.3666107075798357,7.545507143583733,6.056566141202236,8.60192140485869,0.2895075488006135
9539,SEG_C,SEG_A,0.7764694094657898,0.10325906425714493,0.12027151137590408,0.7764694094657898,0.0,0.197124509960442,-0.1326853565420757,0.3488372093023256,0.0071232558139534
14027,SEG_C,SEG_A,0.776095449924469,0.10117347538471222,0.12273105978965759,0.776095449924469,0.0020674418604651,0.0912582264559274,0.1579167684327121,0.1046511627906976,0.0047488372093023
3290,SEG_B,SEG_A,0.7759639620780945,0.10645140707492828,0.11758460104465485,0.7759639620780945,0.0064930232558139,0.2330016142479556,-0.0888611414598616,0.2441860465116279,0.0
14561,SEG_B,SEG_C,0.0030317106284201145,0.22141781449317932,0.7755504250526428,0.7755504250526428,0.391545591300766,7.514170006417745,5.832755638408819,8.493632713152794,0.1959480367004452
3264,SEG_C,SEG_B,0.03682791441679001,0.7751957774162292,0.18797637522220612,0.7751957774162292,0.172087253216521,1.877849325031487,1.3806287758695872,1.6046511627906976,0.0626767441860465
4473,SEG_B,SEG_A,0.7747655510902405,0.10215899348258972,0.1230754405260086,0.7747655510902405,0.0,0.0982296489454171,-0.0937956005460297,0.3837209302325581,0.0
3224,SEG_C,SEG_A,0.7746996879577637,0.07262451201677322,0.15267576277256012,0.7746996879577637,0.0,0.3762794245472124,0.1267555823120049,0.5116279069767442,0.0
14904,SEG_C,SEG_B,0.058415211737155914,0.7738170027732849,0.1677677482366562,0.7738170027732849,0.2212502195709772,1.8768382026856831,1.313613826652595,1.441860465116279,0.0119162790697674
17222,SEG_B,SEG_A,0.7737715244293213,0.20109687745571136,0.025131598114967346,0.7737715244293213,0.0130453927514047,0.090114061696202,-0.1989326413303505,0.0930232558139534,0.0
3016,SEG_C,SEG_B,0.010586053133010864,0.7731989026069641,0.2162150889635086,0.7731989026069641,0.2667805399575076,3.360624767175776,2.725912466504129,3.813953488372093,0.0384930232558139
10597,SEG_C,SEG_A,0.7728977203369141,0.12832964956760406,0.09877261519432068,0.7728977203369141,0.008613953488372,1.2700672307665015,0.9190879849305628,1.6511627906976745,0.0
4096,SEG_A,SEG_C,0.10510742664337158,0.1224309578537941,0.7724615931510925,0.7724615931510925,0.0162627906976744,4.515441417597212,3.5534773155940567,5.957385724502165,0.0759238658429688
8349,SEG_A,SEG_C,0.12104368209838867,0.10665569454431534,0.7723006010055542,0.7723006010055542,0.0044325581395348,1.795674067669436,1.246655608057541,2.197674418604651,0.0841632482194359
4879,SEG_C,SEG_B,0.02698049508035183,0.7721207737922668,0.20089875161647797,0.7721207737922668,0.1956783022045032,1.8854948290848457,1.4663439128666724,1.302325581395349,0.0627142585028797
12438,SEG_B,SEG_A,0.7719045877456665,0.09996096044778824,0.12813444435596466,0.7719045877456665,0.0,0.7596012275380059,0.3592251530444131,0.6511627906976745,0.0
10707,SEG_B,SEG_A,0.7718777060508728,0.12782393395900726,0.10029838234186172,0.7718777060508728,0.0,0.06893370939989,-0.08503967634606,0.2209302325581395,0.0
5167,SEG_B,SEG_A,0.7713785171508789,0.2054792195558548,0.023142248392105103,0.7713785171508789,0.0063953488372093,0.0477444876093165,-0.2488907222011639,0.0232558139534883,0.0
15080,SEG_A,SEG_B,0.07508590817451477,0.7703020572662354,0.1546119898557663,0.7703020572662354,0.1151453927514047,2.720726841160292,1.9323624518006344,6.333376100167121,0.1297936332848292
4262,SEG_B,SEG_A,0.7699865698814392,0.09159847348928452,0.1384149044752121,0.7699865698814392,0.0,0.0434605218810423,-0.226561474181265,0.1162790697674418,0.0
14259,SEG_C,SEG_A,0.769923985004425,0.2049015611410141,0.02517450414597988,0.769923985004425,0.0151465116279069,0.1234367516364216,-0.1885443996026171,0.1046511627906976,0.0
5484,SEG_B,SEG_A,0.7698094844818115,0.14571087062358856,0.0844796746969223,0.7698094844818115,0.0063232558139534,0.5436911287318398,0.1130868767047945,0.5581395348837209,0.0
15000,SEG_B,SEG_A,0.7691777348518372,0.1190066710114479,0.11181553453207016,0.7691777348518372,0.0,0.0887570290742022,0.3153022245335022,0.0930232558139534,0.0218720930232558
3982,SEG_C,SEG_A,0.7691083550453186,0.11023686826229095,0.12065479904413223,0.7691083550453186,0.0,0.1410604367338974,-0.142215483560887,0.1046511627906976,0.0
9639,SEG_A,SEG_B,0.10166499763727188,0.7687124013900757,0.12962262332439423,0.7687124013900757,0.1902112116576017,1.994270306707112,1.4016395887761457,1.5,0.0
13768,SEG_C,SEG_A,0.7687121033668518,0.10575897246599197,0.12552890181541443,0.7687121033668518,0.0,0.2545722242917709,0.0391802368936752,0.4534883720930232,0.0012186046511627
14606,SEG_C,SEG_A,0.7687021493911743,0.07896913588047028,0.1523287445306778,0.7687021493911743,0.0,0.3811132989196956,0.0351803954504125,0.6046511627906976,0.0
3790,SEG_B,SEG_A,0.7684071063995361,0.06359121948480606,0.16800163686275482,0.7684071063995361,0.0,0.3228761995990989,-0.0502327563354565,0.4302325581395348,0.0
11420,SEG_C,SEG_A,0.7680728435516357,0.07879340648651123,0.15313377976417542,0.7680728435516357,0.0,0.0952406293793128,-0.0482043449500918,0.1627906976744186,0.0
14972,SEG_B,SEG_C,0.004803920164704323,0.2275119572877884,0.7676841020584106,0.7676841020584106,0.4661663687691217,6.440721254322354,5.2203470154183895,7.1137449850786965,0.3566573776155168
4619,SEG_C,SEG_A,0.767223060131073,0.13366590440273285,0.09911103546619415,0.767223060131073,0.0,0.0208699199971617,-0.2399359421007039,0.0,0.0052652687863235
7284,SEG_B,SEG_A,0.766841471195221,0.08965319395065308,0.14350531995296478,0.766841471195221,0.0,0.3173948521455307,0.0863527243268151,0.5348837209302325,0.0
6279,SEG_C,SEG_A,0.7665252685546875,0.08802260458469391,0.145452082157135,0.7665252685546875,0.0,0.4981374062050982,0.1830358323226078,0.7558139534883721,0.0342606176235329
546,SEG_B,SEG_A,0.766112744808197,0.09452112764120102,0.13936613500118256,0.766112744808197,0.0021116279069767,0.0428219182942188,0.1578673871088417,0.0465116279069767,0.0
4636,SEG_B,SEG_C,0.002178096678107977,0.23203682899475098,0.7657850980758667,0.7657850980758667,0.4570821208685438,6.988147047108423,5.832317711021269,7.625892539043326,0.3184816244181691
3366,SEG_B,SEG_C,0.10955624282360077,0.12486318498849869,0.7655805945396423,0.7655805945396423,0.0191558139534883,4.332732635604216,3.626288625672161,5.44471852354965,0.0950117804142305
14506,SEG_B,SEG_A,0.7655309438705444,0.18967203795909882,0.04479696601629257,0.7655309438705444,0.0129860465116279,0.1679793518173594,-0.092960080863936,0.0465116279069767,0.0073116279069767
9536,SEG_B,SEG_C,0.005849826615303755,0.22889743745326996,0.7652527689933777,0.7652527689933777,0.4527952189655864,7.252113514821601,5.791087974634216,8.376833996397467,0.380480023400455
13121,SEG_B,SEG_C,0.004734341986477375,0.23028041422367096,0.7649852633476257,0.7649852633476257,0.4312866842029436,6.4663887286865736,5.690992602442042,6.877029669640727,0.2002916127179415
13461,SEG_B,SEG_A,0.7648284435272217,0.18340015411376953,0.051771391183137894,0.7648284435272217,0.0109790697674418,0.2966845830450748,0.0329067166120388,0.5348837209302325,0.0
4348,SEG_C,SEG_A,0.7645796537399292,0.027450719848275185,0.20796965062618256,0.7645796537399292,0.0,1.5103152218260516,1.2403763492806728,2.581395348837209,0.0
10784,SEG_C,SEG_A,0.764549732208252,0.13571645319461823,0.099733866751194,0.764549732208252,0.0042883720930232,0.9262235467333654,0.5855958636511157,1.244186046511628,0.0073116279069767
6480,SEG_C,SEG_B,0.0317310206592083,0.764397919178009,0.20387111604213715,0.764397919178009,0.3140277542125418,4.226166875993378,3.5762676684789456,3.7093023255813953,0.2434252384082532
2463,SEG_B,SEG_A,0.7643262147903442,0.21126438677310944,0.024409398436546326,0.7643262147903442,0.0495093901539722,0.222482394053891,-0.0771413126931053,0.0465116279069767,0.0
9509,SEG_B,SEG_A,0.7641863226890564,0.09989980608224869,0.1359138786792755,0.7641863226890564,0.0,0.1735848721905877,-0.0520642105237079,0.2325581395348837,0.0
1318,SEG_B,SEG_A,0.7637535333633423,0.19776490330696106,0.038481585681438446,0.7637535333633423,0.0086500439141954,0.0887925070512479,-0.2065483196187305,0.1046511627906976,0.0
8133,SEG_C,SEG_A,0.7631803750991821,0.1738223284482956,0.0629972517490387,0.7631803750991821,0.019606976744186,0.4261880687563195,0.0654721646215324,0.4767441860465116,0.0060930232558139
14553,SEG_B,SEG_A,0.7631643414497375,0.12827204167842865,0.108563631772995,0.7631643414497375,0.0062232558139534,0.1193479147818991,-0.1885083601991742,0.1395348837209302,0.0
2966,SEG_C,SEG_A,0.7629058361053467,0.13803482055664062,0.0990593209862709,0.7629058361053467,0.0154395348837209,0.2878505667606833,0.0203219355678183,0.813953488372093,0.0422117804142305
7858,SEG_B,SEG_A,0.7628968954086304,0.09238247573375702,0.1447206288576126,0.7628968954086304,0.0,0.0829652493214836,-0.1620697600095134,0.1976744186046511,0.0
11378,SEG_C,SEG_B,0.05683647468686104,0.7627793550491333,0.18038414418697357,0.7627793550491333,0.1756535762004839,2.0409061075337487,1.469626272052078,1.8837209302325584,0.0801863515261355
5410,SEG_B,SEG_C,0.004891317803412676,0.2323729246854782,0.7627357840538025,0.7627357840538025,0.3484905449102162,7.552692040905661,6.0705699512784985,8.707611861625159,0.4065441866634139
4217,SEG_C,SEG_A,0.7622273564338684,0.07688798755407333,0.16088461875915527,0.7622273564338684,0.0,0.5529420112465188,0.1912076572994318,0.7906976744186046,0.0
7035,SEG_C,SEG_B,0.04629028961062431,0.7621548771858215,0.19155487418174744,0.7621548771858215,0.2698550463905497,2.264781012186685,1.827192771514748,1.6046511627906976,0.0092093023255813
12096,SEG_C,SEG_A,0.7617615461349487,0.08300121873617172,0.15523722767829895,0.7617615461349487,0.0,0.3801465240451989,0.1332564085412532,0.6395348837209303,0.0
3410,SEG_C,SEG_A,0.761465847492218,0.0679241344332695,0.1706099510192871,0.761465847492218,0.0,0.650036364926472,0.2707269578660244,1.255813953488372,0.0024372093023255
10498,SEG_A,SEG_C,0.1642376333475113,0.0743543729186058,0.7614080309867859,0.7614080309867859,0.0,1.8746296986145847,1.3025740268928567,2.3488372093023258,0.0613979794331123
9873,SEG_B,SEG_A,0.7611976265907288,0.19483007490634918,0.04397232085466385,0.7611976265907288,0.0448674418604651,0.5984868642789989,0.2412645147544475,0.6511627906976745,0.0
7710,SEG_C,SEG_A,0.7610848546028137,0.08297287672758102,0.15594226121902466,0.7610848546028137,0.0,0.3812197328508329,0.4551786116871179,0.5697674418604651,0.0
10003,SEG_A,SEG_B,0.21556903421878815,0.7609329223632812,0.02349804900586605,0.7609329223632812,0.1134652919358515,0.4635729870682774,0.24813616420018,0.0813953488372093,0.0
648,SEG_B,SEG_C,0.003718198975548148,0.23538446426391602,0.7608973383903503,0.7608973383903503,0.5417650971284171,7.552692040905661,6.1218739219030045,8.707611861625159,0.3562943198759226
13159,SEG_B,SEG_A,0.7607733607292175,0.18721777200698853,0.05200888216495514,0.7607733607292175,0.0279035322862884,0.5820428219182943,0.1800444257340666,0.7441860465116279,0.0048116279069767
13173,SEG_B,SEG_A,0.7606145143508911,0.1802034080028534,0.0591820664703846,0.7606145143508911,0.006460465116279,0.1187093111950756,-0.1472376085635856,0.1511627906976744,0.0155488372093023
13584,SEG_C,SEG_A,0.7603391408920288,0.22102704644203186,0.01863386668264866,0.7603391408920288,0.0065186046511627,0.0596296099196423,-0.261719572590495,0.0465116279069767,0.0
3311,SEG_C,SEG_A,0.7599849104881287,0.07624698430299759,0.16376805305480957,0.7599849104881287,0.0,0.6153122948929451,0.2638062040278365,0.9418604651162792,0.0208558139534883
9130,SEG_A,SEG_C,0.1476832777261734,0.09251555055379868,0.7598011493682861,0.7598011493682861,0.0,1.5411810618558532,1.1135544952073748,1.930232558139535,0.0529302325581395
8282,SEG_B,SEG_C,0.0537000447511673,0.18654349446296692,0.7597564458847046,0.7597564458847046,0.1005559017818792,2.4534351551274547,1.92365766461594,2.8023255813953494,0.0467488372093023
3387,SEG_C,SEG_A,0.759554386138916,0.07743092626333237,0.1630147397518158,0.759554386138916,0.0,1.7361857626878114,1.2220153552290278,2.232558139534884,0.014713953488372
7972,SEG_B,SEG_C,0.0602245070040226,0.18024782836437225,0.7595276832580566,0.7595276832580566,0.0497442738749025,2.03530058716052,1.553608963995436,2.697934242098594,0.0877629432049282
4534,SEG_B,SEG_A,0.7593912482261658,0.1643744260072708,0.07623434066772461,0.7593912482261658,0.0064325581395348,0.1125006652120696,-0.1403598742446877,0.0697674418604651,0.0
15711,SEG_B,SEG_A,0.7583927512168884,0.06899826973676682,0.17260897159576416,0.7583927512168884,0.0065058578676838,0.0860873113015096,-0.230262178117283,0.1162790697674418,0.0
4232,SEG_C,SEG_A,0.7582817077636719,0.13280270993709564,0.10891561210155487,0.7582817077636719,0.0,0.3016160218544338,-0.0251708820461747,0.3255813953488372,0.0121860465116279
14236,SEG_B,SEG_C,0.0064691295847296715,0.23547670245170593,0.7580541968345642,0.7580541968345642,0.2820806277858985,6.392670348146827,5.489952491110776,7.826425016081348,0.2841207017801285
10014,SEG_B,SEG_A,0.7576643824577332,0.06716927140951157,0.1751663237810135,0.7576643824577332,0.0,0.9920351941532294,0.5817341399907343,1.813953488372093,0.0
216,SEG_C,SEG_A,0.7571747303009033,0.17484590411186218,0.06797939538955688,0.7571747303009033,0.0084883720930232,0.1821173256700903,-0.0975024836426428,0.1860465116279069,0.0
2596,SEG_A,SEG_B,0.09672044962644577,0.7570578455924988,0.14622168242931366,0.7570578455924988,0.2071154236784379,1.3496975502456852,0.985939010272574,0.7441860465116279,0.0
5562,SEG_B,SEG_A,0.7567788362503052,0.18495221436023712,0.05826893076300621,0.7567788362503052,0.0174093023255813,0.142532772781296,-0.1871260600384996,0.1395348837209302,0.0
3508,SEG_A,SEG_B,0.04614872857928276,0.7564353942871094,0.19741590321063995,0.7564353942871094,0.1657129224402607,1.839595196281908,1.448008599627709,1.558139534883721,0.0385046511627907
16661,SEG_A,SEG_B,0.12442383915185928,0.7563524842262268,0.1192236989736557,0.7563524842262268,0.1402757131379352,2.3839071896120485,1.8320058920050943,2.779329590935804,0.0
13432,SEG_C,SEG_B,0.05115366354584694,0.7559412717819214,0.1929050236940384,0.7559412717819214,0.1736304082149213,3.895740915867301,3.254808364356588,3.9886319165171984,0.0923956538517169
698,SEG_B,SEG_A,0.7558677792549133,0.13352824747562408,0.11060395836830139,0.7558677792549133,0.0148813953488372,0.8205346531140795,0.3701722538629082,0.6976744186046512,0.0195559664607422
1917,SEG_C,SEG_A,0.7557680606842041,0.13074296712875366,0.1134890466928482,0.7557680606842041,0.0,0.2017721249534351,-0.0837148604824584,0.2674418604651162,0.0353860465116279
12425,SEG_B,SEG_A,0.7556588053703308,0.1962023675441742,0.04813883826136589,0.7556588053703308,0.0237302325581395,0.4510226526883437,0.097538406653437,0.5,0.0
11946,SEG_C,SEG_A,0.7556573152542114,0.12016520649194717,0.1241774633526802,0.7556573152542114,0.0,0.2285225196459298,-0.0224518817464033,0.3372093023255814,0.0236744186046511
15346,SEG_B,SEG_A,0.7555013298988342,0.08250471204519272,0.16199398040771484,0.7555013298988342,0.0,0.386497081936388,0.0853976677294922,0.5,0.0046511627906976
6800,SEG_C,SEG_A,0.7552327513694763,0.07824180275201797,0.16652549803256989,0.7552327513694763,0.0,0.4234473950295354,0.0424040174313312,0.6511627906976745,0.0
2681,SEG_C,SEG_A,0.7546026706695557,0.07997751981019974,0.1654197722673416,0.7546026706695557,0.0,0.0,-0.1946921893464737,0.0,0.0
6512,SEG_A,SEG_B,0.020303698256611824,0.7539429068565369,0.22575341165065765,0.7539429068565369,0.2352759766231078,2.140191226296277,1.5651592634941538,1.976744186046512,0.0663282119912518
9690,SEG_C,SEG_A,0.7539384365081787,0.10967360436916351,0.1363879144191742,0.7539384365081787,0.0,0.9920795416245368,0.4980347635646527,1.3255813953488371,0.0386813953488372
7432,SEG_C,SEG_A,0.7536797523498535,0.09552692621946335,0.15079335868358612,0.7536797523498535,0.0,0.4226047930746989,0.2100858188340629,0.7325581395348837,0.0
9268,SEG_B,SEG_C,0.03639303147792816,0.2100096344947815,0.7535973787307739,0.7535973787307739,0.1102676175172469,3.2946806843121554,2.666241000151711,3.744186046511628,0.2290688144257496
13120,SEG_B,SEG_A,0.7533023357391357,0.18317745625972748,0.06352028250694275,0.7533023357391357,0.0414325581395348,0.4414613378745144,0.2363068829454083,0.5116279069767442,0.0072488372093023
14445,SEG_B,SEG_A,0.7532475590705872,0.20895937085151672,0.03779307380318642,0.7532475590705872,0.0281360904258233,0.2056480939456832,-0.0813256588880317,0.0813953488372093,0.0
7985,SEG_C,SEG_A,0.7530562877655029,0.08143504709005356,0.1655086874961853,0.7530562877655029,0.0,0.1758288542387313,0.0114873117448425,0.5232558139534884,0.0
17008,SEG_B,SEG_A,0.7528426647186279,0.1739690601825714,0.07318827509880066,0.7528426647186279,0.0087895787979163,0.1886186649637238,-0.1145854119854623,0.2558139534883721,0.007213953488372
11660,SEG_B,SEG_C,0.0035380213521420956,0.24422655999660492,0.752235472202301,0.752235472202301,0.5381860273609752,7.552692040905661,6.062864603656332,8.707611861625159,0.3917446441851754
9300,SEG_C,SEG_A,0.7522180080413818,0.10719248652458191,0.14058950543403625,0.7522180080413818,0.0044883720930232,1.462162737480709,1.0474152774371286,2.104651162790698,0.0024372093023255
4386,SEG_B,SEG_A,0.7515541315078735,0.12278670072555542,0.12565921247005463,0.7515541315078735,0.0068372093023255,0.2086193745232647,-0.0207133318964129,0.2093023255813953,0.0
3839,SEG_C,SEG_B,0.19469596445560455,0.7513338327407837,0.053970202803611755,0.7513338327407837,0.1408338526728189,0.802307842406826,0.3988077008092043,0.2325581395348837,0.0263697674418604
15803,SEG_B,SEG_C,0.0048867505975067616,0.24395260214805603,0.7511606216430664,0.7511606216430664,0.5348113452711515,7.425568379449092,5.894942529356488,7.558463508628344,0.3970930238727162
15836,SEG_B,SEG_A,0.7510636448860168,0.11313902586698532,0.13579730689525604,0.7510636448860168,0.014960465116279,0.4142940769517322,0.0402288171915142,0.3604651162790697,0.0
16503,SEG_A,SEG_B,0.022412922233343124,0.7506179213523865,0.22696912288665771,0.7506179213523865,0.2489702065838149,3.167101878855642,2.445597978153146,2.9886319165171984,0.1115144110101335
14656,SEG_B,SEG_A,0.7502997517585754,0.19573265314102173,0.053967561572790146,0.7502997517585754,0.0130790697674418,0.1508080109272169,-0.1020919579527352,0.2558139534883721,0.0023767441860465
5346,SEG_C,SEG_A,0.7501959204673767,0.11646945774555206,0.1333346664905548,0.7501959204673767,0.0,0.1260089049722385,0.1525526395980586,0.4534883720930232,0.0
332,SEG_B,SEG_A,0.7499087452888489,0.12355140596628189,0.1265399158000946,0.7499087452888489,0.0,0.0,-0.2797479691111656,0.0,0.0
6541,SEG_B,SEG_C,0.12544581294059753,0.12471630424261093,0.7498378753662109,0.7498378753662109,0.0388488372093023,5.552750759251972,4.8046374488057895,6.328699277276152,0.1039606176235329
6254,SEG_C,SEG_A,0.7496214509010315,0.07303037494421005,0.17734821140766144,0.7496214509010315,0.0,0.186108598087737,-0.1390059483550977,0.2093023255813953,0.0
9800,SEG_B,SEG_C,0.00881856121122837,0.2417367547750473,0.7494447231292725,0.7494447231292725,0.5440882651139798,7.254125069108452,5.983074549854058,7.427438649956846,0.2295022876088074
7549,SEG_A,SEG_B,0.11969918757677078,0.749262809753418,0.13103796541690826,0.749262809753418,0.0734372093023255,1.5305554077306514,1.284539355516412,1.7790697674418603,0.0351162790697674
13511,SEG_B,SEG_A,0.749151885509491,0.13815249502658844,0.1126956045627594,0.749151885509491,0.0,0.324135667784223,-0.0231499030078708,0.7790697674418605,0.0048441860465116
20534,SEG_B,SEG_A,0.7491451501846313,0.17532572150230408,0.07552911341190338,0.7491451501846313,0.0043953488372093,1.242766927429798,0.8998466459056439,1.8837209302325584,0.0
14411,SEG_C,SEG_A,0.7490760684013367,0.14542748034000397,0.10549645870923996,0.7490760684013367,0.0,0.0869210437620846,-0.2313119826776764,0.1162790697674418,0.0
6462,SEG_B,SEG_A,0.7490487098693848,0.11165507882833481,0.13929615914821625,0.7490487098693848,0.0,0.4231014847533394,0.108512886451079,0.5116279069767442,0.0216209302325581
11846,SEG_B,SEG_A,0.7489360570907593,0.06676778942346573,0.18429617583751678,0.7489360570907593,0.0,0.4143561634115623,0.0887880567137629,0.5,0.0
1834,SEG_B,SEG_A,0.7488954067230225,0.10169529169797897,0.14940935373306274,0.7488954067230225,0.0,0.8395597183048623,0.5898607921395498,1.9069767441860463,0.0
4717,SEG_A,SEG_B,0.21707311272621155,0.7486505508422852,0.03427628427743912,0.7486505508422852,0.0930211058893399,0.5195927128235148,0.3087929063169773,0.4302325581395348,0.0121232558139534
11195,SEG_C,SEG_B,0.03151438385248184,0.7484893798828125,0.21999622881412506,0.7484893798828125,0.2425434184835729,1.3641016089262592,0.9600942854838436,0.6511627906976745,0.0288093023255813
10484,SEG_A,SEG_C,0.18994140625,0.06187720224261284,0.7481813430786133,0.7481813430786133,0.0,3.340295886328562,2.6253897971932663,4.232558139534884,0.221883377943137
10397,SEG_B,SEG_A,0.7479596138000488,0.09079456329345703,0.16124583780765533,0.7479596138000488,0.0,0.3725010199918401,0.3984567970052596,0.4302325581395348,0.0
14385,SEG_A,SEG_B,0.1572248339653015,0.7479002475738525,0.09487493336200714,0.7479002475738525,0.1188279069767442,1.2205222358221135,0.8254321290453647,1.6395348837209305,0.0407348837209302
3188,SEG_B,SEG_A,0.7478689551353455,0.11119520664215088,0.14093585312366486,0.7478689551353455,0.0,0.0717098611037198,-0.2373352806082633,0.1395348837209302,0.0096860465116279
1366,SEG_B,SEG_A,0.7477405667304993,0.10911931842565536,0.14314013719558716,0.7477405667304993,0.0,0.4773662645851424,0.1599367611732433,0.5,0.0059511627906976
4882,SEG_B,SEG_A,0.7475447058677673,0.13907894492149353,0.11337637156248093,0.7475447058677673,0.0068767441860465,0.7409752895889877,0.3510285129607745,1.0,0.0144976744186046
14168,SEG_B,SEG_A,0.7455759048461914,0.1356075555086136,0.11881652474403381,0.7455759048461914,0.0042651162790697,0.073173327656857,-0.2389871197425435,0.0697674418604651,0.0
9145,SEG_C,SEG_A,0.7455014586448669,0.09107363969087601,0.16342496871948242,0.7455014586448669,0.0,0.3615738030617494,0.0371964195906758,0.4186046511627907,0.0
14224,SEG_C,SEG_A,0.7454788684844971,0.0788724273443222,0.1756487637758255,0.7454788684844971,0.0,0.4265783265038228,0.1568243810712984,0.9534883720930232,0.0
7189,SEG_B,SEG_A,0.7453177571296692,0.11475031077861786,0.13993191719055176,0.7453177571296692,0.0,0.1873237188015539,-0.1022920119611238,0.2325581395348837,0.0266837209302325
1401,SEG_B,SEG_A,0.7452279329299927,0.20252388715744019,0.052248239517211914,0.7452279329299927,0.0237325581395348,0.0905131889379667,-0.2293993920340104,0.0,0.0
11650,SEG_B,SEG_C,0.011225666850805283,0.24422813951969147,0.7445461750030518,0.7445461750030518,0.2414366173961687,5.823602147334471,4.920145538410275,6.4690136314789095,0.2437052232192181
7930,SEG_B,SEG_C,0.04456708952784538,0.2110115885734558,0.7444213032722473,0.7444213032722473,0.0771373849591073,2.086841218313732,1.5780008741821396,2.441860465116279,0.1020891346292924
10789,SEG_C,SEG_B,0.05667529255151749,0.7443577647209167,0.19896697998046875,0.7443577647209167,0.1961563409238337,2.941772984113995,2.539596754678293,4.154280672624989,0.108663095712182
11592,SEG_B,SEG_C,0.006560124922543764,0.2492251694202423,0.7442147135734558,0.7442147135734558,0.2298320540617689,6.036348871540129,5.927138922342689,6.329998394745865,0.2911036601740919
11736,SEG_A,SEG_C,0.16553153097629547,0.09027259051799774,0.7441958785057068,0.7441958785057068,0.0,1.310680644989623,0.9154459442785292,2.069767441860465,0.0362187571584166
3782,SEG_C,SEG_A,0.7441497445106506,0.07803536206483841,0.17781494557857513,0.7441497445106506,0.0,0.514341972220744,0.1855070471037381,0.7325581395348837,0.0
12941,SEG_C,SEG_A,0.7440571784973145,0.07113275676965714,0.18481001257896423,0.7440571784973145,0.0,0.2689940219608678,-0.0684866007169737,0.5116279069767442,0.0
4163,SEG_B,SEG_A,0.7437246441841125,0.06511829793453217,0.19115705788135529,0.7437246441841125,0.0,0.0915154417895091,-0.0597504961091663,0.2674418604651162,0.0
1308,SEG_B,SEG_A,0.7437127232551575,0.12236058712005615,0.1339266449213028,0.7437127232551575,0.0194441860465116,0.3763237720185195,0.0730407713785269,0.5348837209302325,0.0
6172,SEG_C,SEG_A,0.742853045463562,0.08299537748098373,0.17415156960487366,0.742853045463562,0.0,0.2403899029677328,0.0234948877839466,0.3720930232558139,0.0
4586,SEG_C,SEG_A,0.742800772190094,0.06872477382421494,0.18847449123859406,0.742800772190094,0.0,0.4865538466996612,0.0941374885108301,0.6744186046511628,0.0
4615,SEG_C,SEG_A,0.7427512407302856,0.08770733326673508,0.16954146325588226,0.7427512407302856,0.0,0.0869210437620846,-0.1036861963972936,0.127906976744186,0.0
7575,SEG_A,SEG_C,0.08635441958904266,0.17105014622211456,0.7425954937934875,0.7425954937934875,0.0414116279069767,3.118159402550867,2.477868409772693,4.988891740011142,0.1039910026889262
2603,SEG_C,SEG_A,0.7420880198478699,0.20937521755695343,0.048536770045757294,0.7420880198478699,0.0,0.0450038138825324,-0.2536858247799406,0.627906976744186,0.0094976744186046
7254,SEG_A,SEG_C,0.09184737503528595,0.16647309064865112,0.7416794896125793,0.7416794896125793,0.0416790697674418,2.060818122150675,1.520835427493886,2.453488372093023,0.1335700724563681
446,SEG_B,SEG_A,0.7414828538894653,0.1658952534198761,0.09262195229530334,0.7414828538894653,0.0222046511627906,0.3127649761410604,-0.0130028911830067,0.3488372093023256,0.0
8853,SEG_B,SEG_C,0.01950223743915558,0.23945531249046326,0.74104243516922,0.74104243516922,0.1350513384474794,4.523915798349826,3.8840866449425056,5.362024057242727,0.2173743806320633
5391,SEG_B,SEG_A,0.7407854795455933,0.09093265980482101,0.16828183829784393,0.7407854795455933,0.0,0.23167119010874,-0.0401513969096301,0.3837209302325581,0.0024372093023255
9749,SEG_B,SEG_A,0.7398245334625244,0.10069326311349869,0.15948215126991272,0.7398245334625244,0.0,0.0887304205914178,-0.0105657007092936,0.1162790697674418,0.0073116279069767
2266,SEG_C,SEG_A,0.739773690700531,0.1847497671842575,0.07547655701637268,0.739773690700531,0.0310744186046511,0.3708956415305199,0.0339410141789998,0.313953488372093,0.0121232558139534
13731,SEG_B,SEG_A,0.7395502924919128,0.12611854076385498,0.13433122634887695,0.7395502924919128,0.0156116279069767,0.7543770954180193,0.5274513738693541,0.8604651162790697,0.0
4394,SEG_A,SEG_B,0.1637091487646103,0.7391262650489807,0.09716460108757019,0.7391262650489807,0.1280723565084285,1.1107711138310894,0.6917005988495886,0.6162790697674418,0.0
10567,SEG_B,SEG_A,0.7390241622924805,0.12775273621082306,0.13322310149669647,0.7390241622924805,0.0042883720930232,0.4553775743707094,0.0879537757561793,0.6511627906976745,0.0267465116279069
13954,SEG_B,SEG_A,0.7389645576477051,0.20852474868297577,0.052510738372802734,0.7389645576477051,0.0657441860465116,0.6165540240895464,0.2763863548398124,0.4651162790697674,0.0216209302325581
9355,SEG_B,SEG_C,0.011334311217069626,0.2502889931201935,0.7383766770362854,0.7383766770362854,0.1944816588340099,4.784884748914588,4.003762279939403,5.722489173521796,0.2151268014533794
4951,SEG_B,SEG_A,0.7381735444068909,0.12256503105163574,0.1392614096403122,0.7381735444068909,0.0,0.0355134550227946,-0.2315095592370448,0.127906976744186,0.004753488372093
8424,SEG_C,SEG_A,0.7378982305526733,0.07894812524318695,0.1831536591053009,0.7378982305526733,0.0,0.1130062263849715,-0.1947361640665839,0.3023255813953488,0.0
10876,SEG_B,SEG_A,0.7378625869750977,0.12899887561798096,0.1331384927034378,0.7378625869750977,0.0122116279069767,0.2756816206339915,-0.0327537341350358,0.7674418604651163,0.0
16899,SEG_B,SEG_A,0.7376998662948608,0.0948639065027237,0.16743627190589905,0.7376998662948608,0.0,0.1724229684423394,-0.1594932130284089,0.2674418604651162,0.0143627906976744
1696,SEG_B,SEG_A,0.7376454472541809,0.07538074254989624,0.18697385489940643,0.7376454472541809,0.0,0.1326255476912706,-0.1851645397766828,0.2325581395348837,0.0168093023255813
10343,SEG_B,SEG_A,0.7373513579368591,0.1554764360189438,0.10717223584651947,0.7373513579368591,0.0069232558139534,0.238163659908112,0.0581091861332223,0.4186046511627907,0.0144976744186046
5186,SEG_A,SEG_C,0.17168276011943817,0.09097427874803543,0.7373429536819458,0.7373429536819458,0.0169837209302325,1.2515388572543595,1.08662676675984,1.662790697674419,0.1572126954577535
11538,SEG_B,SEG_C,0.0033576705027371645,0.259345144033432,0.7372972369194031,0.7372972369194031,0.3417928704916115,5.662755689813802,4.82492221863584,5.653761025637103,0.2179881816131815
1034,SEG_C,SEG_B,0.003997788764536381,0.7361043691635132,0.2598978281021118,0.7361043691635132,0.2727715889454898,3.637938981724037,2.914778516194848,5.760750599873285,0.0576674418604651
13608,SEG_B,SEG_A,0.7360590696334839,0.19152317941188812,0.07241781800985336,0.7360590696334839,0.0256790697674418,0.1677930924378692,-0.1618808545217161,0.3488372093023256,0.0
8213,SEG_B,SEG_A,0.7350817322731018,0.09427962452173233,0.17063860595226288,0.7350817322731018,0.0,0.1050768985152466,-0.1123485968967473,0.127906976744186,0.0
1012,SEG_C,SEG_A,0.7350471615791321,0.06560071557760239,0.19935213029384613,0.7350471615791321,0.0,1.9137086903304776,1.3125543490378826,4.023515637447432,0.0
8194,SEG_B,SEG_A,0.7347902655601501,0.19981782138347626,0.06539195030927658,0.7347902655601501,0.021513953488372,0.1270821137778724,-0.150278960759685,0.0697674418604651,0.0
14318,SEG_C,SEG_B,0.03206455335021019,0.7347668409347534,0.2331686019897461,0.7347668409347534,0.140709565810754,2.3215197739472644,1.862501103073021,2.453488372093023,0.2481396494183868
11861,SEG_A,SEG_B,0.021327219903469086,0.7346760034561157,0.243996724486351,0.7346760034561157,0.1347270515854146,4.489095377819753,3.692054529047038,5.081914995825095,0.1779154785609104
604,SEG_C,SEG_A,0.7346370220184326,0.09020773321390152,0.17515523731708527,0.7346370220184326,0.0,0.2960725879410356,-0.0263204183915905,0.3837209302325581,0.0350255813953488
14739,SEG_A,SEG_B,0.20495717227458954,0.7342405319213867,0.06080229952931404,0.7342405319213867,0.1343988811234977,0.9757241942064464,0.5242242727989666,0.7325581395348837,0.0230325581395348
3904,SEG_C,SEG_B,0.04384433105587959,0.7342283129692078,0.22192730009555817,0.7342283129692078,0.1658804521291167,2.4224007947066863,1.8951169445221872,1.848837209302325,0.0175441860465116
8581,SEG_B,SEG_A,0.7332876324653625,0.18790660798549652,0.07880573719739914,0.7332876324653625,0.0082976744186046,0.6194543487130364,0.1655232726799148,0.6395348837209303,0.0192116279069767
10942,SEG_B,SEG_C,0.0026012815069407225,0.2645374536514282,0.7328612208366394,0.7328612208366394,0.3836643716087106,6.434068898568061,5.405003743149123,7.427178826462904,0.271990469221989
1884,SEG_C,SEG_B,0.005139344371855259,0.7327107787132263,0.2621499001979828,0.7327107787132263,0.2608508343697135,3.4521591618941385,2.843338711588076,3.4302325581395348,0.1104728555595249
9955,SEG_A,SEG_C,0.19196957349777222,0.07596935331821442,0.7320610880851746,0.7320610880851746,0.0,1.3991095027761518,1.0146324332761043,1.8604651162790693,0.104660465116279
2841,SEG_B,SEG_A,0.7320460081100464,0.19462062418460846,0.07333341240882874,0.7320460081100464,0.0107209302325581,0.0930409948024763,-0.1675635032120127,0.0813953488372093,0.0
4561,SEG_C,SEG_A,0.731602132320404,0.09759635478258133,0.17080150544643402,0.731602132320404,0.0,0.6385858478349565,0.3048773538862503,1.069767441860465,0.0
11217,SEG_A,SEG_C,0.21834498643875122,0.05038353428244591,0.7312714457511902,0.7312714457511902,0.004213953488372,2.338388945062353,1.679956485040219,3.0930232558139537,0.0624982844476199
11445,SEG_B,SEG_A,0.7306897044181824,0.1521274745464325,0.11718278378248215,0.7306897044181824,0.0128906976744186,1.1570077874159617,0.7067839986522677,1.802325581395349,0.0048744186046511
3848,SEG_C,SEG_A,0.7305029630661011,0.09665849804878235,0.17283853888511658,0.7305029630661011,0.0,0.7892962943252976,0.4122394652674034,0.9302325581395348,0.0
4716,SEG_C,SEG_B,0.16776622831821442,0.729200541973114,0.10303322970867157,0.729200541973114,0.1230653797642424,1.7849502421371934,1.259156670488007,1.3604651162790695,0.0292837209302325
16558,SEG_B,SEG_A,0.728412926197052,0.23860828578472137,0.03297875449061394,0.728412926197052,0.0275511627906976,0.1489808951093608,-0.1684188424862688,0.0930232558139534,0.0
8053,SEG_C,SEG_A,0.727911651134491,0.20656448602676392,0.06552388519048691,0.727911651134491,0.0,0.0373760488176964,-0.2657163172224824,0.2093023255813953,0.0
16137,SEG_B,SEG_A,0.7272777557373047,0.20535781979560852,0.0673643946647644,0.7272777557373047,0.0346674418604651,0.5119915562414632,0.1668908758030031,0.5813953488372093,0.0109674418604651
12916,SEG_B,SEG_C,0.05843984708189964,0.21436433494091034,0.7271957993507385,0.7271957993507385,0.0789198113560559,2.941674812706954,2.159670135649427,3.197674418604651,0.0727117804142305
4772,SEG_B,SEG_A,0.7270529866218567,0.06437015533447266,0.20857684314250946,0.7270529866218567,0.0,0.5249498873574229,0.1553831251037431,0.7558139534883721,0.0
11194,SEG_B,SEG_A,0.7262904047966003,0.14020241796970367,0.1335071474313736,0.7262904047966003,0.0,0.2587408865946464,-0.0714477716584787,0.5465116279069767,0.0194883720930232
7185,SEG_B,SEG_A,0.7262092232704163,0.08495234698057175,0.18883846700191498,0.7262092232704163,0.0,0.2560179518563851,0.038382498309141,0.4186046511627907,0.0
5261,SEG_A,SEG_C,0.1171170026063919,0.15693680942058563,0.7259461879730225,0.7259461879730225,0.0710325581395349,4.692705308995801,4.3185930185153145,5.233597433510655,0.0599327106467887
2652,SEG_C,SEG_A,0.7258956432342529,0.1359354704618454,0.13816887140274048,0.7258956432342529,0.0021441860465116,0.3238163659908112,-0.0326503006384386,0.6162790697674418,0.0
876,SEG_B,SEG_A,0.7254202365875244,0.24400834739208221,0.030571427196264267,0.7254202365875244,0.0063837209302325,0.0678072836286875,-0.2482979925230588,0.1046511627906976,0.0
14305,SEG_C,SEG_A,0.7243079543113708,0.06212319806218147,0.2135688215494156,0.7243079543113708,0.0,0.1237560534298334,-0.1953010224432106,0.1976744186046511,0.0
2936,SEG_B,SEG_C,0.11773870140314102,0.1579689234495163,0.7242923974990845,0.7242923974990845,0.0311255813953488,1.3152927820055702,0.9182920763070376,1.337209302325581,0.1076705299781296
2887,SEG_C,SEG_A,0.7242102026939392,0.2049262374639511,0.0708635151386261,0.7242102026939392,0.0127953488372093,0.1341244922214535,-0.1926600617875786,0.2093023255813953,0.0
11568,SEG_B,SEG_A,0.7241906523704529,0.148659810423851,0.1271495521068573,0.7241906523704529,0.0,0.4268798893087116,0.1207682073922123,0.5,0.0
4880,SEG_C,SEG_A,0.7238981127738953,0.23549804091453552,0.04060385376214981,0.7238981127738953,0.0217523694955907,0.2600269632625547,0.0420919709718832,0.2906976744186046,0.0
2306,SEG_C,SEG_A,0.7238609194755554,0.07699461281299591,0.19914445281028748,0.7238609194755554,0.0,0.5799052738012879,0.2165389541696705,0.9302325581395348,0.0036558139534883
7472,SEG_B,SEG_C,0.07086831331253052,0.2056102454662323,0.7235214114189148,0.7235214114189148,0.0891002634851726,4.103298985930018,3.2672614565569464,5.1178380107311,0.106628059483998
5943,SEG_C,SEG_A,0.7228856086730957,0.07102266699075699,0.2060917168855667,0.7228856086730957,0.0,0.2483901867915491,-0.0984693081228121,0.5465116279069767,0.0
4311,SEG_C,SEG_A,0.7226857542991638,0.09656678140163422,0.18074744939804077,0.7226857542991638,0.0,0.1099905983360828,-0.1672061311908354,0.3372093023255814,0.0
15375,SEG_C,SEG_B,0.06341820955276489,0.722599446773529,0.21398237347602844,0.722599446773529,0.1959154236784379,2.1481649016373088,1.6992195316812797,2.0,0.128209607340089
6524,SEG_B,SEG_C,0.20440757274627686,0.07321185618638992,0.7223806381225586,0.7223806381225586,0.002106976744186,2.2083893746426324,1.746793025244944,4.0816551723311525,0.1009396873909747
10210,SEG_B,SEG_C,0.18212759494781494,0.09573765099048615,0.7221347093582153,0.7221347093582153,0.0042651162790697,1.6310201692299504,1.1428980613825894,2.988372093023256,0.0537141059956259
4673,SEG_B,SEG_A,0.7220790982246399,0.10243139415979385,0.17548952996730804,0.7220790982246399,0.0,0.869982083621592,0.4523345002118219,0.9534883720930232,0.0
443,SEG_B,SEG_A,0.7220720052719116,0.1956920176744461,0.08223596960306168,0.7220720052719116,0.017494229960707,0.1828091462224824,-0.1329098636640579,0.1046511627906976,0.0
5383,SEG_A,SEG_C,0.16312626004219055,0.11503559350967407,0.721838116645813,0.721838116645813,0.0127953488372093,1.222154222766218,0.9845202791589556,1.848837209302325,0.028753488372093
4736,SEG_B,SEG_A,0.7217169404029846,0.23468135297298431,0.04360164701938629,0.7217169404029846,0.0521255813953488,0.6647597254004577,0.263658176448874,0.6162790697674418,0.0
16291,SEG_B,SEG_A,0.7216905951499939,0.180136576294899,0.09817282110452652,0.7216905951499939,0.0,0.0,-0.2622447917827971,0.3720930232558139,0.0
7439,SEG_A,SEG_C,0.12943078577518463,0.1490674465894699,0.7215017676353455,0.7215017676353455,0.0291930232558139,2.293908431341245,1.6593408499136613,3.069767441860465,0.0434325581395348
6851,SEG_B,SEG_C,0.007187593728303909,0.2716137766838074,0.7211986184120178,0.7211986184120178,0.2514787413464577,7.458289764690029,5.98300696619137,8.625437042306121,0.2970884486551013
3828,SEG_B,SEG_A,0.7211912870407104,0.10330913960933685,0.17549952864646912,0.7211912870407104,0.0,0.220229542511486,-0.0354708763480419,0.4651162790697674,0.0
17685,SEG_B,SEG_A,0.7208777070045471,0.24312682449817657,0.035995446145534515,0.7208777070045471,0.0200627906976744,0.0765171269934188,-0.2324980613961416,0.1744186046511628,0.0
3856,SEG_C,SEG_A,0.7205557823181152,0.07797997444868088,0.2014642059803009,0.7205557823181152,0.0,0.3340340233799869,0.1464091853899876,1.0,0.0
12416,SEG_B,SEG_A,0.7203457951545715,0.21325163543224335,0.06640263646841049,0.7203457951545715,0.0262581395348837,0.3390452876376989,0.2138063279002876,0.4302325581395348,0.0
4455,SEG_C,SEG_B,0.01299062930047512,0.7200393080711365,0.26697003841400146,0.7200393080711365,0.2040234314707353,3.973939233037452,3.5278124317629813,3.5,0.1345660313225927
11811,SEG_C,SEG_B,0.22387371957302094,0.7195802330970764,0.056546036154031754,0.7195802330970764,0.0462059456960747,1.0369692660220005,0.7419889787684035,1.570806735836236,0.0237441860465116
11097,SEG_B,SEG_A,0.7194361686706543,0.15750008821487427,0.12306374311447144,0.7194361686706543,0.0194441860465116,0.4344810458907633,0.0588902019368696,0.5465116279069767,0.0
12353,SEG_B,SEG_A,0.7192082405090332,0.10061924159526825,0.18017256259918213,0.7192082405090332,0.0,0.0805882248594185,-0.1680335991636132,0.1511627906976744,0.0
5614,SEG_B,SEG_A,0.7191637754440308,0.07441925257444382,0.2064169943332672,0.7191637754440308,0.0,0.1040569066751813,-0.1467969061616634,0.3837209302325581,0.0
15332,SEG_C,SEG_B,0.08211448043584824,0.7185331583023071,0.19935235381126404,0.7185331583023071,0.2323437697971365,3.3463910497966647,2.894848692853756,2.627906976744186,0.0551720930232558
17619,SEG_C,SEG_A,0.7183696627616882,0.07870621234178543,0.20292414724826813,0.7183696627616882,0.0,0.5911784010075746,0.2434781154540792,1.162790697674419,0.0
7208,SEG_C,SEG_B,0.02679184265434742,0.7181078195571899,0.2551003396511078,0.7181078195571899,0.2602991446086705,2.6247316977985915,2.318140149403634,2.616279069767442,0.0359744186046511
5182,SEG_B,SEG_C,0.034316305071115494,0.24760207533836365,0.7180816531181335,0.7180816531181335,0.0681139534883721,5.002693526462866,4.334832979391127,5.803105051877177,0.2433757911699356
10280,SEG_A,SEG_C,0.2432253062725067,0.03898964077234268,0.717785120010376,0.717785120010376,0.0,3.0589998758270807,2.7942664397323367,4.04677145140092,0.0409930232558139
3679,SEG_B,SEG_C,0.11341846734285355,0.16887544095516205,0.7177060842514038,0.7177060842514038,0.0393395348837209,2.341910134284144,2.2504509303080305,3.802325581395349,0.0961595121001682
9459,SEG_B,SEG_A,0.7174486517906189,0.09510662406682968,0.18744468688964844,0.7174486517906189,0.0,0.1248381317297287,0.0228309314465081,0.1744186046511628,0.0
2331,SEG_B,SEG_A,0.7171984910964966,0.26600828766822815,0.016793260350823402,0.7171984910964966,0.005013953488372,0.0191226296276586,-0.2930128505280683,0.0,0.0
3567,SEG_A,SEG_B,0.20080263912677765,0.7171521186828613,0.08204521983861923,0.7171521186828613,0.1310070645725769,0.6338672768878719,0.2895818819959795,0.7441860465116279,0.0090420129723701
14684,SEG_A,SEG_B,0.18693238496780396,0.7165612578392029,0.09650630503892899,0.7165612578392029,0.1569377362726709,1.4392262253206325,0.991674672913089,1.7906976744186047,0.0
7679,SEG_A,SEG_C,0.06765291839838028,0.21604777872562408,0.716299295425415,0.716299295425415,0.108574506433042,3.1107622443368284,2.5045106294351616,4.22093023255814,0.1151395348837209
810,SEG_C,SEG_A,0.7159347534179688,0.20285822451114655,0.08120707422494888,0.7159347534179688,0.0258174857746605,0.186596420272116,-0.153709906276181,0.0697674418604651,0.0
14858,SEG_A,SEG_B,0.07283204793930054,0.7148904204368591,0.21227750182151794,0.7148904204368591,0.1218338526728189,1.714952193425931,1.1257533420550618,1.7093023255813953,0.0794285170057595
8039,SEG_C,SEG_B,0.03275713697075844,0.7148006558418274,0.25244224071502686,0.7148006558418274,0.2313401496824572,3.001268337679386,3.1345972344256308,3.023515637447431,0.0215581395348837
18479,SEG_B,SEG_C,0.006097021978348494,0.27917978167533875,0.7147231698036194,0.7147231698036194,0.3994387902133617,7.0817954163118335,5.754096044820078,7.508833998794055,0.156183377943137
2769,SEG_C,SEG_B,0.0032208047341555357,0.7146527171134949,0.2821264863014221,0.7146527171134949,0.4120621338557061,4.183304859019008,3.9726992374430585,3.755813953488372,0.1299060237280751
7975,SEG_B,SEG_A,0.7144522070884705,0.1089789941906929,0.17656873166561127,0.7144522070884705,0.0021441860465116,0.4712096216273748,0.1214519833218131,0.3255813953488372,0.0
7499,SEG_B,SEG_A,0.7143217921257019,0.20936520397663116,0.07631301879882812,0.7143217921257019,0.008660465116279,0.5289588987635925,0.1886335877673476,0.6046511627906976,0.045813953488372
17595,SEG_B,SEG_A,0.7141985893249512,0.14441519975662231,0.14138619601726532,0.7141985893249512,0.0022302325581395,0.3006226384971528,-0.024023203787524,0.8372093023255814,0.0046511627906976
6938,SEG_C,SEG_A,0.7141531109809875,0.1086186096072197,0.17722830176353455,0.7141531109809875,0.0,0.0698383978145566,-0.1506462425769434,0.1976744186046511,0.0
19031,SEG_B,SEG_A,0.7139122486114502,0.18854999542236328,0.09753778576850891,0.7139122486114502,0.0357720930232558,0.2146595001153034,-0.1380830985950386,0.1162790697674418,0.0
12821,SEG_B,SEG_A,0.7138020992279053,0.23293302953243256,0.05326491966843605,0.7138020992279053,0.0063465116279069,0.2193603320738651,-0.1498206326909308,0.7209302325581395,0.0170813953488372
5156,SEG_A,SEG_C,0.2079939842224121,0.07862549275159836,0.7133805155754089,0.7133805155754089,0.0022302325581395,2.517907508913842,1.9811181222918388,3.302325581395349,0.0349023255813953
14005,SEG_A,SEG_B,0.05511443316936493,0.7133123874664307,0.2315731644630432,0.7133123874664307,0.1725015580184567,2.962517517251167,2.232973608419471,3.4186046511627906,0.085202630595903
1413,SEG_C,SEG_A,0.7132539749145508,0.06761534512042999,0.21913067996501923,0.7132539749145508,0.0,2.018625937949018,1.5022625303177823,2.3372093023255816,0.0
8339,SEG_C,SEG_B,0.060782283544540405,0.712996244430542,0.22622150182724,0.712996244430542,0.1445803643007258,2.042068011281997,1.5953571037458936,4.884240577220444,0.1285502097745867
17410,SEG_B,SEG_A,0.7126222252845764,0.14874307811260223,0.13863469660282135,0.7126222252845764,0.0089279069767441,0.7265002749543221,0.30986693621312,0.872093023255814,0.0
5100,SEG_C,SEG_B,0.07319656014442444,0.7125568985939026,0.21424654126167297,0.7125568985939026,0.1751271394138055,1.6586929913256347,1.219407016351124,1.337209302325581,0.0011976744186046
13228,SEG_B,SEG_A,0.7125340104103088,0.08542049676179886,0.2020454704761505,0.7125340104103088,0.0,0.4124137441683075,0.0501528586045519,0.6046511627906976,0.0
5445,SEG_C,SEG_A,0.7115780115127563,0.06564952433109283,0.22277244925498962,0.7115780115127563,0.0,0.208424245649513,-0.1164215230861087,0.3953488372093023,0.0012186046511627
3995,SEG_B,SEG_C,0.003873624140396714,0.28500962257385254,0.7111167311668396,0.7111167311668396,0.2737808912710712,5.561601907554722,4.95586500770519,5.093802726295782,0.1786340832120732
6137,SEG_A,SEG_C,0.2211795449256897,0.0677419900894165,0.7110785245895386,0.7110785245895386,0.0,1.5312649672715664,1.0453918615664162,2.069767441860465,0.0607141059956259
11067,SEG_A,SEG_C,0.14662739634513855,0.1424221247434616,0.710950493812561,0.710950493812561,0.0085906976744186,1.5911163145477447,1.0826500091094522,2.186046511627907,0.0654511627906976
9271,SEG_C,SEG_B,0.013831546530127525,0.7097627520561218,0.2764056622982025,0.7097627520561218,0.2197584908484473,2.1208912067833894,1.540077621926197,1.6162790697674418,0.0941327106467887
15127,SEG_A,SEG_C,0.12654884159564972,0.1639685183763504,0.7094826698303223,0.7094826698303223,0.0605372093023255,1.9408670817589984,1.2940943031638594,2.488372093023256,0.1420379718385947
321,SEG_B,SEG_A,0.7090821862220764,0.25690004229545593,0.034017808735370636,0.7090821862220764,0.0416093023255813,0.2319638834193674,-0.0905371357220897,0.0930232558139534,0.0
8492,SEG_B,SEG_C,0.002515465719625354,0.2886008620262146,0.7088836431503296,0.7088836431503296,0.4272877152510549,6.450457903052701,5.543024366476564,5.757372894452029,0.1012826154068678
5125,SEG_C,SEG_A,0.7087609171867371,0.0672457292675972,0.22399339079856873,0.7087609171867371,0.0,1.8705940787256312,1.5122478885940724,3.558399358377664,0.0024372093023255
7097,SEG_B,SEG_A,0.7086498737335205,0.11313001066446304,0.17822010815143585,0.7086498737335205,0.0,0.4748372447803027,0.156195109020144,0.5930232558139535,0.0
8069,SEG_C,SEG_B,0.07163398712873459,0.7086434364318848,0.21972253918647766,0.7086434364318848,0.118453488372093,1.8526688308232668,1.2919653739594283,1.7790697674418603,0.0263697674418604
4103,SEG_B,SEG_C,0.011051643639802933,0.28083667159080505,0.7081117033958435,0.7081117033958435,0.211002589066568,5.415243954866086,4.704183994148033,6.422242180077991,0.1857346932410885
18595,SEG_B,SEG_A,0.7076097726821899,0.23402342200279236,0.05836676061153412,0.7076097726821899,0.0,0.1636953860890852,-0.1600122385981602,0.6744186046511628,0.0121860465116279
10763,SEG_B,SEG_C,0.04359932988882065,0.24950763583183289,0.7068930268287659,0.7068930268287659,0.0778720930232558,3.791594100309176,3.0569984066512434,4.3023255813953485,0.1058979794331123
11890,SEG_C,SEG_B,0.036139607429504395,0.7066278457641602,0.2572326064109802,0.7066278457641602,0.1720490128660841,1.9442640980611288,1.5037036141468434,1.8837209302325584,0.0671744186046511
17287,SEG_A,SEG_C,0.0935559943318367,0.20004068315029144,0.7064033150672913,0.7064033150672913,0.0436279069767441,2.503964663934863,1.8191158727681285,2.790957497912548,0.0073116279069767
6554,SEG_C,SEG_B,0.0649285539984703,0.706209659576416,0.22886180877685547,0.706209659576416,0.1317222247658421,2.243219271637132,1.8725060448066768,2.2209302325581395,0.0048744186046511
1387,SEG_C,SEG_B,0.02319459803402424,0.7061665058135986,0.27063891291618347,0.7061665058135986,0.2440296406519826,2.595587753595839,2.0193055298541944,1.8604651162790693,0.0524700724563681
7304,SEG_A,SEG_C,0.08838983625173569,0.20548272132873535,0.706127405166626,0.706127405166626,0.0498093023255813,1.200086921043762,0.6690388241035969,1.372093023255814,0.055553488372093
5327,SEG_A,SEG_C,0.0883803516626358,0.20556031167507172,0.7060593366622925,0.7060593366622925,0.0351976744186046,1.1729462686037644,0.7534312668931056,3.895608660703245,0.0575488372093023
10700,SEG_B,SEG_A,0.7060492634773254,0.09857971966266632,0.19537097215652466,0.7060492634773254,0.0,1.0804285739627129,0.642807593876737,1.1395348837209305,0.0
7745,SEG_A,SEG_C,0.1830272078514099,0.11126747727394104,0.7057052850723267,0.7057052850723267,0.0085302325581395,1.484167952743335,1.0729224731878082,1.7906976744186047,0.0383302325581395
16984,SEG_B,SEG_A,0.7055210471153259,0.24714237451553345,0.04733653366565704,0.7055210471153259,0.0065651162790697,0.0758253064410267,-0.1327076535832584,0.0697674418604651,0.0
2305,SEG_B,SEG_A,0.7054707407951355,0.20400090515613556,0.09052833169698715,0.7054707407951355,0.0214767441860465,0.2297376403597467,-0.1202869629200205,0.6162790697674418,0.0
10185,SEG_C,SEG_A,0.7054075002670288,0.0813860222697258,0.2132064551115036,0.7054075002670288,0.0,0.634133361715715,0.2545386866051763,0.872093023255814,0.0
7624,SEG_B,SEG_C,0.08907460421323776,0.2055968940258026,0.7053285241127014,0.7053285241127014,0.0412232558139534,4.078922580848764,3.3999316256898924,7.28738411924803,0.0721418604651162
6522,SEG_B,SEG_C,0.09809171408414841,0.1966884434223175,0.7052198648452759,0.7052198648452759,0.0588443617032934,1.634816312773846,1.227770192009429,1.4883720930232558,0.0781813953488372
9495,SEG_B,SEG_C,0.1274082511663437,0.167448028922081,0.7051437497138977,0.7051437497138977,0.0314860465116279,1.6002607631312864,1.3751408479335598,1.848837209302325,0.1079168890987827
13143,SEG_C,SEG_B,0.11533423513174057,0.7048118114471436,0.17985396087169647,0.7048118114471436,0.1368512506190885,1.3500966774874497,0.9304951911266498,1.4069767441860466,0.0579906976744186
163,SEG_B,SEG_C,0.00274122622795403,0.29252511262893677,0.704733669757843,0.704733669757843,0.4691824721821073,7.402968301100785,5.887831198474827,8.095165994016178,0.1827599696219297
10486,SEG_B,SEG_C,0.005314018111675978,0.2901492714881897,0.7045367360115051,0.7045367360115051,0.3156964906062909,6.128758311339549,5.200513594285064,6.318370487769121,0.2971503243092527
10302,SEG_A,SEG_B,0.053082823753356934,0.7044208645820618,0.2424963414669037,0.7044208645820618,0.1704780387193305,2.2018785588845726,1.8281601671335943,1.988372093023256,0.0
4805,SEG_B,SEG_A,0.7043989896774292,0.1081283688545227,0.1874726265668869,0.7043989896774292,0.004213953488372,0.6061589768151421,0.2786207298069323,0.6511627906976745,0.0
8796,SEG_A,SEG_B,0.049283526837825775,0.7043930888175964,0.24632342159748077,0.7043930888175964,0.2332949325878342,3.603964804969792,2.709152713362897,4.1865661586157925,0.1673160885899257
20002,SEG_B,SEG_A,0.704380989074707,0.23937572538852692,0.05624328926205635,0.704380989074707,0.0279697674418604,0.1839621804764692,-0.1532779127987494,0.127906976744186,0.0
17479,SEG_A,SEG_B,0.11898640543222427,0.7040433883666992,0.1769701987504959,0.7040433883666992,0.1450908733312004,2.076233303177053,1.616452938422623,2.186046511627907,0.0170790697674418
5857,SEG_A,SEG_B,0.2452440857887268,0.7040031552314758,0.050752777606248856,0.7040031552314758,0.1293198991844468,0.7311390204530538,0.3322527884380304,0.2441860465116279,0.0011790697674418
634,SEG_A,SEG_C,0.17594307661056519,0.12042783200740814,0.7036291360855103,0.7036291360855103,0.0042279069767441,2.1747999929044046,1.558590593071861,2.988372093023256,0.1556006100290153
7069,SEG_B,SEG_C,0.02716250717639923,0.269756555557251,0.703080952167511,0.703080952167511,0.1106757131379351,4.096849649661624,3.3845113360633032,4.453488372093023,0.1177407549417515
5434,SEG_C,SEG_B,0.06652377545833588,0.7017768025398254,0.2316994071006775,0.7017768025398254,0.1141524573239817,1.10262891809909,0.8555285651280664,1.0,0.0578164315770212
13015,SEG_A,SEG_B,0.12794466316699982,0.7017031908035278,0.17035216093063354,0.7017031908035278,0.1253651162790697,1.6219732850832846,1.2786095812863412,1.3604651162790695,0.0
12808,SEG_B,SEG_A,0.7016080021858215,0.12444881349802017,0.17394320666790009,0.7016080021858215,0.0155418604651162,0.36947652244869,0.0359601725295497,0.3372093023255814,0.0
8109,SEG_C,SEG_A,0.7010821104049683,0.185241237282753,0.11367664486169815,0.7010821104049683,0.0422627906976744,0.1611853192130984,-0.1663415014827532,0.0697674418604651,0.0
6446,SEG_A,SEG_C,0.1669614166021347,0.13217118382453918,0.7008673548698425,0.7008673548698425,0.0409209302325581,0.6347542263140156,0.2264418326362855,1.1162790697674418,0.036306976744186
849,SEG_C,SEG_A,0.700846254825592,0.08984491229057312,0.20930884778499603,0.700846254825592,0.0,0.1371046422932964,-0.1822510597288184,0.1860465116279069,0.0
13477,SEG_B,SEG_A,0.7005772590637207,0.12332765012979507,0.17609503865242004,0.7005772590637207,0.0,0.1877405850318414,-0.0641925622025513,0.3023255813953488,0.009560465116279
12466,SEG_A,SEG_B,0.13503722846508026,0.7004126310348511,0.16455017030239105,0.7004126310348511,0.1152781265477214,1.3356748798183529,0.7906084787498268,1.244186046511628,0.1177776592295695
16499,SEG_B,SEG_A,0.7002561092376709,0.25478699803352356,0.04495690017938614,0.7002561092376709,0.0199860465116279,0.3167207705816614,-0.0075184384143335,0.3720930232558139,0.0024372093023255
11253,SEG_B,SEG_A,0.7002452611923218,0.09748807549476624,0.2022666484117508,0.7002452611923218,0.0,1.1123587533038868,0.6700942173862418,1.7209302325581397,0.0
5852,SEG_B,SEG_C,0.006071295123547316,0.2939763069152832,0.6999523639678955,0.6999523639678955,0.2710751212317783,5.556964982966485,5.161912774406968,6.317591017287292,0.2554492567584759
754,SEG_C,SEG_B,0.020385809242725372,0.6989012360572815,0.28071296215057373,0.6989012360572815,0.1493478939895818,2.211918826388519,1.6383826999559998,2.302325581395349,0.0484537933866006
11183,SEG_C,SEG_B,0.028875378891825676,0.6988757252693176,0.27224886417388916,0.6988757252693176,0.1819593462397768,1.7116970890319836,1.966854872902145,1.5930232558139534,0.0290093023255813
6043,SEG_C,SEG_A,0.6988686323165894,0.0943957045674324,0.20673567056655884,0.6988686323165894,0.0,0.209479715466624,-0.1221704435376981,0.5465116279069767,0.0048744186046511
9162,SEG_B,SEG_C,0.0065831695683300495,0.2946217656135559,0.6987950801849365,0.6987950801849365,0.3621906327386071,6.793153036681222,5.802931665350955,7.194360863434077,0.1625547084301236
2162,SEG_A,SEG_B,0.1753673106431961,0.6987584829330444,0.12587422132492065,0.6987584829330444,0.1112454805797956,1.5122310325865225,1.044760416217203,1.627906976744186,0.0574906976744186
6239,SEG_B,SEG_C,0.06667866557836533,0.23466253280639648,0.69865882396698,0.69865882396698,0.0774883720930232,2.1950940027447383,1.6603948328681668,2.3372093023255816,0.1316585970566452
13306,SEG_C,SEG_A,0.6985800862312317,0.10533850640058517,0.19608144462108612,0.6985800862312317,0.0,0.0946907207351036,-0.2071382738621696,0.1395348837209302,0.0073116279069767
8333,SEG_C,SEG_B,0.203543558716774,0.6985544562339783,0.09790202230215073,0.6985544562339783,0.0965256692237397,1.6808578574849662,1.2126035497918994,2.2209302325581395,0.0
8162,SEG_B,SEG_C,0.133733332157135,0.16779129207134247,0.6984753608703613,0.6984753608703613,0.0046465116279069,2.094406896918738,1.7240852638854824,3.2209302325581395,0.0372116279069767
17213,SEG_B,SEG_A,0.6982062458992004,0.18878771364688873,0.11300604045391083,0.6982062458992004,0.0152441860465116,0.1427012931722633,-0.2071731258049891,0.3255813953488372,0.0012186046511627
5420,SEG_B,SEG_A,0.6980890035629272,0.06666349619626999,0.23524749279022217,0.6980890035629272,0.0,0.2051247937842584,0.0293924551767535,0.4302325581395348,0.0
4110,SEG_C,SEG_A,0.6979178786277771,0.16601024568080902,0.13607190549373627,0.6979178786277771,0.0144720930232558,0.2993099533464602,0.0056876687170992,0.2674418604651162,0.0
12301,SEG_B,SEG_C,0.026570938527584076,0.2755564749240875,0.6978725790977478,0.6978725790977478,0.2668912246447639,4.737153986560854,3.824085008832665,5.597700078704924,0.214488639134943
5278,SEG_A,SEG_C,0.20536161959171295,0.0969051867723465,0.6977332234382629,0.6977332234382629,0.0,1.0490394337714863,0.7721446780678871,1.8837209302325584,0.0226860465116279
1185,SEG_C,SEG_B,0.015842081978917122,0.6973074674606323,0.2868505120277405,0.6973074674606323,0.1928144804587174,2.1165096766182394,1.5973605584916102,1.4883720930232558,0.1085074342659475
508,SEG_B,SEG_A,0.6969119310379028,0.22169719636440277,0.0813908576965332,0.6969119310379028,0.0237302325581395,0.9529916804143828,0.6046610725867789,1.1395348837209305,0.0
8123,SEG_A,SEG_B,0.23525187373161316,0.6967062950134277,0.06804181635379791,0.6967062950134277,0.0780023255813953,0.8314352615613858,0.7253976925039826,0.5697674418604651,0.0144976744186046
16608,SEG_B,SEG_A,0.696602463722229,0.15417249500751495,0.14922501146793365,0.696602463722229,0.004213953488372,0.589058591879091,0.1494768866393651,0.4651162790697674,0.0315860465116279
5206,SEG_A,SEG_C,0.17551785707473755,0.12792499363422394,0.6965571641921997,0.6965571641921997,0.0085558139534883,1.3794547034928069,0.8668259153747847,2.8953488372093026,0.0628046511627907
3675,SEG_C,SEG_B,0.034916989505290985,0.6958228945732117,0.26926007866859436,0.6958228945732117,0.2326456562365774,2.50653681727068,2.6136748841422635,2.744186046511628,0.1807303850653933
4522,SEG_A,SEG_B,0.21196036040782928,0.6957757472991943,0.09226389229297638,0.6957757472991943,0.0560720930232558,0.2636811948982669,-0.0746345442524903,0.0930232558139534,0.0130651162790697
4843,SEG_C,SEG_A,0.6956066489219666,0.0747789666056633,0.22961434721946716,0.6956066489219666,0.0,0.5534032249481134,0.2527778397140032,1.3488372093023255,0.0
19202,SEG_B,SEG_A,0.695405900478363,0.15816213190555573,0.14643192291259766,0.695405900478363,0.0042883720930232,0.1468522164866159,0.1656391446855002,0.2325581395348837,0.0
3515,SEG_A,SEG_C,0.10676759481430054,0.19850178062915802,0.6947305798530579,0.6947305798530579,0.0323790697674418,0.9322459333368812,0.5420510569890746,1.197674418604651,0.1467637057411974
12432,SEG_C,SEG_B,0.05347921699285507,0.6947115063667297,0.25180932879447937,0.6947115063667297,0.1794269637570237,1.4952282120873468,1.064706589482832,1.2209302325581397,0.0658584445493914
19365,SEG_C,SEG_B,0.028820686042308807,0.6944984197616577,0.2766808867454529,0.6944984197616577,0.2286007026271271,2.855409504550051,2.2367897338778526,2.7906976744186047,0.1502305375726472
5120,SEG_C,SEG_A,0.6942125558853149,0.1753607839345932,0.13042667508125305,0.6942125558853149,0.0146162790697674,0.8385840739361042,0.4282017856977985,0.8953488372093024,0.0289325581395348
9260,SEG_B,SEG_A,0.6939693093299866,0.24623949825763702,0.059791211038827896,0.6939693093299866,0.0086093023255813,0.3736185762687811,0.0152982477003079,0.6046511627906976,0.0097488372093023
10049,SEG_C,SEG_A,0.6939548254013062,0.06902105361223221,0.23702409863471985,0.6939548254013062,0.0,0.1347364873254927,-0.1730337106488191,0.3837209302325581,0.0
9849,SEG_B,SEG_C,0.08423122763633728,0.22182315587997437,0.693945586681366,0.693945586681366,0.0402395348837209,3.221437007671372,2.36105963528958,4.82584121884278,0.1688243233647303
3042,SEG_A,SEG_B,0.17019444704055786,0.6936597228050232,0.13614583015441895,0.6936597228050232,0.1203317027482053,0.9124492221453532,0.5741340671239232,0.5697674418604651,0.0396674418604651
1966,SEG_C,SEG_A,0.6932414174079895,0.19447283446788788,0.11228571832180023,0.6932414174079895,0.0160302325581395,0.4874762741028506,0.1398303195166001,0.686046511627907,0.0
12063,SEG_A,SEG_B,0.20856088399887085,0.6932141184806824,0.09822502732276917,0.6932141184806824,0.1815539275140475,1.371383463714899,1.0186274773927573,0.9069767441860463,0.036635036228184
10926,SEG_C,SEG_A,0.6930965185165405,0.22511707246303558,0.0817863792181015,0.6930965185165405,0.0149279069767441,0.0917017011689993,-0.2465340488206104,0.0465116279069767,0.0
11929,SEG_C,SEG_B,0.0574834905564785,0.6930156946182251,0.2495008260011673,0.6930156946182251,0.173216630383331,2.221037273459442,1.779823047892986,2.5002598234939426,0.0458046511627907
7430,SEG_B,SEG_C,0.062037691473960876,0.245015949010849,0.6929463148117065,0.6929463148117065,0.0602674418604651,3.516587775179383,2.856308860349837,4.524035284435317,0.1227768966933003
7209,SEG_A,SEG_C,0.2375483512878418,0.06956223398447037,0.692889392375946,0.692889392375946,0.0021116279069767,2.001135295265464,1.5928015241266371,2.127906976744186,0.0913255813953488
3136,SEG_B,SEG_A,0.6924382448196411,0.17034395039081573,0.13721781969070435,0.6924382448196411,0.0148093023255813,0.2985205683571922,0.0684577234762827,0.3488372093023256,0.0
2727,SEG_B,SEG_C,0.01884273998439312,0.2889191806316376,0.6922380924224854,0.6922380924224854,0.1257814831772281,2.159615418728824,1.9177719708513523,2.616279069767442,0.100088524600277
13685,SEG_A,SEG_B,0.2504176199436188,0.6918589472770691,0.05772344768047333,0.6918589472770691,0.2008142169735448,1.1865432033065475,0.700596639896978,0.6744186046511628,0.0121860465116279
12277,SEG_C,SEG_B,0.0333564467728138,0.6917765736579895,0.2748669981956482,0.6917765736579895,0.2183007026271272,4.214593028010583,3.099934136749692,4.142392942154301,0.1718260009445224
6729,SEG_B,SEG_C,0.11648732423782349,0.19188538193702698,0.6916273236274719,0.6916273236274719,0.0318093023255814,1.2897220300498466,0.9184405201651964,1.802325581395349,0.096106976744186
18379,SEG_B,SEG_A,0.6916062235832214,0.18728949129581451,0.12110430002212524,0.6916062235832214,0.0490186046511627,0.5226438188494492,0.072190838708031,0.4186046511627907,0.0193860465116279
402,SEG_A,SEG_C,0.11868544667959213,0.19015705585479736,0.6911575198173523,0.6911575198173523,0.0369697674418604,1.8765898568463628,1.32482531650184,2.604651162790698,0.0722610751452944
4109,SEG_C,SEG_B,0.0695028007030487,0.6909841895103455,0.23951305449008942,0.6909841895103455,0.1236187803079445,2.760497653428576,2.347844501391084,1.6046511627906976,0.076381547856091
5590,SEG_B,SEG_A,0.6909635066986084,0.08947652578353882,0.21955999732017517,0.6909635066986084,0.0,0.3299363170312029,-0.0019175455417066,0.4651162790697674,0.0
12518,SEG_B,SEG_A,0.6909410357475281,0.11628230661153793,0.1927766352891922,0.6909410357475281,0.0116162790697674,0.6636066911464709,0.6858538899665791,1.441860465116279,0.0336813953488372
2683,SEG_A,SEG_B,0.15622323751449585,0.6908920407295227,0.15288469195365906,0.6908920407295227,0.1254619353063449,1.713408901424441,1.1618508973207184,1.7209302325581397,0.014560465116279
7591,SEG_B,SEG_C,0.004870311822742224,0.30466100573539734,0.6904686689376831,0.6904686689376831,0.3849781494403008,6.003106007048262,5.283363920464228,5.816291899817578,0.238693900326749
3498,SEG_A,SEG_B,0.04125906527042389,0.6904172301292419,0.268323689699173,0.6904172301292419,0.2657528086375453,3.638800536607728,3.012896926361866,2.546511627906977,0.0264325581395348
10394,SEG_A,SEG_B,0.16037116944789886,0.6903443932533264,0.1492844521999359,0.6903443932533264,0.1193652919358515,1.1339116243591791,0.9045007760584778,1.186046511627907,0.0095674418604651
4210,SEG_B,SEG_A,0.6902808547019958,0.12691889703273773,0.18280020356178284,0.6902808547019958,0.0,0.4820304046263283,0.0803975562442863,0.4534883720930232,0.0142581395348837
11560,SEG_B,SEG_C,0.0031344087328761816,0.3067452311515808,0.6901203393936157,0.6901203393936157,0.3067659945629787,7.184507801680267,5.947310215160267,8.612769841353606,0.2466664888443542
13136,SEG_B,SEG_A,0.689946711063385,0.10184048861265182,0.20821285247802734,0.689946711063385,0.0,0.1861529455590442,-0.1435043764136943,0.3023255813953488,0.0361186046511627
9199,SEG_B,SEG_C,0.12770392000675201,0.18267512321472168,0.6896209716796875,0.6896209716796875,0.0301767441860465,1.5167988221311623,1.2125268418739552,1.930232558139535,0.0438883720930232
5466,SEG_B,SEG_C,0.08717833459377289,0.223641037940979,0.6891806125640869,0.6891806125640869,0.0592418604651162,2.373396838912245,2.016311524349608,3.337469125819524,0.0792790697674418
13379,SEG_B,SEG_A,0.6890114545822144,0.15820343792438507,0.15278515219688416,0.6890114545822144,0.0064372093023255,0.071754208575027,-0.2242946083276971,0.0697674418604651,0.0
5197,SEG_A,SEG_C,0.15314607322216034,0.15786400437355042,0.6889899373054504,0.6889899373054504,0.0320756253095442,1.834885494829085,1.295785477974997,2.453488372093023,0.0513210827398119
3177,SEG_B,SEG_C,0.09807761758565903,0.2130759060382843,0.6888464689254761,0.6888464689254761,0.0521665864691355,2.159952459510759,1.713466730188365,2.5232558139534884,0.064074571111905
18229,SEG_B,SEG_C,0.004756473004817963,0.30645811557769775,0.6887854337692261,0.6887854337692261,0.2122027647233498,6.395200953803948,5.544983644821519,8.564699272482972,0.17513686631523
7987,SEG_B,SEG_C,0.053809504956007004,0.25756967067718506,0.6886208057403564,0.6886208057403564,0.1292803643007259,3.689933171024912,2.911077952756993,3.7906976744186047,0.3297672134080355
233,SEG_B,SEG_C,0.00850756373256445,0.30385544896125793,0.6876369714736938,0.6876369714736938,0.315503467350477,6.517928380957669,5.755312701396409,6.3054434633226615,0.2715286315404254
17034,SEG_B,SEG_A,0.6872178316116333,0.2578684687614441,0.054913729429244995,0.6872178316116333,0.0065058578676838,0.5233356394018414,0.1202117221015109,0.3488372093023256,0.0302790697674418
14885,SEG_C,SEG_B,0.003070323495194316,0.6869981288909912,0.3099314868450165,0.6869981288909912,0.3892146790080786,5.517522341985874,4.773893715758498,4.489151563505084,0.1824931377904799
8352,SEG_C,SEG_B,0.01079640630632639,0.6868762373924255,0.30232733488082886,0.6868762373924255,0.2500342039863825,3.265341611235651,2.567668822713971,3.313953488372093,0.1165165840842751
10615,SEG_C,SEG_A,0.6867964863777161,0.19752736389636993,0.11567617207765579,0.6867964863777161,0.0150697674418604,0.9270395402054176,0.6204981654490005,0.8604651162790697,0.0
1918,SEG_B,SEG_C,0.12776273488998413,0.18560673296451569,0.6866305470466614,0.6866305470466614,0.0312488372093023,2.557846841573093,1.9109464704654024,3.4069767441860463,0.181293900326749
5002,SEG_A,SEG_C,0.1126570925116539,0.20072892308235168,0.6866139769554138,0.6866139769554138,0.0471674418604651,2.943599492961686,2.4094042297152267,3.744186046511628,0.1505540984011083
4347,SEG_C,SEG_B,0.014114418998360634,0.6865887641906738,0.2992967963218689,0.6865887641906738,0.2319354106912756,3.896502478433455,3.3699654777201,4.3726126702437,0.0463767441860465
9329,SEG_A,SEG_C,0.07669918239116669,0.23680733144283295,0.6864935159683228,0.6864935159683228,0.0742790697674418,1.993995352385008,1.47947867040266,2.3372093023255816,0.0841744186046511
5056,SEG_B,SEG_C,0.08893869817256927,0.22473128139972687,0.6863300204277039,0.6863300204277039,0.0477593462397768,1.3640217834779065,0.9152765197806368,1.6046511627906976,0.0684558139534883
7154,SEG_C,SEG_A,0.6852513551712036,0.08447950333356857,0.23026910424232483,0.6852513551712036,0.0,0.1107090273712592,-0.2245819924140511,0.1627906976744186,0.0071232558139534
10117,SEG_B,SEG_C,0.07891590148210526,0.2359701693058014,0.6851139664649963,0.6851139664649963,0.0494524573239816,4.957698582074596,4.093085267688548,6.713979148472366,0.2950317196580899
2437,SEG_A,SEG_C,0.24999134242534637,0.06503181904554367,0.6849768757820129,0.6849768757820129,0.0134372093023255,2.096438011104607,1.6561262028652055,2.7674418604651168,0.0254372093023255
10648,SEG_B,SEG_A,0.6847178339958191,0.1236182153224945,0.19166401028633118,0.6847178339958191,0.0,0.0965710535185283,-0.1503755812714764,0.2441860465116279,0.0
2053,SEG_C,SEG_A,0.68458092212677,0.06675247102975845,0.24866659939289093,0.68458092212677,0.0,0.5456867649406631,0.1936733384368782,1.186046511627907,0.0
12971,SEG_B,SEG_C,0.0056317634880542755,0.30997544527053833,0.6843928098678589,0.6843928098678589,0.3398324932037234,7.059869419527394,5.877264401868249,7.802129908152088,0.2975592836477386
3029,SEG_C,SEG_A,0.6842811703681946,0.146164208650589,0.16955457627773285,0.6842811703681946,0.0021441860465116,0.4515016053784613,0.1367768635990892,0.6162790697674418,0.0480558139534883
2785,SEG_A,SEG_B,0.1617521494626999,0.6840612888336182,0.15418656170368195,0.6840612888336182,0.1052093023255814,0.9297003884838488,0.7781617823759232,0.5232558139534884,0.0048837209302325
8330,SEG_A,SEG_B,0.241153746843338,0.6840558052062988,0.07479047030210495,0.6840558052062988,0.1877081834490791,0.9678924307735972,1.1054426981661218,0.3604651162790697,0.0144976744186046
8042,SEG_A,SEG_B,0.2213100641965866,0.6840299367904663,0.0946599692106247,0.6840299367904663,0.0750838087586234,1.39724690898125,1.1631821580105888,1.3837209302325582,0.0265
5311,SEG_C,SEG_B,0.11866997927427292,0.6840154528617859,0.19731460511684418,0.6840154528617859,0.144274506433042,1.2573838539726463,0.7978451382331131,1.7209302325581397,0.0169488372093023
10989,SEG_B,SEG_A,0.68397057056427,0.12070158123970032,0.19532784819602966,0.68397057056427,0.0,1.1634559097440265,0.6600958525025952,1.4534883720930232,0.0048744186046511
9045,SEG_C,SEG_A,0.6834420561790466,0.12925516068935394,0.18730281293392181,0.6834420561790466,0.0020186046511627,0.4288311780462278,0.1686003156270051,0.6395348837209303,0.0076581395348837
3721,SEG_A,SEG_B,0.09530530124902725,0.683398425579071,0.2212962508201599,0.683398425579071,0.0892314392630326,1.913779646284569,1.4347121073448337,1.813953488372093,0.013813953488372
12677,SEG_C,SEG_B,0.10313937813043594,0.6831986308097839,0.21366195380687714,0.6831986308097839,0.0529372093023255,1.241738066095471,0.8780172638422009,4.779849237923689,0.0722489897165561
9209,SEG_C,SEG_B,0.12774120271205902,0.6829712390899658,0.18928754329681396,0.6829712390899658,0.1617257570521306,1.298493959874408,0.8266702809751835,0.9418604651162792,0.0024372093023255
3975,SEG_B,SEG_A,0.6827516555786133,0.27159133553504944,0.04565697908401489,0.6827516555786133,0.0437232558139534,0.4066042254270661,0.1066535609613492,0.2441860465116279,0.0
12517,SEG_B,SEG_C,0.006752387620508671,0.3105485439300537,0.6826990842819214,0.6826990842819214,0.3983643716087105,6.063848924453691,5.484563160281928,6.457125901008223,0.1638869615551509
12031,SEG_B,SEG_A,0.68238365650177,0.24531860649585724,0.07229770720005035,0.68238365650177,0.0556651162790697,0.8720398062902455,0.5717271040355167,0.9069767441860463,0.0
605,SEG_A,SEG_C,0.21233560144901276,0.10581337660551071,0.6818509697914124,0.6818509697914124,0.0,0.694100012417292,0.3514081820231344,1.0116279069767442,0.070053488372093
6979,SEG_C,SEG_A,0.6811578869819641,0.1282290518283844,0.19061307609081268,0.6811578869819641,0.0298627906976744,0.6380980256505775,0.2656035932920589,0.686046511627907,0.0
19045,SEG_B,SEG_A,0.6809325814247131,0.25243085622787476,0.06663653254508972,0.6809325814247131,0.0477860465116279,0.9479892856509324,0.6685309470544369,0.7674418604651163,0.0
3114,SEG_C,SEG_B,0.1355041265487671,0.6807835102081299,0.18371237814426422,0.6807835102081299,0.1081572841435541,1.411429230305288,1.1259854872161947,1.441860465116279,0.0
4853,SEG_A,SEG_B,0.12089872360229492,0.680564820766449,0.1985364407300949,0.680564820766449,0.1503385916640005,1.0617228105653416,0.7825986423675496,0.7325581395348837,0.0506255813953488
11462,SEG_C,SEG_B,0.03914635255932808,0.680528998374939,0.28032463788986206,0.680528998374939,0.1594732997281489,2.3528905681798027,1.6999987090121305,3.1514226141916173,0.066737666824087
13696,SEG_C,SEG_A,0.6800673007965088,0.21174505352973938,0.10818760097026825,0.6800673007965088,0.0065186046511627,0.4651340180582903,0.0542499399218612,0.2209302325581395,0.0168093023255813
579,SEG_A,SEG_B,0.06553113460540771,0.6794771552085876,0.254991739988327,0.6794771552085876,0.1630770076712192,2.04936760505916,1.617315281729184,5.652981555155274,0.0120348837209302
5950,SEG_A,SEG_C,0.1644771844148636,0.156172975897789,0.6793497800827026,0.6793497800827026,0.0300465116279069,1.646036223014564,1.1357202315919346,1.662790697674419,0.0264325581395348
277,SEG_C,SEG_B,0.045745451003313065,0.6787558197975159,0.27549871802330017,0.6787558197975159,0.1704085347626427,2.760000961749936,2.347930920286464,3.2906976744186047,0.0457418604651162
16301,SEG_C,SEG_B,0.2127414345741272,0.6785877346992493,0.10867081582546234,0.6785877346992493,0.1420245503472375,0.7668564738438615,0.3866508584666275,0.2558139534883721,0.0
7029,SEG_B,SEG_C,0.16200879216194153,0.15977510809898376,0.6782160997390747,0.6782160997390747,0.0177348837209302,1.0138896280134106,0.5729825513265501,1.372093023255814,0.0625
17068,SEG_B,SEG_C,0.014164329506456852,0.3082927465438843,0.6775429248809814,0.6775429248809814,0.2340596975533404,4.368577903735675,4.090378982201589,5.129465917707844,0.284692184774369
10465,SEG_B,SEG_A,0.6774677038192749,0.12809011340141296,0.19444216787815094,0.6774677038192749,0.0,0.6239334433150622,0.2936867166615879,1.0,0.0
9406,SEG_C,SEG_B,0.015235806815326214,0.6771844625473022,0.30757978558540344,0.6771844625473022,0.2583310230136575,4.616046270094199,4.113209560394155,4.395868484197188,0.0859468166424146
9283,SEG_C,SEG_A,0.6770938634872437,0.14163777232170105,0.1812683641910553,0.6770938634872437,0.004213953488372,0.2641424085998616,0.0333854836352104,0.7209302325581395,0.0024372093023255
16766,SEG_B,SEG_A,0.6770442724227905,0.2864459753036499,0.03650974854826927,0.6770442724227905,0.0087906976744186,0.1747024284675288,-0.1349224930074001,0.1511627906976744,0.0048116279069767
600,SEG_C,SEG_B,0.04129777103662491,0.6769721508026123,0.2817300856113434,0.6769721508026123,0.2333747699182147,2.0251804942082203,1.6216199240567934,1.2674418604651163,0.0770255813953488
452,SEG_B,SEG_C,0.20021101832389832,0.12284817546606064,0.6769407391548157,0.6769407391548157,0.0112837209302325,1.1195607826441738,0.7191844292550279,1.2325581395348837,0.0964627906976744
9424,SEG_A,SEG_B,0.19985276460647583,0.6769152879714966,0.12323193997144699,0.6769152879714966,0.0799790697674418,1.2226065669735513,0.7469725572972022,0.9418604651162792,0.0120511627906976
4030,SEG_C,SEG_B,0.08041219413280487,0.6768049597740173,0.242782860994339,0.6768049597740173,0.1814897544546981,2.371782590956664,1.7595439657788174,2.709302325581396,0.0118720930232558
5185,SEG_B,SEG_C,0.012460366822779179,0.31075340509414673,0.6767861843109131,0.6767861843109131,0.1528781265477214,4.859652157657844,4.146616419271087,6.538261426351489,0.2327480367004452
17830,SEG_A,SEG_B,0.21926607191562653,0.6766425371170044,0.10409136861562729,0.6766425371170044,0.1284826898821212,1.4078282156351445,0.8968989427317176,1.069767441860465,0.036306976744186
1118,SEG_B,SEG_C,0.045085810124874115,0.2784239947795868,0.6764901876449585,0.6764901876449585,0.1095873410449119,2.7275746977002866,2.216239358296144,2.9651162790697674,0.101563095712182
10441,SEG_C,SEG_A,0.6762208342552185,0.10787767916917801,0.21590150892734528,0.6762208342552185,0.0,1.2344384723183084,0.7894261237089394,0.9069767441860463,0.0
4620,SEG_C,SEG_A,0.6760919094085693,0.153716579079628,0.1701914668083191,0.6760919094085693,0.0,0.2991414329554929,-0.052199850857569,0.5,0.0073116279069767
6740,SEG_B,SEG_A,0.6760063171386719,0.12076514959335327,0.20322848856449127,0.6760063171386719,0.0173395348837209,0.4066751813811576,0.0129180385540615,0.3023255813953488,0.013813953488372
3297,SEG_B,SEG_C,0.08097601681947708,0.2430560141801834,0.6759679317474365,0.6759679317474365,0.0477327337963166,1.8860447377290548,1.4628341384081975,2.383720930232558,0.0801099123545967
4795,SEG_C,SEG_B,0.026269519701600075,0.6758732795715332,0.29785722494125366,0.6758732795715332,0.1527432428267912,1.644076064782786,1.226320779234997,1.2674418604651163,0.093563095712182
3967,SEG_A,SEG_C,0.21206560730934143,0.11207973957061768,0.6758546829223633,0.6758546829223633,0.0,0.8276745959945365,0.5075345418329654,1.127906976744186,0.0458023255813953
1587,SEG_C,SEG_A,0.6748688220977783,0.11321286857128143,0.21191829442977905,0.6748688220977783,0.0,1.4206268958543984,1.1891408454542527,1.8604651162790693,0.0046279069767441
10818,SEG_A,SEG_B,0.1478942483663559,0.6748650670051575,0.17724071443080902,0.6748650670051575,0.170209565810754,1.466224965852447,0.9554326203845894,1.2674418604651163,0.0518093023255814
1368,SEG_B,SEG_A,0.6748628616333008,0.22608038783073425,0.09905672818422318,0.6748628616333008,0.0058302325581395,0.3260603480389548,0.0071375306274634,0.4767441860465116,0.0144209302325581
1423,SEG_A,SEG_B,0.2866470515727997,0.6748086214065552,0.03854430466890335,0.6748086214065552,0.0997582273632746,1.1700282049917514,0.7893560103697472,0.8372093023255814,0.0327075867732013
5501,SEG_A,SEG_C,0.21479175984859467,0.11052466928958893,0.6746835708618164,0.6746835708618164,0.0,1.076011565820517,0.667727014847352,1.1046511627906976,0.0451209302325581
15081,SEG_B,SEG_A,0.6742092370986938,0.18103979527950287,0.1447509527206421,0.6742092370986938,0.0278674418604651,0.6282794955031664,0.5165406883839847,0.7790697674418605,0.0219348837209302
2328,SEG_A,SEG_C,0.23093168437480927,0.09498079121112823,0.6740875244140625,0.6740875244140625,0.0,1.2741383286325016,0.7952927229889928,1.7906976744186047,0.0181581395348837
2197,SEG_B,SEG_C,0.007899793796241283,0.3180712163448334,0.6740289926528931,0.6740289926528931,0.1866596097249495,5.55288440863606,5.003798064131464,7.694101039940135,0.1908778117368233
13291,SEG_C,SEG_B,0.10880721360445023,0.6734901666641235,0.21770261228084564,0.6734901666641235,0.0964768320144374,2.3144679190392563,1.7174434495361002,2.046511627906977,0.1003054136990598
14999,SEG_A,SEG_B,0.009905151091516018,0.6733453869819641,0.3167494833469391,0.6733453869819641,0.3757932218051751,4.081998709505202,3.177802910814351,6.242951079292595,0.1948512773253636
7318,SEG_A,SEG_C,0.13098372519016266,0.19575387239456177,0.673262357711792,0.673262357711792,0.0842639974025675,2.419101342841431,1.820581269401676,3.011627906976744,0.0436813953488372
10455,SEG_C,SEG_B,0.1229502409696579,0.6731796264648438,0.20387013256549835,0.6731796264648438,0.1690606407730608,1.5648448725453676,1.213102159798197,1.0,0.0158418604651162
6088,SEG_B,SEG_C,0.003959410358220339,0.3229334056377411,0.6731071472167969,0.6731071472167969,0.3237733226207284,7.07091497473371,5.896992930964213,7.898011222399412,0.2529990090113012
2673,SEG_B,SEG_A,0.6731051802635193,0.19444794952869415,0.13244687020778656,0.6731051802635193,0.0302232558139534,0.115267947421638,-0.1776046040912593,0.0697674418604651,0.0
11821,SEG_B,SEG_C,0.05195528268814087,0.275269091129303,0.6727756261825562,0.6727756261825562,0.1026744186046511,5.843900170907745,5.038287206164513,6.829218924264037,0.0458465116279069
9698,SEG_B,SEG_A,0.6727471351623535,0.15057019889354706,0.17668263614177704,0.6727471351623535,0.0021976744186046,0.1310556472069962,-0.1851391459242247,0.1744186046511628,0.0
14714,SEG_A,SEG_B,0.06541717052459717,0.6724181771278381,0.2621646225452423,0.6724181771278381,0.1402770076712192,1.147845599843897,0.5184130287428008,0.5116279069767442,0.0739768966933003
4915,SEG_B,SEG_A,0.6722996234893799,0.16842857003211975,0.15927177667617798,0.6722996234893799,0.021661759649563,0.5505561172901922,0.2253540625514455,0.6162790697674418,0.0060930232558139
12785,SEG_B,SEG_A,0.6722176671028137,0.1234806478023529,0.20430167019367218,0.6722176671028137,0.0,1.319833963067426,1.3132052987679648,1.755813953488372,0.0
10328,SEG_C,SEG_B,0.12929576635360718,0.6722055077552795,0.1984987109899521,0.6722055077552795,0.1264581395348837,2.0397264647969777,1.7508516231007258,1.7093023255813953,0.0097488372093023
13712,SEG_C,SEG_B,0.006095440126955509,0.672114372253418,0.3217901885509491,0.672114372253418,0.3072253408027556,4.982676898825297,4.425423274501096,4.721969526533911,0.1605378193313409
8604,SEG_B,SEG_C,0.007827228866517544,0.3201168477535248,0.6720559000968933,0.6720559000968933,0.2811691755357036,5.741766358635015,5.190085673952306,6.272638330343972,0.1628319101379316
9305,SEG_C,SEG_B,0.11037448048591614,0.6720300912857056,0.2175954282283783,0.6720300912857056,0.1905770954996101,2.6632619948106053,2.1600223267282987,2.616279069767442,0.0
6210,SEG_B,SEG_C,0.011985279619693756,0.31599658727645874,0.6720181107521057,0.6720181107521057,0.2904263718508669,4.115018622700203,3.253103485601843,4.035923014906004,0.2476591691130726
18070,SEG_A,SEG_B,0.05017469823360443,0.6719484925270081,0.2778768241405487,0.6719484925270081,0.1130186046511627,5.494465063668913,4.947421127040432,6.7483432224147135,0.0
2677,SEG_A,SEG_C,0.22249214351177216,0.10556425899267197,0.6719435453414917,0.6719435453414917,0.0041488372093023,0.8356660103240915,0.7683979423237137,1.255813953488372,0.0685399924054824
5149,SEG_C,SEG_A,0.6717112064361572,0.172417551279068,0.15587125718593597,0.6717112064361572,0.019153488372093,0.6237294449470492,0.3280991029157097,0.8604651162790697,0.0
14693,SEG_B,SEG_A,0.6715537905693054,0.10943718999624252,0.21900905668735504,0.6715537905693054,0.0042209302325581,1.2621556418853,0.8677903136698205,1.4069767441860466,0.0012186046511627
12721,SEG_B,SEG_A,0.6715342998504639,0.17057591676712036,0.15788978338241577,0.6715342998504639,0.0,1.9681141681301333,1.6051317879006346,7.415291095992216,0.0302813953488372
1815,SEG_B,SEG_A,0.6715203523635864,0.19983111321926117,0.1286485195159912,0.6715203523635864,0.0042883720930232,0.4888333067248506,0.3000661478888418,0.9186046511627908,0.0012186046511627
18246,SEG_A,SEG_B,0.1584194153547287,0.6713404059410095,0.17024019360542297,0.6713404059410095,0.1690633176680198,2.140041051863997,1.612846127518455,1.5348837209302326,0.0
10642,SEG_A,SEG_B,0.23405367136001587,0.6710631251335144,0.09488320350646973,0.6710631251335144,0.0479906976744186,0.3949053624962305,0.0863936022356499,0.3604651162790697,0.0168093023255813
5983,SEG_B,SEG_C,0.19732028245925903,0.13184469938278198,0.670835018157959,0.670835018157959,0.0,0.9124580916396148,0.5074453536682348,1.3953488372093024,0.083860465116279
12843,SEG_B,SEG_A,0.6707555651664734,0.16507494449615479,0.16416950523853302,0.6707555651664734,0.0193046511627907,0.2364518475156546,-0.1120190961770484,0.1976744186046511,0.0
12473,SEG_B,SEG_C,0.11171341687440872,0.21809148788452148,0.6701951622962952,0.6701951622962952,0.0476906976744186,1.909469679043676,1.6026557418397882,2.0232558139534884,0.1100330156612963
6013,SEG_C,SEG_A,0.6701797842979431,0.14190465211868286,0.18791557848453522,0.6701797842979431,0.0,0.0665832934206091,-0.1321087302826026,0.0930232558139534,0.0
10130,SEG_C,SEG_A,0.6701667904853821,0.2078283280134201,0.12200483679771423,0.6701667904853821,0.0108581395348837,0.2702002731804232,0.6762924213077626,0.5348837209302325,0.0
14475,SEG_B,SEG_C,0.0744091346859932,0.25586116313934326,0.6697296500205994,0.6697296500205994,0.0811581395348837,3.028355773153815,2.2675595392935803,3.5,0.0532418604651162
17489,SEG_A,SEG_B,0.13965143263339996,0.669478178024292,0.19087035953998566,0.669478178024292,0.1070931989125957,0.5959590584144893,0.5126635274491541,0.4651162790697674,0.0
11998,SEG_C,SEG_B,0.009146220050752163,0.6692478060722351,0.32160598039627075,0.6692478060722351,0.2350677931740287,5.217240758003596,4.636315476138739,6.191502805000706,0.1286654212935774
6609,SEG_A,SEG_C,0.1961984634399414,0.13505181670188904,0.6687497496604919,0.6687497496604919,0.002106976744186,1.1593315949124583,1.0139487791963389,1.8837209302325584,0.0930958063589708
4414,SEG_C,SEG_B,0.05479021742939949,0.6686215996742249,0.27658823132514954,0.6686215996742249,0.1566607286014517,2.170968978353629,1.6279300799698055,2.3488372093023258,0.0109674418604651
2103,SEG_B,SEG_A,0.6679210662841797,0.10128719359636307,0.23079174757003784,0.6679210662841797,0.0,0.1632519113760133,-0.1462580609997497,0.1860465116279069,0.0
14059,SEG_B,SEG_C,0.007472094614058733,0.3246430456638336,0.667884886264801,0.667884886264801,0.3449729713071647,6.9187545518876,5.780255103044436,8.376054525915638,0.3069952728920335
1586,SEG_A,SEG_C,0.23880480229854584,0.0933222621679306,0.6678729057312012,0.6678729057312012,0.0063465116279069,2.061305944335054,1.5257679472600651,2.732558139534884,0.0458046511627907
7103,SEG_B,SEG_C,0.06592095643281937,0.2663901150226593,0.6676889061927795,0.6676889061927795,0.1141803643007258,3.899760010708063,3.0333243478024525,4.827400159806437,0.0989590545784067
3303,SEG_A,SEG_C,0.17784932255744934,0.15448574721813202,0.6676648855209351,0.6676648855209351,0.0235790697674418,1.9788912106279448,1.5496927960673574,2.0930232558139537,0.0637189096656704
11000,SEG_B,SEG_A,0.66763836145401,0.2759830057621002,0.05637865141034126,0.66763836145401,0.0350174857746605,0.3845546626931332,0.0949833557582632,0.3372093023255814,0.0118720930232558
14663,SEG_B,SEG_A,0.6674321293830872,0.2460988461971283,0.08646905422210693,0.6674321293830872,0.0155465116279069,0.0766767778901247,-0.2371866336670457,0.0232558139534883,0.0
13524,SEG_B,SEG_A,0.6673091053962708,0.21730969846248627,0.11538118124008179,0.6673091053962708,0.0,0.1464708282333741,-0.1138332082221578,0.1395348837209302,0.0154162790697674
1666,SEG_C,SEG_A,0.6671147346496582,0.06742620468139648,0.2654591202735901,0.6671147346496582,0.0,0.383818494669434,0.0074013789481246,0.7441860465116279,0.0
5249,SEG_C,SEG_A,0.666911780834198,0.07263123244047165,0.26045694947242737,0.666911780834198,0.0,0.1940379259574619,-0.127103044537101,0.4069767441860465,0.0
372,SEG_B,SEG_A,0.6669006943702698,0.17582741379737854,0.1572718322277069,0.6669006943702698,0.0,0.5945576783211821,0.3264881416902643,0.7790697674418605,0.0
8462,SEG_C,SEG_A,0.6668614745140076,0.19352583587169647,0.13961270451545715,0.6668614745140076,0.0021441860465116,0.3287300658116474,0.1456201178770243,0.4418604651162791,0.0
10879,SEG_B,SEG_C,0.006671688053756952,0.32655516266822815,0.6667732000350952,0.6667732000350952,0.2714410929021776,6.245400423401544,5.53271433941383,7.55976262609806,0.1697246283792379
7375,SEG_C,SEG_B,0.02358318865299225,0.666588306427002,0.3098284900188446,0.666588306427002,0.2425181884017877,3.2453479502598768,2.643528599577647,2.8255813953488373,0.0361186046511627
5348,SEG_B,SEG_C,0.05159904435276985,0.281881183385849,0.6665197014808655,0.6665197014808655,0.0498838087586234,2.126443510191049,1.5489742356241116,2.1744186046511627,0.0916302325581395
13818,SEG_C,SEG_B,0.16534636914730072,0.6664487719535828,0.16820484399795532,0.6664487719535828,0.1277441860465116,1.9824738793394,1.4144962078616543,2.639794707214873,0.0641632482194359
5762,SEG_A,SEG_C,0.2641405165195465,0.06948511302471161,0.6663743853569031,0.6663743853569031,0.0,1.4218686250509998,0.952817602770779,2.0930232558139537,0.0289325581395348
6387,SEG_C,SEG_B,0.14655080437660217,0.6662734746932983,0.1871757209300995,0.6662734746932983,0.320157459800336,1.528790378372625,1.0755653949485628,0.2093023255813953,0.0
2036,SEG_C,SEG_B,0.050040408968925476,0.665907621383667,0.2840519845485687,0.665907621383667,0.2038546950769861,2.0699714402284783,1.5117240351592534,1.7906976744186047,0.0
3432,SEG_B,SEG_C,0.004277616739273071,0.33005550503730774,0.6656668782234192,0.6656668782234192,0.1976770076712192,5.618784144028373,4.948263737177098,6.573664794269607,0.2119111324126273
10405,SEG_C,SEG_A,0.6655944585800171,0.1073506772518158,0.2270549088716507,0.6655944585800171,0.0,0.1157823780888013,-0.1986530109676668,0.1511627906976744,0.0166837209302325
5503,SEG_A,SEG_C,0.10632961988449097,0.22812242805957794,0.6655479669570923,0.6655479669570923,0.0454860465116279,1.8255636563603144,1.949001186740576,2.6511627906976742,0.0791303850653933
13539,SEG_B,SEG_A,0.6654966473579407,0.18444660305976868,0.15005671977996826,0.6654966473579407,0.002153488372093,0.2532861476238625,-0.0875583391137527,0.3488372093023256,0.0
844,SEG_A,SEG_B,0.2511017322540283,0.6653714179992676,0.08352688699960709,0.6653714179992676,0.1148677931740287,0.6695049048303265,0.2913183689620431,0.2558139534883721,0.0
7654,SEG_A,SEG_C,0.12081435322761536,0.21432939171791077,0.6648561954498291,0.6648561954498291,0.0407767441860465,2.9132037361277408,2.562614713261397,3.6627906976744176,0.141714868531895
2597,SEG_C,SEG_A,0.6647709012031555,0.11687533557415009,0.2183537781238556,0.6647709012031555,0.0063976744186046,0.5678427616057333,0.2412979603162215,0.5465116279069767,0.0
13186,SEG_C,SEG_A,0.6646877527236938,0.1213601678609848,0.21395209431648254,0.6646877527236938,0.0,0.1950313093147428,-0.0502191303658449,0.3255813953488372,0.0191837209302325
9789,SEG_C,SEG_A,0.6645792722702026,0.12053707987070084,0.21488364040851593,0.6645792722702026,0.0,0.4257800720202934,0.0679558072643759,0.7209302325581395,0.040806976744186
11910,SEG_C,SEG_B,0.160463348031044,0.6645294427871704,0.1750071495771408,0.6645294427871704,0.0888396227121118,1.1787912653220516,0.7227318130925758,2.1511627906976742,0.017060465116279
12749,SEG_B,SEG_A,0.6643702387809753,0.15202948451042175,0.18360035121440887,0.6643702387809753,0.002153488372093,0.6347098788427085,0.3008691248951066,0.5465116279069767,0.0144976744186046
9569,SEG_B,SEG_A,0.6641424298286438,0.18187439441680908,0.15398317575454712,0.6641424298286438,0.0131314392630326,0.5746811416813014,0.3298825682246749,3.0,0.0
2218,SEG_A,SEG_B,0.2942419648170471,0.6635531187057495,0.04220493882894516,0.6635531187057495,0.0852790697674418,0.8281535486846541,0.4501331980943938,1.0232558139534884,0.0594348837209302
7438,SEG_C,SEG_A,0.6633821129798889,0.1760587990283966,0.16055907309055328,0.6633821129798889,0.0236116279069767,0.3159668635694393,-0.004045054887883,0.3837209302325581,0.0
5388,SEG_A,SEG_C,0.09275646507740021,0.2441076785326004,0.663135826587677,0.663135826587677,0.0475686485653582,1.9836712610646945,1.5213348736148609,2.4069767441860463,0.0434302325581395
13602,SEG_B,SEG_A,0.6631219387054443,0.11744505167007446,0.21943299472332,0.6631219387054443,0.0,0.9743582920901852,0.6021402682086309,1.5348837209302326,0.0119976744186046
18241,SEG_B,SEG_C,0.006460400298237801,0.33061593770980835,0.6629236340522766,0.6629236340522766,0.2749377362726709,5.845325359691226,5.264710883462325,5.966935043527368,0.1742522303414745
1735,SEG_B,SEG_C,0.03008911944925785,0.3071303069591522,0.6627805829048157,0.6627805829048157,0.1124686485653582,2.297651357919572,1.7855541922668314,2.3255813953488373,0.0556162790697674
5352,SEG_B,SEG_C,0.03630775585770607,0.30113816261291504,0.6625540852546692,0.6625540852546692,0.1313361782542142,3.382879542218052,2.708622679525737,3.977004009540454,0.1634286695130133
11219,SEG_C,SEG_A,0.6625281572341919,0.13561184704303741,0.20186001062393188,0.6625281572341919,0.0,0.2777570822911677,-0.0014171008396075,0.4302325581395348,0.012060465116279
753,SEG_C,SEG_A,0.6623328328132629,0.20022256672382355,0.1374446302652359,0.6623328328132629,0.0145860465116279,0.3798360917460487,0.0468644454719463,0.5,0.0
14598,SEG_B,SEG_A,0.6621678471565247,0.2918010354042053,0.04603109136223793,0.6621678471565247,0.019713953488372,0.1791726535752931,-0.1623800604993051,0.2906976744186046,0.0
9450,SEG_B,SEG_C,0.07545690983533859,0.2624107897281647,0.6621322631835938,0.6621322631835938,0.0537687363937491,2.0027678891797334,1.7255382586093624,2.5700272653544083,0.1603635532339435
4581,SEG_A,SEG_B,0.14582446217536926,0.6620288491249084,0.1921466886997223,0.6620288491249084,0.0864419482935071,1.7231925605649712,1.2677094907353728,2.2209302325581395,0.0339790697674418
11001,SEG_A,SEG_B,0.17835122346878052,0.6616406440734863,0.16000817716121674,0.6616406440734863,0.0805222247658421,1.246784808330229,0.8354109678405355,1.558139534883721,0.0094976744186046
1668,SEG_C,SEG_A,0.6615293025970459,0.058953557163476944,0.27951717376708984,0.6615293025970459,0.0063279069767441,0.1972398133858407,-0.1268218540732978,0.6046511627906976,0.0098
14324,SEG_B,SEG_C,0.17063117027282715,0.16793550550937653,0.6614332795143127,0.6614332795143127,0.0387627906976744,6.065803248042032,4.906746227768684,7.319149958250949,0.0694913077034339
9574,SEG_C,SEG_B,0.15142112970352173,0.6613402962684631,0.18723855912685394,0.6613402962684631,0.1283919043793117,0.9896049527255956,0.61876489187366,0.7441860465116279,0.0048116279069767
1716,SEG_B,SEG_A,0.6612114310264587,0.1016959547996521,0.23709264397621155,0.6612114310264587,0.008453488372093,0.2171695669912901,-0.1294795375098169,0.313953488372093,0.0
4702,SEG_C,SEG_A,0.6607902646064758,0.06962180882692337,0.2695879638195038,0.6607902646064758,0.0,0.6201727777482128,0.2206583325281623,0.5930232558139535,0.0023860465116279
8037,SEG_B,SEG_C,0.028742142021656036,0.31065255403518677,0.6606053113937378,0.6606053113937378,0.1627907855028095,2.6212814645308926,2.126866120986322,2.709302325581396,0.1404730080667788
11638,SEG_B,SEG_A,0.6605835556983948,0.176820769906044,0.16259565949440002,0.6605835556983948,0.0133813953488372,0.2206730172245578,0.0138049653033264,0.8372093023255814,0.0
12409,SEG_B,SEG_A,0.6605191826820374,0.13171659409999847,0.20776425302028656,0.6605191826820374,0.0,0.7549092650737056,0.3630422826224293,1.0116279069767442,0.0602627906976744
920,SEG_C,SEG_B,0.1612074226140976,0.6602756381034851,0.1785169392824173,0.6602756381034851,0.0927919922077026,0.8555602859524951,0.5505124334800677,0.6162790697674418,0.019
2520,SEG_C,SEG_A,0.6600252985954285,0.1035182774066925,0.23645645380020142,0.6600252985954285,0.0,0.5647916555797989,0.2051080043900396,0.7093023255813954,0.0
6425,SEG_C,SEG_A,0.6596681475639343,0.10341880470514297,0.23691308498382568,0.6596681475639343,0.0,0.7883206499565396,0.4585683813091336,1.0465116279069768,0.0
9885,SEG_B,SEG_A,0.6595809459686279,0.2593144178390503,0.08110462129116058,0.6595809459686279,0.0600279069767441,0.3875968992248062,0.1434484800190777,0.2441860465116279,0.0
7316,SEG_A,SEG_B,0.03254920244216919,0.659497082233429,0.30795371532440186,0.659497082233429,0.1626142169735447,2.969338765308377,2.282659084268002,3.604651162790698,0.030213953488372
1837,SEG_A,SEG_C,0.1419108361005783,0.19865912199020386,0.6594300270080566,0.6594300270080566,0.0174837209302325,1.0985578202330903,0.6744340887075396,1.372093023255814,0.1050674418604651
15011,SEG_C,SEG_A,0.659404993057251,0.2279721349477768,0.11262285709381104,0.659404993057251,0.0341883720930232,0.3210668227697656,-0.05174338087558,0.2558139534883721,0.0135279069767441
4932,SEG_B,SEG_C,0.14583232998847961,0.19483722746372223,0.659330427646637,0.659330427646637,0.027706976744186,1.5752842672910794,1.1992960308382683,2.0348837209302326,0.1028516203124591
4794,SEG_C,SEG_A,0.6591542959213257,0.14046162366867065,0.20038409531116486,0.6591542959213257,0.0324325581395348,0.2136395082752381,-0.0948850587527035,0.1162790697674418,0.0169976744186046
6885,SEG_C,SEG_B,0.24575510621070862,0.6588195562362671,0.09542528539896011,0.6588195562362671,0.0686488372093023,0.6430826814255052,0.2844167356547827,0.5813953488372093,0.0
6578,SEG_B,SEG_C,0.006119364406913519,0.33510106801986694,0.6587795615196228,0.6587795615196228,0.3655330201740688,6.589517103992554,5.776334249819048,6.515525259385886,0.1830564239825036
12040,SEG_A,SEG_B,0.17496410012245178,0.6585910320281982,0.1664448231458664,0.6585910320281982,0.1764583151916655,2.0275486491760244,1.5347778567665429,2.255813953488372,0.0
6026,SEG_A,SEG_C,0.2618827521800995,0.0796733945608139,0.658443808555603,0.658443808555603,0.0,1.7892785553367747,1.265673043097851,2.36046511627907,0.0870840259447402
7960,SEG_B,SEG_C,0.012510277330875397,0.3292768895626068,0.6582128405570984,0.6582128405570984,0.2202386794923914,4.290141324160795,3.754866057769623,5.804404169346892,0.1810410599562592
1100,SEG_C,SEG_A,0.6578704118728638,0.1715959906578064,0.17053359746932983,0.6578704118728638,0.0085302325581395,0.1001631986944104,-0.0113665361051033,0.3023255813953488,0.0073116279069767
2160,SEG_A,SEG_B,0.08391081541776657,0.6578361988067627,0.2582530081272125,0.6578361988067627,0.1841059456960747,1.1986057155021022,0.875602055198377,0.7441860465116279,0.0048744186046511
17094,SEG_B,SEG_A,0.6572242975234985,0.16918274760246277,0.1735929548740387,0.6572242975234985,0.0344919043793117,0.5827169034821635,0.1070676569409593,0.5581395348837209,0.027088524600277
4943,SEG_C,SEG_B,0.005119238048791885,0.6571909785270691,0.33768972754478455,0.6571909785270691,0.3259379997578436,3.771958253954684,3.2476580608459944,3.5348837209302326,0.0908378193313409
3711,SEG_C,SEG_B,0.012254562228918076,0.6569889187812805,0.3307565152645111,0.6569889187812805,0.2487134494106061,5.163420059855031,4.555240759310238,5.374171611207356,0.0121860465116279
6243,SEG_B,SEG_C,0.006661898922175169,0.3364216983318329,0.6569164395332336,0.6569164395332336,0.2580619353063449,4.99438523822056,4.302831431024973,6.164609462132018,0.049937666824087
2485,SEG_C,SEG_A,0.6568973660469055,0.07730022817850113,0.26580244302749634,0.6568973660469055,0.0,0.3178471963528639,-0.0398788775173979,0.9069767441860463,0.0073116279069767
134,SEG_B,SEG_A,0.6568175554275513,0.095366932451725,0.24781551957130432,0.6568175554275513,0.0021651162790697,0.1807691625423518,-0.1683135509029063,0.2325581395348837,0.0
2976,SEG_C,SEG_A,0.6566436886787415,0.11226897686719894,0.231087327003479,0.6566436886787415,0.0,0.3418303088357902,-0.0032807618651227,0.6162790697674418,0.0263697674418604
11086,SEG_C,SEG_A,0.6566008925437927,0.08006558567285538,0.2633335292339325,0.6566008925437927,0.0,0.1043052525145016,-0.1918641812898095,0.1744186046511628,0.0
13001,SEG_B,SEG_A,0.6565383076667786,0.25221168994903564,0.09125005453824997,0.6565383076667786,0.0410164547265492,0.3898408812729498,0.1605833373792652,0.2906976744186046,0.0
6913,SEG_B,SEG_A,0.6565060615539551,0.2561756372451782,0.08731832355260849,0.6565060615539551,0.0416953488372093,0.1590211626133078,-0.1161551973164272,0.0232558139534883,0.0
7360,SEG_B,SEG_C,0.17147834599018097,0.17236469686031342,0.6561568975448608,0.6561568975448608,0.0305244625188466,3.050647847083632,2.5686246324397146,4.02429510792926,0.0988046511627906
6582,SEG_B,SEG_A,0.6559832096099854,0.2785561978816986,0.06546060740947723,0.6559832096099854,0.0128744186046511,0.061164032426871,-0.2041963031505719,0.0348837209302325,0.0
6888,SEG_B,SEG_A,0.6559686064720154,0.19910483062267303,0.14492659270763397,0.6559686064720154,0.0,0.1015823177762404,-0.2507537638644241,1.058139534883721,0.0
4211,SEG_C,SEG_B,0.06243380531668663,0.6559385061264038,0.28162768483161926,0.6559385061264038,0.1460221369374512,3.098850513543718,2.4779965225898084,3.36046511627907,0.0579906976744186
2885,SEG_B,SEG_A,0.6559330224990845,0.22557342052459717,0.11849354207515717,0.6559330224990845,0.0261348837209302,0.2472371525375623,-0.0697253252271201,0.1860465116279069,0.0
5993,SEG_A,SEG_B,0.13770772516727448,0.6558753848075867,0.20641689002513885,0.6558753848075867,0.176650395227759,1.495148386638994,1.0386541939173275,1.1511627906976745,0.0073116279069767
16083,SEG_A,SEG_B,0.16855613887310028,0.6552599668502808,0.17618390917778015,0.6552599668502808,0.0964976744186046,1.3728912777393434,0.9850436402644926,1.825581395348837,0.0486813953488372
16698,SEG_A,SEG_B,0.13285456597805023,0.6552396416664124,0.2119058072566986,0.6552396416664124,0.0690384160072187,1.3185922338708247,0.8534239487943638,5.1173183637432125,0.0461955013444631
12593,SEG_B,SEG_C,0.09173385798931122,0.25314006209373474,0.6551260948181152,0.6551260948181152,0.0893105090304745,4.753327088332394,4.119694494088432,5.397427425160845,0.1419607701307867
13227,SEG_B,SEG_A,0.6550637483596802,0.10637431591749191,0.2385619729757309,0.6550637483596802,0.0,0.7479378425842159,0.5064890583464019,1.0348837209302326,0.0
9266,SEG_C,SEG_B,0.09483391791582108,0.6549040675163269,0.25026199221611023,0.6549040675163269,0.0737360904258233,1.8195324002625373,1.3639346426556047,2.011627906976744,0.1379303850653933
9948,SEG_A,SEG_B,0.1253877729177475,0.6547614932060242,0.21985074877738953,0.6547614932060242,0.1268501317425863,3.22787565353501,2.5526245011549684,2.826101042336723,0.0096279069767441
9969,SEG_C,SEG_A,0.6545156836509705,0.17907030880451202,0.16641397774219513,0.6545156836509705,0.020113953488372,0.775690490128253,0.469766450880857,1.0116279069767442,0.0
18320,SEG_B,SEG_A,0.6540725231170654,0.15014506876468658,0.19578240811824799,0.6540725231170654,0.0209116279069767,0.7954251148599507,0.406855296869177,1.0116279069767442,0.0
12760,SEG_B,SEG_A,0.6540337204933167,0.21770218014717102,0.1282641589641571,0.6540337204933167,0.0660720930232558,0.5869387827506076,0.1860655206671429,0.5697674418604651,0.0024674418604651
10123,SEG_A,SEG_C,0.13691739737987518,0.20929911732673645,0.6537835001945496,0.6537835001945496,0.0366453927514047,2.280417930569599,1.7609791367100371,3.186046511627907,0.0697372093023255
8529,SEG_C,SEG_A,0.6534618139266968,0.06820866465568542,0.2783295214176178,0.6534618139266968,0.0,0.2110850939279442,-0.1242019517343382,0.6627906976744186,0.0
6580,SEG_C,SEG_A,0.6534242033958435,0.1620880365371704,0.1844877451658249,0.6534242033958435,0.0390465116279069,0.6627374807088501,0.4393501898964673,0.7790697674418605,0.0
6176,SEG_C,SEG_A,0.6533332467079163,0.1717488020658493,0.17491799592971802,0.6533332467079163,0.0022209302325581,0.268124811523247,-0.034769138913044,0.4069767441860465,0.0
9043,SEG_C,SEG_A,0.6532119512557983,0.09871578961610794,0.24807222187519073,0.6532119512557983,0.0,0.5326663473648733,0.2301147554386199,2.116279069767442,0.0
4643,SEG_A,SEG_B,0.10910621285438538,0.6530286073684692,0.2378651648759842,0.6530286073684692,0.1519722686800376,2.3220690756213083,1.90150063655879,2.1627906976744184,0.0218441860465116
9583,SEG_B,SEG_C,0.03534730523824692,0.31163331866264343,0.653019368648529,0.653019368648529,0.1125396227121118,1.8718269384279709,1.4771538438909768,2.6511627906976742,0.1570861990188817
9420,SEG_B,SEG_A,0.6528468728065491,0.09050792455673218,0.25664517283439636,0.6528468728065491,0.0,0.7177017366469765,0.3376855918997327,1.186046511627907,0.0485511627906976
9095,SEG_C,SEG_A,0.6528415679931641,0.04525225982069969,0.30190619826316833,0.6528415679931641,0.0,0.3863817785109893,0.1862490430853159,0.7906976744186046,0.0
14007,SEG_C,SEG_B,0.023545676842331886,0.6526498198509216,0.32380449771881104,0.6526498198509216,0.1686026768949589,2.1174675819984743,1.4851427347185726,2.36046511627907,0.0831074342659475
2643,SEG_A,SEG_B,0.14667822420597076,0.6522354483604431,0.2010863721370697,0.6522354483604431,0.1008674418604651,0.97796817625459,0.5701839512099339,0.7906976744186046,0.0
7927,SEG_B,SEG_A,0.6520236730575562,0.19907647371292114,0.1488998681306839,0.6520236730575562,0.0064325581395348,0.5546893016160219,0.1752652728538478,0.7093023255813954,0.0
1248,SEG_A,SEG_B,0.3140328824520111,0.6519937515258789,0.033973369747400284,0.6519937515258789,0.0610790697674418,0.369334610540507,-0.0112154117148654,0.2209302325581395,0.0097488372093023
6531,SEG_A,SEG_C,0.2850632071495056,0.06299062818288803,0.6519461870193481,0.6519461870193481,0.0,1.7735529420112466,1.3913743896184978,2.581395348837209,0.0268744186046511
13640,SEG_C,SEG_A,0.6517854928970337,0.09829428046941757,0.24992018938064575,0.6517854928970337,0.0,0.442587763645717,0.0701898469184249,0.8372093023255814,0.0
4889,SEG_A,SEG_C,0.2479182332754135,0.10076460987329483,0.6513171792030334,0.6513171792030334,0.0,1.630195306263637,1.1493920340104202,2.1744186046511627,0.0131930232558139
12777,SEG_B,SEG_A,0.651229739189148,0.29705119132995605,0.0517190657556057,0.651229739189148,0.0547988811234977,1.205949656750572,0.8343357828386512,1.0465116279069768,0.0352906976744186
16550,SEG_B,SEG_A,0.6512234807014465,0.13499772548675537,0.2137787938117981,0.6512234807014465,0.0151558139534883,0.2117325670090291,-0.142841658800766,0.3255813953488372,0.0024372093023255
11730,SEG_B,SEG_A,0.6505678296089172,0.1809711754322052,0.16846095025539398,0.6505678296089172,0.0192279069767441,0.4545438419101343,0.1061921360813197,0.4651162790697674,0.0024372093023255
16312,SEG_B,SEG_A,0.6505002379417419,0.31667301058769226,0.0328267365694046,0.6505002379417419,0.0324211058893399,0.2683199403969986,-0.0691412198386585,0.1744186046511628,0.0239953488372093
343,SEG_B,SEG_A,0.6499227285385132,0.2179788500070572,0.13209842145442963,0.6499227285385132,0.036601294533284,0.6756337253649797,0.2918648976747358,0.5930232558139535,0.0024372093023255
1104,SEG_A,SEG_B,0.12792499363422394,0.6499127149581909,0.22216229140758514,0.6499127149581909,0.1948142169735447,1.59954233409611,1.2595258616559173,1.1046511627906976,0.0024372093023255
8807,SEG_B,SEG_A,0.6499097943305969,0.12812583148479462,0.22196437418460846,0.6499097943305969,0.0112581395348837,0.481702233338655,0.170605191246677,0.5930232558139535,0.0
7008,SEG_C,SEG_A,0.6498085260391235,0.18974409997463226,0.160447359085083,0.6498085260391235,0.0088651162790697,1.063212885601263,0.6871774671056706,1.2093023255813953,0.0
11056,SEG_B,SEG_C,0.06354225426912308,0.28702080249786377,0.6494369506835938,0.6494369506835938,0.0516372093023255,1.4506773493823129,1.0485465487019026,1.1395348837209305,0.0858955013444631
10146,SEG_C,SEG_A,0.6494055390357971,0.08544576168060303,0.26514869928359985,0.6494055390357971,0.0,0.4147552906533269,0.0847820216479494,0.4418604651162791,0.0334302325581395
7997,SEG_B,SEG_A,0.6492849588394165,0.07199936360120773,0.27871567010879517,0.6492849588394165,0.0,0.1563780533233995,-0.0746709328338796,0.2790697674418604,0.0
9464,SEG_B,SEG_C,0.06336929649114609,0.28739890456199646,0.6492317914962769,0.6492317914962769,0.0971813953488372,5.042686683057852,4.42460362824454,5.83980753726501,0.1122142585028797
4656,SEG_A,SEG_C,0.18147903680801392,0.16970832645893097,0.6488126516342163,0.6488126516342163,0.0575302325581395,2.040081244567435,1.450036510877358,3.2906976744186047,0.0097488372093023
731,SEG_C,SEG_B,0.031209848821163177,0.6484193801879883,0.32037073373794556,0.6484193801879883,0.1799421239502889,1.974455856527061,1.4532636137673232,2.3255813953488373,0.0318581395348837
566,SEG_C,SEG_B,0.16558732092380524,0.6482726335525513,0.1861400604248047,0.6482726335525513,0.1059072402293587,1.2412768523938766,0.807809317318123,0.9186046511627908,0.0420627906976744
337,SEG_C,SEG_A,0.6481982469558716,0.12651878595352173,0.22528301179409027,0.6481982469558716,0.0,0.0434605218810423,-0.1746880272321196,0.1046511627906976,0.0
2960,SEG_B,SEG_A,0.647135317325592,0.11838570237159729,0.23447902500629425,0.647135317325592,0.0106976744186046,0.3420609156865875,0.0040190416731699,0.5697674418604651,0.0
3271,SEG_B,SEG_A,0.647059440612793,0.2611645460128784,0.09177599847316742,0.647059440612793,0.0783558139534883,0.6002164156599791,0.2066706553595892,0.4767441860465116,0.0
14673,SEG_B,SEG_A,0.6468579769134521,0.2938947081565857,0.05924735218286514,0.6468579769134521,0.040933764844428,0.3555868944352793,-0.0339766532121959,0.2209302325581395,0.0077395348837209
7771,SEG_B,SEG_C,0.24411673843860626,0.10909076780080795,0.646792471408844,0.646792471408844,0.0,0.987990704770014,0.6015804865798801,0.8488372093023255,0.0608585970566452
1791,SEG_A,SEG_B,0.1530573070049286,0.6466541886329651,0.20028845965862274,0.6466541886329651,0.1351639974025675,1.0404537633264153,0.768080306485862,1.0465116279069768,0.012060465116279
3948,SEG_A,SEG_C,0.23502925038337708,0.11854790151119232,0.6464228630065918,0.6464228630065918,0.0280709741467535,3.8068514513493423,3.086744681107384,4.767961507453002,0.0832607701307867
9259,SEG_B,SEG_A,0.6462900042533875,0.20061486959457397,0.15309515595436096,0.6462900042533875,0.0,0.2587231476061235,-0.0606423777564717,0.3953488372093023,0.0118720930232558
14936,SEG_C,SEG_A,0.6462127566337585,0.10867729783058167,0.2451099008321762,0.6462127566337585,0.0,0.4080499529916804,0.0827920107223993,0.5348837209302325,0.0363395348837209
9552,SEG_A,SEG_C,0.2338816374540329,0.11999133974313736,0.6461270451545715,0.6461270451545715,0.0,0.3679243609529385,0.0109738604353868,1.0348837209302326,0.0410232558139534
4181,SEG_C,SEG_B,0.16374428570270538,0.6460596919059753,0.19019602239131927,0.6460596919059753,0.1115907855028095,1.2205044968335903,0.7788777885337516,1.4534883720930232,0.0459558139534883
7497,SEG_B,SEG_A,0.6459646224975586,0.11643122881650925,0.23760414123535156,0.6459646224975586,0.0,0.7164245294733295,0.3102750959392132,1.313953488372093,0.0
9409,SEG_B,SEG_A,0.6458132266998291,0.11610037833452225,0.23808640241622925,0.6458132266998291,0.0149116279069767,1.6410959147109436,1.0554205345839498,1.965116279069768,0.0
4221,SEG_B,SEG_C,0.1269187033176422,0.22739334404468536,0.645687997341156,0.645687997341156,0.0392162790697674,1.956282262785376,1.421142919533916,2.476744186046512,0.1216516203124591
10313,SEG_B,SEG_A,0.6454212665557861,0.08151209354400635,0.2730666697025299,0.6454212665557861,0.0,0.0956131481382931,-0.010509338744082,0.1976744186046511,0.0
7890,SEG_C,SEG_B,0.09561058133840561,0.6452563405036926,0.25913307070732117,0.6452563405036926,0.1641780387193305,1.4734890816525643,1.1124814851869065,0.9186046511627908,0.013253488372093
2776,SEG_B,SEG_A,0.6452360153198242,0.08428113907575607,0.27048277854919434,0.6452360153198242,0.0,0.6003139800968549,0.2722394404929132,0.6744186046511628,0.0194976744186046
9641,SEG_A,SEG_B,0.28651320934295654,0.6451849341392517,0.06830187886953354,0.6451849341392517,0.0937524573239816,1.101529100810672,0.9429706921207408,1.1744186046511629,0.0236325581395348
5447,SEG_B,SEG_C,0.17954887449741364,0.1754601150751114,0.6449909806251526,0.6449909806251526,0.0751116279069767,3.0172955138098025,2.2654369848454445,4.698194065592537,0.0354348837209302
13326,SEG_C,SEG_B,0.11405592411756516,0.644879162311554,0.2410649061203003,0.644879162311554,0.2497170695252855,1.5260763131286257,1.075292404311004,0.7558139534883721,0.0561466641351608
18375,SEG_C,SEG_A,0.644667387008667,0.24054154753684998,0.11479110270738602,0.644667387008667,0.044153488372093,0.4353946037996913,0.1072425744659238,0.3604651162790697,0.0071302325581395
137,SEG_B,SEG_C,0.135710671544075,0.21964247524738312,0.6446468830108643,0.6446468830108643,0.0682558139534883,1.3306192680893336,0.8536874351218039,1.5,0.0989558139534883
1930,SEG_C,SEG_A,0.6443779468536377,0.13688713312149048,0.2187349498271942,0.6443779468536377,0.0,0.7875135259787487,0.4266030953248059,1.313953488372093,0.0
14200,SEG_B,SEG_A,0.6443642973899841,0.16089949011802673,0.19473618268966675,0.6443642973899841,0.0,0.4797686835896618,0.0746914530215205,0.8255813953488372,0.0347770492005541
4933,SEG_C,SEG_B,0.04947870224714279,0.6441193222999573,0.30640193819999695,0.6441193222999573,0.1368465994562978,2.122364149800953,1.6278643771105996,2.0930232558139537,0.049477201707808
419,SEG_B,SEG_A,0.643955409526825,0.2832346260547638,0.07280999422073364,0.643955409526825,0.0394048268195724,0.5278768204636972,0.1935061574099361,0.3837209302325581,0.0
6067,SEG_B,SEG_C,0.08519557118415833,0.271411269903183,0.6433931589126587,0.6433931589126587,0.0841849276351256,1.813918010395048,1.490356556635759,2.558139534883721,0.0850826154068678
13004,SEG_A,SEG_B,0.22970294952392578,0.643262505531311,0.127034530043602,0.643262505531311,0.0802418604651162,1.1237915314068792,0.7858388181441671,0.8953488372093024,0.0777536408793468
12468,SEG_C,SEG_A,0.6430667638778687,0.16381771862506866,0.1931154578924179,0.6430667638778687,0.0147930232558139,1.57769676973019,1.6840817804672257,1.2209302325581397,0.0
7897,SEG_B,SEG_C,0.06563980877399445,0.29138198494911194,0.6429781913757324,0.6429781913757324,0.0887325581395348,2.165291895056144,1.7351006622085712,2.558139534883721,0.0660582920421375
9035,SEG_C,SEG_B,0.009717064909636974,0.6427324414253235,0.34755051136016846,0.6427324414253235,0.3362138885525606,3.42714779504705,2.691108750433067,2.7674418604651163,0.1448305375726472
5828,SEG_C,SEG_A,0.6426610946655273,0.16149502992630005,0.19584381580352783,0.6426610946655273,0.0321720930232558,0.1842371347985738,-0.0463173158154192,0.1046511627906976,0.0
11573,SEG_C,SEG_B,0.21676106750965118,0.6423324942588806,0.1409064084291458,0.6423324942588806,0.0906441860465116,1.8050219076508256,1.331726788876897,1.627906976744186,0.0359537933866006
323,SEG_B,SEG_A,0.6423050165176392,0.24032023549079895,0.11737476289272308,0.6423050165176392,0.0659384160072187,0.4371152856864101,0.1606969552666255,0.4302325581395348,0.0
12304,SEG_A,SEG_B,0.21156081557273865,0.642228364944458,0.14621087908744812,0.642228364944458,0.0824430671700094,1.342424564951307,0.9696448742858658,1.313953488372093,0.0286116279069767
399,SEG_C,SEG_A,0.6420013308525085,0.17593632638454437,0.18206234276294708,0.6420013308525085,0.0,0.1227271920955067,-0.1651653325603692,0.2558139534883721,0.0023744186046511
9784,SEG_B,SEG_C,0.08030913770198822,0.278100848197937,0.6415899991989136,0.6415899991989136,0.037306976744186,1.8856456104872903,1.3985831469052947,2.2906976744186047,0.1082930232558139
847,SEG_A,SEG_B,0.2213633805513382,0.641445517539978,0.13719111680984497,0.641445517539978,0.1640353228628847,1.2853759778617424,0.9287672639988508,1.0232558139534884,0.0166837209302325
8138,SEG_A,SEG_C,0.22976289689540863,0.1288086473941803,0.6414284110069275,0.6414284110069275,0.0254767441860465,3.062840973812448,2.412674919317821,4.488631916517199,0.0109372093023255
1565,SEG_B,SEG_A,0.641355574131012,0.22058477997779846,0.1380596160888672,0.641355574131012,0.0438627906976744,0.579523885548046,0.3392110811339779,0.7558139534883721,0.0
8910,SEG_C,SEG_B,0.11676911264657974,0.6411510705947876,0.24207988381385803,0.6411510705947876,0.1174292893384191,1.9026040835151583,1.4611069366055724,2.0232558139534884,0.0246373618095794
10810,SEG_A,SEG_C,0.14913992583751678,0.20971819758415222,0.6411418914794922,0.6411418914794922,0.0604488372093023,1.4824561403508774,1.1026599131406374,2.046511627906977,0.0673
1475,SEG_C,SEG_B,0.03956836462020874,0.6410177946090698,0.3194138705730438,0.6410177946090698,0.1743595218965586,3.536684228265304,2.820852313327636,4.477004009540455,0.0046046511627906
9096,SEG_B,SEG_A,0.6410132646560669,0.22580280900001526,0.13318389654159546,0.6410132646560669,0.0150627906976744,0.7072268639242192,0.3287989822639424,0.872093023255814,0.0
2610,SEG_C,SEG_A,0.6408200860023499,0.0900987833738327,0.26908114552497864,0.6408200860023499,0.0,0.6273393291114542,0.3836918202065696,0.7441860465116279,0.0012186046511627
4904,SEG_B,SEG_C,0.012444245629012585,0.34674009680747986,0.6408156156539917,0.6408156156539917,0.2132097414675358,4.899330261250572,4.224209631718105,5.035403367918118,0.1729598171146758
9687,SEG_B,SEG_C,0.051757507026195526,0.3077811300754547,0.6404613852500916,0.6404613852500916,0.0953733875565398,1.0988682525322409,0.6600432161654163,1.2209302325581397,0.079360465116279
6825,SEG_B,SEG_A,0.6404361128807068,0.329696387052536,0.02986750565469265,0.6404361128807068,0.0,0.0260763131286254,-0.2758069670821348,0.3372093023255814,0.0
5323,SEG_B,SEG_C,0.03177044913172722,0.32792261242866516,0.6403069496154785,0.6403069496154785,0.1220549585621588,1.6258226455927485,1.189865271479934,1.6511627906976745,0.0642348837209302
11793,SEG_B,SEG_C,0.02460375428199768,0.3351607918739319,0.640235424041748,0.640235424041748,0.1568561652670519,2.9397323934637,2.2393346671869057,2.8837209302325584,0.1867556234736466
4861,SEG_C,SEG_A,0.6401979923248291,0.13280773162841797,0.22699423134326935,0.6401979923248291,0.0064325581395348,0.6697887286466926,0.2346707841869383,0.813953488372093,0.0024372093023255
11534,SEG_B,SEG_C,0.0021561228204518557,0.357662171125412,0.6401817202568054,0.6401817202568054,0.4792059036528426,7.421702493891436,5.934944092354072,8.388981550362097,0.2598174611552102
2022,SEG_C,SEG_A,0.6398541927337646,0.1789589673280716,0.18118682503700256,0.6398541927337646,0.0276930232558139,0.5240629379312792,0.1848282260721779,0.4186046511627907,0.0
10096,SEG_B,SEG_A,0.6398537755012512,0.316803902387619,0.04334230348467827,0.6398537755012512,0.0360837209302325,0.8020949745445516,0.3548193586142745,0.6627906976744186,0.0332162790697674
3218,SEG_C,SEG_B,0.09725475311279297,0.6397926211357117,0.2629525661468506,0.6397926211357117,0.1156431549984002,1.6942685328082594,1.2175965503066537,1.7674418604651163,0.0624883720930232
4672,SEG_A,SEG_B,0.17927685379981995,0.6397171020507812,0.18100598454475403,0.6397171020507812,0.1013989689518886,1.2157947953807673,0.7887592102722522,0.8837209302325582,0.0097488372093023
12750,SEG_A,SEG_B,0.06271109730005264,0.6395931243896484,0.2976957857608795,0.6395931243896484,0.1965886355781959,2.301820020222447,1.7726290895242458,2.232558139534884,0.0146232558139534
8569,SEG_B,SEG_C,0.07417254149913788,0.28627046942710876,0.6395570039749146,0.6395570039749146,0.0678697674418604,1.6431270288968125,1.101265190575436,1.976744186046512,0.0711468166424146
8021,SEG_B,SEG_C,0.08703557401895523,0.27358999848365784,0.6393743753433228,0.6393743753433228,0.0658581395348837,1.9068880492434324,1.4408081312458985,2.6627906976744184,0.0264325581395348
865,SEG_B,SEG_A,0.6392313241958618,0.2723204791545868,0.088448166847229,0.6392313241958618,0.0442965555421024,0.3024586238092704,-0.0170424370109422,0.1976744186046511,0.0
828,SEG_C,SEG_B,0.322412371635437,0.6391831636428833,0.03840447962284088,0.6391831636428833,0.0152232558139534,0.058059709435368,-0.0571826201996328,0.5697674418604651,0.0
6099,SEG_B,SEG_A,0.6391669511795044,0.16877996921539307,0.19205309450626373,0.6391669511795044,0.0022302325581395,0.4222322743157185,0.0975266387705906,0.6744186046511628,0.0092093023255813
8861,SEG_A,SEG_C,0.1949997842311859,0.1658790111541748,0.6391212344169617,0.6391212344169617,0.0235790697674418,1.7125662994696045,1.4410329971435014,1.837209302325581,0.0362441860465116
3568,SEG_B,SEG_A,0.639000654220581,0.158236563205719,0.20276275277137756,0.639000654220581,0.0086186046511627,0.7877618718180691,0.4237738485436316,1.069767441860465,0.0046046511627906
2128,SEG_B,SEG_A,0.6386315226554871,0.298604279756546,0.06276414543390274,0.6386315226554871,0.0675162790697674,0.5133219803806787,0.3720645325920805,0.2674418604651162,0.0
5579,SEG_C,SEG_A,0.6384310126304626,0.10668667405843735,0.2548823356628418,0.6384310126304626,0.002106976744186,0.8432139499405744,0.5414254250683156,0.9651162790697676,0.0036953488372093
7828,SEG_A,SEG_B,0.04335011541843414,0.638371467590332,0.318278431892395,0.638371467590332,0.1770478061611909,3.4447791356984574,3.2183586005315523,3.209302325581396,0.0436720930232558
17852,SEG_B,SEG_A,0.637988269329071,0.3017449975013733,0.060266684740781784,0.637988269329071,0.0219232558139534,0.0836127224025686,-0.2238517643153198,0.0813953488372093,0.0
151,SEG_A,SEG_C,0.0736187994480133,0.2886357009410858,0.6377454996109009,0.6377454996109009,0.0472314392630326,6.035198637078753,4.98525166968098,7.08607217172818,0.0359931757630677
3060,SEG_A,SEG_B,0.22731390595436096,0.6376602053642273,0.13502591848373413,0.6376602053642273,0.0582418604651162,0.9703758891667996,0.6546330774128495,0.9418604651162792,0.0196395348837209
69,SEG_B,SEG_C,0.09365234524011612,0.26883357763290405,0.6375141143798828,0.6375141143798828,0.060394229960707,1.9199350753020064,1.3691851441483958,2.255813953488372,0.0701908501816724
12776,SEG_A,SEG_B,0.3204069137573242,0.637393593788147,0.042199548333883286,0.637393593788147,0.108787253216521,0.6873148493072926,0.340807499041911,0.5,0.002406976744186
9991,SEG_A,SEG_C,0.28913557529449463,0.07348234951496124,0.6373820900917053,0.6373820900917053,0.0,0.5681709328934065,0.2515093858156133,0.9186046511627908,0.0192465116279069
3000,SEG_B,SEG_A,0.6371600031852722,0.2144320011138916,0.1484079658985138,0.6371600031852722,0.0087035322862884,0.1789509162187572,-0.1258107334964089,0.2209302325581395,0.0071232558139534
3481,SEG_C,SEG_B,0.017835082486271858,0.63673996925354,0.34542495012283325,0.63673996925354,0.2322202504980103,1.9412484700122403,1.5486023625853906,1.4186046511627908,0.0638953488372093
8456,SEG_B,SEG_A,0.6366435885429382,0.1100260317325592,0.25333037972450256,0.6366435885429382,0.0021441860465116,0.3445000266084828,0.0382734905522481,0.5232558139534884,0.0
14229,SEG_B,SEG_C,0.024716975167393684,0.33866360783576965,0.6366193890571594,0.6366193890571594,0.3631442967674819,3.973261509652592,3.166182667886034,6.148628706008929,0.1596773162424739
9039,SEG_B,SEG_C,0.005906434264034033,0.35749825835227966,0.6365953087806702,0.6365953087806702,0.2168702944122058,5.613500353329216,5.035434776261743,5.630505211683614,0.1184264964388718
7344,SEG_B,SEG_A,0.6365696787834167,0.16762486100196838,0.1958054155111313,0.6365696787834167,0.0218372093023255,0.5376864811168468,0.3151618641317408,0.5697674418604651,0.0
11882,SEG_B,SEG_A,0.6363697052001953,0.12012477964162827,0.24350552260875702,0.6363697052001953,0.0,0.3157096482358576,0.0112587670727205,1.069767441860465,0.0121232558139534
9311,SEG_C,SEG_B,0.002899112645536661,0.6363033056259155,0.3607975244522095,0.6363033056259155,0.4313878030794458,5.113298547783649,4.414641881148579,4.116538893261384,0.1894984369548737
12390,SEG_B,SEG_C,0.002689971588551998,0.36124101281166077,0.6360689997673035,0.6360689997673035,0.3024038835998521,5.73781275701686,5.12902054707414,5.665129109119904,0.1711637057411974
4370,SEG_B,SEG_C,0.29831746220588684,0.0659811720252037,0.6357013583183289,0.6357013583183289,0.0,0.7233693434800348,0.4042293344557653,1.4069767441860466,0.0394351887354378
5271,SEG_A,SEG_B,0.04248380661010742,0.6355665326118469,0.32194969058036804,0.6355665326118469,0.1742422996070707,3.739406603045044,3.012587500834873,3.918604651162791,0.0421976744186046
346,SEG_A,SEG_B,0.06637775152921677,0.6354629993438721,0.29815927147865295,0.6354629993438721,0.1302174857746605,1.9498962269171407,1.4785518064834249,1.802325581395349,0.0012790697674418
1915,SEG_B,SEG_A,0.6353582739830017,0.18226084113121033,0.18238089978694916,0.6353582739830017,0.0433767441860465,0.9292835222535611,0.5716162381918586,1.3604651162790695,0.0
10229,SEG_B,SEG_C,0.00647736806422472,0.35820597410202026,0.6353166699409485,0.6353166699409485,0.2656457440649683,5.770065273002271,5.213503286234644,6.738014432907682,0.2732422800142899
2324,SEG_C,SEG_A,0.6353062391281128,0.14337007701396942,0.2213236540555954,0.6353062391281128,0.0,0.1070902737125929,-0.0892773528952708,0.1395348837209302,0.0166837209302325
9481,SEG_B,SEG_A,0.63520348072052,0.19856753945350647,0.1662290245294571,0.63520348072052,0.0526674418604651,0.6174675819984745,0.2159871024004002,0.5930232558139535,0.0
11860,SEG_C,SEG_A,0.6351842880249023,0.2027270346879959,0.16208875179290771,0.6351842880249023,0.0,0.6088109555993118,0.846980745793731,0.8372093023255814,0.0192465116279069
225,SEG_B,SEG_A,0.6351842880249023,0.3051203787326813,0.05969533696770668,0.6351842880249023,0.0152930232558139,0.2483103613431962,-0.0833166105524463,0.2790697674418604,0.0
3708,SEG_B,SEG_C,0.015754345804452896,0.34938639402389526,0.6348592638969421,0.6348592638969421,0.1757887234065868,3.103268128656079,2.613520474886,2.941860465116279,0.2366136105012765
1615,SEG_A,SEG_B,0.3067317605018616,0.6348073482513428,0.05846094340085983,0.6348073482513428,0.0798559896102701,0.6720415801890977,0.3756370608612703,0.5581395348837209,0.0456953488372093
3728,SEG_B,SEG_C,0.06687357276678085,0.29839250445365906,0.6347339153289795,0.6347339153289795,0.0609232558139534,1.0903712770297838,0.6967340590449146,1.930232558139535,0.0963395348837209
4306,SEG_A,SEG_B,0.1479005068540573,0.6346058249473572,0.21749365329742432,0.6346058249473572,0.1225385038356096,1.3120731555886684,0.8564898153479399,1.5232558139534884,0.0436466641351608
9715,SEG_A,SEG_C,0.2647002041339874,0.10087394714355469,0.6344258189201355,0.6344258189201355,0.0,1.1630479130080005,0.7410749899043952,1.7209302325581397,0.0194372093023255
13697,SEG_A,SEG_C,0.14243076741695404,0.22337767481803894,0.6341915130615234,0.6341915130615234,0.0186279069767441,1.7835666010324094,1.2689087485276138,3.8488372093023258,0.0996213877543196
7723,SEG_B,SEG_A,0.6340470314025879,0.0688767284154892,0.2970762550830841,0.6340470314025879,0.0,0.2746261508168804,-0.0907867387108842,0.4418604651162791,0.0023744186046511
8025,SEG_B,SEG_C,0.1803097277879715,0.18580688536167145,0.6338834166526794,0.6338834166526794,0.0199348837209302,1.3746917850744151,0.864385059991428,3.558139534883721,0.0512511627906976
8155,SEG_A,SEG_B,0.028631186112761497,0.6335481405258179,0.33782070875167847,0.6335481405258179,0.2649623744482993,2.133645539531336,1.801717166038057,1.6162790697674418,0.0676767441860465
4039,SEG_B,SEG_C,0.11787549406290054,0.248606875538826,0.6335176229476929,0.6335176229476929,0.0535849276351256,1.5598069998048711,1.016341199451876,1.4534883720930232,0.1279334731830578
263,SEG_A,SEG_C,0.19738304615020752,0.16921953856945038,0.6333974003791809,0.6333974003791809,0.0062232558139534,1.0929168218828165,0.6959700500713385,1.4651162790697674,0.0434418604651162
2283,SEG_B,SEG_C,0.23931680619716644,0.12744519114494324,0.6332379579544067,0.6332379579544067,0.0021441860465116,0.9732052578361984,0.9662980222524472,1.4767441860465116,0.0024372093023255
1874,SEG_C,SEG_B,0.08671773970127106,0.6331860423088074,0.28009623289108276,0.6331860423088074,0.2354225760794057,2.0190339346850443,1.5036348186451869,1.5232558139534884,0.0528651162790697
7342,SEG_B,SEG_C,0.020604168996214867,0.34642329812049866,0.6329725384712219,0.6329725384712219,0.2164387673207823,5.344127135937552,4.779942833933941,5.850915797253868,0.1018817003633448
6365,SEG_B,SEG_C,0.23416277766227722,0.13290229439735413,0.6329349279403687,0.6329349279403687,0.0022395348837209,1.1780018803327834,0.737978219245641,2.0232558139534884,0.0367978269258584
5650,SEG_A,SEG_C,0.3272618353366852,0.03987756744027138,0.6328606009483337,0.6328606009483337,0.0,2.0099249640785484,1.4444871804400443,2.6514226141916173,0.0262837209302325
14989,SEG_B,SEG_A,0.63260418176651,0.2716985046863556,0.09569729119539261,0.63260418176651,0.0334767441860465,0.3639774360065989,0.0419964770674931,0.3837209302325581,0.0048744186046511
2497,SEG_C,SEG_B,0.09273935854434967,0.6325984001159668,0.2746622562408447,0.6325984001159668,0.1346574598003359,1.1138399588455468,0.7316809415508735,0.7790697674418605,0.0
4482,SEG_A,SEG_B,0.24465619027614594,0.6325745582580566,0.12276925891637802,0.6325745582580566,0.0777806277858985,2.4258742296943936,2.172369311993245,1.186046511627907,0.0072511627906976
7139,SEG_B,SEG_C,0.12413321435451508,0.24331308901309967,0.6325536966323853,0.6325536966323853,0.0583047389911815,2.7299428526680902,2.390063967864541,2.697674418604651,0.0584443385537654
8125,SEG_A,SEG_C,0.1997642070055008,0.16769221425056458,0.6325435638427734,0.6325435638427734,0.0229488372093023,3.150553223474296,2.5135581256966053,4.267701683959059,0.0376325581395348
2057,SEG_B,SEG_A,0.6325224041938782,0.18359051644802094,0.18388701975345612,0.6325224041938782,0.0235488372093023,0.449913965905664,0.0896888929563293,0.5232558139534884,0.0
14685,SEG_B,SEG_A,0.6325076222419739,0.10670820623636246,0.26078420877456665,0.6325076222419739,0.0,0.5771734695687653,0.2983214044163005,0.8837209302325582,0.0169976744186046
11798,SEG_A,SEG_C,0.14132748544216156,0.22617840766906738,0.6324941515922546,0.6324941515922546,0.0385372093023255,1.21112057190499,0.7036010437085715,1.6046511627906976,0.0219348837209302
9852,SEG_B,SEG_C,0.021120261400938034,0.34640777111053467,0.6324719786643982,0.6324719786643982,0.18086882422214,5.000929104075006,4.517940905812514,7.122514833622069,0.2277869615551508
5771,SEG_A,SEG_B,0.032756734639406204,0.6324646472930908,0.33477866649627686,0.6324646472930908,0.2888387673207823,2.7390157383273754,2.328463125885004,2.046511627906977,0.0
2692,SEG_A,SEG_C,0.17945362627506256,0.18818557262420654,0.6323608160018921,0.6323608160018921,0.0582838965870143,1.2807372323630106,1.150334750144569,1.4767441860465116,0.0336186046511627
6608,SEG_B,SEG_C,0.015584112145006657,0.35224488377571106,0.6321710348129272,0.6321710348129272,0.1851061213528565,4.371892666708792,3.779631237679176,6.468493984491024,0.2025968739097476
6652,SEG_B,SEG_C,0.04704954847693443,0.3208240866661072,0.6321263313293457,0.6321263313293457,0.1072793332526145,2.3081971865964204,1.7774375426982372,2.3372093023255816,0.1838215402615734
10820,SEG_C,SEG_B,0.17662490904331207,0.6319954991340637,0.191379576921463,0.6319954991340637,0.1178953488372093,0.9492310148475336,0.536139168221266,0.7325581395348837,0.045813953488372
2758,SEG_B,SEG_A,0.6317248940467834,0.18129898607730865,0.1869760900735855,0.6317248940467834,0.0086837209302325,0.3993667181097334,0.0299616490891658,0.5581395348837209,0.0
17481,SEG_B,SEG_A,0.6314477920532227,0.10235108435153961,0.2662011981010437,0.6314477920532227,0.0,0.1588171642452947,0.5109695784685473,0.2325581395348837,0.0
757,SEG_C,SEG_B,0.07265747338533401,0.6314440965652466,0.2958984076976776,0.6314440965652466,0.2013548707337679,1.4700477178791267,1.2054696561295706,1.0348837209302326,0.119460465116279
4694,SEG_B,SEG_A,0.6314049959182739,0.34089773893356323,0.027697304263710976,0.6314049959182739,0.0022302325581395,0.0085058449967182,-0.2615597771286861,0.0232558139534883,0.0
11510,SEG_B,SEG_C,0.017471754923462868,0.35131025314331055,0.6312179565429688,0.6312179565429688,0.1713385916640005,5.298865127839322,4.8004120019256895,6.121995186634184,0.2954436525795744
7196,SEG_B,SEG_A,0.6310948133468628,0.13382947444915771,0.23507572710514069,0.6310948133468628,0.0236093023255813,0.680609511645646,0.2704921672564765,0.7325581395348837,0.0024372093023255
15395,SEG_B,SEG_A,0.6310462951660156,0.233646422624588,0.13530729711055756,0.6310462951660156,0.0629477183328001,0.4458517375339258,0.0941514358570511,0.3488372093023256,0.0023255813953488
3334,SEG_C,SEG_A,0.6310362219810486,0.13068611919879913,0.2382776290178299,0.6310362219810486,0.023353488372093,1.2529047593706208,0.7624021504121975,1.6046511627906976,0.0174513152979515
6573,SEG_A,SEG_C,0.12249783426523209,0.2465246617794037,0.6309775114059448,0.6309775114059448,0.0649767441860465,0.8101573448281979,0.4107660024625843,0.7906976744186046,0.0452465116279069
4128,SEG_A,SEG_C,0.2037113755941391,0.16532497107982635,0.6309636831283569,0.6309636831283569,0.0214790697674418,1.0568091107445057,0.9419258222933636,1.3953488372093024,0.0606234083212073
4670,SEG_B,SEG_A,0.6306675672531128,0.27629032731056213,0.09304208308458328,0.6306675672531128,0.0279314392630326,0.1679882213116208,-0.176243543840254,0.2558139534883721,0.0046302325581395
7959,SEG_B,SEG_C,0.07722482085227966,0.2921236455440521,0.630651593208313,0.630651593208313,0.0627385038356096,1.9569587722299056,1.5243787751341054,1.7790697674418603,0.0668889821220385
2248,SEG_B,SEG_A,0.6305358409881592,0.14923836290836334,0.22022578120231628,0.6305358409881592,0.0414,0.2798502829368669,-0.026070815402796,0.1627906976744186,0.0097488372093023
12666,SEG_B,SEG_A,0.6303945183753967,0.1463916003704071,0.22321388125419617,0.6303945183753967,0.0232209302325581,0.6516772213648379,0.247827058288781,0.7558139534883721,0.0
4072,SEG_B,SEG_C,0.09932652115821838,0.2704794406890869,0.6301940679550171,0.6301940679550171,0.0370860465116279,1.0008159934720522,0.505134299105827,1.058139534883721,0.0666004575217615
2979,SEG_B,SEG_C,0.2226567417383194,0.14718469977378845,0.6301586031913757,0.6301586031913757,0.0,1.0621308073013678,0.6506258442391377,1.9534883720930232,0.0728513152979515
9780,SEG_C,SEG_B,0.2609221935272217,0.6301581263542175,0.10891962051391602,0.6301581263542175,0.0925720930232558,0.5427864403171732,0.3153322293684976,0.8255813953488372,0.0408629432049282
5251,SEG_A,SEG_C,0.18730475008487701,0.18273866176605225,0.6299566030502319,0.6299566030502319,0.0152767441860465,3.9364069400858255,3.221454043983385,5.4545276660687945,0.1843734655885403
19925,SEG_B,SEG_A,0.6297314763069153,0.20159754157066345,0.16867096722126007,0.6297314763069153,0.0283361782542142,0.8152839125113087,0.4397358943793449,0.9883720930232558,0.0292465116279069
8298,SEG_A,SEG_B,0.025103755295276642,0.6297216415405273,0.34517455101013184,0.6297216415405273,0.1924931989125957,2.743565181913328,2.1913447272621305,2.6627906976744184,0.0071232558139534
11944,SEG_A,SEG_C,0.26026928424835205,0.1102110967040062,0.6295195817947388,0.6295195817947388,0.0,1.2136838557465457,0.7961078037166691,1.8953488372093024,0.0529279069767441
1991,SEG_C,SEG_B,0.025176996365189552,0.6294426321983337,0.34538039565086365,0.6294426321983337,0.2139387673207823,2.118372270413141,1.629448625490321,1.3604651162790695,0.0146232558139534
13144,SEG_A,SEG_B,0.05355018004775047,0.6294234991073608,0.3170263171195984,0.6294234991073608,0.1409384160072187,1.6417256488035057,1.266481113143263,1.4534883720930232,0.0313697674418604
12921,SEG_B,SEG_A,0.6293823719024658,0.09563255310058594,0.27498510479927063,0.6293823719024658,0.0,0.7603019175846595,0.4189954687457419,1.0116279069767442,0.0060930232558139
5426,SEG_B,SEG_A,0.6293128132820129,0.10018398612737656,0.2705031931400299,0.6293128132820129,0.0,0.4597413655473366,0.1119937023245903,0.5,0.0
16592,SEG_A,SEG_B,0.14602704346179962,0.6290977001190186,0.22487527132034302,0.6290977001190186,0.0800348837209302,1.3332978553562875,0.9871086346395184,1.4767441860465116,0.0913792222746956
10603,SEG_B,SEG_A,0.6290522217750549,0.2618292570114136,0.10911853611469269,0.6290522217750549,0.030506976744186,1.43834814538875,0.962142101520906,1.5232558139534884,0.0122883720930232
1434,SEG_C,SEG_B,0.22820095717906952,0.6290262341499329,0.14277283847332,0.6290262341499329,0.0108279069767441,0.4697550245684991,0.1655233239438015,0.5697674418604651,0.0107418604651162
12182,SEG_C,SEG_A,0.6288197636604309,0.07362163066864014,0.29755857586860657,0.6288197636604309,0.0,0.9384279708371028,0.4722253190334976,1.755813953488372,0.0012186046511627
7545,SEG_B,SEG_A,0.6287574768066406,0.22782081365585327,0.1434217393398285,0.6287574768066406,0.0189162790697674,0.4929842300392031,0.3618191072974218,0.5813953488372093,0.0119348837209302
16476,SEG_C,SEG_A,0.6283219456672668,0.21581900119781494,0.15585903823375702,0.6283219456672668,0.0108116279069767,0.3737427491884413,0.0179032853451457,0.4069767441860465,0.0276279069767441
6123,SEG_A,SEG_C,0.10419764369726181,0.26762107014656067,0.6281812191009521,0.6281812191009521,0.1113689120505309,3.0888924993687845,2.6186623174526136,3.13953488372093,0.0618860465116279
3169,SEG_C,SEG_A,0.6280256509780884,0.0526849702000618,0.3192894160747528,0.6280256509780884,0.0,0.5098273996416725,0.1950693809598132,0.9767441860465116,0.0
3685,SEG_B,SEG_C,0.08577074855566025,0.2863188087940216,0.6279104351997375,0.6279104351997375,0.0626616718211721,2.5339879020098275,1.9506644422031107,3.767701683959059,0.0763768966933003
7938,SEG_A,SEG_C,0.113268181681633,0.25889909267425537,0.6278327107429504,0.6278327107429504,0.0549581395348837,1.8464867933230449,1.336257342539534,2.36046511627907,0.0192744186046511
7017,SEG_C,SEG_A,0.6276862025260925,0.11011991649866104,0.2621939182281494,0.6276862025260925,0.0,0.109893033899207,-0.1603689912570824,0.1744186046511628,0.0
7824,SEG_A,SEG_B,0.28072965145111084,0.6276187896728516,0.09165158122777939,0.6276187896728516,0.0649093901539722,0.8147517428556224,0.5289967060867257,0.8255813953488372,0.0
6475,SEG_C,SEG_B,0.02011675387620926,0.6276072263717651,0.3522760272026062,0.6276072263717651,0.1800119792205403,2.565173650803206,2.194421291277881,3.046511627906977,0.0216209302325581
3019,SEG_B,SEG_A,0.6272268891334534,0.22237993776798248,0.15039314329624176,0.6272268891334534,0.0265906976744186,0.7792205488443049,0.3917398133489908,0.6744186046511628,0.0012186046511627
3194,SEG_C,SEG_A,0.6271061301231384,0.13817879557609558,0.234715074300766,0.6271061301231384,0.0201663229839628,0.7050094903588597,0.7726969473467954,0.7558139534883721,0.0
1416,SEG_A,SEG_B,0.19205667078495026,0.6270962357521057,0.18084707856178284,0.6270962357521057,0.1193837209302325,0.910941408120909,0.5151049692777139,0.4534883720930232,0.0
11963,SEG_C,SEG_A,0.6270896196365356,0.18082769215106964,0.1920827180147171,0.6270896196365356,0.004213953488372,0.748505490216948,0.9659498981010132,1.0813953488372092,0.0024372093023255
13365,SEG_C,SEG_B,0.005357095971703529,0.626952588558197,0.3676902949810028,0.626952588558197,0.2826635811531925,3.686278332419035,2.999286001246852,4.616798716755327,0.1798343882265808
8502,SEG_B,SEG_C,0.15808919072151184,0.2149920016527176,0.6269188523292542,0.6269188523292542,0.0219767441860465,1.7986276092584947,1.363039268812867,2.36046511627907,0.0584513152979515
13088,SEG_B,SEG_A,0.6269081830978394,0.2994718849658966,0.07361996173858643,0.6269081830978394,0.0496081834490791,0.8236034981285367,0.3546892652648665,1.127906976744186,0.0047395348837209
3565,SEG_A,SEG_C,0.14965511858463287,0.22368453443050385,0.6266603469848633,0.6266603469848633,0.0556581395348837,2.4499405743884486,1.7673532175277218,2.7209302325581395,0.0772235608284611
9576,SEG_B,SEG_A,0.6265784502029419,0.30609825253486633,0.06732327491044998,0.6265784502029419,0.0131232558139534,0.2512816419207777,-0.0681948810948343,0.1976744186046511,0.0144348837209302
10823,SEG_C,SEG_B,0.0058557759039103985,0.6264782547950745,0.36766594648361206,0.6264782547950745,0.3852868598597254,5.764404577899243,5.144091653255513,6.453032875355819,0.2807186812132408
14870,SEG_A,SEG_B,0.2571732699871063,0.6264742016792297,0.11635254323482513,0.6264742016792297,0.1267802764723349,1.0200894045021554,0.5579224601087996,0.7906976744186046,0.0
8081,SEG_C,SEG_A,0.6262168288230896,0.14605584740638733,0.22772736847400665,0.6262168288230896,0.004460465116279,0.575931740372164,0.2321481217220252,2.0232558139534884,0.0120046511627906
7270,SEG_A,SEG_C,0.21890002489089966,0.15506209433078766,0.6260378360748291,0.6260378360748291,0.0042883720930232,1.368261401734873,0.8741976161985526,1.5,0.0501232558139534
12923,SEG_B,SEG_A,0.6259857416152954,0.26060226559638977,0.11341202259063721,0.6259857416152954,0.0124046511627907,1.2412325049225694,0.7396265343750765,1.337209302325581,0.0048744186046511
2872,SEG_B,SEG_C,0.19494622945785522,0.17914871871471405,0.6259050369262695,0.6259050369262695,0.0063232558139534,1.0574920618026362,1.1878535758580704,2.186046511627907,0.0335046511627907
4775,SEG_B,SEG_A,0.6258533000946045,0.3003639280796051,0.0737827718257904,0.6258533000946045,0.0064302325581395,1.464841324747663,0.97584301396538,1.5348837209302326,0.0096232558139534
12154,SEG_C,SEG_A,0.6258441805839539,0.2592150866985321,0.11494069546461105,0.6258441805839539,0.0235883720930232,0.6999367466114828,0.1945735172616594,0.9302325581395348,0.0644612276525482
5112,SEG_B,SEG_C,0.029959235340356827,0.34429869055747986,0.6257420778274536,0.6257420778274536,0.1439724443368194,2.850319628784316,2.34009075387024,2.8953488372093026,0.0604279069767441
8387,SEG_A,SEG_B,0.34114372730255127,0.6256777048110962,0.03317856416106224,0.6256777048110962,0.1050001756567817,0.63786741879978,0.2671413766265487,0.4069767441860465,0.0
1723,SEG_B,SEG_C,0.29332131147384644,0.08103076368570328,0.6256479024887085,0.6256479024887085,0.0,1.3790378372625194,1.4695338590720357,1.9069767441860463,0.0312441860465116
7524,SEG_B,SEG_C,0.18403054773807526,0.1904004067182541,0.6255690455436707,0.6255690455436707,0.0215209302325581,1.0573767583772375,0.495354945553398,1.2790697674418603,0.0749261914243641
2288,SEG_C,SEG_A,0.6254556775093079,0.1810797154903412,0.19346459209918976,0.6254556775093079,0.0,0.2391925212424387,-0.0439357002881273,0.3023255813953488,0.0047488372093023
11265,SEG_A,SEG_B,0.10314472764730453,0.6252400279045105,0.271615207195282,0.6252400279045105,0.0845023255813953,2.5220501697040985,1.90348402772858,2.395348837209302,0.0665072817586937
13405,SEG_B,SEG_C,0.005866520572453737,0.36893323063850403,0.6252002716064453,0.6252002716064453,0.3103006147987363,6.896927333480367,5.667360891405678,8.14219726891104,0.3603056047958038
2384,SEG_C,SEG_A,0.6250905990600586,0.12616539001464844,0.24874408543109894,0.6250905990600586,0.0,0.458597200787611,0.1497946194762176,0.5,0.0358674418604651
2744,SEG_B,SEG_C,0.2452879399061203,0.1297316551208496,0.6249803900718689,0.6249803900718689,0.0,1.4245206038351694,0.9258449959245963,2.0930232558139537,0.0913906976744186
1103,SEG_B,SEG_C,0.08460266143083572,0.2904737889766693,0.624923586845398,0.624923586845398,0.0976826020537303,1.3749223919252125,0.871474022993962,1.3837209302325582,0.058381547856091
13446,SEG_B,SEG_A,0.6248775124549866,0.31890174746513367,0.05622072517871857,0.6248775124549866,0.039421018060949,0.5023060685079737,0.1528401634680251,0.6046511627906976,0.0
12545,SEG_C,SEG_B,0.005973183084279299,0.6248384714126587,0.3691883683204651,0.6248384714126587,0.3316027876159292,5.314302531703593,4.833874945417449,6.035987165156685,0.3324910412784164
6625,SEG_A,SEG_C,0.07517196238040924,0.2999904155731201,0.6248376369476318,0.6248376369476318,0.0861641730593493,2.303151051331828,1.843867978961092,3.255813953488372,0.083284178451994
2452,SEG_B,SEG_C,0.2579086422920227,0.11726950854063034,0.6248218417167664,0.6248218417167664,0.0,5.0081754808866,4.333958238572394,6.1540208491310455,0.1315888296147847
706,SEG_B,SEG_A,0.624504029750824,0.09938937425613403,0.2761065661907196,0.624504029750824,0.0,0.4607702268816632,0.0367281817258405,1.8604651162790693,0.0
8314,SEG_C,SEG_A,0.6242786049842834,0.13198968768119812,0.24373175203800201,0.6242786049842834,0.0,0.6501339293633478,0.4043066735044259,0.813953488372093,0.0204023255813953
9476,SEG_C,SEG_A,0.6240959167480469,0.13886503875255585,0.23703908920288086,0.6240959167480469,0.0,0.8098557820233091,0.5589056859932464,1.1511627906976745,0.0
538,SEG_C,SEG_B,0.1309211403131485,0.6240031719207764,0.24507573246955872,0.6240031719207764,0.0656139534883721,0.6970446845120892,0.3599799399305258,0.7093023255813954,0.0171373618095794
17839,SEG_A,SEG_B,0.2416616678237915,0.6239576935768127,0.13438065350055695,0.6239576935768127,0.0979302325581395,1.128208539549075,0.6506927086109493,1.2209302325581397,0.0649209302325581
5942,SEG_B,SEG_A,0.6238114237785339,0.2977561950683594,0.07843240350484848,0.6238114237785339,0.0087232558139534,0.0507423766696823,-0.2667165872644256,0.3720930232558139,0.0
17590,SEG_C,SEG_A,0.6237756609916687,0.17025922238826752,0.20596511662006378,0.6237756609916687,0.0085302325581395,0.9608943998013236,0.5438669510778141,1.302325581395349,0.0848627906976744
3391,SEG_A,SEG_C,0.24167661368846893,0.1345502734184265,0.6237730979919434,0.6237730979919434,0.0254395348837209,1.5593546555975382,1.106035478047398,2.2674418604651163,0.0473257339026026
9435,SEG_B,SEG_C,0.0052472250536084175,0.3711323142051697,0.6236204504966736,0.6236204504966736,0.312569702506049,5.993072181157917,5.437434748589165,5.711121090038995,0.1372081968022167
6730,SEG_B,SEG_C,0.10979215055704117,0.2666921317577362,0.6235156655311584,0.6235156655311584,0.0520292893384191,1.3302556188246148,0.8737459717607216,1.5930232558139534,0.059630690079901
14713,SEG_B,SEG_A,0.6231076717376709,0.24533312022686005,0.13155922293663025,0.6231076717376709,0.0251756253095442,0.1401734873077537,-0.140249576570984,0.0930232558139534,0.0
1070,SEG_C,SEG_A,0.623090922832489,0.07908102869987488,0.2978280484676361,0.623090922832489,0.0,0.6464619587391127,0.2625811054873018,1.3604651162790695,0.0
1611,SEG_C,SEG_A,0.623028576374054,0.08859764784574509,0.28837376832962036,0.623028576374054,0.0,0.0777499866957586,-0.2258907048590208,0.1046511627906976,0.0146232558139534
13595,SEG_A,SEG_B,0.3189685642719269,0.6229930520057678,0.05803836137056351,0.6229930520057678,0.0456302325581395,0.3634186578681284,0.0244412733096984,0.2906976744186046,0.0
12596,SEG_A,SEG_B,0.3133082091808319,0.622639536857605,0.06405221670866013,0.622639536857605,0.1141488372093023,0.8286857183403402,0.6264355161485318,1.197674418604651,0.0023023255813953
3937,SEG_C,SEG_B,0.01172737218439579,0.6225605607032776,0.36571210622787476,0.6225605607032776,0.1854442738749025,2.043540347329396,1.5403856167148016,1.872093023255814,0.1136861990188817
7086,SEG_A,SEG_C,0.2798922061920166,0.0975702777504921,0.6225374937057495,0.6225374937057495,0.0,0.8890337572951591,0.4927628332826932,1.2906976744186047,0.0337840259447402
6644,SEG_B,SEG_C,0.0019721274729818106,0.37551456689834595,0.6225132942199707,0.6225132942199707,0.4052178599808036,7.139535823953789,5.9769728422958135,8.153565352393843,0.3528087308860563
13553,SEG_B,SEG_A,0.6224920153617859,0.18202824890613556,0.19547972083091736,0.6224920153617859,0.0130744186046511,0.4468983378567754,0.1346580253244838,0.5930232558139535,0.0133116279069767
1251,SEG_A,SEG_B,0.25107884407043457,0.6224659085273743,0.12645530700683594,0.6224659085273743,0.1137826898821212,1.3242421017153605,0.8744317440599785,1.2209302325581397,0.0182162790697674
11524,SEG_C,SEG_B,0.1757538616657257,0.622461199760437,0.20178495347499847,0.622461199760437,0.0702651162790697,1.495574122363543,1.1271484204481683,1.627906976744186,0.0884866565406432
16045,SEG_A,SEG_B,0.058442797511816025,0.6224002838134766,0.3191569149494171,0.6224002838134766,0.2060235192991261,2.372475018479221,1.6650270329061194,1.8604651162790693,0.1598709874998911
20186,SEG_A,SEG_B,0.1541059911251068,0.6222108602523804,0.2236831933259964,0.6222108602523804,0.0827804521291167,1.374221701878559,0.835165155680122,1.372093023255814,0.0631465116279069
12784,SEG_B,SEG_C,0.025315431877970695,0.3528960347175598,0.6217885613441467,0.6217885613441467,0.2022132737538243,6.59915399546358,5.521397982789353,7.209106652338134,0.1193680518894804
8875,SEG_B,SEG_C,0.2662709057331085,0.11196567118167877,0.6217634677886963,0.6217634677886963,0.0,1.1646532914693206,0.9978465180557224,2.0,0.0344489897165561
2870,SEG_C,SEG_B,0.04847240820527077,0.621743381023407,0.32978418469429016,0.621743381023407,0.1312803643007258,3.890473043246173,3.5077197073261783,4.267961507453002,0.0792677468749727
5003,SEG_C,SEG_A,0.6212486624717712,0.13228948414325714,0.2464618980884552,0.6212486624717712,0.0,0.418915083461941,0.3019898870530991,0.4534883720930232,0.0
7283,SEG_A,SEG_C,0.2697281837463379,0.10928231477737427,0.6209895014762878,0.6209895014762878,0.0063209302325581,1.6420715590797017,1.1152757029142235,2.3488372093023258,0.0389209302325581
12352,SEG_B,SEG_A,0.6209734678268433,0.19205017387866974,0.18697629868984222,0.6209734678268433,0.002106976744186,0.7750252780586452,1.0378517584254892,0.872093023255814,0.0118860465116279
7408,SEG_B,SEG_C,0.22813215851783752,0.15102776885032654,0.6208400130271912,0.6208400130271912,0.0085953488372093,1.0820605609068172,0.6966667162156471,1.627906976744186,0.0604279069767441
10822,SEG_B,SEG_A,0.6207007765769958,0.20573049783706665,0.1735687404870987,0.6207007765769958,0.0426186046511627,0.6555265818743016,0.7153399649768776,0.9534883720930232,0.0
8022,SEG_B,SEG_A,0.6206271052360535,0.20103758573532104,0.1783353090286255,0.6206271052360535,0.0,0.3763858584783496,0.0547765196885087,0.4418604651162791,0.0274423179868777
3660,SEG_B,SEG_C,0.14353390038013458,0.23586080968379974,0.6206052899360657,0.6206052899360657,0.0567627906976744,1.7543150089581894,1.307117627779462,2.883720930232558,0.0538931757630677
5486,SEG_B,SEG_C,0.008340424858033657,0.37111780047416687,0.6205418109893799,0.6205418109893799,0.3134438576255274,5.882114807947337,5.216446102949031,7.380407375061983,0.0386186046511627
8165,SEG_A,SEG_C,0.24001996219158173,0.13946162164211273,0.6205184459686279,0.6205184459686279,0.0,1.0532790520284534,0.6304587492350876,1.4651162790697674,0.0046511627906976
5977,SEG_B,SEG_A,0.6201714873313904,0.344880074262619,0.03494845703244209,0.6201714873313904,0.032353488372093,0.3082415340677275,-0.0462446827750402,0.3023255813953488,0.0
10406,SEG_B,SEG_C,0.06493375450372696,0.31501948833465576,0.6200467348098755,0.6200467348098755,0.0761814831772281,2.866550196312581,2.18890244933244,3.3372093023255816,0.0613979794331123
12681,SEG_A,SEG_B,0.19712211191654205,0.6199660301208496,0.18291187286376953,0.6199660301208496,0.1505410050737867,0.6947120075213312,0.3636211585181685,0.0813953488372093,0.0
6090,SEG_A,SEG_C,0.15258735418319702,0.2276180386543274,0.6197946071624756,0.6197946071624756,0.0383627906976744,2.023309637889222,1.5789228971000582,3.18630633512185,0.0310558139534883
12113,SEG_A,SEG_C,0.12061507254838943,0.25974032282829285,0.6196445822715759,0.6196445822715759,0.0696767441860465,1.9230393982935097,1.408837257670596,2.197674418604651,0.2121812048689955
11931,SEG_B,SEG_A,0.6195942163467407,0.2092774510383606,0.17112837731838226,0.6195942163467407,0.0111837209302325,0.3008443758536888,0.0187165079860568,0.5,0.0121232558139534
2668,SEG_A,SEG_B,0.27199533581733704,0.6192975044250488,0.10870709270238876,0.6192975044250488,0.085621018060949,0.5033526688308233,0.1335758685386805,0.4069767441860465,0.0
8498,SEG_C,SEG_A,0.619158923625946,0.16329972445964813,0.21754130721092224,0.619158923625946,0.0,0.6206517304383304,0.3144588879722327,0.7906976744186046,0.0048116279069767
2395,SEG_A,SEG_C,0.2751190960407257,0.10583461821079254,0.6190462708473206,0.6190462708473206,0.0214186046511627,2.519184716087489,1.8855511456963,3.569767441860465,0.0243720930232558
14095,SEG_B,SEG_A,0.6189492344856262,0.18907131254673004,0.19197940826416016,0.6189492344856262,0.0175162790697674,0.7830078228939387,0.3976169417873803,0.7093023255813954,0.0046046511627906
8446,SEG_A,SEG_C,0.0983632281422615,0.28270602226257324,0.6189307570457458,0.6189307570457458,0.0,1.6443244106221064,1.2015646735453778,4.1863063351218495,0.0721303850653933
11358,SEG_C,SEG_A,0.6188254356384277,0.15237925946712494,0.22879528999328613,0.6188254356384277,0.0,0.1613538396040658,-0.1662659392876343,0.2325581395348837,0.0143093023255813
3791,SEG_B,SEG_A,0.6186813712120056,0.28290626406669617,0.09841232001781464,0.6186813712120056,0.0042883720930232,0.0250474517942986,-0.2623587544377306,0.0581395348837209,0.0
11165,SEG_B,SEG_C,0.08795154839754105,0.29348134994506836,0.6185670495033264,0.6185670495033264,0.0712093023255814,3.554258338218202,3.090305813678061,4.337988772807409,0.0433674418604651
3905,SEG_C,SEG_A,0.6185517907142639,0.10972651839256287,0.2717216908931732,0.6185517907142639,0.0327930232558139,0.4327603640040445,0.2080623623467387,0.6046511627906976,0.0035209302325581
14002,SEG_A,SEG_B,0.27458441257476807,0.6185018420219421,0.10691378265619278,0.6185018420219421,0.0654384160072187,0.3765721178578398,0.0262678237922099,0.1511627906976744,0.0048744186046511
6383,SEG_B,SEG_A,0.6183319091796875,0.24470876157283783,0.13695932924747467,0.6183319091796875,0.0294512506190885,0.4358292090185018,0.1761788555710446,0.4651162790697674,0.0
2800,SEG_B,SEG_A,0.6182675361633301,0.06748062372207642,0.3142518699169159,0.6182675361633301,0.0,0.7622265978393913,0.4491020486025949,1.0232558139534884,0.0
11572,SEG_A,SEG_B,0.3249097764492035,0.6177285313606262,0.05736164748668671,0.6177285313606262,0.0957513384474794,0.9901371223812818,0.5702246943792855,0.6511627906976745,0.0048744186046511
9438,SEG_B,SEG_C,0.005549639463424683,0.37700551748275757,0.6174448132514954,0.6174448132514954,0.4154193301708693,6.738707832113365,5.805846196291446,7.602376901595894,0.0958634007266897
13063,SEG_C,SEG_A,0.6172845959663391,0.19475935399532318,0.1879560649394989,0.6172845959663391,0.0022162790697674,0.2555212601777447,-0.0725223651710307,0.4418604651162791,0.0
7596,SEG_B,SEG_A,0.6172594428062439,0.17146965861320496,0.21127091348171234,0.6172594428062439,0.0,0.8081351001365903,0.3757534541832965,0.8255813953488372,0.0420860465116279
11062,SEG_B,SEG_A,0.6172318458557129,0.15710832178592682,0.2256598323583603,0.6172318458557129,0.0089302325581395,1.4049811079772232,0.9711742612866384,1.802325581395349,0.0
11990,SEG_C,SEG_B,0.05792837217450142,0.6171370148658752,0.32493460178375244,0.6171370148658752,0.1793652919358515,2.168804214783673,1.6932519481755537,3.627906976744186,0.023153488372093
9781,SEG_A,SEG_B,0.21633659303188324,0.6170421242713928,0.16662131249904633,0.6170421242713928,0.0773930232558139,1.2328330938569882,0.8080456246062473,1.5465116279069768,0.0
12108,SEG_B,SEG_C,0.005903440061956644,0.37715524435043335,0.6169412732124329,0.6169412732124329,0.4797804979142756,7.255704446057153,5.817870655701597,7.708846828844192,0.3321703015257
6482,SEG_B,SEG_A,0.6169077754020691,0.34176599979400635,0.041326213628053665,0.6169077754020691,0.0869700309270331,0.5188121973285084,0.1882707116587661,0.2441860465116279,0.0
5234,SEG_C,SEG_A,0.6165643930435181,0.09684980660676956,0.28658580780029297,0.6165643930435181,0.0,0.3190002306068508,0.0501640071251433,0.3953488372093023,0.0
10888,SEG_C,SEG_A,0.6163631081581116,0.2255132794380188,0.1581236571073532,0.6163631081581116,0.0194093901539722,0.875623081971866,0.4342671072600454,1.069767441860465,0.0
4791,SEG_B,SEG_C,0.16215378046035767,0.22155970335006714,0.6162865161895752,0.6162865161895752,0.0465651162790697,1.4392350948148938,1.0528049677807756,1.848837209302325,0.0239953488372093
18884,SEG_C,SEG_A,0.6162674427032471,0.2718077600002289,0.11192480474710464,0.6162674427032471,0.0165883720930232,0.1581164741986412,-0.1349510861989069,0.127906976744186,0.0024372093023255
4738,SEG_C,SEG_B,0.015124048106372356,0.616069495677948,0.3688064217567444,0.616069495677948,0.1886746820898238,3.1734353047284736,2.5748899663526847,3.383980753726501,0.1659474266714299
8917,SEG_C,SEG_A,0.6159764528274536,0.09575262665748596,0.2882709205150604,0.6159764528274536,0.020460465116279,0.6801039504727441,0.2690787938278037,1.372093023255814,0.0
19581,SEG_B,SEG_A,0.615933358669281,0.32651486992836,0.057551756501197815,0.615933358669281,0.0410826020537303,0.2351746403420077,-0.0823240708432096,0.1395348837209302,0.0
8965,SEG_A,SEG_B,0.25035610795021057,0.6155888438224792,0.13405507802963257,0.6155888438224792,0.0283860465116279,0.4905894665886152,0.8046815928495645,0.5232558139534884,0.0
10048,SEG_B,SEG_A,0.6155693531036377,0.2566029727458954,0.1278276890516281,0.6155693531036377,0.017313953488372,0.4909087683820269,0.1519877812214319,0.5813953488372093,0.0118720930232558
8981,SEG_C,SEG_A,0.6154777407646179,0.2163737267255783,0.16814854741096497,0.6154777407646179,0.0386895787979163,0.922950703350895,0.5488227375423891,1.3255813953488371,0.0
707,SEG_A,SEG_B,0.2941182851791382,0.6154158115386963,0.09046591073274612,0.6154158115386963,0.0957317027482053,1.125166303017402,0.7579703450477828,0.8255813953488372,0.0071860465116279
3525,SEG_B,SEG_A,0.6153756976127625,0.31904855370521545,0.06557577848434448,0.6153756976127625,0.0176697674418604,0.267699075798698,0.119174588309909,0.2209302325581395,0.0059418604651162
209,SEG_A,SEG_B,0.14746887981891632,0.6153398156166077,0.2371913194656372,0.6153398156166077,0.138561759649563,1.6024515282138614,1.3175033982234907,2.453488372093023,0.0071860465116279
4346,SEG_A,SEG_C,0.01798263005912304,0.3667808473110199,0.6152364611625671,0.6152364611625671,0.1436582273632746,3.428859000469343,2.863465242624285,4.186046511627907,0.188134235719327
4999,SEG_B,SEG_A,0.6152320504188538,0.2744460701942444,0.11032185703516006,0.6152320504188538,0.0590162790697674,0.6821616731413975,0.2938773756064001,0.7325581395348837,0.0
1477,SEG_B,SEG_C,0.08464450389146805,0.30016228556632996,0.6151931881904602,0.6151931881904602,0.0323930232558139,2.081324392883118,2.0629403078558224,2.7906976744186047,0.058053488372093
11913,SEG_B,SEG_C,0.06276237964630127,0.3224049508571625,0.6148326992988586,0.6148326992988586,0.063160465116279,1.5383073457151473,1.1008883994039296,1.7790697674418603,0.0832258864098565
10793,SEG_B,SEG_A,0.61479651927948,0.22838404774665833,0.1568194180727005,0.61479651927948,0.0385465116279069,0.5096411402621823,0.1577521857293981,0.5348837209302325,0.0096860465116279
4501,SEG_A,SEG_B,0.31502431631088257,0.6147845387458801,0.0701911449432373,0.6147845387458801,0.095213953488372,1.0012860766679086,0.66813331648668,0.8023255813953488,0.0046046511627906
3579,SEG_B,SEG_C,0.16113215684890747,0.22470158338546753,0.614166259765625,0.614166259765625,0.0557720930232558,2.3833502323840734,2.0856456561794734,2.744186046511628,0.0402465116279069
5329,SEG_B,SEG_C,0.1294107735157013,0.2565423548221588,0.6140468120574951,0.6140468120574951,0.0086674418604651,1.5364270129317228,1.1777413967263186,2.546511627906977,0.0888654212935774
6135,SEG_B,SEG_C,0.26477324962615967,0.12119533866643906,0.6140314340591431,0.6140314340591431,0.0320186046511627,2.258829581537261,1.6969231321892475,3.244186046511628,0.0314813953488372
6490,SEG_C,SEG_B,0.13481079041957855,0.6139586567878723,0.2512305676937103,0.6139586567878723,0.1409128346118698,0.9650541926099374,0.8173144693447297,0.6162790697674418,0.0482348837209302
3477,SEG_B,SEG_A,0.6136688590049744,0.16631276905536652,0.22001832723617554,0.6136688590049744,0.0,0.0787611090415624,-0.0646453160110098,0.1627906976744186,0.0084
4239,SEG_B,SEG_C,0.02330276370048523,0.36304187774658203,0.6136553287506104,0.6136553287506104,0.1691686485653582,2.6351989149674178,1.9767227362105853,3.313953488372093,0.1139373618095794
7262,SEG_A,SEG_C,0.13973629474639893,0.24663789570331573,0.6136258244514465,0.6136258244514465,0.0488720930232558,2.08266429348676,1.6159460171091489,1.7674418604651163,0.0709330156612963
3231,SEG_A,SEG_C,0.31554365158081055,0.07085272669792175,0.6136036515235901,0.6136036515235901,0.0,1.976744186046512,1.3965615485047358,2.511627906976744,0.0338209302325581
5850,SEG_B,SEG_C,0.07142212241888046,0.3150453269481659,0.613532543182373,0.613532543182373,0.0736372093023255,1.85182622886843,1.408393845025654,2.127906976744186,0.0807023255813953
9477,SEG_B,SEG_A,0.6132351756095886,0.3215821087360382,0.06518273055553436,0.6132351756095886,0.0065058578676838,0.0521881042342965,-0.2036800530154865,0.3372093023255814,0.0
12340,SEG_A,SEG_B,0.16595155000686646,0.6131826639175415,0.22086577117443085,0.6131826639175415,0.0721651162790697,1.6510208787894918,1.147925384190407,1.5348837209302326,0.0208116279069767
1787,SEG_B,SEG_C,0.018548419699072838,0.3684702217578888,0.6129813194274902,0.6129813194274902,0.1306245503472375,3.3533175178446823,2.737291632898155,3.86046511627907,0.1429860465116279
6581,SEG_C,SEG_B,0.14177721738815308,0.612777054309845,0.24544572830200195,0.612777054309845,0.0545511627906976,1.283664165469285,0.8903772163878299,1.662790697674419,0.0
2733,SEG_C,SEG_B,0.09642294049263,0.6127671003341675,0.2908099889755249,0.6127671003341675,0.122906976744186,0.8910471324925053,0.5098534747325713,0.5930232558139535,0.091081547856091
4978,SEG_C,SEG_B,0.00966163445264101,0.6127578616142273,0.377580463886261,0.6127578616142273,0.2471333485950529,3.2439820481436152,2.625763615114664,2.813953488372093,0.0897652687863236
3946,SEG_A,SEG_C,0.2401624619960785,0.14711584150791168,0.6127216815948486,0.6127216815948486,0.0215860465116279,2.278478546177169,1.8077727485156576,2.895348837209302,0.0673627906976744
957,SEG_B,SEG_C,0.09075795859098434,0.29658180475234985,0.61266028881073,0.61266028881073,0.0966233436423443,1.4813208450854134,1.0550902122059662,1.755813953488372,0.0733820053778525
2376,SEG_C,SEG_A,0.6126574873924255,0.24697168171405792,0.14037083089351654,0.6126574873924255,0.0372,0.2985116988629308,0.2895939708800642,0.2093023255813953,0.0
9178,SEG_A,SEG_B,0.25331610441207886,0.6126091480255127,0.13407474756240845,0.6126091480255127,0.0942559017818792,0.8501232859702341,0.5091541975209456,0.8023255813953488,0.0108465116279069
111,SEG_B,SEG_C,0.09608758985996246,0.29137715697288513,0.6125352382659912,0.6125352382659912,0.0663302325581395,2.220912493569617,1.5044169565572092,2.476744186046512,0.1222475791786837
10427,SEG_A,SEG_C,0.14028897881507874,0.24745440483093262,0.6122565865516663,0.6122565865516663,0.0441559017818792,1.80396704480388,1.43035959317789,2.186046511627907,0.0048209302325581
1635,SEG_B,SEG_A,0.6120829582214355,0.23275059461593628,0.15516644716262817,0.6120829582214355,0.0193883720930232,0.5981675624855871,0.2357391840769396,0.7790697674418605,0.0454906976744186
10435,SEG_B,SEG_C,0.12766006588935852,0.2603454887866974,0.6119944453239441,0.6119944453239441,0.0476790697674418,1.879978610624397,1.342958427628719,2.488372093023256,0.0955680518894804
9159,SEG_C,SEG_A,0.6119380593299866,0.18670086562633514,0.2013610452413559,0.6119380593299866,0.0129720930232558,0.1588082947510333,-0.0854366875515619,1.0348837209302326,0.0011883720930232
12046,SEG_C,SEG_A,0.6117671132087708,0.2822287976741791,0.10600412636995316,0.6117671132087708,0.0527419482935071,0.5619356784276162,0.1860888331736265,0.4069767441860465,0.0073116279069767
8772,SEG_C,SEG_B,0.007604301907122135,0.6117473244667053,0.38064834475517273,0.6117473244667053,0.3404593691323562,5.360175692877482,4.8566577964807855,4.581914995825095,0.103753488372093
12295,SEG_B,SEG_C,0.004799604415893555,0.3834594190120697,0.6117409467697144,0.6117409467697144,0.4662333714876324,6.803734343335116,5.773815489281819,6.655579790094702,0.235562295203325
10133,SEG_A,SEG_C,0.1882229596376419,0.20015236735343933,0.6116246581077576,0.6116246581077576,0.0526965555421024,1.6283593209515197,1.183406713849162,2.6627906976744184,0.0438838734374863
13587,SEG_B,SEG_A,0.6115471124649048,0.2831571102142334,0.10529579222202301,0.6115471124649048,0.0145209302325581,0.1588171642452947,0.0661739671852924,0.1627906976744186,0.0
12755,SEG_B,SEG_C,0.004638898652046919,0.38454288244247437,0.6108182072639465,0.6108182072639465,0.3569580745990722,6.400018910098403,5.383277639425765,7.402883718533643,0.1365573390260266
13715,SEG_B,SEG_A,0.6105942726135254,0.3454039692878723,0.0440017506480217,0.6105942726135254,0.0556988811234977,0.2496407854824118,-0.0392085738373347,0.127906976744186,0.0
8382,SEG_B,SEG_C,0.05204050615429878,0.3374316394329071,0.6105278730392456,0.6105278730392456,0.1447315270914235,2.019841058662835,1.585284709820999,1.7790697674418603,0.0889327106467887
12704,SEG_B,SEG_C,0.10599351674318314,0.28378191590309143,0.6102246046066284,0.6102246046066284,0.0462860465116279,2.154799283344864,1.5476442876798455,2.895348837209302,0.0676162790697674
6306,SEG_C,SEG_A,0.6101952791213989,0.20657247304916382,0.18323224782943726,0.6101952791213989,0.0023255813953488,1.2544043108709688,0.838466933612171,1.3255813953488371,0.0
8496,SEG_C,SEG_B,0.048619817942380905,0.6100266575813293,0.34135353565216064,0.6100266575813293,0.2041385038356096,2.693390452876377,2.101213260023824,2.488372093023256,0.0084046511627906
2382,SEG_A,SEG_C,0.3480297029018402,0.0419590026140213,0.6100112795829773,0.6100112795829773,0.0,2.173700175615987,1.6806512470239643,3.046511627906977,0.0578651162790697
7732,SEG_B,SEG_A,0.6099832653999329,0.07032870501279831,0.31968799233436584,0.6099832653999329,0.0,0.548462916644493,0.230361261616139,0.813953488372093,0.0
7312,SEG_B,SEG_C,0.004388243425637484,0.38570231199264526,0.6099094748497009,0.6099094748497009,0.2501133615822152,4.782189636599441,4.155179044155818,4.628426623732072,0.0940465116279069
8233,SEG_B,SEG_A,0.6098021268844604,0.16758570075035095,0.222612202167511,0.6098021268844604,0.0280698552702513,0.4214162808436663,0.0695717467788257,0.4069767441860465,0.0
4838,SEG_B,SEG_C,0.135797381401062,0.25454166531562805,0.6096609830856323,0.6096609830856323,0.0419186046511627,4.332910025489445,3.6660524288500382,5.722489173521796,0.0243093023255813
12216,SEG_C,SEG_B,0.21896488964557648,0.6096578240394592,0.1713772863149643,0.6096578240394592,0.1067258448805215,1.890905827554488,1.599187440428374,2.1627906976744184,0.0403651162790697
531,SEG_C,SEG_A,0.6095016002655029,0.06656643748283386,0.323932021856308,0.6095016002655029,0.0,0.4231724407074309,0.1578537611392301,0.8604651162790697,0.0
4820,SEG_B,SEG_A,0.6094373464584351,0.10065699368715286,0.2899056673049927,0.6094373464584351,0.0110441860465116,0.1561829244496478,-0.0332820501386132,0.3372093023255814,0.0073116279069767
5328,SEG_C,SEG_B,0.0317656546831131,0.6093578338623047,0.3588765561580658,0.6093578338623047,0.2603050024763542,2.018803327834247,1.5639170395628992,1.4069767441860466,0.0
7827,SEG_B,SEG_C,0.0033585119526833296,0.38733676075935364,0.6093047261238098,0.6093047261238098,0.3399544544843929,6.500492541091964,5.605140473997411,6.527153166362631,0.3288214643163977
7719,SEG_A,SEG_C,0.20126251876354218,0.18945039808750153,0.6092870235443115,0.6092870235443115,0.0063209302325581,1.1107533748425666,0.6476597590162039,1.7093023255813953,0.1141375143168332
12601,SEG_A,SEG_C,0.16946081817150116,0.2212681770324707,0.6092709898948669,0.6092709898948669,0.0391674418604651,0.6307984318734146,0.2736807370770803,0.8488372093023255,0.0941861990188817
6596,SEG_B,SEG_C,0.31681329011917114,0.0741364136338234,0.6090502738952637,0.6090502738952637,0.0,1.2356003760665568,0.814462644762375,1.5116279069767442,0.0262489897165561
10558,SEG_A,SEG_B,0.19191721081733704,0.6089843511581421,0.19909846782684326,0.6089843511581421,0.0781513384474794,1.4029322548028311,0.9958385517900908,1.4186046511627908,0.0384441860465116
3008,SEG_C,SEG_A,0.6088660359382629,0.27824386954307556,0.11289006471633911,0.6088660359382629,0.034706976744186,0.9686108598087736,0.5522661226188618,1.127906976744186,0.0
13420,SEG_B,SEG_A,0.6087979674339294,0.2606567442417145,0.1305452585220337,0.6087979674339294,0.004460465116279,0.2593617511929469,-0.0005301740903426,0.4186046511627907,0.0024372093023255
6226,SEG_C,SEG_A,0.6087199449539185,0.08340073376893997,0.30787932872772217,0.6087199449539185,0.0,0.8707005126567684,0.514393978807901,1.6511627906976745,0.0
12534,SEG_C,SEG_B,0.1722407191991806,0.6086220741271973,0.21913720667362213,0.6086220741271973,0.1745303203865304,1.837759210969791,1.2472005059980331,1.976744186046512,0.0313697674418604
14683,SEG_C,SEG_A,0.6085023283958435,0.11304888874292374,0.27844876050949097,0.6085023283958435,0.0,0.305270253490146,-0.0326174744389197,0.7674418604651163,0.0120046511627906
17414,SEG_B,SEG_A,0.6082383990287781,0.14182673394680023,0.24993488192558289,0.6082383990287781,0.0,0.8688290493676051,0.4652797907051067,1.197674418604651,0.0048744186046511
7585,SEG_A,SEG_B,0.26600971817970276,0.6082114577293396,0.12577885389328003,0.6082114577293396,0.0457594340681677,0.3373689532222872,0.0236234405383199,0.4302325581395348,0.0
3820,SEG_C,SEG_B,0.02554113045334816,0.6081573963165283,0.3663014769554138,0.6081573963165283,0.1707620231347358,2.394817274523781,1.8223822678813064,2.3255813953488373,0.0534443385537654
3028,SEG_B,SEG_A,0.6081196665763855,0.2452586144208908,0.1466217190027237,0.6081196665763855,0.0264732997281489,0.5800028382381637,0.1762584319253395,0.4534883720930232,0.0257302325581395
12064,SEG_C,SEG_A,0.6080489754676819,0.24521350860595703,0.14673753082752228,0.6080489754676819,0.0,0.0633902754864917,-0.1250987882796842,0.0813953488372093,0.0166209302325581
10221,SEG_C,SEG_A,0.6078530550003052,0.2760012149810791,0.11614572256803513,0.6078530550003052,0.0287837209302325,0.1852837351214234,-0.0767334614581485,0.1976744186046511,0.0
5321,SEG_B,SEG_C,0.11172119528055191,0.2805030941963196,0.6077757477760315,0.6077757477760315,0.0552151601932652,1.5831603781952353,1.1430197371445814,1.9069767441860463,0.0266209302325581
13849,SEG_B,SEG_C,0.011616764590144157,0.38070210814476013,0.6076810956001282,0.6076810956001282,0.2140844235573597,5.4685881282051945,4.881243436601793,6.0958813142473245,0.2687915747453537
914,SEG_C,SEG_B,0.02103489823639393,0.6075952053070068,0.3713698983192444,0.6075952053070068,0.2991948447594433,3.986477056102133,3.2825190735169696,3.813953488372093,0.0414395348837209
8874,SEG_B,SEG_C,0.008045833557844162,0.3845561146736145,0.6073980331420898,0.6073980331420898,0.4033825371179188,4.499534772565465,3.9171767460573967,3.5,0.1460703774708757
13692,SEG_B,SEG_A,0.607336699962616,0.19342578947544098,0.19923752546310425,0.607336699962616,0.0,1.2305625033260603,0.7312122653546097,1.5465116279069768,0.0097488372093023
1333,SEG_B,SEG_C,0.03663470223546028,0.35636287927627563,0.6070024371147156,0.6070024371147156,0.1443268759286328,2.3821155517712382,1.918172884159382,2.302325581395349,0.1153100648618505
5349,SEG_A,SEG_C,0.29670509696006775,0.09646651893854141,0.6068284511566162,0.6068284511566162,0.0,1.084712539690987,0.8005857928208482,3.1511627906976742,0.0
5517,SEG_B,SEG_C,0.08587782084941864,0.3073729872703552,0.6067491769790649,0.6067491769790649,0.1032325581395348,3.819279433720112,3.155614133653869,4.034883720930233,0.176429889571044
14040,SEG_B,SEG_C,0.009154860861599445,0.3842041492462158,0.6066409945487976,0.6066409945487976,0.2822911368163731,3.8550470692256624,3.2913124068627044,3.616279069767442,0.1910652308137357
9555,SEG_B,SEG_A,0.6065430641174316,0.3744775056838989,0.018979405984282494,0.6065430641174316,0.1152966433704933,1.0053483050396468,0.537824036819371,0.5930232558139535,0.0266488372093023
4436,SEG_B,SEG_A,0.6059496998786926,0.1927509754896164,0.20129935443401337,0.6059496998786926,0.0298906976744186,0.339453284373725,-0.0361404069457761,0.5581395348837209,0.0
4385,SEG_B,SEG_C,0.1810332089662552,0.21325485408306122,0.6057119965553284,0.6057119965553284,0.0496930232558139,1.6849112163624431,1.1883437262319736,2.116279069767442,0.0748627906976744
3283,SEG_C,SEG_A,0.6056830883026123,0.13534954190254211,0.2589673697948456,0.6056830883026123,0.0,1.0870363471874835,0.9489360595182352,1.558139534883721,0.0073116279069767
13508,SEG_C,SEG_B,0.006716704461723566,0.6056208610534668,0.38766244053840637,0.6056208610534668,0.2367586665052291,3.002128678622745,2.5351094309866977,4.826101042336723,0.095030690079901
18931,SEG_A,SEG_B,0.1518196314573288,0.6052098274230957,0.2429705560207367,0.6052098274230957,0.0492348837209302,2.256638816454686,1.682914416293162,2.8372093023255816,0.1429503622818406
3670,SEG_B,SEG_C,0.006323304492980242,0.38852831721305847,0.6051483154296875,0.6051483154296875,0.2238236949559079,2.994962127259504,2.642521600896236,3.081395348837209,0.1557379718385947
5803,SEG_B,SEG_A,0.6050770282745361,0.31007784605026245,0.08484514057636261,0.6050770282745361,0.0394093023255813,0.6156493356748799,0.4188039320172642,0.4651162790697674,0.0
4780,SEG_B,SEG_A,0.6050267219543457,0.10188966989517212,0.2930836081504822,0.6050267219543457,0.0,0.3942844978979299,0.0249640150529801,0.5813953488372093,0.0024372093023255
11387,SEG_A,SEG_B,0.0708831176161766,0.6047824025154114,0.3243344724178314,0.6047824025154114,0.1882491885228659,3.878631054466824,3.177104957085473,4.814473135359979,0.0157813953488372
15174,SEG_B,SEG_A,0.6046589612960815,0.35691124200820923,0.03842975199222565,0.6046589612960815,0.045553488372093,0.4194922075590995,0.1280733061277062,0.1976744186046511,0.0
3674,SEG_B,SEG_C,0.004447794985026121,0.3909292221069336,0.6046229600906372,0.6046229600906372,0.4828737846552622,5.678935468257159,4.817100203056072,4.350655973759926,0.1495304996000593
12642,SEG_C,SEG_A,0.604218065738678,0.20064803957939148,0.19513387978076935,0.604218065738678,0.0066325581395348,0.3137672289926028,0.0485307488585153,1.1395348837209305,0.0047488372093023
6434,SEG_B,SEG_A,0.6040942668914795,0.2434820681810379,0.1524236500263214,0.6040942668914795,0.0196837209302325,0.4562201763255459,0.0895777435889812,0.6511627906976745,0.0
6489,SEG_B,SEG_C,0.10840223729610443,0.28755176067352295,0.6040459871292114,0.6040459871292114,0.0975339405012098,4.119040517333574,3.365475626298097,4.698973536074366,0.1981182616640672
12455,SEG_A,SEG_B,0.24946247041225433,0.6039953231811523,0.1465422511100769,0.6039953231811523,0.1242732997281489,0.8107427314494529,0.3858871101512718,0.4651162790697674,0.0
2565,SEG_B,SEG_A,0.6039046049118042,0.11756470054388046,0.27853071689605713,0.6039046049118042,0.0,0.3870292515920742,0.2735116105648335,0.6046511627906976,0.0060930232558139
16676,SEG_B,SEG_C,0.04614272713661194,0.3501330316066742,0.6037242412567139,0.6037242412567139,0.0608652041074606,4.892879711041847,4.222147679056143,8.542742575999199,0.0885261914243641
14913,SEG_C,SEG_B,0.022741710767149925,0.6035680770874023,0.3736901879310608,0.6035680770874023,0.2426087104194245,3.733819428630503,2.9967882547746907,3.581395348837209,0.0434930232558139
3074,SEG_A,SEG_B,0.24565808475017548,0.6034936904907227,0.15084826946258545,0.6034936904907227,0.0714,0.6829599276249269,0.3035540095324565,0.6162790697674418,0.0349674418604651
1438,SEG_B,SEG_C,0.19254548847675323,0.20422236621379852,0.6032321453094482,0.6032321453094482,0.012860465116279,1.7267220123108584,1.1549757065897404,2.2209302325581395,0.101230690079901
16390,SEG_C,SEG_A,0.6030832529067993,0.2422471046447754,0.1546696573495865,0.6030832529067993,0.0197767441860465,0.5370123995529776,0.2008319273810142,0.5581395348837209,0.0
2830,SEG_B,SEG_C,0.1778588891029358,0.21910014748573303,0.6030409932136536,0.6030409932136536,0.0364976744186046,1.577129122097458,1.1586942357193646,3.558399358377664,0.057613953488372
10581,SEG_B,SEG_A,0.6028816103935242,0.16408656537532806,0.23303183913230896,0.6028816103935242,0.0257558139534883,2.2050727907590204,1.4840139693041785,2.895348837209302,0.0864590545784067
7107,SEG_A,SEG_C,0.23437069356441498,0.16284602880477905,0.6027832627296448,0.6027832627296448,0.0255,1.134337360083728,0.6793809350388093,1.337209302325581,0.0239325581395348
3753,SEG_C,SEG_A,0.6027546525001526,0.29422780871391296,0.10301749408245087,0.6027546525001526,0.0300116279069767,0.629122097458003,0.4819158608763728,0.4069767441860465,0.0024372093023255
777,SEG_C,SEG_B,0.008785967715084553,0.6026483178138733,0.3885657489299774,0.6026483178138733,0.2437746820898238,4.475701834514818,3.855206375712069,4.71060144305111,0.0682139534883721
9044,SEG_C,SEG_B,0.03538803383708,0.6025007367134094,0.36211124062538147,0.6025007367134094,0.214075800966326,2.418711085093928,1.863877746487092,2.2209302325581395,0.014560465116279
1076,SEG_B,SEG_A,0.6024995446205139,0.3369283080101013,0.060572121292352676,0.6024995446205139,0.1082930232558139,0.8413336171571497,0.5369113201861881,0.7558139534883721,0.0169953488372093
2082,SEG_A,SEG_C,0.028869042173027992,0.3686324954032898,0.602498471736908,0.602498471736908,0.1891432428267911,2.2715573058024234,1.7723839662652223,3.4069767441860463,0.0550279069767441
1508,SEG_A,SEG_B,0.2806784212589264,0.6024898290634155,0.11683174222707748,0.6024898290634155,0.0917441860465116,0.7470420236638108,0.3870107123471981,0.4883720930232558,0.0332767441860465
18162,SEG_B,SEG_A,0.6023101210594177,0.18486423790454865,0.21282562613487244,0.6023101210594177,0.025887253216521,1.0623968921292108,0.6478172531592399,1.3837209302325582,0.0197303850653933
4562,SEG_B,SEG_A,0.6022043824195862,0.1770976036787033,0.2206980437040329,0.6022043824195862,0.0,1.0147322299682473,0.6206988388196443,0.9534883720930232,0.0
8049,SEG_A,SEG_C,0.15991514921188354,0.23798885941505432,0.6020960211753845,0.6020960211753845,0.0734628785260653,2.397104997073068,1.6840664628077504,2.313953488372093,0.1239258864098565
8250,SEG_A,SEG_C,0.2119733840227127,0.18611972033977509,0.6019068956375122,0.6019068956375122,0.0262674418604651,0.6551451936210598,0.6397135435740813,1.1744186046511629,0.0790581395348837
2030,SEG_A,SEG_C,0.29506081342697144,0.10316117852926254,0.6017780303955078,0.6017780303955078,0.0022767441860465,1.91903038688734,1.3944123614796318,2.558139534883721,0.0216209302325581
5651,SEG_A,SEG_C,0.2552684545516968,0.1429719626903534,0.6017595529556274,0.6017595529556274,0.0216627906976744,2.4306228158870384,1.8891596650751568,2.197674418604651,0.1060582920421375
14284,SEG_A,SEG_B,0.06512876600027084,0.6015516519546509,0.33331960439682007,0.6015516519546509,0.1773024134097862,2.6706946310016897,2.117563816478853,3.13953488372093,0.0888793747819495
3062,SEG_B,SEG_C,0.06992723792791367,0.3286323845386505,0.6014403700828552,0.6014403700828552,0.1148827777105121,1.4727795221116493,1.0020107829437146,1.6046511627906976,0.043884178451994
4726,SEG_B,SEG_A,0.6013584136962891,0.17816784977912903,0.2204737663269043,0.6013584136962891,0.0,0.8885459351107801,1.1324332335401783,1.1511627906976745,0.013253488372093
16152,SEG_B,SEG_A,0.6011701226234436,0.3793678283691406,0.01946200802922249,0.6011701226234436,0.0066046511627906,0.0612083798981782,-0.2687988831659816,0.0697674418604651,0.0072488372093023
4320,SEG_C,SEG_B,0.015036972239613533,0.6010413765907288,0.38392165303230286,0.6010413765907288,0.281946007550141,3.9686753741492646,3.301429754673092,4.082174819319038,0.2072304996000593
2666,SEG_B,SEG_A,0.6009867787361145,0.17108434438705444,0.22792884707450867,0.6009867787361145,0.0153372971307164,0.8220602061270467,0.5707047915521695,0.9302325581395348,0.0024372093023255
14025,SEG_C,SEG_B,0.08431108295917511,0.6009542346000671,0.31473469734191895,0.6009542346000671,0.0843884599214141,1.8808383445975911,1.3468052269842297,2.569767441860465,0.0841539458938545
2150,SEG_B,SEG_A,0.6007172465324402,0.17480385303497314,0.22447891533374786,0.6007172465324402,0.0176697674418604,0.4832366558458837,0.1236482418783027,0.6046511627906976,0.0
10797,SEG_A,SEG_B,0.1499936580657959,0.6006546020507812,0.24935169517993927,0.6006546020507812,0.1170651162790697,2.636705515051532,2.047502607515094,4.139794707214873,0.0215325581395348
13727,SEG_B,SEG_C,0.002364716026932001,0.3971482515335083,0.6004870533943176,0.6004870533943176,0.339362637933472,5.948244543220283,5.506742191644574,8.601401757870805,0.1970615326670559
12538,SEG_B,SEG_C,0.004229453857988119,0.39540818333625793,0.6003624200820923,0.6003624200820923,0.3599381754146254,6.995031595565793,5.727424753962521,8.707611861625159,0.2423210447672241
6852,SEG_C,SEG_B,0.056106336414813995,0.6000946760177612,0.343798965215683,0.6000946760177612,0.1186418604651162,2.3242249696970023,2.4303725338302,2.255813953488372,0.0097488372093023
3353,SEG_C,SEG_B,0.015349701046943665,0.6000768542289734,0.38457348942756653,0.6000768542289734,0.2108482453031454,2.605263764864902,2.336599897078275,2.197674418604651,0.1173843309592478
10624,SEG_B,SEG_A,0.6000596284866333,0.1347537636756897,0.265186607837677,0.6000596284866333,0.0,0.9858442871587464,0.5703428293954281,1.1395348837209305,0.0
6995,SEG_C,SEG_B,0.08242180943489075,0.6000503301620483,0.31752780079841614,0.6000503301620483,0.1263396227121118,2.018297766661345,1.5016481463517135,2.116279069767442,0.0073116279069767
5732,SEG_B,SEG_C,0.05378984287381172,0.3462393879890442,0.599970817565918,0.599970817565918,0.1296060335244656,3.0957373210579533,2.4411913026770824,3.197674418604651,0.0242465116279069
6274,SEG_C,SEG_B,0.0907372385263443,0.599947452545166,0.3093153238296509,0.599947452545166,0.0960674418604651,0.8543451652386781,0.4521951437044303,0.6162790697674418,0.0144976744186046
8239,SEG_B,SEG_A,0.5997461080551147,0.30690711736679077,0.09334676712751389,0.5997461080551147,0.0066906976744186,0.0861227892785553,-0.1929647880170746,0.0697674418604651,0.0
15555,SEG_B,SEG_C,0.2519032061100006,0.14844712615013123,0.5996496677398682,0.5996496677398682,0.0139651162790697,1.271167655025085,1.0155739062889166,1.6046511627906976,0.0047488372093023
4720,SEG_C,SEG_B,0.11762430518865585,0.5995235443115234,0.2828521728515625,0.5995235443115234,0.0823349715493211,0.9376829333191422,0.6082725972870744,0.8837209302325582,0.0
9281,SEG_A,SEG_B,0.1304127424955368,0.5994943976402283,0.27009281516075134,0.5994943976402283,0.1473280826335259,1.5395845528887946,1.0199026741030617,1.3488372093023255,0.0316792222746956
6650,SEG_B,SEG_A,0.5994710326194763,0.1782504916191101,0.22227850556373596,0.5994710326194763,0.0337348837209302,0.2828836499742784,0.0311741019631888,0.5,0.0
6793,SEG_C,SEG_A,0.5994141697883606,0.1652267426252365,0.23535913228988647,0.5994141697883606,0.0257558139534883,0.5166835187057635,0.1629616416568187,0.5697674418604651,0.0092093023255813
6555,SEG_B,SEG_C,0.09221304953098297,0.308490514755249,0.5992964506149292,0.5992964506149292,0.099953488372093,2.9372578045647586,2.4394920662379804,3.244186046511628,0.0314395348837209
5737,SEG_B,SEG_A,0.5990957021713257,0.16724419593811035,0.23366010189056396,0.5990957021713257,0.0065395348837209,0.3784790591240488,0.1696928706449542,0.6627906976744186,0.0
5291,SEG_C,SEG_A,0.5990303158760071,0.08339721709489822,0.3175724744796753,0.5990303158760071,0.0,0.6490075035921452,0.3217871821742588,1.4534883720930232,0.0
6713,SEG_A,SEG_C,0.02617550641298294,0.3748142719268799,0.5990102291107178,0.5990102291107178,0.1627107725156472,3.468949114531039,2.777490407722768,3.4651162790697674,0.0585840259447402
12185,SEG_B,SEG_A,0.598930299282074,0.10644108802080154,0.2946285903453827,0.598930299282074,0.0063209302325581,0.5476912706437479,0.176528152491942,0.9534883720930232,0.0
14017,SEG_B,SEG_C,0.058609914034605026,0.3426777720451355,0.5987123250961304,0.5987123250961304,0.1223246381756284,1.7012222163092263,1.2986420978707818,1.5232558139534884,0.1017725505450173
13469,SEG_A,SEG_B,0.28027236461639404,0.5986911058425903,0.12103653699159622,0.5986911058425903,0.109249100694475,0.6682809146222483,0.3148565513138698,0.3837209302325581,0.0048744186046511
5768,SEG_B,SEG_C,0.13523992896080017,0.2661152780056,0.5986447930335999,0.5986447930335999,0.0306813953488372,1.3658400298015008,1.0302343715644569,1.744186046511628,0.1226961113734784
12612,SEG_A,SEG_B,0.3665907382965088,0.5975819826126099,0.03582727536559105,0.5975819826126099,0.0045046511627906,0.056072942720806,-0.2505444194222093,0.0581395348837209,0.0
14958,SEG_B,SEG_A,0.5970914959907532,0.35389697551727295,0.04901153966784477,0.5970914959907532,0.0483767441860465,0.4299576038174303,0.0666557658909773,0.2790697674418604,0.014560465116279
7573,SEG_A,SEG_C,0.17925794422626495,0.2237645536661148,0.5969774723052979,0.5969774723052979,0.0411920800360935,1.9610717896865524,1.4864846856449416,2.8488372093023258,0.0715048036700445
3702,SEG_B,SEG_C,0.08118397742509842,0.3218659460544586,0.5969500541687012,0.5969500541687012,0.0692990567802795,3.5375552596134208,2.7285991332499,4.61705854024927,0.1506795272892033
7967,SEG_C,SEG_B,0.02257097326219082,0.5969269275665283,0.3805021345615387,0.5969269275665283,0.1913922556928753,2.6241197026945526,2.1169705308498545,2.476744186046512,0.1523168890987827
9488,SEG_B,SEG_C,0.12838293612003326,0.274836003780365,0.5967810750007629,0.5967810750007629,0.0502488372093023,1.800578291025846,1.2341048985765493,2.232558139534884,0.1072235608284611
12389,SEG_B,SEG_C,0.13464291393756866,0.2686556279659271,0.5967015027999878,0.5967015027999878,0.0631093901539723,1.0717896865520729,0.6531061760764131,1.6046511627906976,0.1802590545784067
6272,SEG_C,SEG_B,0.036879491060972214,0.5966922044754028,0.36642834544181824,0.5966922044754028,0.1394919922077026,1.541198800844376,1.131525750686698,1.5116279069767442,0.0638582920421375
382,SEG_B,SEG_C,0.1306431144475937,0.272676944732666,0.5966799259185791,0.5966799259185791,0.0133813953488372,1.822202725005395,1.5259903406947375,1.755813953488372,0.0403674418604651
13066,SEG_B,SEG_A,0.5966151356697083,0.30493298172950745,0.09845191985368729,0.5966151356697083,0.0197790697674418,0.3440565518954109,0.0557153510173643,0.3604651162790697,0.0166837209302325
1680,SEG_B,SEG_C,0.09611913561820984,0.3073427677154541,0.5965380668640137,0.5965380668640137,0.0919779508909396,1.6310733861955191,1.1227857916335953,1.930232558139535,0.0508348837209302
12504,SEG_B,SEG_C,0.007373064756393433,0.39614009857177734,0.5964868664741516,0.5964868664741516,0.3297057051034814,7.440408257288807,5.8868286082701005,8.494931830622507,0.3253127720198316
8907,SEG_A,SEG_B,0.2588886320590973,0.5962514877319336,0.14485983550548553,0.5962514877319336,0.1005699430986422,1.0132776329093716,0.5556278488009045,0.9534883720930232,0.0355790697674418
10932,SEG_B,SEG_A,0.5959736704826355,0.19218432903289795,0.21184195578098297,0.5959736704826355,0.041660465116279,0.5369325741046246,0.1701980139256605,0.5348837209302325,0.0
7455,SEG_C,SEG_B,0.11724207550287247,0.5959410667419434,0.28681680560112,0.5959410667419434,0.1554907855028095,1.1374682915580154,0.7650807703099908,0.6744186046511628,0.0384930232558139
7383,SEG_C,SEG_A,0.595814049243927,0.15256452560424805,0.25162142515182495,0.595814049243927,0.0147790697674418,0.6600145459705888,0.3117523400463249,0.7325581395348837,0.0579348837209302
9538,SEG_B,SEG_A,0.5956979393959045,0.12051442265510559,0.28378766775131226,0.5956979393959045,0.0068302325581395,0.077333120465471,-0.2469954737006399,0.127906976744186,0.0
3596,SEG_B,SEG_C,0.13183248043060303,0.27306267619132996,0.5951048731803894,0.5951048731803894,0.0624674418604651,1.9173806609547128,1.4212134862143826,2.767701683959059,0.0446817003633448
1299,SEG_B,SEG_C,0.11480256915092468,0.2902325987815857,0.594964861869812,0.594964861869812,0.0371,1.3545314246181683,0.8786818801585061,1.5,0.0988514678052053
6089,SEG_C,SEG_A,0.5946646928787231,0.08145982027053833,0.3238755166530609,0.5946646928787231,0.0,0.9035885973781776,1.217738093064438,0.8488372093023255,0.0
16226,SEG_A,SEG_B,0.3751835525035858,0.5946497917175293,0.030166668817400932,0.5946497917175293,0.0762162790697674,0.3823638976105582,0.0388693170416285,0.0930232558139534,0.0
3092,SEG_B,SEG_C,0.04174794256687164,0.36363276839256287,0.5946193337440491,0.5946193337440491,0.1260596975533404,4.382183100962553,3.683812649017977,5.070027265354408,0.0647372093023255
5522,SEG_B,SEG_A,0.5944141149520874,0.24848519265651703,0.15710069239139557,0.5944141149520874,0.0175209302325581,0.2916644492931013,0.1025186985464806,0.313953488372093,0.0144976744186046
14169,SEG_C,SEG_A,0.5943869352340698,0.1766149252653122,0.22899815440177917,0.5943869352340698,0.0303348837209302,1.0142444077838682,0.5752568495271788,1.302325581395349,0.0
1742,SEG_C,SEG_A,0.594370424747467,0.23086810111999512,0.17476151883602142,0.594370424747467,0.0177302325581395,0.542946091213879,0.2176277930140892,0.6511627906976745,0.0
1812,SEG_C,SEG_A,0.5942790508270264,0.2531569004058838,0.15256406366825104,0.5942790508270264,0.0265372093023255,0.3918986039416033,0.0804446277756718,0.8372093023255814,0.0120046511627906
12562,SEG_C,SEG_B,0.2568982243537903,0.5942652821540833,0.14883647859096527,0.5942652821540833,0.0868105090304745,0.9570539087861212,0.5169590792827686,0.9302325581395348,0.0336813953488372
4958,SEG_B,SEG_C,0.02459045499563217,0.3811637759208679,0.5942457318305969,0.5942457318305969,0.2536029403801316,4.83639816461485,4.107646282111531,5.10491098628464,0.017060465116279
6994,SEG_B,SEG_C,0.08165828138589859,0.3241744339466095,0.5941672921180725,0.5941672921180725,0.0762558139534883,2.3941159775069627,2.531996742232356,4.000259823493943,0.0601883720930232
7246,SEG_C,SEG_B,0.007529305759817362,0.5941534042358398,0.39831724762916565,0.5941534042358398,0.2410934623977684,5.585006682000159,4.83356355208428,6.128946270719957,0.1590599696219297
10563,SEG_A,SEG_C,0.1354246884584427,0.27049654722213745,0.5940787196159363,0.5940787196159363,0.0840930232558139,2.766440214583739,2.1618895679783883,3.639794707214873,0.0627418604651162
7914,SEG_A,SEG_B,0.1338697075843811,0.5940555334091187,0.27207475900650024,0.5940555334091187,0.0956047389911816,2.830158054387739,2.149115513201313,2.6395348837209305,0.0313813953488372
784,SEG_A,SEG_B,0.3112931549549103,0.5939099788665771,0.09479688107967377,0.5939099788665771,0.0778488372093023,1.161983573696628,0.8608751340919283,1.069767441860465,0.0215581395348837
5817,SEG_A,SEG_C,0.0935712456703186,0.3126720190048218,0.5937567353248596,0.5937567353248596,0.064306976744186,1.5957816685292605,1.124134871659705,1.872093023255814,0.0391723980377634
6663,SEG_A,SEG_C,0.2098839282989502,0.19643616676330566,0.5936799049377441,0.5936799049377441,0.0497232558139534,3.2392102602309616,2.6013673041143,4.488891740011142,0.0576767441860465
7363,SEG_C,SEG_A,0.5936179757118225,0.2171831876039505,0.18919885158538818,0.5936179757118225,0.065553488372093,0.8482074752097635,0.6286594506202133,0.7325581395348837,0.0
10923,SEG_B,SEG_C,0.3181188702583313,0.08830871433019638,0.5935723781585693,0.5935723781585693,0.0,0.7055948769801147,0.3590077568928825,1.0,0.0556813953488372
9242,SEG_B,SEG_A,0.5933217406272888,0.31841686367988586,0.0882614478468895,0.5933217406272888,0.0366255813953488,0.3822663331736824,-0.0469984466394643,0.2790697674418604,0.0
2804,SEG_B,SEG_C,0.14222894608974457,0.2647504210472107,0.5930206179618835,0.5930206179618835,0.0459093023255813,1.5879942525677189,0.9868497818335096,2.0348837209302326,0.0585212352470658
10251,SEG_C,SEG_A,0.5929415225982666,0.21161092817783356,0.19544753432273865,0.5929415225982666,0.0193744186046511,0.499778262643464,0.1393874755042227,0.872093023255814,0.0144976744186046
13272,SEG_C,SEG_B,0.06933462619781494,0.5928918719291687,0.33777350187301636,0.5928918719291687,0.1981059456960747,3.1517842622661405,2.420543428977707,3.604910986284641,0.1412759436771894
17025,SEG_A,SEG_B,0.23023729026317596,0.5927045345306396,0.177058145403862,0.5927045345306396,0.1045919043793117,0.869130612172494,0.5224658290926244,1.2906976744186047,0.0146232558139534
13111,SEG_B,SEG_A,0.5926603674888611,0.22977720201015472,0.17756244540214539,0.5926603674888611,0.0249325581395348,0.6958473027867952,0.3280433603127531,0.6976744186046512,0.0239953488372093
6824,SEG_C,SEG_A,0.5926536321640015,0.18685382604599,0.22049252688884735,0.5926536321640015,0.0021674418604651,0.4723005694215316,0.1041854023748825,0.5813953488372093,0.0218093023255813
417,SEG_C,SEG_B,0.007489868905395269,0.5925641059875488,0.399946004152298,0.5925641059875488,0.292107855028095,4.063010101173581,3.301676889665096,3.616279069767442,0.1027817003633448
4835,SEG_C,SEG_B,0.159109428524971,0.5923753976821899,0.24851515889167786,0.5923753976821899,0.0714536640288748,1.2447714331328827,0.7857149518584684,1.4186046511627908,0.0097488372093023
5081,SEG_A,SEG_C,0.11595483869314194,0.2918361723423004,0.592208981513977,0.592208981513977,0.0477860465116279,1.6565997906799357,1.1724039004686333,1.802325581395349,0.0617119329214844
7280,SEG_C,SEG_A,0.5920495390892029,0.2606183886528015,0.147332102060318,0.5920495390892029,0.0106860465116279,1.026617352278573,0.6572969950885311,0.9302325581395348,0.0340722455305096
7817,SEG_B,SEG_C,0.2011367231607437,0.20686157047748566,0.5920016765594482,0.5920016765594482,0.0669965555421024,1.3503006758554628,0.8769491447121973,1.3953488372093024,0.0437441860465116
3666,SEG_C,SEG_A,0.5919764041900635,0.10658035427331924,0.3014432191848755,0.5919764041900635,0.0021232558139534,0.6673052702534902,0.6474137909677163,0.9767441860465116,0.0
8471,SEG_B,SEG_C,0.0365280918776989,0.3717484772205353,0.5917233824729919,0.5917233824729919,0.1401571084867724,2.83716556182444,2.1121051865297376,3.383720930232558,0.1134813953488372
2043,SEG_C,SEG_B,0.07117725163698196,0.591168999671936,0.3376537263393402,0.591168999671936,0.1721979379037773,2.097848260692176,1.5927206393655249,2.209302325581396,0.0454279069767441
12565,SEG_C,SEG_B,0.010181532241404057,0.5911551117897034,0.39866337180137634,0.5911551117897034,0.4168335471444142,4.619541457803371,4.059928373790991,2.2674418604651163,0.1267958063589707
9416,SEG_A,SEG_B,0.06894689798355103,0.5910143852233887,0.3400387167930603,0.5910143852233887,0.1322141291451538,1.2260301917584662,0.8009060905052605,1.2325581395348837,0.0414466641351608
12049,SEG_A,SEG_C,0.20018674433231354,0.20887348055839539,0.5909398198127747,0.5909398198127747,0.0046465116279069,2.0902743195630733,1.5439017183658112,2.104651162790698,0.0983327106467887
1340,SEG_A,SEG_B,0.14748886227607727,0.5909180045127869,0.26159313321113586,0.5909180045127869,0.1927315270914235,1.716717222783957,1.2548945453071618,1.697674418604651,0.0
12457,SEG_B,SEG_A,0.5904311537742615,0.3258030414581299,0.08376576751470566,0.5904311537742615,0.0340162790697674,0.2651801394284498,-0.1190872582319437,0.127906976744186,0.0262255813953488
13574,SEG_C,SEG_B,0.02932235598564148,0.5902290940284729,0.3804485499858856,0.5902290940284729,0.1845605529446699,4.484356640003485,3.714101124068933,4.476744186046512,0.189559664607422
8350,SEG_C,SEG_A,0.5900338292121887,0.23663963377475739,0.17332656681537628,0.5900338292121887,0.0104581395348837,1.0735192379330531,0.8128510235580627,1.058139534883721,0.0
10515,SEG_C,SEG_B,0.12191096693277359,0.5900010466575623,0.28808802366256714,0.5900010466575623,0.0822,1.0903003210756923,0.7411945268196244,1.302325581395349,0.0
8593,SEG_A,SEG_B,0.1194118931889534,0.5898226499557495,0.2907654345035553,0.5898226499557495,0.1193129224402607,1.171784364855516,0.6805593068155318,1.5,0.0496209302325581
10362,SEG_A,SEG_C,0.3611859381198883,0.04913395270705223,0.5896801352500916,0.5896801352500916,0.0,2.1325102442658723,1.5282057570960337,2.988372093023256,0.0288697674418604
4911,SEG_C,SEG_B,0.06187456473708153,0.5896760821342468,0.34844931960105896,0.5896760821342468,0.2149805399575076,1.4651783655295976,0.9708718498221706,1.313953488372093,0.0118720930232558
943,SEG_C,SEG_B,0.2530204653739929,0.5896539688110352,0.1573255956172943,0.5896539688110352,0.1087793332526145,1.577714508718713,1.1419368407189956,1.1744186046511629,0.0096232558139534
13742,SEG_B,SEG_A,0.5896296501159668,0.3876165449619293,0.022753849625587463,0.5896296501159668,0.0021976744186046,0.0344579852056835,-0.2549747176327479,0.0465116279069767,0.0
1332,SEG_C,SEG_B,0.02515397220849991,0.5896080732345581,0.3852379024028778,0.5896080732345581,0.1745884599214141,2.237125929079524,1.6781130461451137,1.825581395348837,0.1729451010900346
15144,SEG_A,SEG_B,0.08482284098863602,0.5896071791648865,0.3255699574947357,0.5896071791648865,0.2249870126239277,4.118693256263312,2.904064197811309,4.4364683219941625,0.2121025546507272
9194,SEG_C,SEG_B,0.011601720936596394,0.5895698666572571,0.3988284170627594,0.5895698666572571,0.1710096536391449,2.83380341652919,2.237372119628227,3.2790697674418605,0.143833320675804
9973,SEG_C,SEG_A,0.5894474983215332,0.16248208284378052,0.24807041883468628,0.5894474983215332,0.0022302325581395,0.1905344757241942,-0.1533033066512074,0.3837209302325581,0.0023744186046511
12375,SEG_B,SEG_A,0.5893575549125671,0.1846695989370346,0.22597280144691467,0.5893575549125671,0.0236302325581395,0.5350522413211999,0.2208443847018918,0.5697674418604651,0.0048744186046511
3956,SEG_C,SEG_B,0.2321314662694931,0.589247465133667,0.1786210536956787,0.589247465133667,0.053560465116279,1.5572614549518389,1.0516170309755453,1.7209302325581397,0.0097488372093023
7345,SEG_A,SEG_C,0.330917626619339,0.07996120303869247,0.5891211628913879,0.5891211628913879,0.0042883720930232,2.834885494829085,2.276819005006925,3.977263833034397,0.0505209302325581
8925,SEG_A,SEG_C,0.3435964286327362,0.06739983707666397,0.5890037417411804,0.5890037417411804,0.0,1.4880173132527983,0.9846633924564894,2.6511627906976742,0.0430001525072538
19311,SEG_B,SEG_A,0.5889825224876404,0.15950436890125275,0.2515130639076233,0.5889825224876404,0.0107162790697674,1.2039628900360102,0.8716834571486751,2.104651162790698,0.0072813953488372
2713,SEG_A,SEG_C,0.1954565942287445,0.21561487019062042,0.5889285206794739,0.5889285206794739,0.0206883720930232,0.7651446614514041,0.3929737644825075,0.8488372093023255,0.0284558139534883
6667,SEG_B,SEG_A,0.5889038443565369,0.28202196955680847,0.12907415628433228,0.5889038443565369,0.0387769198428283,0.7327798768914198,0.507229862385397,0.7906976744186046,0.0
7799,SEG_A,SEG_C,0.26823294162750244,0.1428932100534439,0.5888738632202148,0.5888738632202148,0.0021651162790697,1.5414914941550033,1.1764383449649565,2.558139534883721,0.0662697674418604
13218,SEG_A,SEG_B,0.12809404730796814,0.5887856483459473,0.2831202745437622,0.5887856483459473,0.1301432428267912,1.3993223706384263,0.8335152152492186,1.186046511627907,0.0415071292514398
11150,SEG_A,SEG_C,0.30428972840309143,0.10713682323694229,0.5885733962059021,0.5885733962059021,0.004213953488372,1.1399428804569565,0.7281935343399947,1.3837209302325582,0.0320745711119049
10201,SEG_A,SEG_B,0.013371630571782589,0.5885656476020813,0.3980627655982971,0.5885656476020813,0.2191315270914235,2.1577883029109683,1.641218813352166,1.7093023255813953,0.1177126954577535
2988,SEG_B,SEG_C,0.2614242732524872,0.15005318820476532,0.5885224938392639,0.5885224938392639,0.0151325581395348,0.9847089918932824,0.5555134389222106,1.4651162790697674,0.0410558139534883
12886,SEG_B,SEG_A,0.588519811630249,0.2704135775566101,0.14106661081314087,0.588519811630249,0.0064860465116279,0.1116669327514945,-0.2053922916651182,0.3488372093023256,0.0
7647,SEG_B,SEG_C,0.028325406834483147,0.3832184076309204,0.5884562134742737,0.5884562134742737,0.2375424752638525,4.267385843706937,3.5420350082192567,5.303364875371121,0.1040238658429688
1154,SEG_C,SEG_B,0.15735453367233276,0.5881568193435669,0.25448861718177795,0.5881568193435669,0.086453488372093,2.3218473382647726,1.737068335476327,2.6627906976744184,0.0084395348837209
2746,SEG_B,SEG_A,0.5881320834159851,0.1854802966117859,0.22638757526874542,0.5881320834159851,0.0062232558139534,0.2493747006545686,-0.02067853121748,0.3837209302325581,0.0
6256,SEG_A,SEG_B,0.12498468160629272,0.5881032943725586,0.2869120240211487,0.5881032943725586,0.1438328216247076,2.846469054334522,2.229141807508792,2.4186046511627906,0.0024372093023255
3273,SEG_C,SEG_A,0.5880631804466248,0.09704189747571945,0.3148949146270752,0.5880631804466248,0.0,0.4874053181487591,0.3038300123129216,0.8023255813953488,0.0083790697674418
12714,SEG_B,SEG_A,0.5879894495010376,0.3415801525115967,0.07043040543794632,0.5879894495010376,0.0273348837209302,0.669513774324588,0.2911002598844022,1.8953488372093024,0.0144348837209302
1750,SEG_B,SEG_C,0.10494284331798553,0.30710142850875854,0.5879557132720947,0.5879557132720947,0.0879976744186046,3.5444722511970115,2.828370090129968,3.476744186046512,0.017060465116279
19196,SEG_A,SEG_B,0.278110533952713,0.5879457592964172,0.13394367694854736,0.5879457592964172,0.11310827127747,0.9950951696734254,0.6292395697224218,0.6627906976744186,0.0023744186046511
9600,SEG_C,SEG_A,0.5879279971122742,0.20393800735473633,0.2081339806318283,0.5879279971122742,0.045061759649563,0.4900218189558832,0.1868532660515854,0.3255813953488372,0.0
12476,SEG_C,SEG_A,0.5878393650054932,0.15093454718589783,0.2612260580062866,0.5878393650054932,0.0,1.2230943891579302,0.7634500707311697,1.5465116279069768,0.0264813953488372
13829,SEG_C,SEG_A,0.587810754776001,0.1366140991449356,0.2755751311779022,0.587810754776001,0.0,0.625246128465755,0.3416594201282822,0.8372093023255814,0.031306976744186
5390,SEG_B,SEG_C,0.15475167334079742,0.2575755715370178,0.5876727104187012,0.5876727104187012,0.0267627906976744,0.6765295442853848,0.3160116291457012,1.0232558139534884,0.0143720930232558
1476,SEG_B,SEG_C,0.0065422640182077885,0.40579524636268616,0.5876625180244446,0.5876625180244446,0.3233427387490252,6.16502749428506,5.710068328575488,6.60854851519984,0.3504541749631864
16662,SEG_A,SEG_B,0.3329666554927826,0.5875287652015686,0.07950454205274582,0.5875287652015686,0.0641570206583815,0.5199297536054495,0.273232599564405,0.4534883720930232,0.0094976744186046
7677,SEG_C,SEG_B,0.01110570877790451,0.5875200033187866,0.40137428045272827,0.5875200033187866,0.240856077438661,2.7674862079364235,2.09252122628104,2.2674418604651163,0.0844914602106877
3065,SEG_B,SEG_A,0.5875124335289001,0.0912131518125534,0.32127442955970764,0.5875124335289001,0.0,0.7817483547088145,0.5986142388904991,1.0116279069767442,0.0
3502,SEG_C,SEG_A,0.587457001209259,0.07385452836751938,0.3386884927749634,0.587457001209259,0.0,0.5920476114451955,0.2842414422717216,1.0930232558139534,0.0023744186046511
8614,SEG_C,SEG_B,0.05171554163098335,0.586797833442688,0.36148664355278015,0.586797833442688,0.1596791575958327,1.4365500659343386,1.1078662004610282,0.9651162790697676,0.0583888296147847
9797,SEG_B,SEG_C,0.18298524618148804,0.23030926287174225,0.5867055058479309,0.5867055058479309,0.0440686485653582,1.2286555620598514,0.8056116195351215,1.4651162790697674,0.0504837209302325
9067,SEG_A,SEG_C,0.3125620484352112,0.10075613111257553,0.5866818428039551,0.5866818428039551,0.0236023255813953,2.229356252106505,1.720164081448614,3.0232558139534884,0.014560465116279
2321,SEG_A,SEG_C,0.17729991674423218,0.2361755073070526,0.5865245461463928,0.5865245461463928,0.0654860465116279,1.8656005534564424,1.3969201592504232,2.476744186046512,0.0316837209302325
11071,SEG_C,SEG_A,0.5864591002464294,0.06983847916126251,0.3437024652957916,0.5864591002464294,0.0,0.1578415198765366,-0.1409395973154363,0.3837209302325581,0.0048744186046511
13459,SEG_A,SEG_B,0.2986214756965637,0.5861731171607971,0.11520542949438095,0.5861731171607971,0.0409093023255814,0.3689266138044809,-0.0281450595950362,0.313953488372093,0.0
11999,SEG_B,SEG_A,0.5860422253608704,0.17649099230766296,0.23746679723262787,0.5860422253608704,0.0041488372093023,0.1861174675819985,0.0655455334168153,0.4767441860465116,0.0
2193,SEG_A,SEG_B,0.08961102366447449,0.5859819650650024,0.32440701127052307,0.5859819650650024,0.1368791575958327,1.4114558387880722,1.0065516373251282,1.313953488372093,0.0
1168,SEG_C,SEG_A,0.5859372615814209,0.19092082977294922,0.22314190864562988,0.5859372615814209,0.0063976744186046,0.3235502811629681,-0.0315317324057764,1.0232558139534884,0.0
1594,SEG_B,SEG_C,0.3145662546157837,0.09960529953241348,0.5858284831047058,0.5858284831047058,0.0,1.2175420857502708,0.8236638498071306,1.848837209302325,0.0
12528,SEG_C,SEG_B,0.07557661086320877,0.5857811570167542,0.3386422097682953,0.5857811570167542,0.1054570206583814,4.994642453554142,4.483403079705096,8.04761507213343,0.0939441860465116
12434,SEG_C,SEG_B,0.05387859046459198,0.5857580900192261,0.36036330461502075,0.5857580900192261,0.1746261961940851,4.002805658183704,3.669107765268308,5.161555730455387,0.087056118967996
9458,SEG_B,SEG_C,0.012208709493279457,0.4021639823913574,0.5856273174285889,0.5856273174285889,0.2446052659615269,3.208459723626559,2.579245168057565,3.441860465116279,0.1021933282703216
1514,SEG_B,SEG_C,0.10105280578136444,0.3133589029312134,0.585588276386261,0.585588276386261,0.080713953488372,0.8079044932857928,0.462887105650861,0.7093023255813954,0.0839837209302325
5218,SEG_B,SEG_C,0.0033462101127952337,0.4113163650035858,0.5853374004364014,0.5853374004364014,0.37936522700004,4.941839926335146,4.310246438210159,4.27906976744186,0.2965414795054328
14615,SEG_C,SEG_B,0.007477038074284792,0.5853284001350403,0.4071945548057556,0.5853284001350403,0.4520418184218842,6.439352317355267,5.3066757180244855,7.148628706008929,0.3196516968745372
7988,SEG_B,SEG_C,0.03953868895769119,0.37538978457450867,0.5850715041160583,0.5850715041160583,0.1577375606158891,5.318149229274183,4.829014102937501,5.854553326169068,0.0388837209302325
5191,SEG_C,SEG_A,0.5847765207290649,0.03935249522328377,0.3758709728717804,0.5847765207290649,0.0,3.447494414882787,2.880716531088501,4.501039293975771,0.0
2958,SEG_C,SEG_A,0.5846241116523743,0.1516144573688507,0.263761430978775,0.5846241116523743,0.0172651162790697,1.0573235414116688,0.6771883926558501,1.6395348837209305,0.0
2353,SEG_A,SEG_B,0.34723833203315735,0.5846095681190491,0.06815210729837418,0.5846095681190491,0.0593558139534883,0.3707182516452912,0.0677978698893323,0.2209302325581395,0.0109372093023255
5597,SEG_A,SEG_C,0.12870268523693085,0.2867957651615143,0.5845015048980713,0.5845015048980713,0.0545036201146793,2.0271672609227824,1.547366692586551,3.069767441860465,0.0182790697674418
12218,SEG_A,SEG_B,0.059498950839042664,0.5843697786331177,0.35613128542900085,0.5843697786331177,0.1380826898821212,2.4483706739041744,1.8643618689933088,2.6511627906976742,0.0215232558139534
4912,SEG_B,SEG_C,0.007821795530617237,0.407880961894989,0.584297239780426,0.584297239780426,0.2568378241010619,3.3995098439582465,2.8886795317112,3.2560737769823147,0.188494700835606
3639,SEG_C,SEG_B,0.1533624827861786,0.584155261516571,0.26248225569725037,0.584155261516571,0.1077209302325581,1.24790236460717,0.7764895042872255,1.0465116279069768,0.0242465116279069
8952,SEG_B,SEG_C,0.02470415271818638,0.3911421597003937,0.5841537117958069,0.5841537117958069,0.1484256692237397,5.207827189741386,4.635158734308854,6.841886125216552,0.2535796418238693
2341,SEG_B,SEG_A,0.5840266346931458,0.1677226424217224,0.24825073778629303,0.5840266346931458,0.0213255813953488,0.6181505330566052,0.4302666230635638,1.3604651162790695,0.0
15783,SEG_A,SEG_B,0.1384088397026062,0.5839771628379822,0.277614027261734,0.5839771628379822,0.1217814831772281,1.0848721905876928,0.6940262306566984,0.5930232558139535,0.0092093023255813
7717,SEG_C,SEG_B,0.020431453362107277,0.5838901400566101,0.39567840099334717,0.5838901400566101,0.1525002634851726,4.663379119146499,4.015428677105493,8.238338406652307,0.1065793747819495
13802,SEG_C,SEG_B,0.022457316517829895,0.5838602185249329,0.39368242025375366,0.5838602185249329,0.3198650513432583,3.182304798989911,2.5964845226544835,2.1511627906976742,0.2015542509083622
9754,SEG_B,SEG_C,0.1113942563533783,0.3050617575645447,0.5835439562797546,0.5835439562797546,0.054354782905377,3.159970805469447,2.7017465338387883,4.558919005365549,0.0568675943677189
5309,SEG_B,SEG_C,0.15249952673912048,0.26414573192596436,0.5833547115325928,0.5833547115325928,0.0508348837209302,1.8953931846806096,1.4309665024117968,2.2674418604651163,0.0292116279069767
16313,SEG_B,SEG_A,0.583254337310791,0.2108108103275299,0.2059347927570343,0.583254337310791,0.0021976744186046,0.3931048551611587,0.0830806335332634,0.4534883720930232,0.0
4299,SEG_C,SEG_B,0.15459221601486206,0.5831940770149231,0.26221370697021484,0.5831940770149231,0.1237779508909396,2.352704308800312,1.7175271583431218,2.046511627906977,0.0
7140,SEG_B,SEG_A,0.5831698775291443,0.1312960833311081,0.2855340540409088,0.5831698775291443,0.0,0.3309829173540525,0.0998690668192775,0.4767441860465116,0.0048744186046511
3467,SEG_C,SEG_A,0.5828868746757507,0.09694967418909073,0.3201634883880615,0.5828868746757507,0.0,0.9314122008763062,0.5616438865229251,1.1744186046511629,0.0
5115,SEG_B,SEG_C,0.005084244534373283,0.41205114126205444,0.5828645825386047,0.5828645825386047,0.411300374206143,5.122053952560018,4.469714582911532,4.582694466306923,0.0748116279069767
10292,SEG_A,SEG_C,0.3019798994064331,0.11534114181995392,0.5826789736747742,0.5826789736747742,0.008453488372093,2.1161200258409014,1.639152820211263,2.3488372093023258,0.0748768966933003
11233,SEG_B,SEG_C,0.06591121852397919,0.3518558442592621,0.5822328925132751,0.5822328925132751,0.1228105090304745,5.637944679513738,5.192463760361961,6.632843623129099,0.1627077392804552
4869,SEG_A,SEG_B,0.25347188115119934,0.5821868181228638,0.1643412858247757,0.5821868181228638,0.1000270515854146,0.9969488939740656,0.7075370317343312,0.627906976744186,0.0
5021,SEG_B,SEG_C,0.03697489574551582,0.38085129857063293,0.5821738243103027,0.5821738243103027,0.1215302325581395,2.9987518291897977,3.1900855899723144,4.244965516993457,0.1498151735464027
12492,SEG_C,SEG_A,0.582155704498291,0.16180558502674103,0.25603872537612915,0.582155704498291,0.0064325581395348,0.5007627765064837,0.1331746527235835,0.8953488372093024,0.0168720930232558
2016,SEG_B,SEG_C,0.06725134700536728,0.35060474276542664,0.5821439623832703,0.5821439623832703,0.0527744186046511,2.6456814432441065,2.064511533763914,3.372093023255814,0.1418511627906976
3882,SEG_C,SEG_B,0.03087002784013748,0.5821104049682617,0.387019544839859,0.5821104049682617,0.1491211058893399,2.7647632731981626,2.190350740039832,1.4186046511627908,0.0834835304503908
9265,SEG_A,SEG_C,0.29741036891937256,0.12048257142305374,0.5821070671081543,0.5821070671081543,0.0,0.3838717116350026,0.0232006907127868,0.6976744186046512,0.0242465116279069
96,SEG_A,SEG_B,0.21423572301864624,0.5819746851921082,0.2037896066904068,0.5819746851921082,0.0669860465116279,0.9565926950845264,0.6140145788351209,1.3488372093023255,0.024653488372093
3542,SEG_B,SEG_C,0.011429660022258759,0.4067126214504242,0.5818576812744141,0.5818576812744141,0.2552086225910336,2.8920671243325704,2.293755985436553,3.86046511627907,0.1354328631540425
18121,SEG_A,SEG_B,0.2842864394187927,0.5816695690155029,0.13404400646686554,0.5816695690155029,0.1013418604651162,1.4780125237258972,1.0974759776447391,1.2325581395348837,0.0359302325581395
9263,SEG_B,SEG_C,0.09548532217741013,0.3228611946105957,0.5816534757614136,0.5816534757614136,0.0883199870128377,2.094672981746581,1.5824232389769128,3.0,0.0674999999999999
3343,SEG_C,SEG_A,0.581649124622345,0.1068875640630722,0.31146329641342163,0.581649124622345,0.0042976744186046,0.3903375729515904,0.0496691366833398,0.7441860465116279,0.0
4900,SEG_C,SEG_B,0.023547491058707237,0.5814006924629211,0.3950518071651459,0.5814006924629211,0.1699061213528565,3.655499973391517,2.9037441950215896,3.453748195586966,0.0532697674418604
9809,SEG_C,SEG_B,0.12697376310825348,0.581318199634552,0.2917080521583557,0.581318199634552,0.1035988811234977,2.0242403278165084,1.8875725578479696,2.2209302325581395,0.2169515823398712
4604,SEG_C,SEG_B,0.06698823720216751,0.5812720060348511,0.3517397344112396,0.5812720060348511,0.061906976744186,2.498494006886052,1.9469282142425912,2.8372093023255816,0.0734674418604651
13975,SEG_B,SEG_A,0.5811828374862671,0.31830230355262756,0.10051482170820236,0.5811828374862671,0.0133325581395348,0.1518368722615436,-0.1695869596993368,0.1395348837209302,0.0119441860465116
5753,SEG_B,SEG_C,0.08097320050001144,0.33788245916366577,0.5811443328857422,0.5811443328857422,0.1504851911202983,4.488304778890154,3.8232612908391848,5.7230088205096825,0.0156790697674418
1603,SEG_B,SEG_A,0.581079363822937,0.15569640696048737,0.2632242739200592,0.581079363822937,0.0,1.4487431926631544,0.979183853969245,1.837209302325581,0.0242465116279069
5760,SEG_B,SEG_A,0.5810439586639404,0.16454751789569855,0.25440850853919983,0.5810439586639404,0.0191930232558139,0.2554591737179146,-0.0805499193590344,0.3488372093023256,0.0071232558139534
9489,SEG_C,SEG_B,0.06142044812440872,0.5809823274612427,0.3575972318649292,0.5809823274612427,0.1496152480216561,1.6229755379348272,1.2899182421070408,1.5,0.0214953488372093
2518,SEG_A,SEG_B,0.25500863790512085,0.5808403491973877,0.16415096819400787,0.5808403491973877,0.0021976744186046,0.0779185070867259,-0.2339993955024391,0.3953488372093023,0.0
15446,SEG_B,SEG_C,0.09542302787303925,0.3239014446735382,0.580675482749939,0.580675482749939,0.1099395348837209,3.1146843817108785,2.2713760447017304,3.686825982109735,0.1895436905521622
3777,SEG_B,SEG_A,0.580627977848053,0.11430910229682922,0.3050629198551178,0.580627977848053,0.0,0.3336969825980523,-0.0230873474201085,0.4418604651162791,0.0263697674418604
14175,SEG_A,SEG_B,0.21392089128494263,0.5804983973503113,0.2055806815624237,0.5804983973503113,0.0888036201146793,0.5291983751086513,0.2427686710773385,0.313953488372093,0.0241860465116279
17064,SEG_C,SEG_B,0.12144144624471664,0.5804715752601624,0.2980870008468628,0.5804715752601624,0.1029211937177308,2.1948988738709865,1.4739161577923336,2.4186046511627906,0.109686809047897
4106,SEG_B,SEG_C,0.04800339788198471,0.3715461194515228,0.5804504752159119,0.5804504752159119,0.177701294533284,4.305636330635525,3.544545910754768,4.058659181871606,0.2068451010900346
5258,SEG_C,SEG_B,0.017778122797608376,0.58040851354599,0.4018132984638214,0.58040851354599,0.1638304082149213,2.792329661362709,2.2064062227603376,3.2906976744186047,0.0977629432049282
5132,SEG_B,SEG_C,0.05547761172056198,0.3641324043273926,0.5803899168968201,0.5803899168968201,0.1148397105405027,2.226677664839551,1.6968767268020448,2.383720930232558,0.064806976744186
1240,SEG_B,SEG_A,0.5801547765731812,0.2393762767314911,0.18046893179416656,0.5801547765731812,0.0198627906976744,0.272852251964593,-0.0739221238674961,0.3255813953488372,0.0
7797,SEG_B,SEG_C,0.2020891010761261,0.21790732443332672,0.580003559589386,0.580003559589386,0.0209418604651162,1.0358150178276837,0.7273939093404761,1.2674418604651163,0.0627860465116279
9524,SEG_A,SEG_C,0.2974872589111328,0.12254954874515533,0.579963207244873,0.579963207244873,0.0,1.54523442073333,1.1335320653613723,1.7209302325581397,0.1043117804142305
7113,SEG_A,SEG_B,0.2517198622226715,0.579875111579895,0.16840501129627228,0.579875111579895,0.0697627906976744,0.3339808064144182,0.0977384606618256,0.0930232558139534,0.0024372093023255
3137,SEG_C,SEG_B,0.03782939910888672,0.5797848105430603,0.382385790348053,0.5797848105430603,0.1814838965870143,1.96488567221897,1.4281094311110716,2.453488372093023,0.0193720930232558
6936,SEG_C,SEG_B,0.019236288964748383,0.5797753930091858,0.4009883403778076,0.5797753930091858,0.237713537238997,4.3183227422802055,3.5300758823520737,5.140834001190645,0.0541511627906976
2166,SEG_C,SEG_B,0.15811604261398315,0.5796613693237305,0.2622225284576416,0.5796613693237305,0.139033764844428,0.9839550848810602,0.5873417806478188,0.6395348837209303,0.0
3999,SEG_B,SEG_C,0.23121072351932526,0.1891292780637741,0.5796599984169006,0.5796599984169006,0.0308627906976744,1.442889326450606,1.094229154124581,1.558139534883721,0.0409930232558139
9753,SEG_A,SEG_B,0.07613328844308853,0.5796307325363159,0.34423601627349854,0.5796307325363159,0.1287477183328001,3.8986855879620985,3.230410739795994,4.093802726295782,0.1226844834665017
6219,SEG_C,SEG_A,0.5796263813972473,0.10694370418787003,0.31342995166778564,0.5796263813972473,0.0063790697674418,0.6986500629734093,0.354273351815103,1.0930232558139534,0.0
17139,SEG_B,SEG_A,0.5796050429344177,0.2928270101547241,0.12756796181201935,0.5796050429344177,0.038513953488372,0.3736629237400883,0.0301945292970733,0.5813953488372093,0.0
12263,SEG_C,SEG_A,0.5795645713806152,0.10512004792690277,0.3153153955936432,0.5795645713806152,0.0,0.5133663278519859,0.1178609209668987,0.8023255813953488,0.0242465116279069
11517,SEG_B,SEG_A,0.5795594453811646,0.3198954463005066,0.10054514557123184,0.5795594453811646,0.0324384160072187,0.8440831603781953,0.4409664273965628,0.7325581395348837,0.0023767441860465
4330,SEG_A,SEG_C,0.1646256446838379,0.2558383047580719,0.5795360207557678,0.5795360207557678,0.0446558139534883,2.349724158728469,1.8988966254395847,2.5930232558139537,0.1096421654796239
13494,SEG_C,SEG_B,0.006414159666746855,0.5793168544769287,0.41426897048950195,0.5793168544769287,0.3391847748709233,5.564008575350397,4.979319007944625,5.863063351218498,0.2024736180957941
12621,SEG_C,SEG_A,0.5792915225028992,0.3245934247970581,0.09611506760120392,0.5792915225028992,0.034213953488372,0.7048853174391997,0.3777075827146642,0.4883720930232558,0.0052652687863235
13429,SEG_C,SEG_B,0.0425313301384449,0.5791261196136475,0.37834256887435913,0.5791261196136475,0.1189605529446699,2.621627981777254,2.093923376796475,2.5232558139534884,0.1456539458938545
5606,SEG_C,SEG_B,0.3091786503791809,0.5789903402328491,0.11183103173971176,0.5789903402328491,0.0133813953488372,0.0684192787327266,-0.2297914483414717,0.0232558139534883,0.0
4957,SEG_C,SEG_A,0.5789186954498291,0.15431493520736694,0.26676639914512634,0.5789186954498291,0.0,0.0782289393858762,-0.140252105212305,0.2325581395348837,0.0
3623,SEG_A,SEG_B,0.3175162374973297,0.57884681224823,0.10363692790269852,0.57884681224823,0.0684360904258233,0.7029783761729906,0.4052533942716626,0.5232558139534884,0.0071860465116279
13519,SEG_B,SEG_C,0.009139387868344784,0.41209760308265686,0.5787630081176758,0.5787630081176758,0.4451753197811395,6.66351104582457,5.6948991369011255,7.132843623129099,0.2212286315404254
16874,SEG_C,SEG_B,0.008588516153395176,0.5787429809570312,0.41266846656799316,0.5787429809570312,0.4555103791588516,6.043942744480201,5.2477711451881,6.073664794269607,0.1568029356104106
1732,SEG_A,SEG_B,0.07288660109043121,0.5786070227622986,0.3485063910484314,0.5786070227622986,0.1488651162790697,2.00302449754315,1.4085908022227676,2.0,0.0092093023255813
18289,SEG_A,SEG_B,0.11752507090568542,0.5785636901855469,0.3039112091064453,0.5785636901855469,0.0877198113560559,3.2551429067753284,2.252211895062308,3.7106014430511096,0.1515108273981197
15875,SEG_B,SEG_C,0.04729609191417694,0.37425696849823,0.5784469246864319,0.5784469246864319,0.1446605529446699,2.33013205287512,1.678096067835268,2.488372093023256,0.130207891787709
12411,SEG_C,SEG_A,0.5782166719436646,0.1788342148065567,0.24294908344745636,0.5782166719436646,0.0085651162790697,0.8252709630496871,0.4890818821675696,1.244186046511628,0.0240255813953488
5158,SEG_A,SEG_C,0.2920399010181427,0.13004067540168762,0.5779194235801697,0.5779194235801697,0.0062232558139534,0.6612385361786671,0.3479928508921253,0.9883720930232558,0.062313953488372
13041,SEG_C,SEG_A,0.5778757333755493,0.15908391773700714,0.26304033398628235,0.5778757333755493,0.002106976744186,0.696148865591684,0.293298995889912,1.0232558139534884,0.0312441860465116
4554,SEG_B,SEG_A,0.5778738856315613,0.20488546788692474,0.21724067628383636,0.5778738856315613,0.0155348837209302,0.3830557181629503,0.0629674636620164,0.5116279069767442,0.0023744186046511
10636,SEG_A,SEG_C,0.16709381341934204,0.25506049394607544,0.5778456330299377,0.5778456330299377,0.0471070645725769,2.180866726979228,1.5834319165560773,3.197934242098594,0.0394747236191588
9007,SEG_A,SEG_C,0.1315547078847885,0.2906925082206726,0.5777528285980225,0.5777528285980225,0.0460570206583814,1.6436680680467604,1.127347435258821,2.302325581395349,0.0490117804142305
11481,SEG_B,SEG_C,0.11040659248828888,0.31187066435813904,0.5777227282524109,0.5777227282524109,0.0648720930232558,1.545536590508384,0.926868503614174,1.8956086607032447,0.1074447960755269
6503,SEG_A,SEG_C,0.1947987824678421,0.22760950028896332,0.5775917172431946,0.5775917172431946,0.0366255813953488,3.946537723442882,3.3464838852751644,4.279589414429746,0.1210210827398119
1694,SEG_C,SEG_B,0.1527925729751587,0.5773695707321167,0.269837886095047,0.5773695707321167,0.0912628785260653,1.203049332127082,0.8603945323729553,0.8488372093023255,0.0097488372093023
7528,SEG_B,SEG_C,0.018606020137667656,0.40409204363822937,0.5773019194602966,0.5773019194602966,0.1426849276351257,2.5366842282653046,1.9284466286594348,2.988372093023256,0.192992985283226
6342,SEG_A,SEG_B,0.33249902725219727,0.5769452452659607,0.09055569022893906,0.5769452452659607,0.0671664986407446,1.3845635321873948,0.9472189361434544,1.441860465116279,0.0
1974,SEG_B,SEG_A,0.5769349336624146,0.24670502543449402,0.17636004090309143,0.5769349336624146,0.0216418604651162,0.7425097120962164,0.3939490785128368,0.7325581395348837,0.0
3147,SEG_A,SEG_B,0.201997771859169,0.5769164562225342,0.22108572721481323,0.5769164562225342,0.0561431549984003,0.9422507228637824,0.5269418788712519,2.209302325581396,0.0
13270,SEG_C,SEG_B,0.09000924229621887,0.5768699645996094,0.333120733499527,0.5768699645996094,0.1412877801868664,1.2685061997764888,1.0064414886719943,1.0465116279069768,0.0851936332848292
9129,SEG_C,SEG_A,0.576714813709259,0.07971829921007156,0.3435668647289276,0.576714813709259,0.0,0.8260780870274778,0.4774161940932659,1.5116279069767442,0.0
9700,SEG_A,SEG_C,0.14042824506759644,0.28307488560676575,0.5764968991279602,0.5764968991279602,0.0543813953488372,0.7677883777114775,0.5940718784968935,3.197674418604651,0.0361488372093023
16237,SEG_C,SEG_B,0.009298719465732574,0.5764614343643188,0.4142398536205292,0.5764614343643188,0.3658014930826452,5.31846829600938,4.5660022552601,6.108028868211954,0.1044655738008312
5656,SEG_B,SEG_C,0.12386637926101685,0.29976609349250793,0.5763674974441528,0.5763674974441528,0.0605512506190885,1.2438135277526476,0.840786762101848,1.441860465116279,0.0601139534883721
9843,SEG_B,SEG_A,0.5762075185775757,0.35271117091178894,0.07108135521411896,0.5762075185775757,0.0310418604651162,0.218668511521473,-0.0008503843762155,0.1162790697674418,0.0
15120,SEG_C,SEG_A,0.5760934948921204,0.1642373502254486,0.2596691846847534,0.5760934948921204,0.0063976744186046,0.3939297181274724,0.0374980490088964,0.7093023255813954,0.0024372093023255
3428,SEG_B,SEG_C,0.13193723559379578,0.292291522026062,0.5757712125778198,0.5757712125778198,0.0688035322862884,1.18026360136945,0.7469104389532037,1.5348837209302326,0.0431906976744186
1839,SEG_B,SEG_C,0.10949737578630447,0.31497055292129517,0.575532078742981,0.575532078742981,0.0774279069767441,1.7782094264985011,1.3279176297749733,3.4302325581395348,0.0146744186046511
9465,SEG_A,SEG_B,0.0271260105073452,0.5754743218421936,0.3973996341228485,0.5754743218421936,0.1433036201146793,2.2143579373104147,1.931005560081223,3.186046511627907,0.0916747236191588
7718,SEG_C,SEG_A,0.5752200484275818,0.22012287378311157,0.20465712249279022,0.5752200484275818,0.0,0.3138381849466943,0.2661498708010336,1.5232558139534884,0.0092093023255813
3363,SEG_B,SEG_C,0.13213112950325012,0.29270312190055847,0.5751657485961914,0.5751657485961914,0.0457186046511627,1.841546485019424,1.4092343196057884,2.5348837209302326,0.0289325581395348
9272,SEG_A,SEG_B,0.35229378938674927,0.5750951766967773,0.07261105626821518,0.5750951766967773,0.0576523694955908,0.292693310627428,0.1502801342838469,0.1046511627906976,0.0012186046511627
668,SEG_C,SEG_B,0.2613922655582428,0.5750634670257568,0.16354428231716156,0.5750634670257568,0.0280478061611909,1.5124261614602736,1.2013847432801128,1.244186046511628,0.0266209302325581
7025,SEG_B,SEG_C,0.052672289311885834,0.3722648024559021,0.5750628709793091,0.5750628709793091,0.0642302325581395,2.005623259361752,1.4896369932145623,2.895348837209302,0.0736215402615734
14545,SEG_A,SEG_B,0.1319074183702469,0.5750464200973511,0.29304617643356323,0.5750464200973511,0.1106444495316843,1.954437407978997,1.3913112848413716,5.386059341678044,0.0120348837209302
2939,SEG_B,SEG_C,0.24421828985214233,0.18077129125595093,0.575010359287262,0.575010359287262,0.0463813953488372,1.32393166941621,0.965955636775227,1.5116279069767442,0.0291097598473428
3978,SEG_B,SEG_A,0.574867844581604,0.22701406478881836,0.19811813533306122,0.574867844581604,0.0267627906976744,0.2251255033437993,-0.027492251778189,0.2209302325581395,0.0120046511627906
8546,SEG_B,SEG_A,0.5748476386070251,0.33600547909736633,0.08914686739444733,0.5748476386070251,0.0200720930232558,0.3241622762670073,0.0059000448418272,0.4883720930232558,0.0012186046511627
2207,SEG_A,SEG_B,0.05760691687464714,0.5746442079544067,0.36774885654449463,0.5746442079544067,0.0735500439141954,2.264728402191281,1.6505753284154336,2.569767441860465,0.0312441860465116
9345,SEG_A,SEG_B,0.35844096541404724,0.5745698809623718,0.06698919832706451,0.5745698809623718,0.1330546950769861,1.231041456016178,0.8370956610472574,0.7906976744186046,0.0024372093023255
15232,SEG_B,SEG_A,0.5745106935501099,0.2703033983707428,0.15518595278263092,0.5745106935501099,0.0414116279069767,0.6782147481950579,0.2725493031418606,0.7441860465116279,0.0336813953488372
2188,SEG_B,SEG_C,0.013465393334627151,0.4121878743171692,0.5743467807769775,0.5743467807769775,0.1581094779823632,3.692308374576482,2.957840098695707,3.1744186046511627,0.0897768966933003
6429,SEG_B,SEG_C,0.3100501298904419,0.11566171795129776,0.5742881298065186,0.5742881298065186,0.0,0.8417327443989143,0.4245369028418818,1.302325581395349,0.0121860465116279
15517,SEG_A,SEG_B,0.3578285872936249,0.5742785334587097,0.06789286434650421,0.5742785334587097,0.0195511627906976,0.2360881982509357,0.0656740767166863,0.2325581395348837,0.0097488372093023
4345,SEG_C,SEG_B,0.0546267069876194,0.5742332935333252,0.3711400032043457,0.5742332935333252,0.1850795089093963,1.336508612278928,1.0133195022501682,0.8372093023255814,0.0036558139534883
7380,SEG_B,SEG_C,0.0049771820195019245,0.420882910490036,0.5741398930549622,0.5741398930549622,0.2939242219262533,5.744005484921838,5.293072513937651,7.861048913517637,0.2581011820854428
8951,SEG_B,SEG_C,0.013116000220179558,0.41276538372039795,0.5741186141967773,0.5741186141967773,0.2881553098757224,4.499648862050533,3.746415951924823,5.734117080498541,0.0873049561772983
15484,SEG_B,SEG_A,0.5738130211830139,0.08398895710706711,0.3421980142593384,0.5738130211830139,0.0,0.0929168218828162,-0.213191920543255,0.1162790697674418,0.0
9064,SEG_C,SEG_A,0.5737316012382507,0.12861402332782745,0.297654390335083,0.5737316012382507,0.0020744186046511,0.656732833093857,0.2130065635724526,0.8604651162790697,0.0162511627906976
11141,SEG_A,SEG_B,0.31348609924316406,0.5736810564994812,0.11283283680677414,0.5736810564994812,0.0536606407730608,1.523752505632129,1.0323419456339515,1.5813953488372092,0.0543722455305096
7810,SEG_B,SEG_C,0.006358497776091099,0.4199759364128113,0.5736655592918396,0.5736655592918396,0.3861238935052692,7.061990442596208,5.799642911700954,8.223332794254306,0.2669335877177238
7444,SEG_B,SEG_C,0.1809529960155487,0.24542665481567383,0.5736203789710999,0.5736203789710999,0.0413186046511627,1.3802174799992906,1.0186873979600684,2.069767441860465,0.0469279069767441
6656,SEG_B,SEG_C,0.17589977383613586,0.25054460763931274,0.573555588722229,0.573555588722229,0.0281767441860465,0.9049101520231316,0.5546147442900994,1.0116279069767442,0.0748023255813953
8533,SEG_B,SEG_A,0.5735316276550293,0.3054393231868744,0.1210290789604187,0.5735316276550293,0.0152953488372093,0.3161265144661451,0.0926547352721849,0.2790697674418604,0.0022441860465116
5586,SEG_A,SEG_B,0.21937498450279236,0.5733401775360107,0.2072848081588745,0.5733401775360107,0.0864697674418604,1.8731839710499707,1.4205718108136651,1.837209302325581,0.0410558139534883
12981,SEG_B,SEG_C,0.008251435123383999,0.4184490442276001,0.5732995271682739,0.5732995271682739,0.2516560125028496,5.035010419935031,4.781382065153111,5.756657574220882,0.2960879531607519
3861,SEG_A,SEG_B,0.31554004549980164,0.5732790231704712,0.11118091642856598,0.5732790231704712,0.0899720930232558,0.8177407624217268,0.4443887018414878,0.7790697674418605,0.0
8449,SEG_C,SEG_A,0.5732232332229614,0.37160611152648926,0.05517064779996872,0.5732232332229614,0.0261767441860465,0.1259113405353626,0.0874650989369266,0.0581395348837209,0.0
5264,SEG_A,SEG_C,0.20519660413265228,0.22168134152889252,0.5731220245361328,0.5731220245361328,0.0260488372093023,1.3787451439518918,0.9663543842176588,1.6046511627906976,0.0508046511627907
1309,SEG_B,SEG_A,0.5730698704719543,0.3619421124458313,0.06498800218105316,0.5730698704719543,0.0541930232558139,0.4861192414808508,0.2047915102776972,0.3023255813953488,0.0
7101,SEG_A,SEG_C,0.2177855670452118,0.20923654735088348,0.5729778409004211,0.5729778409004211,0.043633764844428,1.3598714671337186,1.324436654433946,1.825581395348837,0.0422116279069767
3378,SEG_A,SEG_B,0.1588599681854248,0.5729274749755859,0.26821252703666687,0.5729274749755859,0.0955081834490791,1.0732708920937328,0.6460967288277851,1.069767441860465,0.0146232558139534
15317,SEG_A,SEG_B,0.30952200293540955,0.5729149580001831,0.11756303161382675,0.5729149580001831,0.0369697674418604,0.2153513206676955,-0.0476041829249258,0.1162790697674418,0.0
4249,SEG_A,SEG_C,0.31411904096603394,0.11308648437261581,0.5727944374084473,0.5727944374084473,0.0215976744186046,1.886842992212584,1.3866833398985732,2.430232558139535,0.0168720930232558
542,SEG_B,SEG_A,0.5727715492248535,0.29146531224250793,0.13576313853263855,0.5727715492248535,0.0467232558139534,1.079275539708726,0.6085537643599138,1.197674418604651,0.0094790697674418
4565,SEG_A,SEG_B,0.12212610989809036,0.5727173686027527,0.30515649914741516,0.5727173686027527,0.0891081834490791,1.2924360952938465,0.8946387500793428,1.2674418604651163,0.0697372093023255
7569,SEG_B,SEG_C,0.006355828605592251,0.4211166799068451,0.5725275278091431,0.5725275278091431,0.3272845992141415,6.831178144432283,5.880687424347367,6.8090809922378615,0.0580255813953488
12460,SEG_B,SEG_A,0.5724461674690247,0.2073240429162979,0.22022980451583862,0.5724461674690247,0.0382697674418604,0.8392138080286663,0.4500199434646133,1.2093023255813953,0.0
4930,SEG_B,SEG_A,0.5722589492797852,0.14458322525024414,0.2831578552722931,0.5722589492797852,0.0393651162790697,0.3669664555727032,0.0785325678313629,0.3372093023255814,0.0048744186046511
591,SEG_C,SEG_B,0.01679997891187668,0.5721791386604309,0.41102084517478943,0.5721791386604309,0.1976887234065868,1.7912653220513368,1.5538474299429696,1.2674418604651163,0.1414446435682731
3394,SEG_A,SEG_C,0.15256339311599731,0.27532464265823364,0.572111964225769,0.572111964225769,0.0704813953488372,2.1665957107125755,1.716702506421622,2.476744186046512,0.0629745711119049
17172,SEG_B,SEG_A,0.5720746517181396,0.36102622747421265,0.0668991282582283,0.5720746517181396,0.0175813953488372,0.0851471449097972,-0.0084815467209723,0.2441860465116279,0.0
775,SEG_A,SEG_B,0.21754252910614014,0.5719580054283142,0.21049946546554565,0.5719580054283142,0.0570523694955907,1.1100438153016514,0.6960154684999195,2.0,0.0313697674418604
8068,SEG_B,SEG_A,0.5717597603797913,0.0860167145729065,0.34222352504730225,0.5717597603797913,0.0,0.4817111028329165,0.1826313481534333,0.7674418604651163,0.0
8188,SEG_B,SEG_A,0.5717481970787048,0.30666399002075195,0.12158787250518799,0.5717481970787048,0.0345348837209302,1.418356305323471,0.9630104474025184,1.6162790697674418,0.0
7730,SEG_B,SEG_C,0.2116597592830658,0.21667729318141937,0.5716629028320312,0.5716629028320312,0.0460976744186046,2.054990864420911,1.6641551527223448,2.5232558139534884,0.0276511627906976
2714,SEG_B,SEG_C,0.2368497997522354,0.19154779613018036,0.5716024041175842,0.5716024041175842,0.030306976744186,0.6839178330051621,0.3230538592191069,0.7325581395348837,0.0634584445493913
6302,SEG_B,SEG_A,0.5715242028236389,0.26746493577957153,0.16101090610027313,0.5715242028236389,0.0109790697674418,0.9949532577652422,0.6637172636080081,1.255813953488372,0.0071232558139534
5453,SEG_A,SEG_C,0.062143269926309586,0.3663606345653534,0.5714960694313049,0.5714960694313049,0.0784883720930232,1.4335497489933124,0.9972994535279572,1.8953488372093024,0.0936187571584166
2970,SEG_B,SEG_C,0.04479831084609032,0.38372504711151123,0.5714766383171082,0.5714766383171082,0.1211733875565398,2.4397761339648416,1.8821889727810803,3.313953488372093,0.0794651162790697
14218,SEG_C,SEG_A,0.5714350938796997,0.2536536455154419,0.1749112755060196,0.5714350938796997,0.0325232558139534,0.3876589856846363,0.0325759771678297,0.4069767441860465,0.0
11172,SEG_B,SEG_C,0.026236772537231445,0.40239056944847107,0.5713726878166199,0.5713726878166199,0.1154767441860465,5.197151353501441,4.375291563104913,6.772638330343972,0.0778164315770212
11181,SEG_A,SEG_C,0.36070331931114197,0.06797671318054199,0.5713199377059937,0.5713199377059937,0.0,3.760437994849407,3.1378652950067583,5.838768243289239,0.0073209302325581
13354,SEG_C,SEG_B,0.06793689727783203,0.5713102221488953,0.3607528507709503,0.5713102221488953,0.1692501317425863,2.0898391073740976,1.4252795685239268,3.465635926057653,0.1111849409882632
2446,SEG_A,SEG_C,0.3072817921638489,0.12142316997051239,0.5712950229644775,0.5712950229644775,0.0113837209302325,0.4482642399730367,0.0750902410805641,0.6976744186046512,0.0300883720930232
17126,SEG_B,SEG_A,0.5712417364120483,0.2631981372833252,0.16556018590927124,0.5712417364120483,0.0,0.8430720380323915,0.5692180675402152,1.244186046511628,0.0414697674418604
9767,SEG_A,SEG_B,0.21028469502925873,0.5710546374320984,0.21866069734096527,0.5710546374320984,0.0513813953488372,0.5753729622336935,0.178785457727375,0.4534883720930232,0.027713953488372
5907,SEG_B,SEG_A,0.5709453821182251,0.17914795875549316,0.24990662932395935,0.5709453821182251,0.0129697674418604,0.2976957053908786,-0.0271206344251451,0.3720930232558139,0.0362441860465116
5951,SEG_A,SEG_C,0.34789490699768066,0.08117295801639557,0.5709320902824402,0.5709320902824402,0.0,1.2031291575754353,0.8747054932477126,1.755813953488372,0.014560465116279
10873,SEG_A,SEG_C,0.10709846764802933,0.3219699561595917,0.5709315538406372,0.5709315538406372,0.0721187803079445,1.6186560942295072,1.081905171371674,1.930232558139535,0.0870001525072538
3703,SEG_C,SEG_B,0.031249050050973892,0.5706530809402466,0.39809784293174744,0.5706530809402466,0.1173651162790697,2.8112944610041573,2.5181493399323247,4.279329590935803,0.0245396873909747
17434,SEG_B,SEG_C,0.13216139376163483,0.2971905469894409,0.5706480145454407,0.5706480145454407,0.0464395348837209,2.346506353222063,1.853139446003429,2.709302325581396,0.0978585970566452
10116,SEG_A,SEG_C,0.24830058217048645,0.18106266856193542,0.5706367492675781,0.5706367492675781,0.0,0.8120376776116226,0.5064748130145351,1.2793295909358031,0.0
2380,SEG_B,SEG_C,0.0504949614405632,0.37903693318367004,0.5704681277275085,0.5704681277275085,0.1068245503472375,1.5917194401575223,1.2219717658931026,1.744186046511628,0.0654420129723701
12573,SEG_B,SEG_C,0.04554186016321182,0.38401997089385986,0.5704381465911865,0.5704381465911865,0.1950517775894339,4.864862192610297,4.068789746939314,6.082694466306924,0.1609689669330034
3027,SEG_C,SEG_A,0.5703859329223633,0.1690765619277954,0.2605375051498413,0.5703859329223633,0.0021651162790697,0.4250793819736398,0.0971104273351814,1.127906976744186,0.0168720930232558
14779,SEG_A,SEG_B,0.1956748068332672,0.5702881813049316,0.23403704166412354,0.5702881813049316,0.1052791575958327,2.343046643489937,1.7042180889906655,2.046511627906977,0.0387767441860465
5367,SEG_A,SEG_C,0.2836094796657562,0.14624500274658203,0.5701454877853394,0.5701454877853394,0.0174,0.655739449736576,0.2821812341518475,1.3255813953488371,0.0
8426,SEG_B,SEG_A,0.570083498954773,0.08856679499149323,0.3413497507572174,0.570083498954773,0.0131209302325581,0.5303070618913309,0.2757035335855375,1.1046511627906976,0.0
1149,SEG_A,SEG_B,0.13322830200195312,0.570059061050415,0.29671257734298706,0.570059061050415,0.0972116279069767,1.1970180760293048,0.7902851791567259,1.4069767441860466,0.0420930232558139
2640,SEG_C,SEG_A,0.5697609186172485,0.23138119280338287,0.1988578885793686,0.5697609186172485,0.0022302325581395,0.5859631383818495,0.401235256081518,0.7790697674418605,0.0
10662,SEG_B,SEG_C,0.0992160364985466,0.3310697376728058,0.5697141885757446,0.5697141885757446,0.0903627906976744,3.801723062755737,3.274789265319237,6.924580591523474,0.1657227603196041
3788,SEG_C,SEG_B,0.03537602350115776,0.5696820616722107,0.39494192600250244,0.5696820616722107,0.1880072402293587,2.412821740904334,1.8724634720572395,2.476744186046512,0.032253488372093
10524,SEG_B,SEG_C,0.001967373304069042,0.42836758494377136,0.5696650147438049,0.5696650147438049,0.4513454385365635,7.548008340965458,6.110455952412406,8.707352038131217,0.3685587881533892
1085,SEG_B,SEG_A,0.5696098804473877,0.14784421026706696,0.28254595398902893,0.5696098804473877,0.0106627906976744,0.8275681620633992,0.4227438491134448,1.0348837209302326,0.0048116279069767
3233,SEG_C,SEG_A,0.569441020488739,0.09887455403804779,0.3316843807697296,0.569441020488739,0.0,0.4972149788019087,0.1865073171456814,0.872093023255814,0.0
2199,SEG_C,SEG_B,0.12712006270885468,0.5691847801208496,0.30369511246681213,0.5691847801208496,0.1065500439141954,0.9969666329625884,0.7136146469778244,0.8837209302325582,0.0121860465116279
10300,SEG_C,SEG_B,0.03108172118663788,0.5691847205162048,0.3997335433959961,0.5691847205162048,0.1854563409238337,2.3071423237494746,1.9252444378846711,2.127906976744186,0.0838303850653933
5380,SEG_C,SEG_B,0.022418152540922165,0.5691836476325989,0.40839821100234985,0.5691836476325989,0.2733237827842988,1.9476345058804747,1.417429525997629,1.4186046511627908,0.0048930232558139
16408,SEG_C,SEG_A,0.5691055059432983,0.17901821434497833,0.2518763542175293,0.5691055059432983,0.0106627906976744,0.9843896900998704,0.607116224565889,1.069767441860465,0.0
4197,SEG_B,SEG_A,0.5689620971679688,0.33331233263015747,0.09772559255361557,0.5689620971679688,0.0086627906976744,0.6959359977294095,0.3339867605124355,0.6976744186046512,0.0406720930232558
808,SEG_B,SEG_A,0.5688415169715881,0.3560236096382141,0.07513488084077835,0.5688415169715881,0.0980720930232558,0.5891295478331826,0.2201170750459904,0.2674418604651162,0.0
9350,SEG_C,SEG_A,0.5687888860702515,0.15144601464271545,0.27976512908935547,0.5687888860702515,0.0127209302325581,1.3864793429478652,0.8828990365200761,2.383720930232558,0.0
3770,SEG_B,SEG_A,0.5687302350997925,0.14283862709999084,0.2884311378002167,0.5687302350997925,0.0064744186046511,1.5982207794511558,1.1012198958975925,1.9534883720930232,0.0263697674418604
14306,SEG_A,SEG_C,0.08910056203603745,0.3423210084438324,0.5685784220695496,0.5685784220695496,0.0646813953488372,2.9666956560184685,2.2911455563307355,3.755813953488372,0.0825024780886491
14064,SEG_B,SEG_C,0.09002643823623657,0.3415287435054779,0.5684448480606079,0.5684448480606079,0.0498071524009678,1.867179930405143,1.5495640155002297,2.546511627906977,0.1063351887354379
11264,SEG_A,SEG_B,0.36469775438308716,0.568402111530304,0.06690014898777008,0.568402111530304,0.0449430671700094,0.8987192450286486,0.5322380242253959,0.8023255813953488,0.0
9333,SEG_A,SEG_B,0.20223872363567352,0.5683220028877258,0.22943931818008423,0.5683220028877258,0.1698385038356096,1.201035956929736,0.7947941453026669,0.7906976744186046,0.0408581395348837
4646,SEG_A,SEG_C,0.3368396461009979,0.09503315389156342,0.5681271553039551,0.5681271553039551,0.0,1.1573625671864192,0.7747751501817948,1.662790697674419,0.0052652687863235
6421,SEG_C,SEG_A,0.5680942535400391,0.13468822836875916,0.29721754789352417,0.5680942535400391,0.0042883720930232,0.1838646160395934,-0.1321588986252635,0.6511627906976745,0.0
5035,SEG_B,SEG_C,0.11736319959163666,0.31459763646125793,0.5680391788482666,0.5680391788482666,0.074453488372093,0.9782786085537404,0.5806490173198461,0.8255813953488372,0.0189953488372093
5671,SEG_C,SEG_B,0.0781216025352478,0.5677582621574402,0.3541201651096344,0.5677582621574402,0.1062,2.18723502385894,1.863019664133052,2.5232558139534884,0.0285
7692,SEG_A,SEG_B,0.12448947131633759,0.5676611065864563,0.3078494071960449,0.5676611065864563,0.1731211937177308,1.2666347364873256,0.8917076766846184,1.848837209302325,0.0456790697674418
11896,SEG_A,SEG_B,0.2629995346069336,0.5676223039627075,0.1693781614303589,0.5676223039627075,0.0761209302325581,0.6207138168981605,0.5856940208014769,0.5116279069767442,0.0073116279069767
10206,SEG_A,SEG_C,0.23041120171546936,0.20200587809085846,0.567582905292511,0.567582905292511,0.0412465116279069,0.9476611143632592,0.485606640554354,1.0930232558139534,0.0189581395348837
9748,SEG_C,SEG_B,0.06004379317164421,0.5675642490386963,0.3723919689655304,0.5675642490386963,0.1712838087586234,4.182182446980746,3.606078408742856,4.5124073774585725,0.0409930232558139
7393,SEG_B,SEG_C,0.0067824143916368484,0.42585617303848267,0.5673614144325256,0.5673614144325256,0.2923435941403548,4.1786967357360005,3.855240514897197,4.535663191412061,0.2049638582484512
7530,SEG_A,SEG_B,0.045159853994846344,0.5673550367355347,0.387485146522522,0.5673550367355347,0.1404431549984003,2.037252482868201,1.5176035658532938,1.5930232558139534,0.1029162790697674
5144,SEG_A,SEG_C,0.063040591776371,0.3696676790714264,0.5672917366027832,0.5672917366027832,0.1138397105405027,2.812544452724855,2.256427202409138,2.406976744186047,0.0739953488372093
6949,SEG_A,SEG_C,0.34481802582740784,0.0879436507821083,0.5672383308410645,0.5672383308410645,0.0,0.4824295318680929,0.1650148275323864,3.954008019080909,0.0356232558139534
8865,SEG_A,SEG_C,0.32891273498535156,0.1039029061794281,0.567184329032898,0.567184329032898,0.0236441860465116,0.6185762687811541,0.3478468490564634,1.6046511627906976,0.0386186046511627
2072,SEG_A,SEG_C,0.26987406611442566,0.16295291483402252,0.5671730041503906,0.5671730041503906,0.0260023255813953,0.7812073155588668,0.4364603620069446,0.9534883720930232,0.0324372093023255
12452,SEG_B,SEG_A,0.5669930577278137,0.36083847284317017,0.07216843217611313,0.5669930577278137,0.0130279069767441,0.119223741862239,-0.1466756788162045,0.4651162790697674,0.0
1331,SEG_C,SEG_A,0.5668246746063232,0.16536946594715118,0.26780587434768677,0.5668246746063232,0.0064325581395348,0.3892998421230021,0.1435254347303668,0.4767441860465116,0.0
11707,SEG_B,SEG_A,0.5667304992675781,0.22845417261123657,0.2048153430223465,0.5667304992675781,0.0429768320144374,0.70525783619818,0.3436785644707846,0.4767441860465116,0.0
7276,SEG_C,SEG_B,0.23009517788887024,0.5666861534118652,0.20321866869926453,0.5666861534118652,0.0899523694955908,1.2312365848899296,0.7647268977154849,1.1511627906976745,0.0097186046511627
1701,SEG_C,SEG_A,0.5665088295936584,0.11615346372127533,0.31733766198158264,0.5665088295936584,0.0085023255813953,1.1981001543292005,0.8236886242973335,1.4186046511627908,0.0317720930232558
5389,SEG_B,SEG_C,0.21682289242744446,0.21667219698429108,0.566504955291748,0.566504955291748,0.0282767441860465,0.9807177194756356,0.6884230452172346,1.2093023255813953,0.0535978269258584
11173,SEG_B,SEG_C,0.16145579516887665,0.27211737632751465,0.5664268136024475,0.5664268136024475,0.0506302325581395,3.865539680936942,3.4453092807725643,5.791736968394376,0.1322004575217615
4568,SEG_A,SEG_C,0.1781253069639206,0.2555171549320221,0.5663575530052185,0.5663575530052185,0.0259244625188466,1.5174462952122472,1.131390591443327,1.930232558139535,0.0616488372093023
2906,SEG_B,SEG_C,0.1612803041934967,0.27236536145210266,0.5663543343544006,0.5663543343544006,0.0692652041074606,1.2366381068951449,0.7866359607574103,1.255813953488372,0.0220210827398119
17180,SEG_B,SEG_A,0.5663052797317505,0.38044607639312744,0.053248677402734756,0.5663052797317505,0.0240744186046511,0.7543593564294965,0.4033470624508955,0.5348837209302325,0.0048744186046511
1639,SEG_B,SEG_C,0.04347147420048714,0.3903086185455322,0.5662199258804321,0.5662199258804321,0.1265048268195725,2.1266741170418464,1.6319731367306691,2.1511627906976742,0.0218093023255813
4854,SEG_B,SEG_C,0.017643867060542107,0.41613683104515076,0.5662192702293396,0.5662192702293396,0.2880111238292108,4.890417633458158,4.378252116829136,4.6754578986269335,0.1923221502905888
4751,SEG_C,SEG_A,0.5661015510559082,0.29360294342041016,0.14029549062252045,0.5661015510559082,0.0330838087586234,0.6668972735174641,0.2924919902625155,0.5697674418604651,0.0
1987,SEG_C,SEG_A,0.5660809278488159,0.12557196617126465,0.3083471655845642,0.5660809278488159,0.0023255813953488,0.4242545190073262,0.2827509614640621,0.6395348837209303,0.0361908501816724
6163,SEG_A,SEG_C,0.00980058778077364,0.42416584491729736,0.5660336017608643,0.5660336017608643,0.2982183640585695,3.25925653120214,2.6383661171660444,2.616279069767442,0.0446257339026026
14337,SEG_C,SEG_B,0.131268709897995,0.5659154653549194,0.30281582474708557,0.5659154653549194,0.0715023255813953,1.0054724779593067,0.5663923692760359,0.9302325581395348,0.0628023255813953
11599,SEG_C,SEG_A,0.5659131407737732,0.1170964166522026,0.3169904351234436,0.5659131407737732,0.0,0.9209373281535488,0.5271769963903568,1.2906976744186047,0.0
17669,SEG_B,SEG_A,0.5657457709312439,0.17609873414039612,0.2581554651260376,0.5657457709312439,0.0066581395348837,0.3239582778989942,-0.0048768583964463,0.3953488372093023,0.0167465116279069
6945,SEG_C,SEG_A,0.5657188296318054,0.28146257996559143,0.15281862020492554,0.5657188296318054,0.0452501317425863,1.0415181026377878,0.6579148034078006,1.069767441860465,0.0
13834,SEG_B,SEG_A,0.5657070875167847,0.2696717083454132,0.16462121903896332,0.5657070875167847,0.0355732997281489,0.2932875667429443,-0.0408110177828691,0.4534883720930232,0.0
5864,SEG_B,SEG_A,0.5656731128692627,0.13533532619476318,0.29899150133132935,0.5656731128692627,0.0285325581395348,0.7214357937310415,0.3418214837796108,1.5,0.0
9238,SEG_C,SEG_B,0.12427018582820892,0.5656315684318542,0.3100982904434204,0.5656315684318542,0.0953697674418604,2.085271317829457,1.545818724009997,2.0930232558139537,0.1051424704941316
8011,SEG_C,SEG_A,0.5655409097671509,0.10170511901378632,0.3327540159225464,0.5655409097671509,0.0,0.8315062175154774,0.5067436162332369,1.8837209302325584,0.0
1441,SEG_B,SEG_C,0.017483700066804886,0.4169771373271942,0.5655391812324524,0.5655391812324524,0.3080787413464577,3.957395198359212,3.327006757126497,3.639794707214873,0.0180279069767441
11079,SEG_A,SEG_C,0.22189368307590485,0.2126200795173645,0.5654861927032471,0.5654861927032471,0.0300267881002419,0.7806485374203963,0.3498124068684202,1.0,0.0145883720930232
2377,SEG_B,SEG_A,0.5654736161231995,0.22925561666488647,0.20527075231075287,0.5654736161231995,0.0,0.0521526262572508,-0.2487018167133665,0.127906976744186,0.0
15563,SEG_A,SEG_B,0.3614238500595093,0.5653148889541626,0.07326128333806992,0.5653148889541626,0.0928873410449119,0.4989179217001047,0.1497094922525908,0.2674418604651162,0.0146232558139534
4511,SEG_A,SEG_B,0.3458065092563629,0.5652174949645996,0.08897601068019867,0.5652174949645996,0.0390094779823631,1.388501587639473,0.9956570786493544,1.686046511627907,0.0188976744186046
9867,SEG_C,SEG_B,0.3933817446231842,0.5649163126945496,0.04170197993516922,0.5649163126945496,0.0714418604651162,1.1386922817660938,0.7628975995996442,1.4186046511627908,0.0144976744186046
1201,SEG_C,SEG_B,0.022466663271188736,0.5648719072341919,0.4126614034175873,0.5648719072341919,0.1938466872846888,2.224993674870208,1.729381915139393,1.941860465116279,0.0980167365915289
5238,SEG_A,SEG_C,0.25263190269470215,0.1825537085533142,0.5648143887519836,0.5648143887519836,0.0582255813953488,1.3491210331186918,1.0942725094824362,1.2790697674418603,0.0311813953488372
3984,SEG_C,SEG_A,0.5647774338722229,0.10370253026485443,0.3315200209617615,0.5647774338722229,0.0,0.899295762155642,0.6022319338223817,1.5232558139534884,0.0
7194,SEG_A,SEG_C,0.23313190042972565,0.2021351158618927,0.5647330284118652,0.5647330284118652,0.0128302325581395,0.8209958668156743,0.4523307840382914,1.0116279069767442,0.057553488372093
14743,SEG_B,SEG_A,0.5646681785583496,0.2204980105161667,0.2148338258266449,0.5646681785583496,0.0288384160072187,0.394692494633956,0.1341857733004724,0.3837209302325581,0.0241837209302325
8837,SEG_B,SEG_C,0.2445821315050125,0.19076314568519592,0.5646547675132751,0.5646547675132751,0.0277046511627906,1.1070370567470245,0.5507983910835988,1.4534883720930232,0.028335036228184
6282,SEG_B,SEG_A,0.5644874572753906,0.3216418921947479,0.11387068778276443,0.5644874572753906,0.0455025012381771,0.2967644084934277,0.0160532970711697,0.2325581395348837,0.0
14209,SEG_B,SEG_A,0.5643954277038574,0.3019360899925232,0.13366851210594177,0.5643954277038574,0.0411930232558139,0.9478473737427492,0.6099045934382286,1.197674418604651,0.0073325581395348
2917,SEG_A,SEG_C,0.20135965943336487,0.2345067709684372,0.5641335844993591,0.5641335844993591,0.0440255813953488,2.848704166888405,2.131917347345785,3.627906976744186,0.012060465116279
1537,SEG_B,SEG_C,0.14829771220684052,0.2875898778438568,0.5641124248504639,0.5641124248504639,0.0429779508909396,1.6024071807425544,1.071559659474225,3.197674418604651,0.0783956538517169
1592,SEG_C,SEG_A,0.5641054511070251,0.1385539174079895,0.29734060168266296,0.5641054511070251,0.0,0.7434055310166215,0.3771724131096692,0.8604651162790697,0.0192465116279069
3888,SEG_A,SEG_C,0.3115556538105011,0.12436523288488388,0.5640791058540344,0.5640791058540344,0.0,0.0462366735848722,-0.2270612995211091,0.0581395348837209,0.0121232558139534
11624,SEG_A,SEG_B,0.1505862921476364,0.5640689134597778,0.28534477949142456,0.5640689134597778,0.1360906976744186,2.0341919003778406,1.4658335005611425,2.744445870005571,0.0482
7889,SEG_A,SEG_C,0.15425220131874084,0.2816842496395111,0.564063549041748,0.564063549041748,0.0435744186046511,1.1859489471910312,0.7284797203184502,1.5813953488372092,0.0289956538517169
7882,SEG_A,SEG_B,0.36068734526634216,0.563974916934967,0.07533775269985199,0.563974916934967,0.0065058578676838,0.0804463129512355,-0.2430826409587331,0.0813953488372093,0.0144976744186046
10342,SEG_A,SEG_C,0.30736392736434937,0.12867654860019684,0.563959538936615,0.563959538936615,0.0323372093023255,2.367844535504586,1.929257062587795,3.0232558139534884,0.0036558139534883
10983,SEG_C,SEG_B,0.02333954907953739,0.5639496445655823,0.4127108156681061,0.5639496445655823,0.1996282582903077,5.250858569135104,4.615360869835887,6.213459501484481,0.1435959588662246
5479,SEG_A,SEG_B,0.29360824823379517,0.5639142990112305,0.14247745275497437,0.5639142990112305,0.066640741588614,0.4755468043212176,0.1325345535284473,0.3604651162790697,0.0
16814,SEG_B,SEG_A,0.563912570476532,0.38871854543685913,0.047368891537189484,0.563912570476532,0.0415814831772281,0.2124243875614213,-0.0904020913595199,0.127906976744186,0.0
10583,SEG_B,SEG_C,0.1741197109222412,0.2619982957839966,0.5638819336891174,0.5638819336891174,0.0431302325581395,2.750084260195484,2.1776647582731368,4.197934242098594,0.230654403415616
1786,SEG_A,SEG_C,0.297549843788147,0.1386704444885254,0.5637797117233276,0.5637797117233276,0.0085441860465116,0.6493001969027727,0.2484732720412445,1.058139534883721,0.0146232558139534
3038,SEG_C,SEG_A,0.56373530626297,0.21932463347911835,0.2169400453567505,0.56373530626297,0.0195175736030514,0.7880279566459122,0.5745566955842643,1.313953488372093,0.0024372093023255
10600,SEG_B,SEG_C,0.04699677973985672,0.38927146792411804,0.5637317299842834,0.5637317299842834,0.0949372093023255,5.167224700981237,4.5497707467350255,6.772378506850029,0.021413953488372
9380,SEG_C,SEG_B,0.04606031998991966,0.563580334186554,0.3903593420982361,0.563580334186554,0.184854782905377,3.915315282732128,3.443560049019391,3.1744186046511627,0.1278451010900346
3150,SEG_B,SEG_A,0.5633413791656494,0.2577478289604187,0.17891083657741547,0.5633413791656494,0.0380744186046511,1.3909140900785837,0.887620434990499,3.639794707214873,0.0071232558139534
4254,SEG_B,SEG_C,0.16243933141231537,0.27423909306526184,0.5633215308189392,0.5633215308189392,0.0458860465116279,1.7029872456672523,1.1886718312825368,2.0930232558139537,0.1179860465116279
3603,SEG_C,SEG_A,0.5632438659667969,0.10438307374715805,0.3323730230331421,0.5632438659667969,0.0,1.4788031226554954,1.167962457274482,1.6744186046511629,0.0
11699,SEG_B,SEG_A,0.5631939768791199,0.2615131437778473,0.17529287934303284,0.5631939768791199,0.0444930232558139,0.8568995795859721,0.4291245190652089,0.8953488372093024,0.0036558139534883
7016,SEG_C,SEG_B,0.08599495142698288,0.5630208253860474,0.35098427534103394,0.5630208253860474,0.1534304082149213,0.8240469728416087,0.5176661163833803,0.4186046511627907,0.0
14706,SEG_B,SEG_A,0.5630180835723877,0.2679203748703003,0.169061541557312,0.5630180835723877,0.0470627906976744,0.3415819629964699,0.0720942833250017,0.3255813953488372,0.0
113,SEG_A,SEG_C,0.31407275795936584,0.12291854619979858,0.563008725643158,0.563008725643158,0.0042651162790697,1.0771557305802424,0.6006612311435161,1.3837209302325582,0.0291837209302325
8374,SEG_A,SEG_B,0.3962855935096741,0.5629058480262756,0.04080858454108238,0.5629058480262756,0.0458896666263072,0.7384740922072625,0.4697692730974505,0.9186046511627908,0.0073209302325581
1536,SEG_A,SEG_C,0.30186474323272705,0.13539402186870575,0.562741219997406,0.562741219997406,0.0,1.0418019264541538,0.6879776831392252,1.6511627906976745,0.0288697674418604
8110,SEG_B,SEG_C,0.04663984850049019,0.3908105492591858,0.5625496506690979,0.5625496506690979,0.1166967311988842,2.165957107125752,1.5999623393160756,1.976744186046512,0.0472441860465116
11443,SEG_C,SEG_A,0.5624290704727173,0.274105966091156,0.16346502304077148,0.5624290704727173,0.0688837209302325,0.6520142621467724,0.263658176448874,0.5465116279069767,0.0239953488372093
983,SEG_A,SEG_B,0.31434300541877747,0.5623906850814819,0.12326633185148239,0.5623906850814819,0.0530511627906976,1.1884678835612794,0.6952093568294598,0.9418604651162792,0.0264325581395348
7632,SEG_B,SEG_C,0.2558322846889496,0.18180690705776215,0.5623608231544495,0.5623608231544495,0.0248209302325581,1.7391215652883474,1.275612487334042,1.7209302325581397,0.0408953488372093
3352,SEG_A,SEG_C,0.16849642992019653,0.2693178653717041,0.5621857047080994,0.5621857047080994,0.0239767441860465,3.8679108707555714,3.102560469116751,4.197934242098594,0.1074537933866006
5157,SEG_B,SEG_C,0.15807291865348816,0.27991044521331787,0.5620166063308716,0.5620166063308716,0.0419511627906976,1.6109396342220568,1.4033000917418936,1.7209302325581397,0.1798181091568134
10592,SEG_A,SEG_C,0.35178065299987793,0.08634628355503082,0.5618730783462524,0.5618730783462524,0.0,1.053270182534192,0.6334211589011027,1.8837209302325584,0.0
9595,SEG_A,SEG_B,0.19537220895290375,0.5618481636047363,0.24277964234352112,0.5618481636047363,0.0484418604651162,0.8421762191119863,0.4818068531194799,0.9883720930232558,0.0023744186046511
9543,SEG_B,SEG_A,0.5618098378181458,0.1057671457529068,0.33242300152778625,0.5618098378181458,0.0,0.3852819612225711,0.0247360897431132,0.4651162790697674,0.0073116279069767
11969,SEG_B,SEG_C,0.22275568544864655,0.21544142067432404,0.561802864074707,0.561802864074707,0.0387302325581395,3.1748538168401383,2.513224665255424,3.651162790697674,0.0336186046511627
10794,SEG_A,SEG_C,0.2610684633255005,0.1772068589925766,0.5617247223854065,0.5617247223854065,0.0178837209302325,1.1819221967963387,0.7521739615153069,1.8837209302325584,0.0164395348837209
8803,SEG_B,SEG_A,0.5616967678070068,0.07247058302164078,0.3658325970172882,0.5616967678070068,0.0,0.1565820516914125,-0.058512390961275,0.2674418604651162,0.0
7836,SEG_A,SEG_C,0.06830054521560669,0.37005457282066345,0.5616448521614075,0.5616448521614075,0.1080734753849307,3.416530403445945,2.716452361336726,3.255813953488372,0.1339126954577535
17336,SEG_B,SEG_A,0.5616269707679749,0.34501752257347107,0.0933554619550705,0.5616269707679749,0.0065930232558139,0.0437354762031469,-0.2085095418949016,0.0697674418604651,0.0048744186046511
8459,SEG_B,SEG_C,0.25548994541168213,0.18306542932987213,0.5614446401596069,0.5614446401596069,0.0085511627906976,1.2251343728380608,0.8038293929506666,1.5465116279069768,0.0436186046511627
5849,SEG_A,SEG_C,0.284783273935318,0.1537829488515854,0.5614337921142578,0.5614337921142578,0.0213488372093023,0.8891224522377735,0.4337073428569425,1.5232558139534884,0.0898564239825037
7052,SEG_A,SEG_B,0.2980257570743561,0.5613972544670105,0.14057697355747223,0.5613972544670105,0.097102589066568,0.7387224380465827,0.444496541046762,0.6627906976744186,0.0073116279069767
5609,SEG_B,SEG_C,0.08935195207595825,0.3492532968521118,0.5613947510719299,0.5613947510719299,0.1258697674418604,2.8441629858265487,2.348775786362111,3.1511627906976742,0.1573793747819495
11394,SEG_A,SEG_C,0.09655405580997467,0.3421754539012909,0.5612704753875732,0.5612704753875732,0.0816558139534883,1.75796158503997,1.1807282951802427,1.8953488372093024,0.066865726308085
13000,SEG_C,SEG_A,0.5612502098083496,0.10126008838415146,0.33748969435691833,0.5612502098083496,0.0083767441860465,1.856287584481933,1.3106757257221646,2.395348837209302,0.042084178451994
6179,SEG_C,SEG_A,0.5612387657165527,0.12697197496891022,0.31178927421569824,0.5612387657165527,0.0042162790697674,1.0403916768665853,0.8204468822542804,1.4767441860465116,0.0242511627906976
7084,SEG_C,SEG_B,0.04815773293375969,0.5611719489097595,0.3906702995300293,0.5611719489097595,0.1990877801868664,2.648520288377932,2.2696861228320686,2.8372093023255816,0.0191209302325581
5829,SEG_B,SEG_C,0.14004483819007874,0.2988227903842926,0.5611323714256287,0.5611323714256287,0.0537128346118698,3.982032225536824,3.136913571827118,7.9432237328366755,0.0214953488372093
13992,SEG_B,SEG_A,0.5610108375549316,0.24267251789569855,0.1963166445493698,0.5610108375549316,0.0373372093023255,0.7557163890514963,0.3575943722268054,1.0,0.0
6686,SEG_C,SEG_A,0.5609573125839233,0.15321385860443115,0.2858288884162903,0.5609573125839233,0.0,0.2395650400014191,-0.0785747731276059,0.3720930232558139,0.0123790697674418
4509,SEG_C,SEG_A,0.5609021782875061,0.2201448678970337,0.2189529538154602,0.5609021782875061,0.0737441860465116,1.5522590601883883,1.064281750367282,1.5465116279069768,0.0
408,SEG_C,SEG_A,0.5608949065208435,0.20544546842575073,0.23365961015224457,0.5608949065208435,0.0124325581395348,0.8765189008922711,0.5422017187592199,1.1162790697674418,0.0
8144,SEG_A,SEG_B,0.056957390159368515,0.5600879788398743,0.3829546272754669,0.5600879788398743,0.1553341161579916,2.1925301119330176,1.754068734358743,1.6162790697674418,0.0170697674418604
3130,SEG_A,SEG_C,0.16559213399887085,0.27434197068214417,0.5600659251213074,0.5600659251213074,0.060413953488372,3.142107037056748,2.502618044252195,4.22093023255814,0.024153488372093
11209,SEG_A,SEG_C,0.3742849826812744,0.06594716012477875,0.5597678422927856,0.5597678422927856,0.0,0.5632661025668317,0.1384720580912246,1.127906976744186,0.0388581395348837
15528,SEG_A,SEG_B,0.29029974341392517,0.5596676468849182,0.15003260970115662,0.5596676468849182,0.0856768320144374,0.6713054121653984,0.3125984912713562,0.3372093023255814,0.0
6909,SEG_B,SEG_A,0.5596315860748291,0.11150116473436356,0.3288672864437103,0.5596315860748291,0.0171465116279069,0.9120057474322816,0.568463684313536,2.9302325581395348,0.0
13193,SEG_C,SEG_B,0.049186527729034424,0.55958092212677,0.39123257994651794,0.55958092212677,0.1435629663544562,3.2002743943635825,2.527122167168232,2.755813953488372,0.1032354937499455
8278,SEG_C,SEG_A,0.5595764517784119,0.09225600957870483,0.3481675386428833,0.5595764517784119,0.0,0.2775708229116775,-0.042020632195441,0.3255813953488372,0.0
11550,SEG_C,SEG_B,0.0999334305524826,0.5594733953475952,0.3405930995941162,0.5594733953475952,0.1391221369374512,1.6934968868075144,1.3612751878227305,1.441860465116279,0.1668427755086392
13083,SEG_B,SEG_A,0.5594560503959656,0.12706133723258972,0.3134826421737671,0.5594560503959656,0.0063209302325581,0.5592482216664006,0.3254377033056602,0.7906976744186046,0.0024372093023255
9648,SEG_C,SEG_B,0.09733974933624268,0.5592901110649109,0.3433701992034912,0.5592901110649109,0.1499188681363354,2.2275740907301214,1.7448224011148412,2.209302325581396,0.0623396873909747
285,SEG_B,SEG_A,0.5592671036720276,0.306640088558197,0.13409283757209778,0.5592671036720276,0.0152232558139534,0.3247476628882622,0.1050339286643328,0.4767441860465116,0.0023023255813953
16577,SEG_B,SEG_A,0.5592547655105591,0.1805858314037323,0.260159432888031,0.5592547655105591,0.0388418604651162,2.8287496257106657,2.125412932098309,3.0,0.0048744186046511
6361,SEG_B,SEG_C,0.15327158570289612,0.2875322699546814,0.5591961145401001,0.5591961145401001,0.0775860465116279,1.2132581200219963,0.9663366257953204,1.7093023255813953,0.1778216927688272
9100,SEG_B,SEG_C,0.1519297957420349,0.2888813018798828,0.5591889023780823,0.5591889023780823,0.0861767441860465,1.4426587195998086,0.947001031906602,1.558139534883721,0.0266837209302325
2461,SEG_C,SEG_A,0.5589365363121033,0.1263730376958847,0.31469041109085083,0.5589365363121033,0.0065058578676838,1.8732023170086587,1.495103066410847,2.5002598234939426,0.0
12059,SEG_C,SEG_A,0.5588887929916382,0.19314974546432495,0.24796144664287567,0.5588887929916382,0.0172627906976744,0.9081120394515104,0.4622219992518104,0.8837209302325582,0.0097488372093023
9778,SEG_C,SEG_B,0.010420837439596653,0.558814287185669,0.4307648837566376,0.558814287185669,0.2394492763512568,2.611250066521208,2.067515174296481,2.3372093023255816,0.0846257339026026
18135,SEG_C,SEG_B,0.2445540875196457,0.5585970878601074,0.19684883952140808,0.5585970878601074,0.2141050903047451,1.5574211058485443,1.1206970976876982,1.069767441860465,0.0081255813953488
8325,SEG_B,SEG_C,0.048040833324193954,0.39336514472961426,0.5585939884185791,0.5585939884185791,0.1448317905765962,2.0795150160537847,1.7484668739969036,1.9534883720930232,0.0503651162790697
9796,SEG_A,SEG_C,0.30796724557876587,0.13354887068271637,0.5584838390350342,0.5584838390350342,0.0021674418604651,0.891526085182623,0.6549892107095167,1.127906976744186,0.0
2423,SEG_A,SEG_B,0.07851254940032959,0.5584192276000977,0.36306825280189514,0.5584192276000977,0.0905279069767441,1.305775814663048,0.8912097375743476,1.0232558139534884,0.0705492947310638
8956,SEG_A,SEG_C,0.11121170967817307,0.3303852081298828,0.5584030151367188,0.5584030151367188,0.1011314392630326,2.305217036524577,1.6509436015165548,2.86046511627907,0.0024372093023255
17990,SEG_A,SEG_C,0.35127002000808716,0.09033561497926712,0.5583943128585815,0.5583943128585815,0.0,2.9912375466398657,2.3842934664244058,4.664349638638075,0.1357728555595249
9920,SEG_C,SEG_A,0.5582806468009949,0.15862800180912018,0.28309139609336853,0.5582806468009949,0.0066488372093023,0.505454738970784,0.2355688594567944,0.6627906976744186,0.0097488372093023
12078,SEG_C,SEG_A,0.5581885576248169,0.39851516485214233,0.043296318501234055,0.5581885576248169,0.0535697674418604,0.5310609689035531,0.2329056017599797,0.5116279069767442,0.0
12418,SEG_B,SEG_A,0.5580876469612122,0.15356597304344177,0.2883463501930237,0.5580876469612122,0.0062232558139534,0.9271991911021232,0.5263378769273813,1.3837209302325582,0.0108465116279069
5717,SEG_B,SEG_A,0.5580233335494995,0.13056698441505432,0.31140971183776855,0.5580233335494995,0.004306976744186,0.4827665726500275,0.1130323205114729,0.6046511627906976,0.0242465116279069
15373,SEG_A,SEG_B,0.24679236114025116,0.5579709410667419,0.1952366977930069,0.5579709410667419,0.0927976744186046,2.025225448649693,1.5553530664832478,2.127906976744186,0.0239953488372093
8365,SEG_A,SEG_C,0.1648026704788208,0.27727627754211426,0.5579211115837097,0.5579211115837097,0.0265813953488372,1.3615560640732267,0.8845936116499562,1.2674418604651163,0.0639232558139534
7404,SEG_A,SEG_B,0.1465158313512802,0.5578275918960571,0.29565656185150146,0.5578275918960571,0.0760035322862884,1.357449488230181,0.9614852795448828,1.6511627906976745,0.0594720930232558
7135,SEG_B,SEG_C,0.19390523433685303,0.24829573929309845,0.5577990412712097,0.5577990412712097,0.0352720930232558,1.1817980238766783,0.7697471267784988,1.5232558139534884,0.0614930232558139
18254,SEG_A,SEG_B,0.29563626646995544,0.5577639937400818,0.14659973978996277,0.5577639937400818,0.0913281704619168,0.5112021712521951,0.1750838698860027,0.1976744186046511,0.0
19639,SEG_A,SEG_C,0.3465147316455841,0.0958714410662651,0.5576137900352478,0.5576137900352478,0.0,0.4388625760559133,0.1468092934067648,0.6627906976744186,0.0084186046511627
5521,SEG_B,SEG_C,0.02642698399722576,0.4159632623195648,0.5576097369194031,0.5576097369194031,0.1475664108123537,2.5631596686356946,1.9446906708371927,4.151422614191617,0.1197401449127362
5269,SEG_C,SEG_A,0.5575109720230103,0.22327667474746704,0.2192123681306839,0.5575109720230103,0.0371325581395348,0.7387224380465827,0.3119486533690328,1.127906976744186,0.0052652687863235
9121,SEG_B,SEG_C,0.019835621118545532,0.42268189787864685,0.5574824810028076,0.5574824810028076,0.1149732997281489,1.97198126762812,1.4915232191543972,2.697674418604651,0.0971398398982286
14364,SEG_B,SEG_C,0.004201856441795826,0.4383196234703064,0.5574784874916077,0.5574784874916077,0.3735141520377332,7.443434575742453,5.967785687102043,8.707611861625159,0.2627734276159524
10341,SEG_B,SEG_C,0.09270456433296204,0.34999972581863403,0.5572956800460815,0.5572956800460815,0.0558348837209302,2.099595551061679,1.5205021293674332,4.418604651162791,0.0625511627906976
15949,SEG_B,SEG_A,0.5569729208946228,0.21848291158676147,0.22454413771629333,0.5569729208946228,0.0604372093023255,1.1442889326450607,0.7110445916049163,1.197674418604651,0.0073116279069767
10178,SEG_B,SEG_C,0.23611332476139069,0.2069210559129715,0.5569655895233154,0.5569655895233154,0.026306976744186,2.026714916715449,1.5011687365753232,2.3488372093023258,0.0515883720930232
6061,SEG_B,SEG_C,0.08194463700056076,0.3612138032913208,0.5568416118621826,0.5568416118621826,0.0863384160072187,1.990323381760772,1.4927581185280383,2.232558139534884,0.0939837209302325
15499,SEG_B,SEG_A,0.5567460656166077,0.11834713071584702,0.3249067962169647,0.5567460656166077,0.0,0.4934454437407979,0.1228368773241568,1.1511627906976745,0.0
3609,SEG_C,SEG_A,0.5567193627357483,0.09652920067310333,0.3467513918876648,0.5567193627357483,0.0,0.278147340038671,-0.0819961302246303,0.7093023255813954,0.0
14494,SEG_B,SEG_C,0.008148827590048313,0.4351959824562073,0.55665522813797,0.55665522813797,0.3603592813039654,7.364553914484336,5.8433594212051565,8.4230858008105,0.3597025166781393
17579,SEG_A,SEG_B,0.1313263326883316,0.5566092729568481,0.31206434965133667,0.5566092729568481,0.1110466872846887,2.0318038135990686,1.020935971950884,2.070546912342293,0.0602240183502226
7441,SEG_A,SEG_C,0.05683235451579094,0.3867471516132355,0.5564205050468445,0.5564205050468445,0.1106608164298426,1.6424795558157277,1.246316746232935,1.7325581395348837,0.0253790697674418
6918,SEG_B,SEG_C,0.019340110942721367,0.42442113161087036,0.5562387704849243,0.5562387704849243,0.2295840722437961,3.7474689733286906,3.234900278908741,4.162790697674419,0.2396168511261948
7733,SEG_B,SEG_C,0.09107809513807297,0.35270956158638,0.556212306022644,0.556212306022644,0.1648,1.504700831958562,1.0665311330999347,1.9069767441860463,0.0353720930232558
9449,SEG_C,SEG_B,0.008092042058706284,0.5561964511871338,0.4357115626335144,0.5561964511871338,0.2789156871636106,3.713550813332624,3.0654379826742524,3.4186046511627906,0.0487582920421375
11119,SEG_C,SEG_A,0.5561765432357788,0.3607322871685028,0.08309114724397659,0.5561765432357788,0.0434325581395348,1.0274333457506253,0.7349464003904459,0.9186046511627908,0.0
11784,SEG_A,SEG_C,0.1898600161075592,0.2539685368537903,0.5561714768409729,0.5561714768409729,0.0366906976744186,1.280036542316357,0.9297582891185958,1.9069767441860463,0.1171703774708757
5556,SEG_C,SEG_B,0.0865420401096344,0.5561532378196716,0.35730472207069397,0.5561532378196716,0.1838397105405027,1.9141965125148568,1.432800019456016,1.697674418604651,0.0477162790697674
1488,SEG_B,SEG_A,0.556121289730072,0.334452748298645,0.10942596942186356,0.556121289730072,0.043506976744186,0.4867667145619357,0.0987283969317188,0.5232558139534884,0.0153511627906976
10162,SEG_A,SEG_B,0.3845917880535126,0.5560821294784546,0.059326060116291046,0.5560821294784546,0.0422093023255813,0.2594149681585156,-0.062717860673222,0.1744186046511628,0.0
9108,SEG_B,SEG_C,0.18567636609077454,0.2583900988101959,0.5559335350990295,0.5559335350990295,0.0333175736030514,1.6147801252372591,1.0990766279003572,1.825581395348837,0.0192465116279069
20121,SEG_A,SEG_B,0.22073203325271606,0.5559291839599609,0.22333881258964539,0.5559291839599609,0.0804338526728189,2.8543812501858894,2.2614809671459346,2.918604651162791,0.0502189096656704
10401,SEG_A,SEG_C,0.3202534317970276,0.1239330843091011,0.5558134913444519,0.5558134913444519,0.0150744186046511,0.837484256647686,0.4800244551284437,1.2674418604651163,0.0073116279069767
7009,SEG_B,SEG_C,0.003247260581701994,0.44096261262893677,0.5557901263237,0.5557901263237,0.4032841829647665,7.377293543094584,6.032303363260017,8.660580586730298,0.20798600853904
6815,SEG_A,SEG_C,0.3084695041179657,0.13575275242328644,0.5557777881622314,0.5557777881622314,0.0129023255813953,1.0136235431855676,0.6315438719059758,1.337209302325581,0.0241581395348837
21,SEG_B,SEG_A,0.5555892586708069,0.18240126967430115,0.2620094418525696,0.5555892586708069,0.0044302325581395,0.7319284054423217,0.2869022225195161,0.7093023255813954,0.0264325581395348
13796,SEG_B,SEG_C,0.10320419073104858,0.3412759602069855,0.5555198192596436,0.5555198192596436,0.0734477183328001,1.5712841253791712,1.06730735101619,2.058139534883721,0.1501933282703216
3960,SEG_C,SEG_B,0.01640481688082218,0.5554001331329346,0.428195059299469,0.5554001331329346,0.1833385038356096,2.946889468362514,2.354531351280787,2.8488372093023258,0.0863790697674418
12634,SEG_B,SEG_C,0.10734609514474869,0.33740338683128357,0.5552505254745483,0.5552505254745483,0.0888232558139534,5.148565477877618,4.602073158123378,5.934129910548677,0.1792751811409203
5965,SEG_B,SEG_C,0.0290664229542017,0.4158855080604553,0.5550480484962463,0.5550480484962463,0.165954782905377,2.558716052010715,1.9491892610951391,2.5348837209302326,0.0651908501816724
14317,SEG_A,SEG_B,0.3152904212474823,0.5549293160438538,0.12978029251098633,0.5549293160438538,0.1061430671700094,0.7078299895339969,0.3726712096164066,0.5930232558139535,0.0074837209302325
3243,SEG_A,SEG_B,0.2875016927719116,0.5549119710922241,0.15758627653121948,0.5549119710922241,0.0433535762004839,1.7617476451492735,1.2609243754625568,2.383720930232558,0.0424699199491143
1637,SEG_A,SEG_B,0.0969369113445282,0.5547602772712708,0.34830281138420105,0.5547602772712708,0.0689186046511627,1.767636989338868,1.193405349966718,2.2674418604651163,0.050953488372093
2264,SEG_B,SEG_C,0.0021880213171243668,0.44315364956855774,0.5546582937240601,0.5546582937240601,0.3229033795220861,3.140450869510519,2.5842551685178536,1.825581395348837,0.189024628379238
7175,SEG_B,SEG_C,0.2544020712375641,0.1910383105278015,0.554559588432312,0.554559588432312,0.0242720930232558,2.060897947599028,1.5177292445514703,2.6744186046511627,0.0891093023255814
12555,SEG_C,SEG_A,0.5545584559440613,0.2888004183769226,0.15664108097553253,0.5545584559440613,0.0281488372093023,0.5897415429372218,0.2456650835767426,0.6162790697674418,0.0254976744186046
8754,SEG_A,SEG_B,0.2481735795736313,0.554550051689148,0.19727636873722076,0.554550051689148,0.0868674418604651,1.532311567594416,0.9758002779697802,1.7906976744186047,0.0
7713,SEG_A,SEG_C,0.26769015192985535,0.17784419655799866,0.5544657111167908,0.5544657111167908,0.0212790697674418,2.2477072357334187,1.6301434938472554,4.3023255813953485,0.0414162790697674
11010,SEG_A,SEG_B,0.21267692744731903,0.5543323755264282,0.23299063742160797,0.5543323755264282,0.0810790697674418,1.174480691110993,0.691211835890592,1.441860465116279,0.0145302325581395
17354,SEG_B,SEG_C,0.0034933362621814013,0.4422590136528015,0.5542476773262024,0.5542476773262024,0.349900374206143,7.147805227456274,5.92602452410131,8.707611861625159,0.2945263059590301
10875,SEG_A,SEG_B,0.33124056458473206,0.5541772246360779,0.11458221822977066,0.5541772246360779,0.1035896666263072,0.5388572543593565,0.1748537417217973,0.2790697674418604,0.0
2230,SEG_C,SEG_B,0.010657592676579952,0.5541639924049377,0.43517839908599854,0.5541639924049377,0.3026983770457318,4.3214169818371175,3.768986119961071,4.756333600476258,0.1962523828487283
9041,SEG_B,SEG_C,0.03854342922568321,0.4073357880115509,0.5541207790374756,0.5541207790374756,0.1481225760794057,2.879357746026096,2.268798125158001,3.116279069767442,0.0
12003,SEG_A,SEG_C,0.2591026723384857,0.18679670989513397,0.5541006326675415,0.5541006326675415,0.0213465116279069,2.675146510150766,2.020711516194749,3.441860465116279,0.0873093023255814
15180,SEG_C,SEG_B,0.03227964788675308,0.5539065599441528,0.41381382942199707,0.5539065599441528,0.1720479818179728,4.114029253075863,3.467188196143982,4.722229350027854,0.2481470836843344
6122,SEG_B,SEG_A,0.5538251399993896,0.1495736837387085,0.29660120606422424,0.5538251399993896,0.0192790697674418,0.8136341865786814,0.4242222668163045,0.9418604651162792,0.0097488372093023
7294,SEG_B,SEG_A,0.5537028312683105,0.28311577439308167,0.16318142414093018,0.5537028312683105,0.0358348837209302,0.3060330299966296,-0.0899614641379425,0.1860465116279069,0.0012186046511627
1904,SEG_C,SEG_B,0.10743272304534912,0.5536990165710449,0.33886826038360596,0.5536990165710449,0.1286546950769861,1.3155233888563675,0.8943810953812324,1.441860465116279,0.0
3586,SEG_A,SEG_C,0.3546989858150482,0.0916145071387291,0.5536864399909973,0.5536864399909973,0.0,1.6933549748993315,1.3328099722277966,2.5930232558139537,0.0299627906976744
12207,SEG_A,SEG_B,0.3679567277431488,0.5536765456199646,0.07836669683456421,0.5536765456199646,0.137821018060949,1.893229028080819,1.4752936630360942,2.441860465116279,0.0048744186046511
17063,SEG_B,SEG_A,0.5535857081413269,0.2942855954170227,0.15212871134281158,0.5535857081413269,0.0432837209302325,0.4003423624784915,0.0935267973273279,0.2674418604651162,0.0047627906976744
4729,SEG_B,SEG_A,0.55355304479599,0.21824464201927185,0.22820229828357697,0.55355304479599,0.0261767441860465,0.1218225036808401,-0.1186276914386794,0.1395348837209302,0.0
2627,SEG_B,SEG_C,0.19967761635780334,0.24677878618240356,0.5535436272621155,0.5535436272621155,0.0451966433704933,1.4390577049296651,1.0340095668102542,1.7906976744186047,0.0822164315770212
1541,SEG_A,SEG_C,0.24623934924602509,0.20024344325065613,0.55351722240448,0.55351722240448,0.0214279069767441,1.3091550919766557,0.7851351820057922,1.7093023255813953,0.0245837209302325
8423,SEG_B,SEG_A,0.5533928275108337,0.18311667442321777,0.2634904682636261,0.5533928275108337,0.004213953488372,0.3520124882479201,0.0400231889228298,0.5,0.0311720930232558
11973,SEG_C,SEG_B,0.14939072728157043,0.5529358386993408,0.29767343401908875,0.5529358386993408,0.0691139534883721,0.6485285509020275,0.2964354463496027,0.5348837209302325,0.004753488372093
9375,SEG_B,SEG_C,0.019455058500170708,0.42762479186058044,0.5529201626777649,0.5529201626777649,0.1443233436423444,1.8751529987760096,1.3514527994964636,1.6395348837209305,0.0721116279069767
1734,SEG_A,SEG_B,0.05789171904325485,0.5528228282928467,0.3892854154109955,0.5528228282928467,0.1665305838717031,1.1043052525145016,0.7479519032029398,0.5930232558139535,0.028288524600277
4035,SEG_A,SEG_B,0.3122909367084503,0.5527123212814331,0.13499677181243896,0.5527123212814331,0.0431931110842048,0.5648182640625832,0.1830091825199917,0.4186046511627907,0.0373813953488372
7644,SEG_C,SEG_A,0.5526880025863647,0.21720701456069946,0.2301049381494522,0.5526880025863647,0.0,0.7754066663118869,0.5279648251788098,1.0348837209302326,0.0144976744186046
16043,SEG_A,SEG_B,0.4076179563999176,0.552548885345459,0.039833154529333115,0.552548885345459,0.0494720930232558,0.2407446827381902,-0.1109364509551805,0.0813953488372093,0.0024372093023255
12705,SEG_C,SEG_B,0.22601033747196198,0.5524731278419495,0.22151657938957214,0.5524731278419495,0.0762779508909396,0.7235023858939563,0.4362004348437746,0.5581395348837209,0.0194860465116279
20282,SEG_A,SEG_B,0.10529064387083054,0.5524197220802307,0.34228968620300293,0.5524197220802307,0.113560465116279,3.7853866682664994,3.1163536016265776,3.8372093023255816,0.150609607340089
3767,SEG_C,SEG_A,0.5524031519889832,0.1291782706975937,0.3184185326099396,0.5524031519889832,0.0153162790697674,0.7778546467280436,0.3693554420883904,0.813953488372093,0.0
6426,SEG_B,SEG_C,0.024766817688941956,0.4229699373245239,0.5522632598876953,0.5522632598876953,0.2204712376319262,2.739964167243184,2.041661329772157,2.8255813953488373,0.0850444910610192
14986,SEG_B,SEG_A,0.552232027053833,0.22178906202316284,0.22597892582416534,0.552232027053833,0.0324488372093023,0.6220353715431146,0.2513266739503667,0.8023255813953488,0.0073116279069767
11557,SEG_C,SEG_B,0.09141045808792114,0.55218905210495,0.3564004898071289,0.55218905210495,0.1218280826335259,2.917957785051871,2.3158283870852285,3.883720930232558,0.0196395348837209
1943,SEG_A,SEG_B,0.09749400615692139,0.5521724820137024,0.35033348202705383,0.5521724820137024,0.0065058578676838,0.1886718819292923,-0.1275752965611125,0.2441860465116279,0.0094976744186046
4624,SEG_A,SEG_B,0.14708080887794495,0.5521546006202698,0.3007645308971405,0.5521546006202698,0.1337199870128377,0.9311638550369856,0.5809908677380693,0.5813953488372093,0.0316837209302325
1506,SEG_B,SEG_C,0.042325012385845184,0.40554043650627136,0.5521345138549805,0.5521345138549805,0.0461837209302325,2.483555957639296,1.87951503359414,2.9653761025637104,0.1182009150435229
11432,SEG_B,SEG_A,0.5521090626716614,0.28445208072662354,0.1634388267993927,0.5521090626716614,0.0289279069767441,0.5666187713976549,0.2373067899445298,1.1046511627906976,0.0
6902,SEG_B,SEG_A,0.5520694255828857,0.27734410762786865,0.1705864518880844,0.5520694255828857,0.0713979379037773,0.717550955244532,0.251545378999299,0.6162790697674418,0.020653488372093
7683,SEG_A,SEG_C,0.21427509188652039,0.233693465590477,0.5520314574241638,0.5520314574241638,0.0500627906976744,2.301633760842957,1.7740021454708517,2.953488372093023,0.0096860465116279
7470,SEG_B,SEG_C,0.0443018302321434,0.4037737250328064,0.551924467086792,0.551924467086792,0.0951048268195725,2.13774324588012,1.6633525060216976,2.604651162790698,0.079260465116279
4691,SEG_A,SEG_B,0.1461544781923294,0.5518511533737183,0.30199435353279114,0.5518511533737183,0.0608953488372093,0.3457949727706526,0.1245376460765878,0.7093023255813954,0.0
10588,SEG_B,SEG_C,0.006082745268940926,0.44214728474617004,0.5517699718475342,0.5517699718475342,0.3440847748709233,7.36454443801991,5.86964397611096,8.472455487150848,0.281269386482177
5953,SEG_C,SEG_A,0.5516756176948547,0.1829334944486618,0.26539090275764465,0.5516756176948547,0.0279489250376932,0.4623756053429834,0.0926510424896182,0.627906976744186,0.0092093023255813
10951,SEG_A,SEG_B,0.1811472624540329,0.5515792369842529,0.26727351546287537,0.5515792369842529,0.112288547749805,0.8415642240079472,0.4867475526101264,0.5465116279069767,0.040553488372093
11856,SEG_A,SEG_C,0.33801570534706116,0.11056989431381226,0.551414430141449,0.551414430141449,0.013353488372093,2.4520071665513634,1.913328923474077,3.965116279069768,0.0402395348837209
5176,SEG_B,SEG_C,0.14035584032535553,0.30829057097435,0.5513536334037781,0.5513536334037781,0.0512418604651162,1.503751796072588,1.1617374603925987,2.6511627906976742,0.0286953488372093
12183,SEG_C,SEG_B,0.04383537173271179,0.5512572526931763,0.4049074351787567,0.5512572526931763,0.2135198991844468,3.3079500546974305,2.580660595378213,3.604651162790698,0.0652395348837209
3669,SEG_A,SEG_C,0.03164659067988396,0.4171387553215027,0.5512146353721619,0.5512146353721619,0.128467529688856,2.130071133343977,1.7969293803169557,2.3255813953488373,0.1047424704941316
9954,SEG_B,SEG_A,0.5512068271636963,0.23796811699867249,0.21082507073879242,0.5512068271636963,0.0044325581395348,1.099223032302698,0.6475853543123716,1.197674418604651,0.0146418604651162
6018,SEG_A,SEG_C,0.2994823753833771,0.14935335516929626,0.5511642694473267,0.5511642694473267,0.0,0.8191332730207724,0.4031088269031144,1.6395348837209305,0.0047488372093023
8287,SEG_B,SEG_C,0.09459755569696426,0.35426440834999084,0.5511380434036255,0.5511380434036255,0.1195349715493211,3.2998102868460912,2.7461803231377053,2.9186046511627906,0.0750722455305096
6676,SEG_A,SEG_C,0.24452263116836548,0.2044617235660553,0.5510156750679016,0.5510156750679016,0.0380418604651162,2.763779366305308,2.1253094138315105,3.3372093023255816,0.0247976744186046
8075,SEG_A,SEG_C,0.25408434867858887,0.1949240267276764,0.5509916543960571,0.5509916543960571,0.0367441860465116,0.913619995387863,0.4483786334886694,1.5348837209302326,0.0340581395348837
11806,SEG_A,SEG_C,0.28332486748695374,0.16574224829673767,0.5509328842163086,0.5509328842163086,0.0283,1.7424564951306476,1.1590392204954405,5.012407377458573,0.0554348837209302
5366,SEG_B,SEG_C,0.24227212369441986,0.2069580852985382,0.5507697463035583,0.5507697463035583,0.0303116279069767,0.6497170631330603,0.3580279258053567,1.1395348837209305,0.0096860465116279
1224,SEG_C,SEG_B,0.17374806106090546,0.5506845712661743,0.2755673825740814,0.5506845712661743,0.0839232558139534,1.905158497862452,1.4261126768114367,2.046511627906977,0.0425488372093023
6858,SEG_C,SEG_B,0.04935574159026146,0.5505852699279785,0.4000589847564697,0.5505852699279785,0.0901025012381771,2.1616642719032164,1.7928004966731177,2.604651162790698,0.0823164315770212
4582,SEG_B,SEG_C,0.19205352663993835,0.25742799043655396,0.5505185127258301,0.5505185127258301,0.0625046511627906,1.3269472974650989,1.053924774737948,1.5813953488372092,0.0048744186046511
12810,SEG_A,SEG_B,0.10849746316671371,0.5505104660987854,0.3409920632839203,0.5505104660987854,0.1211256692237397,3.104253856459428,2.294341030408959,2.941860465116279,0.0800150210391489
6197,SEG_B,SEG_C,0.0683547854423523,0.381258487701416,0.5503867268562317,0.5503867268562317,0.1056674418604651,2.293491565110957,1.7447181193053476,2.8255813953488373,0.0728164315770212
6214,SEG_C,SEG_B,0.03707202523946762,0.5501879453659058,0.4127400815486908,0.5501879453659058,0.1485862221684097,2.293864083869938,1.740368872102139,2.802325581395349,0.1491962638807323
1970,SEG_A,SEG_C,0.29750195145606995,0.15238240361213684,0.5501156449317932,0.5501156449317932,0.0214162790697674,1.67872030936796,1.304880450697526,1.941860465116279,0.0311813953488372
8121,SEG_A,SEG_C,0.2921515703201294,0.15776942670345306,0.5500789880752563,0.5500789880752563,0.0302046511627906,2.2258350628847143,1.836389266699865,2.616279069767442,0.0
8528,SEG_C,SEG_A,0.5500133037567139,0.1692398488521576,0.28074681758880615,0.5500133037567139,0.0155244625188466,0.6586752523371118,0.3267343498821378,1.0348837209302326,0.0
6296,SEG_A,SEG_B,0.17229238152503967,0.5499149560928345,0.27779269218444824,0.5499149560928345,0.1019186924795536,1.8959785713018649,1.474601048378387,1.813953488372093,0.0280372093023255
5594,SEG_C,SEG_A,0.5495032072067261,0.058746177703142166,0.3917505741119385,0.5495032072067261,0.0,1.2061181771415397,0.7939474681709737,1.6744186046511629,0.0
13140,SEG_C,SEG_A,0.549344003200531,0.2495272308588028,0.201128751039505,0.549344003200531,0.0130117157353676,0.5027672822095685,0.1605814559015362,0.3488372093023256,0.0136883720930232
14645,SEG_B,SEG_A,0.5493008494377136,0.3445003032684326,0.10619889944791794,0.5493008494377136,0.035306976744186,0.420050378727405,0.041352175883282,0.8255813953488372,0.0137955013444631
12043,SEG_B,SEG_A,0.5490952730178833,0.30229175090789795,0.14861299097537994,0.5490952730178833,0.0409162790697674,0.3176165895020666,-0.0241489343253039,0.1860465116279069,0.0118720930232558
15220,SEG_C,SEG_B,0.19379493594169617,0.5490692257881165,0.2571358382701874,0.5490692257881165,0.0795802764723349,1.1808401184964434,0.7548162633516365,1.2093023255813953,0.0073116279069767
3488,SEG_B,SEG_C,0.04165390878915787,0.4093111455440521,0.5490349531173706,0.5490349531173706,0.1729129224402607,3.2840366842282656,2.587163357390472,3.4069767441860463,0.0758866565406432
6917,SEG_B,SEG_C,0.1993495225906372,0.25164899230003357,0.5490015149116516,0.5490015149116516,0.0452255813953488,2.903094333580197,2.342230641667864,4.10672975074224,0.0143860465116279
9514,SEG_A,SEG_B,0.344598650932312,0.548934280872345,0.1064670979976654,0.548934280872345,0.0881989689518886,0.7418799780036544,0.3584339528500029,0.5,0.0071232558139534
11738,SEG_B,SEG_C,0.20228789746761322,0.24879807233810425,0.5489140152931213,0.5489140152931213,0.0273441860465116,0.9133716495485428,0.5798510598148897,1.2674418604651163,0.028806976744186
1860,SEG_B,SEG_A,0.5488725304603577,0.3036452829837799,0.14748221635818481,0.5488725304603577,0.0111511627906976,0.1848491299026129,-0.1326048394489163,0.4069767441860465,0.0
11463,SEG_C,SEG_B,0.14889822900295258,0.5488576292991638,0.3022441864013672,0.5488576292991638,0.0970720930232558,2.424431908892555,2.02214384326969,2.988372093023256,0.1774914602106877
1790,SEG_A,SEG_B,0.21360476315021515,0.5487960577011108,0.23759913444519043,0.5487960577011108,0.0826093023255813,0.8317456938605362,0.3081457936350338,0.7325581395348837,0.0098906976744186
5386,SEG_C,SEG_A,0.5487414598464966,0.38614875078201294,0.06510977447032928,0.5487414598464966,0.0311140413167629,0.5436030407593905,0.0747027676063639,0.686046511627907,0.0115767441860465
8058,SEG_A,SEG_C,0.29077938199043274,0.16059733927249908,0.548623263835907,0.548623263835907,0.0,1.242279105245419,0.6614884225516703,1.813953488372093,0.0540869615551508
13172,SEG_B,SEG_A,0.548499584197998,0.2840946912765503,0.16740570962429047,0.548499584197998,0.0495989689518886,0.4840969967892431,0.1047345021004506,0.4883720930232558,0.0239953488372093
7634,SEG_A,SEG_C,0.25962525606155396,0.19198563694953918,0.5483891367912292,0.5483891367912292,0.0,1.4588721551097157,1.0460514417514573,2.046511627906977,0.0193720930232558
2661,SEG_B,SEG_C,0.016992799937725067,0.4346844255924225,0.5483227968215942,0.5483227968215942,0.1609503073993681,5.268276434954072,4.712187060823968,5.1754578986269335,0.0023744186046511
7092,SEG_A,SEG_C,0.3769979178905487,0.07478620857000351,0.5482158660888672,0.5482158660888672,0.0192906976744186,1.915074592446739,1.4339115699346698,2.802325581395349,0.0410558139534883
8924,SEG_C,SEG_A,0.5481398105621338,0.23055772483348846,0.22130241990089417,0.5481398105621338,0.0344813953488372,0.2821386124563177,-0.0464273946402868,0.2558139534883721,0.0024372093023255
7450,SEG_A,SEG_C,0.3348909318447113,0.11706207692623138,0.5480470061302185,0.5480470061302185,0.0,1.2875046564844874,0.7861255422516543,1.825581395348837,0.0241186046511627
12111,SEG_A,SEG_B,0.19428126513957977,0.5479602813720703,0.25775840878486633,0.5479602813720703,0.0851930232558139,0.6858957302254626,0.3117361714989309,0.5232558139534884,0.0024372093023255
12240,SEG_A,SEG_B,0.13876895606517792,0.5479422807693481,0.31328877806663513,0.5479422807693481,0.0783897544546981,2.234731772599101,1.5982591761163372,2.604651162790698,0.0457001525072538
15238,SEG_A,SEG_B,0.40128883719444275,0.5479142069816589,0.05079694837331772,0.5479142069816589,0.0853465994562978,0.5573412804001916,0.182106152352095,0.313953488372093,0.0144348837209302
9152,SEG_B,SEG_A,0.5477283596992493,0.2658689618110657,0.18640264868736267,0.5477283596992493,0.0369930232558139,0.74333457506253,0.4358148701445095,0.7093023255813954,0.0
5699,SEG_C,SEG_B,0.050100814551115036,0.5477074980735779,0.4021916687488556,0.5477074980735779,0.1333489250376932,2.014989445301829,1.5814588450922502,1.9186046511627908,0.0048744186046511
2743,SEG_B,SEG_A,0.5476288795471191,0.25397664308547974,0.1983945220708847,0.5476288795471191,0.0087372093023255,0.3225657672999485,0.0471402805958759,0.9186046511627908,0.0024372093023255
13215,SEG_A,SEG_B,0.22469860315322876,0.5475785136222839,0.2277229279279709,0.5475785136222839,0.0939489250376932,1.1016710127188547,0.7536071891645101,1.1162790697674418,0.0024372093023255
17943,SEG_B,SEG_A,0.5475674271583557,0.395341694355011,0.05709091201424599,0.5475674271583557,0.0623269637570237,0.5051886541429408,0.1509891180625358,0.3488372093023256,0.0216837209302325
6694,SEG_B,SEG_A,0.547429621219635,0.30028021335601807,0.15229010581970215,0.547429621219635,0.0087255813953488,0.5609334255760737,0.327069103485523,0.6046511627906976,0.0036558139534883
4021,SEG_C,SEG_B,0.06467282772064209,0.5474194884300232,0.3879077136516571,0.5474194884300232,0.1870967311988842,2.2580934135135617,1.6478666192162674,1.9186046511627908,0.0347651162790697
7488,SEG_B,SEG_A,0.5474014282226562,0.19009199738502502,0.2625065743923187,0.5474014282226562,0.0399279069767441,0.5389636882904937,0.2781233819161086,0.7209302325581395,0.0
2174,SEG_A,SEG_B,0.07673140615224838,0.5471369028091431,0.37613171339035034,0.5471369028091431,0.0731698552702513,2.41727483399374,1.8386400062479675,2.744186046511628,0.0281860465116279
2546,SEG_B,SEG_C,0.07004471868276596,0.3828255534172058,0.5471296906471252,0.5471296906471252,0.1031023255813953,1.967989995210473,1.4017729031355333,2.8372093023255816,0.1171582920421375
13324,SEG_A,SEG_B,0.1859787106513977,0.5470839142799377,0.26693740487098694,0.5470839142799377,0.0968187803079445,1.3543362957444167,0.9161638319140866,1.686046511627907,0.0368234083212073
4360,SEG_C,SEG_B,0.0431123748421669,0.5468844175338745,0.4100031852722168,0.5468844175338745,0.1259233436423444,1.8552498536533448,1.3769835310128358,2.2209302325581395,0.1276837209302325
3471,SEG_B,SEG_C,0.02250969037413597,0.430683434009552,0.5468068718910217,0.5468068718910217,0.1869443617032934,3.977819215762641,3.240668313960188,4.454527666068795,0.2305444530884313
14339,SEG_B,SEG_C,0.047395240515470505,0.4059678614139557,0.5466368794441223,0.5466368794441223,0.237024901660801,3.613122136780536,2.9328962864398007,3.558139534883721,0.2011627527250865
4573,SEG_B,SEG_C,0.09586627036333084,0.3575497269630432,0.5465840101242065,0.5465840101242065,0.0665385916640005,1.5504408138647934,1.165249355239953,1.988372093023256,0.0678792222746957
7362,SEG_A,SEG_B,0.05680474266409874,0.5465361475944519,0.39665907621383667,0.5465361475944519,0.1377246381756284,2.871037553438703,2.328269795694392,2.732558139534884,0.0552395348837209
20456,SEG_A,SEG_C,0.0030008729081600904,0.45048049092292786,0.5465186834335327,0.5465186834335327,0.3523559246744587,7.0245718672177,5.5866912810872895,8.036766635638514,0.2567698440039385
2630,SEG_A,SEG_C,0.19285307824611664,0.26066967844963074,0.5464772582054138,0.5464772582054138,0.0546453927514047,2.023805722597697,1.6237464224912137,2.104651162790698,0.0071232558139534
2577,SEG_A,SEG_B,0.03400067612528801,0.546350359916687,0.4196489751338959,0.546350359916687,0.1457838087586234,3.057341887370357,2.47716941864584,3.267701683959059,0.1023406024344977
4712,SEG_C,SEG_B,0.024953996762633324,0.5461758375167847,0.42887014150619507,0.5461758375167847,0.1796677053456378,2.994377347608414,2.440382779333667,3.081395348837209,0.0822023255813953
4101,SEG_A,SEG_C,0.1285984367132187,0.3252742290496826,0.5461273789405823,0.5461273789405823,0.104013953488372,2.534901459918756,1.973942232799187,2.7906976744186047,0.0
2538,SEG_C,SEG_A,0.546112596988678,0.10818231105804443,0.3457050919532776,0.546112596988678,0.0,0.7674507299593778,0.3478871076030432,1.244186046511628,0.0023255813953488
9504,SEG_A,SEG_B,0.23056522011756897,0.5459855794906616,0.2234492152929306,0.5459855794906616,0.0455410050737867,0.8118514182321324,0.4702034928201844,0.6976744186046512,0.014560465116279
1971,SEG_B,SEG_C,0.033251818269491196,0.42076388001441956,0.5459843277931213,0.5459843277931213,0.1540165425549401,1.6081368740354427,1.269610317893019,1.313953488372093,0.057613953488372
4339,SEG_C,SEG_B,0.10020030289888382,0.5459601879119873,0.3538395166397095,0.5459601879119873,0.1375325581395348,1.4306494243698225,0.9448042939146422,1.430232558139535,0.013153488372093
3544,SEG_C,SEG_A,0.5459482669830322,0.27065569162368774,0.18339602649211884,0.5459482669830322,0.0425813953488372,0.6696113387614638,0.2477653409836958,0.5930232558139535,0.0146232558139534
14539,SEG_A,SEG_C,0.3772225081920624,0.07701600342988968,0.5457615256309509,0.5457615256309509,0.0,2.8854859595905844,2.340478296307858,4.140054530708816,0.0532
187,SEG_A,SEG_B,0.19489309191703796,0.5457000136375427,0.2594068944454193,0.5457000136375427,0.0043953488372093,0.0692707501818246,-0.1700527201151518,0.2906976744186046,0.0
8270,SEG_A,SEG_C,0.3269847631454468,0.12740348279476166,0.5456117391586304,0.5456117391586304,0.021360465116279,1.4963901158355952,1.0467284453128642,1.6511627906976745,0.0220117804142305
6348,SEG_B,SEG_C,0.0840296670794487,0.3706745207309723,0.5452958345413208,0.5452958345413208,0.0908976744186046,1.6696379472442482,1.1834328029114982,1.5116279069767442,0.0336813953488372
2829,SEG_A,SEG_C,0.21626126766204834,0.23865126073360443,0.545087456703186,0.545087456703186,0.0605396227121118,1.205843222819435,0.8955569663179708,1.965116279069768,0.0383046511627907
6470,SEG_B,SEG_C,0.06763642281293869,0.38728052377700806,0.5450830459594727,0.5450830459594727,0.0922930232558139,2.0440547779965588,1.5660797996103712,2.6744186046511627,0.0631303850653933
12859,SEG_B,SEG_A,0.5450447797775269,0.42331022024154663,0.03164499253034592,0.5450447797775269,0.0866395348837209,1.0562237241232506,0.6647428613143198,1.0232558139534884,0.0023255813953488
11494,SEG_C,SEG_B,0.20970574021339417,0.5450432300567627,0.24525102972984314,0.5450432300567627,0.1753491885228659,1.5704592624128573,1.071562394924647,1.4651162790697674,0.0
19068,SEG_A,SEG_C,0.26985183358192444,0.18515890836715698,0.5449892282485962,0.5449892282485962,0.0216976744186046,0.7940858212264736,0.4750935856367416,0.9069767441860463,0.0166209302325581
14160,SEG_B,SEG_C,0.06463967263698578,0.39058709144592285,0.5447732210159302,0.5447732210159302,0.0503279069767441,2.04492398843418,1.654963111071492,2.63953488372093,0.0635979794331123
9256,SEG_B,SEG_A,0.5446411967277527,0.11082925647497177,0.3445295989513397,0.5446411967277527,0.0,0.3464424458517375,0.0231406125740447,0.5,0.0096279069767441
15266,SEG_B,SEG_A,0.5444765686988831,0.3219709098339081,0.13355253636837006,0.5444765686988831,0.0609523694955908,1.0137654550937505,0.6421532493497341,1.3255813953488371,0.0012186046511627
12312,SEG_B,SEG_A,0.5444245338439941,0.27320417761802673,0.18237130343914032,0.5444245338439941,0.0108232558139534,0.3267965160626541,0.0021287480706865,0.4767441860465116,0.0205046511627907
1772,SEG_B,SEG_A,0.5443920493125916,0.1936987042427063,0.26190921664237976,0.5443920493125916,0.0146652041074606,1.3206322175509555,0.927078788927666,1.3953488372093024,0.0024372093023255
1430,SEG_A,SEG_C,0.2726699709892273,0.1830011010169983,0.5443289279937744,0.5443289279937744,0.0467232558139534,2.1364128217409046,1.6271656001248638,2.63953488372093,0.0
5520,SEG_B,SEG_A,0.5442880988121033,0.1222771480679512,0.3334347605705261,0.5442880988121033,0.0,0.3360385290830717,0.091707730384178,0.5813953488372093,0.0
16240,SEG_C,SEG_B,0.1339465081691742,0.5441895723342896,0.32186391949653625,0.5441895723342896,0.0924571084867724,2.126310467777128,1.5549280376122248,2.046511627906977,0.1470733130812864
2447,SEG_B,SEG_C,0.0049134003929793835,0.45100632309913635,0.5440802574157715,0.5440802574157715,0.3197241340978624,7.325951447577901,5.952015946860825,8.601661581364747,0.4118393829933693
5541,SEG_A,SEG_C,0.32575058937072754,0.130201056599617,0.5440483689308167,0.5440483689308167,0.0,0.911491316765118,0.5157943568666216,1.337209302325581,0.0240581395348837
7651,SEG_B,SEG_A,0.5439372062683105,0.11121862381696701,0.3448442220687866,0.5439372062683105,0.0,1.0609866425416423,0.856548269377987,1.988372093023256,0.0072209302325581
4659,SEG_C,SEG_A,0.5437939167022705,0.30114394426345825,0.15506212413311005,0.5437939167022705,0.0110593462397768,0.2163713125077608,-0.0932929763805559,0.2325581395348837,0.0
2100,SEG_A,SEG_B,0.35082677006721497,0.5437570810317993,0.10541611909866333,0.5437570810317993,0.064913953488372,0.2622265978393912,-0.0776717429597092,0.0465116279069767,0.0
3221,SEG_A,SEG_B,0.17410430312156677,0.543734073638916,0.2821616530418396,0.543734073638916,0.178757371971945,1.3716761570255265,0.9894155140012636,1.197674418604651,0.0121232558139534
8137,SEG_A,SEG_C,0.20870569348335266,0.24768659472465515,0.5436076521873474,0.5436076521873474,0.0426790697674418,1.2039008035761802,0.7255289973020581,2.13953488372093,0.0289325581395348
3314,SEG_B,SEG_C,0.19401729106903076,0.2623884379863739,0.5435943007469177,0.5435943007469177,0.0394488372093023,1.3102105617937665,0.8831003292529748,1.4186046511627908,0.0194348837209302
13554,SEG_B,SEG_A,0.5435601472854614,0.35340115427970886,0.1030387282371521,0.5435601472854614,0.0418906976744186,0.4290972628740709,0.07399830542487,0.3837209302325581,0.0012186046511627
3735,SEG_C,SEG_A,0.543533444404602,0.06508743762969971,0.39137908816337585,0.543533444404602,0.0,1.4754403703900805,1.010912543572135,2.0348837209302326,0.0
6782,SEG_A,SEG_C,0.35782095789909363,0.0986933633685112,0.543485701084137,0.543485701084137,0.0191162790697674,0.5359125822645593,0.096732118847167,0.627906976744186,0.0157958063589707
1464,SEG_B,SEG_A,0.5433584451675415,0.18631669878959656,0.2703248858451843,0.5433584451675415,0.0109663229839628,0.4960530750536605,0.1395438761691106,0.8023255813953488,0.0121860465116279
8158,SEG_A,SEG_B,0.26231104135513306,0.5433204770088196,0.19436848163604736,0.5433204770088196,0.0674012067048931,1.062680715945577,0.6206614580923318,1.6162790697674418,0.0097186046511627
1691,SEG_B,SEG_C,0.1304285228252411,0.32636502385139465,0.5432064533233643,0.5432064533233643,0.0631697674418604,1.3648998634097884,0.9433284348940262,1.4534883720930232,0.0345258864098565
7965,SEG_B,SEG_A,0.5431823134422302,0.307718425989151,0.14909927546977997,0.5431823134422302,0.047387253216521,0.9001383641104785,0.4726269871513944,0.9767441860465116,0.0121232558139534
1957,SEG_B,SEG_C,0.2472338229417801,0.20960479974746704,0.5431613922119141,0.5431613922119141,0.0260465116279069,0.9985720114239088,0.6265964062124512,0.9534883720930232,0.0
8948,SEG_A,SEG_B,0.14496716856956482,0.5430659055709839,0.3119669258594513,0.5430659055709839,0.0816348837209302,1.6790396111613717,1.2429804322501847,1.4069767441860466,0.0097488372093023
9384,SEG_A,SEG_C,0.3692581355571747,0.08780645579099655,0.5429354310035706,0.5429354310035706,0.0196,0.554733649087329,0.1219711354706289,1.1511627906976745,0.0024372093023255
16520,SEG_A,SEG_B,0.41856881976127625,0.5428943634033203,0.03853675723075867,0.5428943634033203,0.0554627906976744,0.2613662568960318,-0.0709172996540764,0.0465116279069767,0.0
12753,SEG_A,SEG_C,0.10960359126329422,0.34755417704582214,0.5428422689437866,0.5428422689437866,0.0633105090304745,2.0571112805195595,1.8111384641075383,2.686046511627907,0.0671790697674418
10028,SEG_A,SEG_B,0.1839611679315567,0.5427447557449341,0.27329403162002563,0.5427447557449341,0.0941511627906976,1.2526209355542548,0.7814024704334774,1.5465116279069768,0.0824071292514398
2806,SEG_A,SEG_B,0.08360904455184937,0.542718768119812,0.3736721873283386,0.542718768119812,0.2330538396856566,1.548702392989552,1.1880843070109532,0.872093023255814,0.0432302325581395
5916,SEG_A,SEG_C,0.24645459651947021,0.21091321110725403,0.5426321625709534,0.5426321625709534,0.0388978500753864,1.4954233409610984,1.0711542407315018,2.046511627906977,0.0193093023255813
1967,SEG_A,SEG_C,0.2109919637441635,0.24645023047924042,0.5425577759742737,0.5425577759742737,0.0127558139534883,0.3781952353076827,0.0808701296449071,0.6395348837209303,0.0048744186046511
2268,SEG_B,SEG_C,0.012837568297982216,0.4449097216129303,0.5422527194023132,0.5422527194023132,0.1737131859254334,2.893628155322584,2.564230041807733,2.953488372093023,0.1568353412426917
11951,SEG_A,SEG_B,0.23910123109817505,0.542249321937561,0.21864944696426392,0.542249321937561,0.0831896666263072,0.9135224309509872,1.314892605057163,1.1744186046511629,0.0012186046511627
4335,SEG_A,SEG_C,0.1852293759584427,0.27255797386169434,0.5422126650810242,0.5422126650810242,0.059521018060949,0.9431908892554948,0.5187580937768727,0.9767441860465116,0.0287860465116279
4745,SEG_A,SEG_B,0.05197443440556526,0.5421449542045593,0.4058806300163269,0.5421449542045593,0.1300191316215081,2.350159370917445,1.8644683184977155,2.0,0.0247072817586937
3469,SEG_C,SEG_B,0.3362804055213928,0.5421400666236877,0.12157954275608063,0.5421400666236877,0.0440837209302325,1.83682791407234,1.3610541297836445,2.3372093023255816,0.0036558139534883
694,SEG_C,SEG_B,0.013384920544922352,0.5420482158660889,0.44456687569618225,0.5420482158660889,0.3805001985493612,4.920366273758042,4.208832125845484,6.036442661893889,0.1412328631540425
4389,SEG_B,SEG_C,0.01647188700735569,0.441487193107605,0.5420409440994263,0.5420409440994263,0.2413907855028095,3.855712888265435,3.4893562938648204,4.023515637447432,0.0630675943677189
2270,SEG_C,SEG_A,0.5420249700546265,0.0523470900952816,0.405627965927124,0.5420249700546265,0.0,1.5807922232274316,1.0460867453999965,3.6165388932613847,0.0046511627906976
13195,SEG_B,SEG_A,0.5420010089874268,0.18307152390480042,0.2749274671077728,0.5420010089874268,0.0220511627906976,0.6259645575009314,0.338797347147589,0.6976744186046512,0.0
8195,SEG_A,SEG_C,0.3482373356819153,0.10977363586425781,0.5419889688491821,0.5419889688491821,0.0,0.8229028080818832,0.3981966648581289,1.3255813953488371,0.0264953488372093
4419,SEG_B,SEG_A,0.5417545437812805,0.3751126825809479,0.0831327810883522,0.5417545437812805,0.0513895787979163,0.3260426090504319,0.0518143095492678,0.2558139534883721,0.0
5573,SEG_A,SEG_C,0.3453916311264038,0.11285384744405746,0.5417544841766357,0.5417544841766357,0.0021488372093023,1.080251184077484,0.6470427929769276,0.9767441860465116,0.0024372093023255
6534,SEG_A,SEG_B,0.2447168380022049,0.5417132377624512,0.21356992423534393,0.5417132377624512,0.0772001756567818,0.9268710198144504,0.5835049434599162,1.0232558139534884,0.0024372093023255
12623,SEG_B,SEG_C,0.16351957619190216,0.29479536414146423,0.5416851043701172,0.5416851043701172,0.0406930232558139,1.5997197239813388,1.1128125398424091,2.104651162790698,0.028288524600277
3213,SEG_A,SEG_B,0.22394803166389465,0.541506826877594,0.23454509675502777,0.541506826877594,0.105156077438661,1.90616135768416,1.2613139115251124,0.0,0.1663531453849975
2862,SEG_C,SEG_B,0.03449529409408569,0.5414676666259766,0.42403703927993774,0.5414676666259766,0.1549978500753864,2.985623156772376,2.3171989030002,3.3488372093023258,0.1731891346292924
11296,SEG_A,SEG_C,0.24801984429359436,0.2105158567428589,0.5414642691612244,0.5414642691612244,0.0065930232558139,1.893965196104518,1.44563423933644,2.2790697674418605,0.0407441860465116
12423,SEG_B,SEG_C,0.05291401594877243,0.40563902258872986,0.5414469242095947,0.5414469242095947,0.1983481574747545,4.750479980674473,4.001317289522262,5.5124073774585725,0.1693314526161702
125,SEG_B,SEG_A,0.541416585445404,0.24150604009628296,0.217077374458313,0.541416585445404,0.0171255813953488,0.2130807301367676,-0.0430840771874017,0.3720930232558139,0.0
10661,SEG_A,SEG_B,0.08268169313669205,0.5413466095924377,0.3759716749191284,0.5413466095924377,0.1149651162790697,3.3271430333090155,2.695660457402701,3.4069767441860463,0.1510401449127362
5127,SEG_A,SEG_B,0.2897029221057892,0.5410860180854797,0.16921108961105347,0.5410860180854797,0.0759116279069767,0.7858638000461216,0.3529175678387478,0.6162790697674418,0.0
4467,SEG_B,SEG_A,0.5410178899765015,0.22157633304595947,0.23740576207637787,0.5410178899765015,0.0149232558139534,0.8858052613839961,0.5417369642826174,1.1511627906976745,0.0
13137,SEG_C,SEG_B,0.376857727766037,0.540993869304657,0.08214840292930603,0.540993869304657,0.0937384160072187,0.9561492203714544,0.5147995958846259,1.0465116279069768,0.0024372093023255
3829,SEG_B,SEG_A,0.5409649610519409,0.09298194199800491,0.36605313420295715,0.5409649610519409,0.0,0.5170737764532667,0.1381214990548531,0.686046511627907,0.0144976744186046
13673,SEG_B,SEG_C,0.09120790660381317,0.36784276366233826,0.5409493446350098,0.5409493446350098,0.0669720930232558,1.4114913167651182,0.98662920763748,1.965116279069768,0.0674372093023255
3768,SEG_B,SEG_C,0.0025708877947181463,0.4565875828266144,0.5408415198326111,0.5408415198326111,0.3176205139831831,2.773898852287443,2.233726947363812,2.0232558139534884,0.1066373618095794
2013,SEG_A,SEG_C,0.11608914285898209,0.34310972690582275,0.5408011078834534,0.5408011078834534,0.0930232558139534,0.91483511610168,0.4916807261898568,1.1744186046511629,0.0
5661,SEG_B,SEG_A,0.5406196117401123,0.17146286368370056,0.28791752457618713,0.5406196117401123,0.0272860465116279,0.5996665070157701,0.3092580005886097,0.8488372093023255,0.0035651162790697
10955,SEG_A,SEG_B,0.3132464289665222,0.5405027270317078,0.1462508589029312,0.5405027270317078,0.0794582273632746,1.4035885973781774,1.0344479732831788,0.8255813953488372,0.0239953488372093
3262,SEG_A,SEG_C,0.29312342405319214,0.16641628742218018,0.5404602885246277,0.5404602885246277,0.0067209302325581,1.237170276550831,0.7789353658325097,1.5813953488372092,0.0360813953488372
6340,SEG_C,SEG_B,0.026660088449716568,0.5404213070869446,0.4329185485839844,0.5404213070869446,0.2276863099968006,3.768560630682388,3.12144839869485,3.919124298150676,0.0993910026889262
10687,SEG_B,SEG_A,0.5403585433959961,0.3120570778846741,0.14758439362049103,0.5403585433959961,0.0606860465116279,0.3826920688982315,0.0312136114154835,0.4534883720930232,0.0
12490,SEG_A,SEG_C,0.41546034812927246,0.04419291764497757,0.5403467416763306,0.5403467416763306,0.0,2.3589661717488872,1.704619327570787,3.4186046511627906,0.0024372093023255
3524,SEG_A,SEG_C,0.2505851089954376,0.209426611661911,0.5399882793426514,0.5399882793426514,0.0361116279069767,1.655491103897256,1.1547590391594442,1.5232558139534884,0.0216209302325581
3826,SEG_C,SEG_B,0.15919552743434906,0.5399609208106995,0.30084356665611267,0.5399609208106995,0.0837839844154052,1.5035838826517858,1.2250206134486354,1.2906976744186047,0.0
13336,SEG_A,SEG_B,0.00883745402097702,0.5399320125579834,0.45123055577278137,0.5399320125579834,0.2998460953785319,3.2731137160893304,2.357370085002413,2.6516824376855603,0.1907850555229291
6414,SEG_C,SEG_A,0.5398122668266296,0.07667134702205658,0.3835163712501526,0.5398122668266296,0.0,0.2202827594770546,-0.1124662757252112,0.7674418604651163,0.0
9287,SEG_B,SEG_C,0.06966095417737961,0.3906160593032837,0.5397229790687561,0.5397229790687561,0.1045162790697674,2.898135072347724,2.289103903513839,4.174678428145105,0.1879436905521622
14096,SEG_A,SEG_B,0.27380669116973877,0.5396502614021301,0.1865430474281311,0.5396502614021301,0.091053488372093,0.5940521171482802,0.2224309473021818,0.2674418604651162,0.0
6368,SEG_B,SEG_C,0.14806842803955078,0.31229716539382935,0.5396344065666199,0.5396344065666199,0.1190189559647263,1.3780710623880228,0.8860979684748489,1.337209302325581,0.0072488372093023
7653,SEG_A,SEG_C,0.08123085647821426,0.3792501986026764,0.5395189523696899,0.5395189523696899,0.1249767441860465,3.517758548421893,2.7809655948034075,3.802585404889292,0.0192465116279069
10542,SEG_A,SEG_C,0.21832187473773956,0.24228593707084656,0.5393921732902527,0.5393921732902527,0.0513093023255813,1.0255264044844166,0.531508937852174,2.941860465116279,0.0491818528705987
17694,SEG_A,SEG_B,0.40837520360946655,0.539204478263855,0.05242032930254936,0.539204478263855,0.0517732997281489,0.7928174835470881,0.4419160912550008,0.627906976744186,0.0
3113,SEG_C,SEG_A,0.5389487743377686,0.34116658568382263,0.1198846623301506,0.5389487743377686,0.044888547749805,0.8786475795150162,0.4990146414341061,0.9767441860465116,0.0
4019,SEG_B,SEG_A,0.5388736724853516,0.34373852610588074,0.1173878163099289,0.5388736724853516,0.0904025012381771,0.8770954180192646,0.5078659474213573,0.7093023255813954,0.0
8518,SEG_B,SEG_C,0.19254286587238312,0.26858454942703247,0.5388725996017456,0.5388725996017456,0.0985291136816373,1.0058095187412417,0.5991069532598918,3.302325581395349,0.0481790697674418
6430,SEG_A,SEG_C,0.23260445892810822,0.22856594622135162,0.5388296246528625,0.5388296246528625,0.0430906976744186,1.0702818725276286,0.6606111618988161,1.5,0.0262953488372093
8095,SEG_A,SEG_C,0.3721483051776886,0.08908786624670029,0.5387638211250305,0.5387638211250305,0.0,0.7930392209036241,0.4239249729338694,1.244186046511628,0.0192465116279069
14564,SEG_C,SEG_A,0.5386703610420227,0.1568812131881714,0.3044484257698059,0.5386703610420227,0.0,0.5076898515246661,0.270410463753682,0.8255813953488372,0.0214953488372093
1450,SEG_B,SEG_C,0.3525457978248596,0.10883837938308716,0.5386157631874084,0.5386157631874084,0.0,0.699191102123357,0.3476957246662256,1.1046511627906976,0.0047325581395348
3455,SEG_B,SEG_C,0.035458873957395554,0.4259980320930481,0.5385431051254272,0.5385431051254272,0.1038035322862884,2.689780568711972,2.0964934969179407,3.186046511627907,0.1988178041423057
4136,SEG_C,SEG_B,0.020869944244623184,0.5385397672653198,0.4405902922153473,0.5385397672653198,0.1746024134097862,4.220905444985851,3.4784822670805142,3.942120288610222,0.0768441860465116
13827,SEG_B,SEG_A,0.5385103821754456,0.23219408094882965,0.2292955368757248,0.5385103821754456,0.0193232558139534,0.7065616518546113,0.3790645647989178,1.0116279069767442,0.0097488372093023
13145,SEG_B,SEG_C,0.004471174441277981,0.4571508765220642,0.5383779406547546,0.5383779406547546,0.3627138007241697,7.079578042746473,5.925874700027184,8.387682432892381,0.3493588261259771
7184,SEG_A,SEG_C,0.27089959383010864,0.1907503604888916,0.5383500456809998,0.5383500456809998,0.0446000878283908,2.174764514927359,1.647658243529012,3.63953488372093,0.0070744186046511
9793,SEG_A,SEG_B,0.3704007863998413,0.538305938243866,0.09129326790571213,0.538305938243866,0.1040943177890979,1.3748869139481668,0.9429485904741832,1.302325581395349,0.0121860465116279
6502,SEG_C,SEG_B,0.03341234102845192,0.5382888317108154,0.4282987713813782,0.5382888317108154,0.1594303203865304,1.808028666205453,1.4952418287347424,1.1744186046511629,0.10023858186761
7227,SEG_A,SEG_B,0.2082856148481369,0.5382859706878662,0.2534283697605133,0.5382859706878662,0.0545837209302325,0.3926347719653025,0.0587440324446723,0.1976744186046511,0.0
10252,SEG_B,SEG_A,0.5381397008895874,0.18947698175907135,0.27238327264785767,0.5381397008895874,0.0109883720930232,1.131170950632395,0.7934594107139761,3.5,0.0
3412,SEG_C,SEG_A,0.5380327105522156,0.053631316870450974,0.40833598375320435,0.5380327105522156,0.0,0.4989977471484577,0.2332394380154642,1.197674418604651,0.0
6593,SEG_A,SEG_C,0.1544845849275589,0.30752551555633545,0.5379899144172668,0.5379899144172668,0.0232325581395348,1.357343054299044,1.0215550858176692,3.802845228383234,0.0723768966933003
6698,SEG_A,SEG_C,0.25633615255355835,0.2057037502527237,0.5379601120948792,0.5379601120948792,0.0455117157353676,1.3854327426250157,0.944237600842214,1.5,0.0121860465116279
11867,SEG_A,SEG_B,0.13335773348808289,0.5379601120948792,0.32868215441703796,0.5379601120948792,0.0980453927514047,1.8552232451705608,1.4313033052787163,2.2790697674418605,0.0664142585028797
13261,SEG_A,SEG_C,0.10917486995458603,0.3528721332550049,0.5379529595375061,0.5379529595375061,0.1322745942614329,1.6505691415523236,1.2503871905764494,1.4883720930232558,0.0409302325581395
4541,SEG_B,SEG_C,0.0020354818552732468,0.4600122272968292,0.5379523038864136,0.5379523038864136,0.4394799709439302,5.865764688202519,5.178617546157962,5.2447056934995135,0.1002303850653933
7236,SEG_B,SEG_C,0.017734844237565994,0.444340318441391,0.5379248857498169,0.5379248857498169,0.1307782143761123,4.283402329432597,3.5126462480236498,4.395608660703245,0.0802536408793468
14735,SEG_B,SEG_A,0.5377753973007202,0.42560911178588867,0.03661549463868141,0.5377753973007202,0.0393757131379351,0.1528746030901318,-0.1072492616035786,0.0,0.0
15521,SEG_A,SEG_B,0.25411391258239746,0.5377134084701538,0.20817263424396515,0.5377134084701538,0.0972558139534883,1.1281109751121994,0.5827139593799968,1.0,0.0691420129723701
11986,SEG_B,SEG_C,0.0968041718006134,0.365524023771286,0.5376718044281006,0.5376718044281006,0.0656255813953488,1.057225976974793,0.6777310758411296,1.3604651162790695,0.0845213877543196
12563,SEG_C,SEG_B,0.1082548201084137,0.5376477837562561,0.3540973961353302,0.5376477837562561,0.0895629663544562,3.459821797965855,2.802497187113979,4.860984763266956,0.1768889821220385
1376,SEG_A,SEG_C,0.2890435755252838,0.1734260618686676,0.5375303030014038,0.5375303030014038,0.0343860465116279,0.913699820836216,0.4967960390545063,0.9883720930232558,0.0023023255813953
14393,SEG_C,SEG_B,0.044600218534469604,0.5374670028686523,0.41793277859687805,0.5374670028686523,0.2313132737538243,3.6948823488227935,3.0675319434620576,3.82584121884278,0.1810043081756951
8465,SEG_A,SEG_C,0.32082775235176086,0.141781285405159,0.5373910069465637,0.5373910069465637,0.0326395348837209,2.8894240150426627,2.259442837557458,3.825581395348837,0.014681547856091
10834,SEG_A,SEG_C,0.3697485327720642,0.0929088220000267,0.5373426079750061,0.5373426079750061,0.0,0.6673939651961045,0.2644410503392866,1.2325581395348837,0.0
5303,SEG_A,SEG_C,0.2586641311645508,0.20403730869293213,0.5372985601425171,0.5372985601425171,0.0300279069767441,1.5042307487627058,0.9808635644050036,1.965116279069768,0.0284674418604651
7458,SEG_A,SEG_C,0.283691942691803,0.17903946340084076,0.5372686386108398,0.5372686386108398,0.0371046511627906,1.1915278590814753,0.7596143602855012,1.372093023255814,0.0073116279069767
3865,SEG_B,SEG_C,0.040225155651569366,0.4225301146507263,0.5372447371482849,0.5372447371482849,0.1403442738749025,2.7073066893725724,2.098401861644585,3.453488372093023,0.048974571111905
6527,SEG_A,SEG_C,0.308842271566391,0.15397532284259796,0.5371823906898499,0.5371823906898499,0.0439116279069767,1.45136856296454,1.0591503340840005,1.8953488372093024,0.0046046511627906
9549,SEG_A,SEG_C,0.23788222670555115,0.22495494782924652,0.5371627807617188,0.5371627807617188,0.0576186046511627,0.8618576268781154,0.4507589996441762,1.0232558139534884,0.053381547856091
10543,SEG_B,SEG_A,0.5370485186576843,0.23878036439418793,0.22417113184928894,0.5370485186576843,0.0,1.5153176165895024,1.1334459333913058,1.4883720930232558,0.0625511627906976
9429,SEG_A,SEG_B,0.33861222863197327,0.5369490385055542,0.12443874776363373,0.5369490385055542,0.0590093023255813,0.8538218650772533,0.577649860225235,0.7558139534883721,0.0336186046511627
3235,SEG_B,SEG_C,0.3900613486766815,0.07300886511802673,0.5369297862052917,0.5369297862052917,0.0042883720930232,1.7881521295655725,1.282779127987494,1.965116279069768,0.0478651162790697
756,SEG_C,SEG_B,0.0439489372074604,0.5369219183921814,0.4191291332244873,0.5369219183921814,0.1533977622469955,2.9344195664010986,2.344668840061824,4.255813953488372,0.0940629432049282
7714,SEG_B,SEG_C,0.015907559543848038,0.44718724489212036,0.5369051694869995,0.5369051694869995,0.2188806277858986,2.8544072516985084,2.349441283788163,2.941860465116279,0.1450754861554279
1738,SEG_C,SEG_A,0.5368536114692688,0.1368422657251358,0.3263041079044342,0.5368536114692688,0.0021441860465116,0.4583754634310752,0.2474525630448839,0.5348837209302325,0.0023302325581395
162,SEG_A,SEG_B,0.3946426808834076,0.5368081331253052,0.06854917109012604,0.5368081331253052,0.0585627906976744,0.6779043158959076,0.3152808468134769,0.5,0.0
5784,SEG_B,SEG_A,0.5368039608001709,0.17028164863586426,0.29291436076164246,0.5368039608001709,0.0278883720930232,0.6802103844038814,0.413826890727156,0.8837209302325582,0.0061348837209302
14639,SEG_A,SEG_B,0.16610336303710938,0.536747395992279,0.2971492409706116,0.536747395992279,0.0879697674418604,1.903412421433279,1.475103580203025,1.4418604651162792,0.0240581395348837
1916,SEG_B,SEG_A,0.5367108583450317,0.39129361510276794,0.0719955712556839,0.5367108583450317,0.0980081834490791,0.729844074290884,0.3853006392244795,0.5465116279069767,0.0046046511627906
18313,SEG_C,SEG_A,0.5365568995475769,0.24759678542613983,0.21584627032279968,0.5365568995475769,0.0087906976744186,0.2382700938392493,-0.0449378284168357,0.2906976744186046,0.0
17792,SEG_B,SEG_C,0.005253204144537449,0.45819640159606934,0.5365504026412964,0.5365504026412964,0.3435708213825512,5.7212026221458485,5.350238796796869,7.148628706008929,0.2527173086479564
596,SEG_A,SEG_B,0.24884243309497833,0.5365414023399353,0.21461614966392517,0.5365414023399353,0.0904744186046511,0.6232150142798858,0.2763960457154715,0.5697674418604651,0.038806976744186
5031,SEG_A,SEG_C,0.30296456813812256,0.16060347855091095,0.5364319682121277,0.5364319682121277,0.0194512506190885,2.309935607471662,1.672627432400455,3.2906976744186047,0.0272209302325581
4164,SEG_A,SEG_C,0.4245730936527252,0.03910648822784424,0.5363203883171082,0.5363203883171082,0.0,2.12891809908999,1.5772642025958712,2.511627906976744,0.0
11522,SEG_C,SEG_A,0.5362696647644043,0.18551227450370789,0.2782180905342102,0.5362696647644043,0.015153488372093,1.2408422471750662,0.7560796598957985,2.313953488372093,0.0
4590,SEG_B,SEG_C,0.09070174396038055,0.37319937348365784,0.536098837852478,0.536098837852478,0.171802589066568,2.755540820076764,2.2438759433500306,2.372093023255814,0.0072488372093023
11188,SEG_C,SEG_B,0.025340408086776733,0.5360803008079529,0.4385792911052704,0.5360803008079529,0.1539315270914235,2.770998527663953,2.2260072757418183,2.872093023255814,0.1080865040333893
2564,SEG_C,SEG_B,0.0034280710387974977,0.5360634326934814,0.4605085253715515,0.5360634326934814,0.2271747699182147,5.265479137498943,4.840832635973658,7.791021648163229,0.1193074342659475
11490,SEG_B,SEG_C,0.2969808280467987,0.1670485883951187,0.5359705686569214,0.5359705686569214,0.0303395348837209,2.4047416316321644,1.7705987498792246,2.5232558139534884,0.0318162790697674
7932,SEG_A,SEG_C,0.3295890986919403,0.1345912367105484,0.5358196496963501,0.5358196496963501,0.0,1.545741195846562,1.2165600972565451,1.813953488372093,0.0256581395348837
5097,SEG_A,SEG_C,0.26935920119285583,0.19499409198760986,0.5356467366218567,0.5356467366218567,0.0251279069767441,1.2632199811966722,1.071694277835998,1.7790697674418603,0.0048744186046511
2593,SEG_C,SEG_A,0.535581111907959,0.16428110003471375,0.30013778805732727,0.535581111907959,0.0436511627906976,0.6349227467049829,0.3243154188994675,0.8372093023255814,0.0
9760,SEG_A,SEG_C,0.34228646755218506,0.1221563071012497,0.535557210445404,0.535557210445404,0.0,2.035559623404597,1.7024591191803948,2.8726126702437,0.0144348837209302
6001,SEG_C,SEG_B,0.27989494800567627,0.535549521446228,0.1845555454492569,0.535549521446228,0.0654976744186046,0.3898408812729498,0.0464075750481243,0.4302325581395348,0.0048116279069767
2617,SEG_A,SEG_C,0.3070128560066223,0.15754084289073944,0.535446286201477,0.535446286201477,0.0042883720930232,0.8250226172103666,0.4071916628885569,1.313953488372093,0.0608581395348837
12485,SEG_C,SEG_B,0.06749129295349121,0.5353488922119141,0.3971598446369171,0.5353488922119141,0.1420931989125957,2.601325102442659,1.9732743928959933,2.9302325581395348,0.1714737706030479
383,SEG_C,SEG_B,0.2953130006790161,0.5353127121925354,0.16937433183193207,0.5353127121925354,0.0455651162790697,0.3537509091231618,-0.0001226337265045,0.2325581395348837,0.0190511627906976
7260,SEG_B,SEG_C,0.18337580561637878,0.28133687376976013,0.5352873206138611,0.5352873206138611,0.0289930232558139,1.636874035442499,1.2459692310605954,2.058139534883721,0.0486955013444631
7387,SEG_C,SEG_B,0.04613853618502617,0.5352519154548645,0.4186095595359802,0.5352519154548645,0.1358175736030514,3.657453083039529,3.0354870651125925,4.210081796063224,0.0532418604651162
7946,SEG_B,SEG_C,0.12458765506744385,0.34022223949432373,0.5351901054382324,0.5351901054382324,0.0675813953488372,2.230217200020029,1.9574523329105928,3.058139534883721,0.0929162790697674
1045,SEG_A,SEG_B,0.21117234230041504,0.5351665019989014,0.2536611258983612,0.5351665019989014,0.0757767441860465,0.4751831550564987,0.1467987642484286,0.4302325581395348,0.0
8096,SEG_A,SEG_C,0.17397572100162506,0.2908687889575958,0.5351554751396179,0.5351554751396179,0.0395418604651162,1.420600287371614,0.8919596869495419,1.6511627906976745,0.0433744186046511
9292,SEG_A,SEG_B,0.12260455638170242,0.5350545048713684,0.34234094619750977,0.5350545048713684,0.0864687363937491,2.086656172874572,1.6523208082901817,2.2674418604651163,0.0434930232558139
10142,SEG_A,SEG_B,0.25277799367904663,0.5350151658058167,0.21220681071281433,0.5350151658058167,0.0609279069767441,0.6281021056179377,0.2840958921417794,0.4534883720930232,0.0431906976744186
7952,SEG_C,SEG_A,0.5347638726234436,0.13038289546966553,0.33485323190689087,0.5347638726234436,0.0063209302325581,0.6153921203412982,0.1952991643564454,0.9302325581395348,0.0263697674418604
7352,SEG_B,SEG_C,0.2542014718055725,0.2111150324344635,0.5346834659576416,0.5346834659576416,0.0043372093023255,1.262483813172973,0.7434613926731923,1.8953488372093024,0.0312860465116279
10203,SEG_B,SEG_C,0.019332116469740868,0.4460104703903198,0.5346574187278748,0.5346574187278748,0.2337211937177308,5.435863101143267,4.926754361299872,5.967194867021309,0.2103418224925284
9046,SEG_B,SEG_A,0.534545361995697,0.310051292181015,0.15540333092212677,0.534545361995697,0.019453488372093,0.1993684920085856,-0.0814077360823107,0.3488372093023256,0.0
17140,SEG_B,SEG_A,0.5345298051834106,0.2619979977607727,0.20347218215465546,0.5345298051834106,0.0345,0.1868713745942206,-0.155152722344856,0.4069767441860465,0.0144976744186046
10627,SEG_C,SEG_A,0.5343518257141113,0.24934500455856323,0.21630316972732544,0.5343518257141113,0.0170116279069767,1.6257339506501338,1.3437578194484705,1.848837209302325,0.0
4175,SEG_A,SEG_B,0.2384568452835083,0.5343512296676636,0.2271919548511505,0.5343512296676636,0.0673874288733028,0.3581945257481418,0.0624506643375673,0.1627906976744186,0.0121232558139534
7582,SEG_A,SEG_C,0.2110171914100647,0.25475063920021057,0.5342321395874023,0.5342321395874023,0.0367046511627906,4.0811222154256,3.261434793108464,5.024554931423203,0.0579279069767441
5099,SEG_B,SEG_A,0.533950686454773,0.3500756323337555,0.11597364395856857,0.533950686454773,0.0243465116279069,0.5629024533021127,0.1971894579589287,1.4534883720930232,0.0012186046511627
3626,SEG_A,SEG_C,0.3212796747684479,0.1448543816804886,0.5338659286499023,0.5338659286499023,0.0062232558139534,1.3228052436450073,0.8660794674647729,2.116279069767442,0.0121860465116279
1196,SEG_B,SEG_C,0.10935574769973755,0.3568047881126404,0.5338394641876221,0.5338394641876221,0.063060465116279,0.9923899739236868,0.592900622087449,1.4651162790697674,0.066553488372093
6532,SEG_A,SEG_B,0.3065539300441742,0.5336019396781921,0.15984411537647247,0.5336019396781921,0.0433674418604651,0.2559824738793393,0.0392465086549681,0.1744186046511628,0.0
3206,SEG_A,SEG_C,0.2709266245365143,0.19552093744277954,0.5335524082183838,0.5335524082183838,0.0475906976744186,0.7900147233604741,0.4244093142173367,1.162790697674419,0.0
12558,SEG_C,SEG_B,0.021864434704184532,0.533237874507904,0.4448976516723633,0.533237874507904,0.2055607286014517,5.189445583898748,4.6824567021415975,5.782187649369174,0.04729115519618
7302,SEG_B,SEG_C,0.08154358714818954,0.38525667786598206,0.5331997871398926,0.5331997871398926,0.0978129224402607,1.7935979990420947,1.3525047979821871,2.13953488372093,0.0838581395348837
2332,SEG_C,SEG_B,0.007192105986177921,0.5331427454948425,0.4596651494503021,0.5331427454948425,0.1992130102686516,2.2210721444663224,1.7084004066923422,1.930232558139535,0.197534235719327
17870,SEG_B,SEG_A,0.5330712199211121,0.4342285692691803,0.032700225710868835,0.5330712199211121,0.0932629663544562,0.5208610505029003,0.1867315730639455,0.7674418604651163,0.0
9770,SEG_B,SEG_C,0.24088500440120697,0.22607922554016113,0.5330357551574707,0.5330357551574707,0.0344767441860465,1.1828180157167438,0.7037435493421135,2.046511627906977,0.0317511627906976
12605,SEG_C,SEG_A,0.5329664945602417,0.16091427206993103,0.3061192035675049,0.5329664945602417,0.0,1.300090468841467,0.8160382617226695,1.2906976744186047,0.038960465116279
1743,SEG_C,SEG_A,0.5329114198684692,0.16260144114494324,0.30448710918426514,0.5329114198684692,0.0,1.1007929327869723,0.7423601665836721,1.6046511627906976,0.0157209302325581
4783,SEG_A,SEG_C,0.2911721467971802,0.17595736682415009,0.5328705310821533,0.5328705310821533,0.0084790697674418,0.946481471626488,0.5784242680996232,1.337209302325581,0.0179767441860465
3953,SEG_B,SEG_C,0.3677075207233429,0.09950996935367584,0.5327824950218201,0.5327824950218201,0.0,0.8747183935571995,0.5192467226930113,1.2093023255813953,0.0513629432049282
2425,SEG_A,SEG_C,0.151594877243042,0.31565290689468384,0.5327522158622742,0.5327522158622742,0.0584302325581395,1.8550813332623768,1.3138153705892115,2.232558139534884,0.0434302325581395
6607,SEG_A,SEG_C,0.2514903247356415,0.2159014195203781,0.5326082706451416,0.5326082706451416,0.0170674418604651,1.5634257534635374,1.1487542939707536,1.5813953488372092,0.1225612276525482
8490,SEG_A,SEG_C,0.4393000602722168,0.0282303374260664,0.5324695706367493,0.5324695706367493,0.0,1.9752008940450216,1.4463409316694786,2.976744186046512,0.0121860465116279
12840,SEG_B,SEG_A,0.5324471592903137,0.28288888931274414,0.18466396629810333,0.5324471592903137,0.0195837209302325,1.3252177460841184,0.9322603501626444,1.5232558139534884,0.0
5709,SEG_B,SEG_C,0.1829146146774292,0.2846654951572418,0.5324198603630066,0.5324198603630066,0.0614106846872563,1.199439447962677,0.8353138026213395,1.2209302325581397,0.0073116279069767
3293,SEG_A,SEG_C,0.28188851475715637,0.18570078909397125,0.532410740852356,0.532410740852356,0.016106976744186,1.8007379419225515,1.3810236076117144,1.8604651162790693,0.0421627906976744
12783,SEG_B,SEG_A,0.5323092341423035,0.3704189956188202,0.09727174788713455,0.5323092341423035,0.0289930232558139,0.2978819647703688,0.0289341271079993,0.2441860465116279,0.0155
15152,SEG_B,SEG_A,0.5321494936943054,0.1695951521396637,0.2982553243637085,0.5321494936943054,0.0107325581395348,0.6474464726021323,0.2197585210213762,0.813953488372093,0.0929074342659475
8929,SEG_C,SEG_A,0.5321328639984131,0.12486855685710907,0.34299856424331665,0.5321328639984131,0.0021976744186046,0.7712291345147501,1.0614660869916364,1.197674418604651,0.0554279069767441
3356,SEG_A,SEG_B,0.3788813352584839,0.5321211218833923,0.08899752050638199,0.5321211218833923,0.1499839844154052,0.9834761321909424,0.5911912001214632,0.3720930232558139,0.0047488372093023
11904,SEG_A,SEG_C,0.237687885761261,0.2302609086036682,0.5320512056350708,0.5320512056350708,0.0352441860465116,2.464167850153959,1.9566561822285151,2.6627906976744184,0.0423418604651162
8403,SEG_B,SEG_C,0.09513893723487854,0.37287649512290955,0.5319845676422119,0.5319845676422119,0.0756906976744186,2.011654515459529,1.6262929187074653,2.255813953488372,0.0623906976744186
8004,SEG_A,SEG_C,0.28483524918556213,0.18320633471012115,0.5319584608078003,0.5319584608078003,0.0106232558139534,1.4366984194561228,0.9552151946767792,1.9069767441860463,0.0275908501816724
5462,SEG_A,SEG_B,0.32573285698890686,0.5318289399147034,0.14243818819522858,0.5318289399147034,0.1062511627906976,0.5036276231529279,0.1726104299091707,0.2674418604651162,0.0166837209302325
8658,SEG_A,SEG_C,0.40757259726524353,0.06068060174584389,0.5317468047142029,0.5317468047142029,0.0,1.1833590548666917,0.7483326768093429,2.5348837209302326,0.0012186046511627
5414,SEG_B,SEG_C,0.11822182685136795,0.35007500648498535,0.5317031741142273,0.5317031741142273,0.0748418604651162,2.4698171110283296,2.001820925029916,3.116279069767442,0.0240581395348837
13310,SEG_B,SEG_A,0.5316745042800903,0.40168967843055725,0.06663580983877182,0.5316745042800903,0.0181813953488372,0.086725914888333,-0.2266605721420767,0.0232558139534883,0.0
11117,SEG_B,SEG_A,0.5316567420959473,0.4076177477836609,0.06072549894452095,0.5316567420959473,0.052487253216521,0.6340978837386693,0.380602208421381,0.6395348837209303,0.0
1363,SEG_A,SEG_B,0.4011259078979492,0.531641960144043,0.06723213940858841,0.531641960144043,0.093453488372093,0.9825448352934916,0.5812697401492647,0.6744186046511628,0.0157958063589707
2134,SEG_A,SEG_C,0.1663975566625595,0.30196258425712585,0.5316398739814758,0.5316398739814758,0.0844267881002419,1.5211448743192666,1.0458995815347296,1.813953488372093,0.0168720930232558
19097,SEG_A,SEG_B,0.07207070291042328,0.5315614938735962,0.3963678181171417,0.5315614938735962,0.127147806161191,2.947298072068705,2.3906395425105136,2.9651162790697674,0.086360465116279
910,SEG_B,SEG_A,0.5315409302711487,0.23734258115291595,0.23111648857593536,0.5315409302711487,0.0540348837209302,1.2129654267113692,0.7874327543977381,1.441860465116279,0.0222837209302325
8963,SEG_B,SEG_C,0.24605467915534973,0.2224508374929428,0.5314944982528687,0.5314944982528687,0.0109883720930232,1.246518723502386,1.1478145183467487,1.5465116279069768,0.0288790697674418
4410,SEG_B,SEG_C,0.005069711245596409,0.4634648859500885,0.5314654111862183,0.5314654111862183,0.247589842283089,4.3257783451330845,3.574521555492779,3.5930232558139537,0.0971547084301236
18283,SEG_B,SEG_C,0.2203480452299118,0.24819397926330566,0.5314580202102661,0.5314580202102661,0.0277255813953488,1.102123356926188,0.5497906129185577,1.2093023255813953,0.0830119329214844
16410,SEG_C,SEG_A,0.5314562320709229,0.17854668200016022,0.2899971008300781,0.5314562320709229,0.0,0.8973001259468185,0.4789887548588968,0.9651162790697676,0.0531674418604651
13078,SEG_B,SEG_C,0.022324567660689354,0.4463838040828705,0.531291663646698,0.531291663646698,0.2463875167016937,4.734886802792701,4.004913453611087,5.407756214667875,0.1886897446583077
10511,SEG_A,SEG_C,0.2769852578639984,0.19172845780849457,0.5312862396240234,0.5312862396240234,0.0215209302325581,1.0481613538396042,0.631689422035918,1.244186046511628,0.0432860465116279
13561,SEG_C,SEG_B,0.005021785385906696,0.531231701374054,0.4637465476989746,0.531231701374054,0.3157371443665141,5.080188725705704,4.522249037106864,5.058399358377664,0.1236103698763582
16274,SEG_B,SEG_C,0.024450460448861122,0.44444945454597473,0.5311000943183899,0.5311000943183899,0.2580950204162251,4.153383806084025,3.552792730490957,4.256073776982315,0.1778914602106877
6241,SEG_B,SEG_C,0.22719968855381012,0.2417011857032776,0.5310991406440735,0.5310991406440735,0.0558116279069767,0.9323967147393256,0.4561553459633684,1.0116279069767442,0.0
15366,SEG_B,SEG_A,0.5310543179512024,0.3414844274520874,0.1274612843990326,0.5310543179512024,0.0089209302325581,0.5552480797544924,0.2413010571274969,0.5697674418604651,0.0
3836,SEG_C,SEG_B,0.018603092059493065,0.531052827835083,0.45034411549568176,0.531052827835083,0.1692317027482053,2.2968176254589965,1.7768654324463595,2.4651162790697674,0.1368054136990598
1394,SEG_B,SEG_C,0.11889089643955231,0.35008302330970764,0.5310260653495789,0.5310260653495789,0.0804116279069767,1.1756692033420255,0.7466808376750628,1.825581395348837,0.0060930232558139
10268,SEG_C,SEG_B,0.03923509269952774,0.530917763710022,0.42984721064567566,0.530917763710022,0.1772469507698614,3.1537704220105374,2.4758530407162804,3.953488372093023,0.0964209302325581
10719,SEG_C,SEG_A,0.5308833122253418,0.41788244247436523,0.051234226673841476,0.5308833122253418,0.0021976744186046,0.0230340765969524,-0.2391196632651292,0.0232558139534883,0.0
6950,SEG_B,SEG_C,0.11162657290697098,0.35763049125671387,0.530742883682251,0.530742883682251,0.0756860465116279,1.6766803256878295,1.219506938095981,1.848837209302325,0.0121860465116279
1106,SEG_C,SEG_B,0.11196871101856232,0.5306037664413452,0.3574274778366089,0.5306037664413452,0.1173827777105121,1.0667340748230536,0.8159698806708934,0.8604651162790697,0.0241023255813953
11906,SEG_C,SEG_A,0.5305314064025879,0.2785493731498718,0.19091922044754028,0.5305314064025879,0.0043953488372093,0.1096535575541482,-0.2156179624963767,0.1511627906976744,0.0
8317,SEG_B,SEG_A,0.5305089950561523,0.19829799234867096,0.2711930274963379,0.5305089950561523,0.0190720930232558,1.1265144661451405,0.6728767930778634,1.4883720930232558,0.0036558139534883
10259,SEG_B,SEG_C,0.13177675008773804,0.33778905868530273,0.5304341912269592,0.5304341912269592,0.0989316149198144,2.343648555159385,1.8491429230526133,2.63953488372093,0.0097488372093023
6014,SEG_B,SEG_A,0.5303745865821838,0.1846981793642044,0.28492724895477295,0.5303745865821838,0.0129209302325581,0.095205151402267,-0.2381629055256665,0.1627906976744186,0.0024372093023255
4692,SEG_C,SEG_B,0.2268334925174713,0.5303555130958557,0.24281099438667297,0.5303555130958557,0.0473990567802795,1.831577173469569,1.3451175607169694,2.046511627906977,0.0441373618095794
10415,SEG_B,SEG_A,0.5303123593330383,0.17543698847293854,0.2942506670951843,0.5303123593330383,0.0420209302325581,0.6251308250403562,0.2531221677288127,0.5,0.0
5769,SEG_B,SEG_C,0.07624275982379913,0.3935573101043701,0.5301999449729919,0.5301999449729919,0.1239782143761123,2.5109893033899207,1.9775826153437384,2.313953488372093,0.0899606176235329
14285,SEG_B,SEG_A,0.5301331281661987,0.25923508405685425,0.21063174307346344,0.5301331281661987,0.0283046511627906,0.6451137956113743,0.442292727655445,0.8837209302325582,0.031906976744186
14131,SEG_B,SEG_C,0.11947953701019287,0.3504827320575714,0.5300377011299133,0.5300377011299133,0.0418977622469955,4.036451428592062,3.750561824096229,7.002142738202224,0.0454186046511627
124,SEG_A,SEG_C,0.1317485123872757,0.33822473883628845,0.5300267338752747,0.5300267338752747,0.067653488372093,1.7900502013375197,1.3960703942364627,2.127906976744186,0.0024372093023255
1202,SEG_B,SEG_C,0.2455015629529953,0.2247357815504074,0.5297626852989197,0.5297626852989197,0.0200581395348837,0.8367303496354639,0.5862096516458932,0.9302325581395348,0.045553488372093
3980,SEG_C,SEG_A,0.5297552943229675,0.2975650429725647,0.17267967760562897,0.5297552943229675,0.0422767441860465,0.161238536178667,-0.1001316764154285,0.0,0.0
7483,SEG_B,SEG_C,0.12034060806035995,0.3500688672065735,0.5295905470848083,0.5295905470848083,0.0918931110842048,1.9307115108296529,1.4107800522649927,1.697674418604651,0.0219348837209302
62,SEG_A,SEG_C,0.19509106874465942,0.27547940611839294,0.52942955493927,0.52942955493927,0.0264372093023255,0.842575346353751,0.4849885170237909,1.1744186046511629,0.0060627906976744
12075,SEG_B,SEG_A,0.5293458104133606,0.16156171262264252,0.3090924620628357,0.5293458104133606,0.0108279069767441,1.4247689496744895,0.9957133938326383,2.4651162790697674,0.0035651162790697
6370,SEG_C,SEG_B,0.004432203713804483,0.5293396711349487,0.4662281274795532,0.5293396711349487,0.390587627422664,7.313587979547622,5.846157282738056,8.540923811541598,0.0944537933866006
2323,SEG_A,SEG_C,0.031161809340119362,0.4396064281463623,0.5292317867279053,0.5292317867279053,0.1066234314707352,2.31633938232842,1.7508678139178973,2.546511627906977,0.0940675943677189
8958,SEG_B,SEG_C,0.30177074670791626,0.16903291642665863,0.5291963815689087,0.5291963815689087,0.0066116279069767,1.9796179021872176,2.057331718006384,3.383720930232558,0.1074540984011083
4722,SEG_A,SEG_C,0.43412503600120544,0.03685002774000168,0.5290249586105347,0.5290249586105347,0.0,2.207200255441435,1.6210555914785665,2.616279069767442,0.0073209302325581
13852,SEG_B,SEG_C,0.20176354050636292,0.2694491147994995,0.5287873148918152,0.5287873148918152,0.0713546950769861,4.136693238794495,4.060475974639956,6.671624696468474,0.1426120854287382
5418,SEG_C,SEG_B,0.28292331099510193,0.5287402868270874,0.18833644688129425,0.5287402868270874,0.0747232558139534,0.541730970500062,0.4620602570403384,0.3023255813953488,0.0
109,SEG_B,SEG_C,0.16656151413917542,0.3047005236148834,0.5287379026412964,0.5287379026412964,0.052260465116279,1.862859879729658,1.2415538220563291,2.7906976744186047,0.0364953488372093
12910,SEG_C,SEG_B,0.17971043288707733,0.5286204218864441,0.29166918992996216,0.5286204218864441,0.1261697674418604,1.4265162400439928,0.9207370770216432,1.1395348837209305,0.0462582920421375
3168,SEG_C,SEG_A,0.5285996794700623,0.10284996777772903,0.3685503304004669,0.5285996794700623,0.0,0.5013215546449542,0.1500405062914817,0.627906976744186,0.0048744186046511
14458,SEG_A,SEG_B,0.14421428740024567,0.5285699963569641,0.3272157311439514,0.5285699963569641,0.1624446251884661,1.463830202401859,0.9805341806401237,1.0116279069767442,0.0096372093023255
6594,SEG_B,SEG_C,0.2693222761154175,0.20211923122406006,0.5285584926605225,0.5285584926605225,0.038494229960707,2.559141787735264,1.929364533634532,3.4886319165171984,0.0277255813953488
2308,SEG_A,SEG_B,0.264045387506485,0.5285046696662903,0.2074500024318695,0.5285046696662903,0.0572093023255813,0.9361928582832209,0.5582048551872884,0.9767441860465116,0.0438210827398119
13157,SEG_C,SEG_B,0.20404723286628723,0.5284470915794373,0.2675056457519531,0.5284470915794373,0.0678372093023255,1.93359409646462,1.541376160137094,2.116279069767442,0.0145930232558139
9184,SEG_C,SEG_B,0.15487715601921082,0.5284420847892761,0.31668075919151306,0.5284420847892761,0.1120944934458797,1.3669309775956575,1.64330495978981,2.081395348837209,0.0435558139534883
8404,SEG_A,SEG_C,0.3199993073940277,0.15156857669353485,0.5284320712089539,0.5284320712089539,0.0,1.1705958526244835,0.8336876085432352,1.5,0.0359930232558139
8876,SEG_C,SEG_A,0.5283827781677246,0.10704545676708221,0.3645717203617096,0.5283827781677246,0.0,0.7117325670090292,0.3395306720575957,0.813953488372093,0.0073116279069767
3764,SEG_B,SEG_A,0.528211772441864,0.17352977395057678,0.2982584238052368,0.528211772441864,0.0299720930232558,1.008931580721267,0.6191039810128307,1.255813953488372,0.0023744186046511
3725,SEG_B,SEG_C,0.0644257664680481,0.40743371844291687,0.5281404852867126,0.5281404852867126,0.1231455684081865,2.78637883768345,2.4946270267016817,3.36046511627907,0.1345937857920831
3405,SEG_B,SEG_A,0.5280911922454834,0.08757450431585312,0.3843342661857605,0.5280911922454834,0.0,0.4209550671420716,0.0661949603732028,0.6627906976744186,0.0348372093023255
12105,SEG_A,SEG_C,0.3403392434120178,0.13171273469924927,0.5279480218887329,0.5279480218887329,0.0,1.5447732070317353,0.9827135994609072,2.127906976744186,0.0146232558139534
9614,SEG_B,SEG_C,0.20906487107276917,0.26301899552345276,0.5279160737991333,0.5279160737991333,0.054153488372093,0.8484380820605609,0.5498661751136766,0.9651162790697676,0.0222584445493913
11971,SEG_A,SEG_B,0.33211103081703186,0.5278812050819397,0.14000779390335083,0.5278812050819397,0.0862001756567817,1.8047469533287213,1.2920113885435425,2.36046511627907,0.0
13664,SEG_C,SEG_B,0.08560198545455933,0.5278623700141907,0.3865356147289276,0.5278623700141907,0.0693677931740287,1.9068880492434324,1.4216112915792185,2.697674418604651,0.0639889821220385
497,SEG_C,SEG_A,0.5278261303901672,0.13787731528282166,0.33429649472236633,0.5278261303901672,0.0,0.5439128660883756,0.3666314868905785,0.686046511627907,0.0168720930232558
8223,SEG_C,SEG_B,0.21036545932292938,0.527821958065033,0.26181262731552124,0.527821958065033,0.1455641730593493,1.2000514430667164,0.8840547988080146,0.6046511627906976,0.0242465116279069
19334,SEG_C,SEG_B,0.029254935681819916,0.5276851654052734,0.44305989146232605,0.5276851654052734,0.2109901057682617,4.262209700879248,3.893392737905492,6.226906172918824,0.2048906597018307
5715,SEG_A,SEG_C,0.11203198879957199,0.3603210747241974,0.5276469588279724,0.5276469588279724,0.0929093901539723,2.188538839515371,1.723304890835054,2.627906976744186,0.026860465116279
6350,SEG_B,SEG_C,0.2081240564584732,0.2642882764339447,0.5275876522064209,0.5275876522064209,0.0065930232558139,1.6793855214375677,1.2467459113284574,2.488372093023256,0.1105861990188817
2396,SEG_B,SEG_C,0.0824856385588646,0.390003502368927,0.5275108814239502,0.5275108814239502,0.12380827127747,3.180458730243202,2.625916772457178,3.663310344662304,0.0721491422238099
4202,SEG_B,SEG_C,0.014191906899213791,0.4582972526550293,0.5275108814239502,0.5275108814239502,0.2918845113857506,4.211461254507915,3.592404602087832,4.1395348837209305,0.2051730080667788
19860,SEG_C,SEG_B,0.1005832701921463,0.5274859070777893,0.3719308078289032,0.5274859070777893,0.1168248138324102,2.545643024439521,1.958254903204601,2.86046511627907,0.0764979794331123
15247,SEG_B,SEG_A,0.5274704694747925,0.3653533160686493,0.10717615485191345,0.5274704694747925,0.0559116279069767,0.4490713639508276,0.1204609801795602,0.3488372093023256,0.0
12047,SEG_C,SEG_B,0.2460906058549881,0.5273503065109253,0.2265590876340866,0.5273503065109253,0.0852813953488372,0.5785571106735494,0.2228273391454287,0.3372093023255814,0.0048744186046511
15776,SEG_A,SEG_B,0.2520461678504944,0.5273100137710571,0.2206438183784485,0.5273100137710571,0.0510232558139534,0.8971227360615899,0.4952866671037683,1.069767441860465,0.0048744186046511
4409,SEG_B,SEG_C,0.09042663872241974,0.38227158784866333,0.5273017883300781,0.5273017883300781,0.0859965555421024,1.0086566263991628,0.7245074521910202,0.8372093023255814,0.0660212352470658
13403,SEG_B,SEG_A,0.527224600315094,0.3664885461330414,0.10628684610128403,0.527224600315094,0.0504046511627907,1.1794830858744436,0.7914179927212548,1.5930232558139534,0.0144976744186046
10529,SEG_B,SEG_C,0.015725495293736458,0.45714452862739563,0.5271300077438354,0.5271300077438354,0.1312686485653582,3.0961459247641447,2.37036536632587,4.570546912342294,0.0595395348837209
6741,SEG_B,SEG_A,0.527125358581543,0.3165992498397827,0.15627539157867432,0.527125358581543,0.051213953488372,0.2193958100509108,-0.0752295975879556,0.0465116279069767,0.0
877,SEG_A,SEG_B,0.1463114321231842,0.5271017551422119,0.3265868127346039,0.5271017551422119,0.1147352350344938,1.9004842743866743,1.4132076626525498,2.2209302325581395,0.0677582920421375
11033,SEG_B,SEG_A,0.5270245671272278,0.18303713202476501,0.2899382412433624,0.5270245671272278,0.0194232558139534,0.3741507459244673,0.2223665336276542,1.1744186046511629,0.0047837209302325
7314,SEG_A,SEG_C,0.33232104778289795,0.14071722328662872,0.5269617438316345,0.5269617438316345,0.0187023255813953,0.5627428024054069,0.2274892788393646,0.8023255813953488,0.0041209302325581
12616,SEG_C,SEG_B,0.1802176684141159,0.5269431471824646,0.2928391993045807,0.5269431471824646,0.0931489250376932,1.4839373458925371,0.9638958237722643,1.558139534883721,0.1018894396438
18260,SEG_B,SEG_A,0.5268110036849976,0.2540374994277954,0.21915149688720703,0.5268110036849976,0.0310511627906976,0.3588686073120111,0.0300749923818442,0.5232558139534884,0.0
13505,SEG_B,SEG_C,0.08875225484371185,0.3844480812549591,0.5267996788024902,0.5267996788024902,0.102206976744186,1.9756621077466163,1.441865409901241,3.1744186046511627,0.2325511248181098
12136,SEG_B,SEG_C,0.003946625627577305,0.46925613284111023,0.5267972350120544,0.5267972350120544,0.4425438805181069,7.45820167671758,6.023144789195807,8.636285478801037,0.3899690055224936
11455,SEG_A,SEG_C,0.11511769145727158,0.3581177592277527,0.5267645716667175,0.5267645716667175,0.0697988811234977,1.916759796356412,1.4290382515759434,2.0348837209302326,0.1092074342659475
2411,SEG_B,SEG_C,0.010280922055244446,0.4631408154964447,0.5265782475471497,0.5265782475471497,0.2604224004226239,3.0959058414489204,2.533816076222684,2.895348837209302,0.086874571111905
7729,SEG_B,SEG_C,0.21538932621479034,0.25805628299713135,0.5265544056892395,0.5265544056892395,0.0654906976744186,2.8460274005319453,2.497061253254981,3.813953488372093,0.0
19682,SEG_B,SEG_A,0.5264468789100647,0.20865267515182495,0.26490044593811035,0.5264468789100647,0.0,0.4312436804853387,0.128357913082491,0.9418604651162792,0.0577536408793468
3214,SEG_C,SEG_B,0.023332810029387474,0.5264374017715454,0.45022979378700256,0.5264374017715454,0.1538804521291167,2.4758667130847947,2.1967916975661925,2.7790697674418605,0.0648209302325581
1426,SEG_B,SEG_C,0.022072801366448402,0.45166563987731934,0.526261568069458,0.526261568069458,0.1847037957714611,3.936725634909073,3.2257167223373626,4.570027265354408,0.1567706824853834
11267,SEG_B,SEG_C,0.20686151087284088,0.2668795585632324,0.5262589454650879,0.5262589454650879,0.0364757131379351,1.5359746687243894,1.0595576404697686,2.186046511627907,0.0619327106467887
10289,SEG_A,SEG_C,0.3291027843952179,0.14466243982315063,0.5262347459793091,0.5262347459793091,0.0087906976744186,0.9090255973604386,0.465324384787472,1.162790697674419,0.0024372093023255
13161,SEG_C,SEG_A,0.5261988043785095,0.19797363877296448,0.2758274972438812,0.5261988043785095,0.023806976744186,0.8627534457985208,0.5115560609551557,1.0813953488372092,0.0145906976744186
3250,SEG_B,SEG_A,0.5261591076850891,0.09737806767225266,0.3764628469944,0.5261591076850891,0.0,1.0690490128252887,0.7129875309990809,1.2906976744186047,0.0048744186046511
13289,SEG_A,SEG_C,0.19925464689731598,0.274589478969574,0.5261558294296265,0.5261558294296265,0.0671698552702513,1.66647214476308,1.251100053141075,1.802325581395349,0.0
7668,SEG_C,SEG_A,0.5260334014892578,0.10657653957605362,0.36739009618759155,0.5260334014892578,0.0,0.3647668209958668,0.1612478662970312,0.4418604651162791,0.0
11919,SEG_C,SEG_A,0.5260236263275146,0.09516841173171997,0.3788079619407654,0.5260236263275146,0.0,1.3432760364004046,0.9527872540202804,2.104651162790698,0.0012186046511627
7391,SEG_B,SEG_C,0.16060727834701538,0.3134257197380066,0.525967001914978,0.525967001914978,0.075353488372093,0.9551735760026964,0.5737974131338043,1.0930232558139534,0.0048744186046511
4953,SEG_A,SEG_C,0.31502676010131836,0.15903805196285248,0.525935173034668,0.525935173034668,0.0148651162790697,1.1420626895854398,0.7095017602275289,1.569767441860465,0.0121651162790697
8115,SEG_B,SEG_C,0.010597395710647106,0.4634940028190613,0.5259085893630981,0.5259085893630981,0.2773238706126897,2.739476345058805,2.139024606536185,2.1627906976744184,0.1187817003633448
7203,SEG_C,SEG_B,0.0923057422041893,0.5258775949478149,0.3818166255950928,0.5258775949478149,0.073606976744186,2.2522927642665818,1.7254561453412571,2.197674418604651,0.0241372093023255
7129,SEG_A,SEG_B,0.3246743679046631,0.5258243083953857,0.14950132369995117,0.5258243083953857,0.0456790697674418,1.248647402125131,0.8553293921897537,1.0813953488372092,0.0048744186046511
11168,SEG_B,SEG_C,0.04304001107811928,0.4311664402484894,0.5257935523986816,0.5257935523986816,0.1093396227121118,1.439075443918188,0.969302796975144,1.5232558139534884,0.1254379718385947
3267,SEG_C,SEG_B,0.02135532908141613,0.5257361531257629,0.45290854573249817,0.5257361531257629,0.1825071524009678,2.883527015299137,2.485584475065301,3.360724939773013,0.0792418604651162
5823,SEG_B,SEG_A,0.5257090330123901,0.3411374092102051,0.1331535130739212,0.5257090330123901,0.0388187803079445,0.9832366558458836,0.619447773846324,1.0116279069767442,0.0
8027,SEG_C,SEG_A,0.5256291031837463,0.09762335568666458,0.3767475485801697,0.5256291031837463,0.0,0.7155641885299701,0.2885862684910601,0.7558139534883721,0.0144976744186046
4678,SEG_A,SEG_B,0.3019710183143616,0.5256224274635315,0.17240650951862335,0.5256224274635315,0.076821018060949,1.3589306937718413,1.0916833846584642,1.197674418604651,0.0655492947310638
5363,SEG_A,SEG_C,0.320758193731308,0.1537117063999176,0.5255300998687744,0.5255300998687744,0.0022767441860465,1.002510066875987,0.6294733438872662,1.837209302325581,0.0239953488372093
8050,SEG_A,SEG_B,0.14018340408802032,0.5255114436149597,0.33430519700050354,0.5255114436149597,0.1557831290240757,1.551851063452362,1.2880869048736086,1.5116279069767442,0.0
8003,SEG_B,SEG_A,0.5254969596862793,0.08866135030984879,0.3858416676521301,0.5254969596862793,0.0,0.5724903765987264,0.8486575516842716,0.813953488372093,0.0193441860465116
6899,SEG_A,SEG_B,0.3747943937778473,0.5253256559371948,0.09987995773553848,0.5253256559371948,0.0725279069767441,0.4830503964663935,0.1785423601400663,0.2674418604651162,0.0
12444,SEG_B,SEG_A,0.5253023505210876,0.3209558427333832,0.15374185144901276,0.5253023505210876,0.0062232558139534,0.08510279743849,-0.2305983609671834,0.0581395348837209,0.0
359,SEG_B,SEG_A,0.5251532793045044,0.20945590734481812,0.2653907835483551,0.5251532793045044,0.0648360904258233,0.4867401060791514,0.3051644399869587,0.4534883720930232,0.0
4192,SEG_A,SEG_B,0.3869522511959076,0.5251376032829285,0.08791013807058334,0.5251376032829285,0.0022302325581395,0.077129122097458,-0.2371290329773239,0.0930232558139534,0.0118720930232558
77,SEG_A,SEG_C,0.12163665145635605,0.3532300293445587,0.5251333117485046,0.5251333117485046,0.0899720930232558,1.798511698862931,1.3533395350558637,2.558139534883721,0.0263093023255813
9940,SEG_B,SEG_C,0.21873827278614044,0.2562774419784546,0.5249842405319214,0.5249842405319214,0.0708581395348837,2.64212477604527,2.543873433099451,2.5,0.0359930232558139
129,SEG_B,SEG_C,0.24132245779037476,0.23377196490764618,0.5249055624008179,0.5249055624008179,0.069453488372093,3.152387387875918,2.5160562869578453,3.976744186046512,0.0
9074,SEG_B,SEG_C,0.14971084892749786,0.3254292607307434,0.5248598456382751,0.5248598456382751,0.069501294533284,1.303221400315754,0.9414425834170524,1.3837209302325582,0.0241837209302325
7721,SEG_C,SEG_B,0.04823197051882744,0.524675190448761,0.42709285020828247,0.524675190448761,0.141706976744186,3.2663787350940745,2.8233033280576816,3.756073776982314,0.1068677468749727
12419,SEG_A,SEG_B,0.30597636103630066,0.524628758430481,0.1693948358297348,0.524628758430481,0.1639374727874982,0.8790555762510422,0.5306950441720639,0.2790697674418604,0.0
7669,SEG_C,SEG_B,0.07845444232225418,0.5246284604072571,0.39691710472106934,0.5246284604072571,0.1189396227121118,3.655519533290536,3.0372287769742066,3.907496391173932,0.0140186046511627
7012,SEG_B,SEG_A,0.5245792865753174,0.4134015142917633,0.062019187957048416,0.5245792865753174,0.0273744186046511,0.1706313306015291,-0.1602420219947924,0.2325581395348837,0.0
7087,SEG_C,SEG_A,0.5245445966720581,0.054851263761520386,0.4206041395664215,0.5245445966720581,0.0,1.9112252319372751,1.4973695685027044,2.872093023255814,0.0
11220,SEG_A,SEG_B,0.2779373526573181,0.5245165824890137,0.19754604995250702,0.5245165824890137,0.0520441860465116,1.6205985134727618,1.1146185595615907,1.6046511627906976,0.0434930232558139
10900,SEG_C,SEG_B,0.3326413035392761,0.5244510173797607,0.14290769398212433,0.5244510173797607,0.0606372093023255,0.7651357919571425,0.3791729531935556,0.627906976744186,0.0553581395348837
4965,SEG_B,SEG_C,0.15672609210014343,0.31886449456214905,0.5244094133377075,0.5244094133377075,0.0455395348837209,1.1791549145867704,0.7149936453432629,1.1744186046511629,0.0547441860465116
1617,SEG_C,SEG_B,0.20050668716430664,0.5243666172027588,0.27512672543525696,0.5243666172027588,0.0926860465116279,1.6066467989995212,1.1658633538218368,2.255813953488372,0.0048116279069767
268,SEG_A,SEG_C,0.37489283084869385,0.10075929015874863,0.5243479013442993,0.5243479013442993,0.008660465116279,3.695733213301727,2.924334456154675,4.814473135359979,0.0339325581395348
10437,SEG_B,SEG_A,0.524345874786377,0.11311247199773788,0.36254164576530457,0.524345874786377,0.0,1.5447377290546895,1.1190011668784887,1.8953488372093024,0.0096860465116279
9623,SEG_B,SEG_A,0.5242655873298645,0.2077954113483429,0.2679389715194702,0.5242655873298645,0.0215860465116279,0.7490642683554185,0.3787239155586275,1.1162790697674418,0.0263697674418604
5975,SEG_B,SEG_C,0.4366680085659027,0.03909505531191826,0.5242369771003723,0.5242369771003723,0.0,2.154701718907988,1.7248199493698344,2.3372093023255816,0.0370609226380405
4939,SEG_A,SEG_C,0.34518325328826904,0.13069617748260498,0.524120569229126,0.524120569229126,0.0149093023255813,0.9843896900998704,0.5727608196392339,1.3255813953488371,0.0289325581395348
13854,SEG_C,SEG_A,0.5241006016731262,0.2535116374492645,0.22238773107528687,0.5241006016731262,0.0149232558139534,1.4317048941869337,0.8868400385491069,2.0930232558139537,0.0385558139534883
12530,SEG_C,SEG_B,0.06860814243555069,0.5239433646202087,0.40744853019714355,0.5239433646202087,0.0969058578676838,2.782946343404274,2.287174973710545,5.885539694690158,0.1891297370637901
7243,SEG_A,SEG_B,0.36417192220687866,0.5239232182502747,0.11190485209226608,0.5239232182502747,0.043506976744186,0.6244744824650098,0.2506561000144087,0.872093023255814,0.0069767441860465
1189,SEG_A,SEG_C,0.3052231967449188,0.17092207074165344,0.5238547325134277,0.5238547325134277,0.0258209302325581,0.8412094442374896,0.399170921685359,1.0,0.0
4740,SEG_B,SEG_C,0.16672563552856445,0.30947962403297424,0.5237947702407837,0.5237947702407837,0.0485000878283909,1.1012452769943055,0.6875059852771207,1.1395348837209305,0.0510023255813953
2203,SEG_C,SEG_B,0.04351223632693291,0.5237821936607361,0.4327055513858795,0.5237821936607361,0.1463976744186046,1.964255938126408,1.4461300126641887,2.2209302325581395,0.0530023255813953
361,SEG_C,SEG_B,0.007936378940939903,0.5237722992897034,0.468291312456131,0.5237722992897034,0.3994981364531386,4.587083729509616,3.9061110143586046,4.024035284435317,0.2451771637352201
20119,SEG_B,SEG_C,0.047213632613420486,0.4290952980518341,0.5236910581588745,0.5236910581588745,0.2125851911202983,5.219692380240744,4.224995859824492,5.771339212874258,0.2877531074124096
15139,SEG_B,SEG_A,0.5236643552780151,0.282926082611084,0.19340957701206207,0.5236643552780151,0.0689790697674418,0.9328756674294432,0.485674151040157,0.7325581395348837,0.015460465116279
3598,SEG_C,SEG_B,0.00971893034875393,0.5236150622367859,0.466666042804718,0.5236150622367859,0.2622783022045032,4.335057657041043,3.753800040406749,5.059958299341321,0.2015914602106877
10325,SEG_A,SEG_B,0.36313915252685547,0.5235210657119751,0.11333982646465302,0.5235210657119751,0.071349100694475,0.4033845990101644,0.0221280254598914,0.1162790697674418,0.0171116279069767
8551,SEG_C,SEG_A,0.5234976410865784,0.2270825356245041,0.24941985309123993,0.5234976410865784,0.0484465116279069,0.1920955067142071,-0.1315946596108918,0.0232558139534883,0.0
1871,SEG_C,SEG_A,0.5234902501106262,0.16160249710083008,0.3149072527885437,0.5234902501106262,0.0,0.3224415943802884,-0.036655716341997,0.627906976744186,0.0144976744186046
2069,SEG_B,SEG_A,0.5234057307243347,0.2334231585264206,0.24317114055156708,0.5234057307243347,0.0366233436423443,0.5923935217213915,0.2752582355151038,0.5697674418604651,0.0194976744186046
11552,SEG_A,SEG_C,0.23738819360733032,0.23925761878490448,0.523354172706604,0.523354172706604,0.004460465116279,1.1828534936937898,0.7174618039297296,1.686046511627907,0.0696558139534883
12511,SEG_A,SEG_B,0.2289876490831375,0.5233452916145325,0.24766704440116882,0.5233452916145325,0.0802245503472375,1.1995281429052915,1.0947559568089664,1.0930232558139534,0.045553488372093
14756,SEG_B,SEG_A,0.5233358144760132,0.3850438594818115,0.09162028133869171,0.5233358144760132,0.0065023255813953,0.4320862824401753,0.0881166680292635,0.5232558139534884,0.0
9717,SEG_A,SEG_B,0.24728120863437653,0.5232968926429749,0.22942191362380981,0.5232968926429749,0.0819571963151632,0.7296045979458252,0.3953814122051032,0.9651162790697676,0.0024255813953488
4142,SEG_B,SEG_C,0.054541852325201035,0.42216724157333374,0.5232908725738525,0.5232908725738525,0.1574559896102701,4.639612516346838,3.8185981826617295,4.827140336312494,0.1214589020711528
4148,SEG_C,SEG_A,0.5232771635055542,0.11503534018993378,0.36168745160102844,0.5232771635055542,0.004213953488372,1.2880190871516508,0.8852247417878759,1.744186046511628,0.0097488372093023
3647,SEG_B,SEG_C,0.028301134705543518,0.4485006630420685,0.5231981873512268,0.5231981873512268,0.1786155115068288,2.9929044045908504,2.5449101318408505,3.558139534883721,0.0689654212935774
9572,SEG_C,SEG_A,0.52315753698349,0.2806582748889923,0.1961841583251953,0.52315753698349,0.0281441860465116,0.819896049527256,0.3976441937266036,0.9302325581395348,0.0048744186046511
9739,SEG_B,SEG_C,0.23372936248779297,0.2431132197380066,0.5231574177742004,0.5231574177742004,0.054106976744186,1.9327337555212605,1.473662858827523,1.9186046511627908,0.0238697674418604
10544,SEG_C,SEG_B,0.03380293399095535,0.5231157541275024,0.4430813193321228,0.5231157541275024,0.1216906976744186,2.315026697177727,1.8585699986262,2.7790697674418605,0.1050629432049282
6590,SEG_B,SEG_C,0.021837754175066948,0.4551634192466736,0.5229988098144531,0.5229988098144531,0.2191795967377872,2.821289167096467,2.7469467257867826,2.4651162790697674,0.043553488372093
4548,SEG_A,SEG_C,0.21603304147720337,0.2610486149787903,0.5229182839393616,0.5229182839393616,0.060606976744186,1.3106717754953614,0.9238816175760144,1.5,0.049306976744186
7467,SEG_A,SEG_C,0.35853642225265503,0.11870423704385757,0.5227593779563904,0.5227593779563904,0.0,1.0726943749667397,0.6858284961141212,2.883720930232558,0.0073116279069767
6872,SEG_A,SEG_C,0.18572448194026947,0.29153603315353394,0.5227394700050354,0.5227394700050354,0.0519116279069767,1.265384137796463,0.800821150477776,1.302325581395349,0.0072488372093023
7068,SEG_B,SEG_C,0.12144269049167633,0.3558250069618225,0.5227323174476624,0.5227323174476624,0.0716930232558139,1.7756106646799004,1.3829550626467226,2.011627906976744,0.0324790697674418
5313,SEG_C,SEG_A,0.5226132869720459,0.20012672245502472,0.2772599458694458,0.5226132869720459,0.0242465116279069,1.0184308090752665,0.5155367021685111,1.372093023255814,0.0
8013,SEG_A,SEG_B,0.3305478096008301,0.5225306749343872,0.1469215303659439,0.5225306749343872,0.0403338526728189,1.3555070689869264,0.9985392692078556,1.5116279069767442,0.036306976744186
5266,SEG_B,SEG_C,0.021245501935482025,0.4563103914260864,0.5224441289901733,0.5224441289901733,0.2515958758075547,2.8879611554596902,2.2957711752306285,2.755813953488372,0.0466144110101335
482,SEG_A,SEG_B,0.36133816838264465,0.5224313139915466,0.1162305399775505,0.5224313139915466,0.0592023255813953,0.4761854079080411,0.1398199692522035,0.4651162790697674,0.0060488372093023
9662,SEG_A,SEG_C,0.34043118357658386,0.1372571736574173,0.5223116278648376,0.5223116278648376,0.0,0.952548205701311,0.5290772404055332,1.4767441860465116,0.0390722455305096
5284,SEG_A,SEG_C,0.16208307445049286,0.3156171143054962,0.5222998261451721,0.5222998261451721,0.0939651162790697,2.042360704592624,1.6108571725865313,2.36046511627907,0.0
6696,SEG_A,SEG_B,0.3803732991218567,0.5222765207290649,0.09735018014907837,0.5222765207290649,0.0897512506190885,1.309385698827453,0.8145233250377242,1.1395348837209305,0.0043441860465116
380,SEG_B,SEG_A,0.5221810936927795,0.16758884489536285,0.3102300763130188,0.5221810936927795,0.0,0.6860110336508612,0.3907383045825374,0.9767441860465116,0.0142465116279069
5730,SEG_B,SEG_C,0.10182192176580429,0.3760818839073181,0.5220961570739746,0.5220961570739746,0.0854488372093023,1.0600376066556687,0.6799705679056389,1.302325581395349,0.0121860465116279
6240,SEG_C,SEG_A,0.522070586681366,0.09258777648210526,0.3853416442871094,0.522070586681366,0.0,0.760213222642045,0.6096909134602283,1.337209302325581,0.0
7822,SEG_B,SEG_A,0.5220329761505127,0.1282016485929489,0.349765419960022,0.5220329761505127,0.0,0.6162968087559648,0.1852760249825958,0.8255813953488372,0.0048116279069767
10058,SEG_B,SEG_C,0.2898268401622772,0.18817101418972015,0.5220021605491638,0.5220021605491638,0.0213372093023255,0.7868039664378338,0.390421810470195,1.558139534883721,0.014560465116279
16188,SEG_C,SEG_B,0.027027323842048645,0.521963894367218,0.45100876688957214,0.521963894367218,0.1181895787979163,4.773061106093928,3.849351105925592,5.396388131185073,0.0925365613007223
3539,SEG_B,SEG_C,0.21458816528320312,0.26348158717155457,0.5219302177429199,0.5219302177429199,0.0497186924795536,1.24345874798219,0.7935072468484158,1.1744186046511629,0.0469748761264126
1064,SEG_B,SEG_A,0.5217995643615723,0.28578928112983704,0.1924111396074295,0.5217995643615723,0.0484826020537303,1.0323381760772,0.5787386061395547,1.0813953488372092,0.0048744186046511
19819,SEG_A,SEG_B,0.30422312021255493,0.5217983722686768,0.17397846281528473,0.5217983722686768,0.1026431549984003,1.68927500753907,1.274054516667851,1.9534883720930232,0.0012186046511627
6191,SEG_A,SEG_C,0.4019918143749237,0.07641679793596268,0.5215914249420166,0.5215914249420166,0.0,1.3501942419243256,0.8864987699465615,1.8604651162790693,0.0036558139534883
8543,SEG_B,SEG_C,0.022818412631750107,0.4555910527706146,0.5215905904769897,0.5215905904769897,0.1374430671700094,3.802521924209431,3.1170452513611946,5.105690456766469,0.1463985894621276
9751,SEG_B,SEG_A,0.5215798020362854,0.38708826899528503,0.09133190661668777,0.5215798020362854,0.0531128346118698,0.2101094495591861,0.262206712699592,0.0348837209302325,0.0
14979,SEG_A,SEG_B,0.4009937345981598,0.5215321183204651,0.07747414708137512,0.5215321183204651,0.0907372971307164,0.5816265626581718,0.272188718564062,0.3837209302325581,0.0024372093023255
10593,SEG_B,SEG_A,0.5213908553123474,0.4102606773376465,0.06834852695465088,0.5213908553123474,0.0909081834490791,0.992248062015504,0.5941217064688077,1.1162790697674418,0.0024372093023255
6328,SEG_A,SEG_C,0.38076427578926086,0.09784863144159317,0.5213870406150818,0.5213870406150818,0.0,0.6970712929948735,0.2809439576257119,1.2790697674418603,0.0216627906976744
852,SEG_A,SEG_B,0.23305277526378632,0.5213058590888977,0.24564135074615479,0.5213058590888977,0.100761759649563,1.1199421708974155,0.685588528326726,0.9534883720930232,0.0192465116279069
2969,SEG_A,SEG_C,0.3438425362110138,0.13501740992069244,0.5211400389671326,0.5211400389671326,0.0,0.9248665141113654,0.51190174632671,1.2209302325581397,0.0658003050145076
5678,SEG_B,SEG_C,0.15069331228733063,0.32820120453834534,0.5211054682731628,0.5211054682731628,0.0855767441860465,1.819931527504301,1.3521439843821614,4.756073776982315,0.0338116279069767
7737,SEG_B,SEG_C,0.17786341905593872,0.30106115341186523,0.521075427532196,0.521075427532196,0.0087035322862884,0.7159100988061661,0.4991048047889971,1.127906976744186,0.0668886771075309
13679,SEG_B,SEG_C,0.07754701375961304,0.4013846218585968,0.5210683345794678,0.5210683345794678,0.1343593462397768,4.323837746800325,3.628286489223557,5.116798716755327,0.1523128479650074
6961,SEG_C,SEG_B,0.022736050188541412,0.5210437774658203,0.45622017979621887,0.5210437774658203,0.2378506587129317,3.710503956097845,3.232816008471004,4.0596984758473775,0.1953917652251954
13977,SEG_B,SEG_A,0.5208824276924133,0.13070164620876312,0.34841591119766235,0.5208824276924133,0.0,0.7414985897504125,0.4211335072502545,0.9883720930232558,0.012060465116279
7247,SEG_C,SEG_B,0.022109007462859154,0.5208337306976318,0.45705723762512207,0.5208337306976318,0.2067187803079446,2.5934762069914523,2.368432219142365,2.197674418604651,0.0653210827398119
2164,SEG_C,SEG_B,0.07469190657138824,0.5208097100257874,0.4044983685016632,0.5208097100257874,0.0985953488372093,1.870780338105121,1.3878000393971954,2.3372093023255816,0.0437582920421375
5485,SEG_A,SEG_C,0.38912567496299744,0.09010924398899078,0.5207650661468506,0.5207650661468506,0.002106976744186,0.5648892200166746,0.2191483273502939,0.8837209302325582,0.0410558139534883
8413,SEG_C,SEG_B,0.032283980399370193,0.5207483172416687,0.4469677209854126,0.5207483172416687,0.1224930232558139,2.1458410941408124,1.658940244384464,2.8258412188427804,0.0624237133357149
9170,SEG_A,SEG_C,0.3228099048137665,0.15647397935390472,0.52071613073349,0.52071613073349,0.0195023255813953,0.964007592287088,0.7001809776509323,1.5232558139534884,0.013313953488372
3966,SEG_B,SEG_C,0.3013547658920288,0.1779518574476242,0.520693302154541,0.520693302154541,0.044933764844428,1.329226757490288,0.9243421251081432,0.9418604651162792,0.0192279069767441
17059,SEG_B,SEG_A,0.5206631422042847,0.4002073407173157,0.07912950217723846,0.5206631422042847,0.0505581395348837,0.192822805243645,-0.1295561595355063,0.0,0.0
7370,SEG_B,SEG_C,0.250593364238739,0.22881464660167694,0.5205919742584229,0.5205919742584229,0.0384720930232558,0.942321678817874,0.5702245718213209,1.162790697674419,0.0622257339026026
11661,SEG_C,SEG_A,0.5205883383750916,0.30609121918678284,0.1733204573392868,0.5205883383750916,0.0127558139534883,0.5557270324446101,0.8431802002994904,0.6976744186046512,0.0630511627906976
5776,SEG_C,SEG_B,0.009738750755786896,0.520380973815918,0.46988028287887573,0.520380973815918,0.260039030805955,3.622312146775714,3.055880124787151,4.000259823493943,0.2197443005811775
5796,SEG_A,SEG_C,0.245577871799469,0.23414264619350433,0.5202794671058655,0.5202794671058655,0.0391023255813953,1.8068312844801588,1.3837401304624657,2.558139534883721,0.002253488372093
9975,SEG_C,SEG_B,0.012490088120102882,0.5202528834342957,0.4672570526599884,0.5202528834342957,0.2217455684081865,2.4462863427527366,1.8746552361677808,2.011627906976744,0.0909866565406432
7561,SEG_A,SEG_B,0.23933269083499908,0.5202146768569946,0.2404526025056839,0.5202146768569946,0.0750919043793117,3.0056853458215813,2.261550188709214,3.442120288610222,0.0024372093023255
2009,SEG_C,SEG_A,0.520173192024231,0.06329625844955444,0.4165305495262146,0.520173192024231,0.0,0.4803185922338709,0.2607335478804184,0.7674418604651163,0.0
6889,SEG_A,SEG_C,0.3770707845687866,0.10277561098337173,0.5201535820960999,0.5201535820960999,0.0020674418604651,0.8383091196139998,0.3799538419572792,1.2093023255813953,0.0391396873909747
13081,SEG_B,SEG_A,0.5199936032295227,0.1146635189652443,0.3653428554534912,0.5199936032295227,0.0,0.3380785127632022,0.0876149846026543,0.7906976744186046,0.0339325581395348
7023,SEG_A,SEG_B,0.11950896680355072,0.5198878645896912,0.3606031537055969,0.5198878645896912,0.0933012067048931,1.826681212637256,1.402425372350123,1.813953488372093,0.0216209302325581
10616,SEG_B,SEG_C,0.09494386613368988,0.3852894604206085,0.5197666883468628,0.5197666883468628,0.0901524573239817,5.490428464897843,4.469556416048226,6.074704088245378,0.1217323676596931
2625,SEG_B,SEG_C,0.20457758009433746,0.27573680877685547,0.5196856260299683,0.5196856260299683,0.0125697674418604,1.521464176112678,1.111955702306609,2.546511627906977,0.0144348837209302
6448,SEG_A,SEG_C,0.25370290875434875,0.22666035592556,0.5196367502212524,0.5196367502212524,0.0306906976744186,1.377654196157735,1.4131109079602917,1.941860465116279,0.0
12223,SEG_C,SEG_B,0.014528431929647923,0.5195770859718323,0.4658944606781006,0.5195770859718323,0.257314831772281,4.755446525548927,4.306880827417853,5.471092219430452,0.2245900496728154
5051,SEG_C,SEG_A,0.5195232033729553,0.07770778983831406,0.40276896953582764,0.5195232033729553,0.0,0.378017845422454,0.0755621951189298,0.813953488372093,0.0
4750,SEG_B,SEG_A,0.5195100903511047,0.22839297354221344,0.25209692120552063,0.5195100903511047,0.0257058578676838,0.1513313110886417,-0.1127025507300398,0.0813953488372093,0.0073116279069767
9385,SEG_A,SEG_B,0.05695866420865059,0.5194263458251953,0.4236150085926056,0.5194263458251953,0.2042457440649683,2.160724105511504,1.677833563703846,1.4767441860465116,0.0048744186046511
3752,SEG_B,SEG_C,0.01997765526175499,0.46059712767601013,0.5194252133369446,0.5194252133369446,0.1867248138324101,4.560600633585294,3.7282072525835233,5.863063351218498,0.0724466641351608
4837,SEG_B,SEG_C,0.24283957481384277,0.2378014773130417,0.5193589329719543,0.5193589329719543,0.027813953488372,1.5709559540914977,1.0189140845454254,1.7674418604651163,0.0264325581395348
7123,SEG_A,SEG_C,0.14403825998306274,0.3367767035961151,0.5191850066184998,0.5191850066184998,0.0457279069767441,5.016937327276569,4.262527643053631,5.733597433510655,0.0749001525072538
4968,SEG_A,SEG_C,0.10708166658878326,0.3737647533416748,0.5191535949707031,0.5191535949707031,0.0929395348837209,0.6124474482465011,0.2728327895332733,0.4302325581395348,0.0097488372093023
7666,SEG_B,SEG_C,0.20518137514591217,0.27568525075912476,0.5191333889961243,0.5191333889961243,0.0573813953488372,1.1055381122168415,0.778510564558753,1.1744186046511629,0.0321956538517169
1266,SEG_B,SEG_A,0.519096314907074,0.4286767840385437,0.05222690850496292,0.519096314907074,0.0837525451523725,0.4447696592340305,0.0915648720701331,0.2093023255813953,0.0
13758,SEG_C,SEG_B,0.2259874939918518,0.519009530544281,0.2550029754638672,0.519009530544281,0.0716348837209302,0.8910560019867668,0.5173241816366523,1.058139534883721,0.017060465116279
813,SEG_C,SEG_A,0.518953800201416,0.19529195129871368,0.2857542037963867,0.518953800201416,0.0241976744186046,1.18594007769677,0.8805281584242676,1.5348837209302326,0.0545420129723701
582,SEG_A,SEG_C,0.2193235158920288,0.2617393434047699,0.5189371705055237,0.5189371705055237,0.0344663229839628,0.6591808135100137,0.2499078068329064,0.5930232558139535,0.0917443385537654
14451,SEG_A,SEG_B,0.060653235763311386,0.5188198685646057,0.4205268621444702,0.5188198685646057,0.2093736510417125,5.014884460369236,4.404026585021114,5.641093824684588,0.0632722455305096
13153,SEG_B,SEG_C,0.13606448471546173,0.3451278805732727,0.5188076496124268,0.5188076496124268,0.0570269637570237,1.832526816325708,1.495177450528259,1.8837209302325584,0.0154372093023255
8775,SEG_A,SEG_B,0.3999876081943512,0.5187870264053345,0.08122539520263672,0.5187870264053345,0.0480790697674418,0.5005499086442091,0.1967868724931312,0.4534883720930232,0.0
12805,SEG_B,SEG_A,0.5187366008758545,0.21946629881858826,0.26179707050323486,0.5187366008758545,0.0064325581395348,1.2193248540968191,0.8085730884622722,1.3255813953488371,0.0073116279069767
5468,SEG_B,SEG_C,0.22598738968372345,0.2554187476634979,0.5185938477516174,0.5185938477516174,0.0346860465116279,1.2924627037766308,0.9334179382173764,1.627906976744186,0.0384232558139534
14901,SEG_B,SEG_C,0.022038795053958893,0.45943260192871094,0.5185286402702332,0.5185286402702332,0.1807621987915175,3.156245617879644,2.4899694487390387,3.3488372093023258,0.153023713335715
16615,SEG_A,SEG_B,0.42299699783325195,0.5185011029243469,0.058501943945884705,0.5185011029243469,0.0845761522798896,0.6236939669700035,0.2779999711874862,0.0465116279069767,0.0024372093023255
10833,SEG_B,SEG_A,0.5184191465377808,0.24205274879932404,0.239528089761734,0.5184191465377808,0.0305837209302325,0.512293119046352,0.2390880757901203,0.5465116279069767,0.0048744186046511
1793,SEG_B,SEG_C,0.022818950936198235,0.45883432030677795,0.5183467268943787,0.5183467268943787,0.1738595218965586,2.413930427687013,1.873737862279344,2.3255813953488373,0.0719697674418604
10571,SEG_B,SEG_C,0.032329365611076355,0.4493667483329773,0.5183038711547852,0.5183038711547852,0.1994410929021776,3.346966352983328,2.669385291733611,3.604651162790698,0.2242689669330034
14660,SEG_B,SEG_A,0.5182561874389648,0.3436630070209503,0.13808082044124603,0.5182561874389648,0.0259105090304745,0.4817022333386551,0.1293696936382467,0.3488372093023256,0.0536723980377634
6012,SEG_C,SEG_B,0.1039331927895546,0.5181201696395874,0.377946674823761,0.5181201696395874,0.1433932867409866,2.308481010412786,1.747701616844315,2.4186046511627906,0.0
5196,SEG_B,SEG_C,0.06110064685344696,0.4207873046398163,0.518112063407898,0.518112063407898,0.1138257570521306,3.0716217731312714,2.700541535650414,2.546511627906977,0.0315581395348837
11145,SEG_C,SEG_B,0.18117889761924744,0.5180894136428833,0.30073171854019165,0.5180894136428833,0.1065348837209302,1.4659854895073885,1.1143204306140788,1.662790697674419,0.0382861990188817
12931,SEG_C,SEG_B,0.13510726392269135,0.5180842280387878,0.346808522939682,0.5180842280387878,0.1208441860465116,1.1046245543079134,0.6619058105333299,0.7790697674418605,0.055953488372093
12252,SEG_B,SEG_A,0.5180826187133789,0.20097677409648895,0.28094059228897095,0.5180826187133789,0.0385720930232558,1.824543664520249,1.4725944589375215,2.302325581395349,0.0
11967,SEG_A,SEG_B,0.27743831276893616,0.5180600881576538,0.20450159907341003,0.5180600881576538,0.1067268759286328,0.4923278874638568,0.1550021893723642,0.3720930232558139,0.0
13010,SEG_A,SEG_B,0.45761722326278687,0.5179470181465149,0.024435777217149734,0.5179470181465149,0.1559584908484473,0.8408812729498165,0.4884579426274953,0.313953488372093,0.0011883720930232
12868,SEG_A,SEG_B,0.169635608792305,0.5178072452545166,0.312557190656662,0.5178072452545166,0.1166443617032934,0.9049899774714848,0.6249474543519405,0.5581395348837209,0.0168883720930232
13070,SEG_B,SEG_C,0.25500574707984924,0.2272193282842636,0.5177748799324036,0.5177748799324036,0.0171023255813953,1.5011530342539872,0.9264643987962814,2.046511627906977,0.0870745711119049
12004,SEG_C,SEG_B,0.10557296872138977,0.5176953077316284,0.3767317533493042,0.5176953077316284,0.1930321418901598,3.53637561687665,3.0452702745886424,4.988372093023256,0.0434162790697674
5428,SEG_B,SEG_C,0.06234520301222801,0.4199847877025604,0.5176700353622437,0.5176700353622437,0.1282546950769861,1.5832845511148956,1.0765894597310626,2.4651162790697674,0.027228059483998
7002,SEG_A,SEG_C,0.3070639967918396,0.1753770411014557,0.5175589323043823,0.5175589323043823,0.028006976744186,0.901912262962766,0.4861776925535315,1.7674418604651163,0.0
9720,SEG_B,SEG_A,0.5174519419670105,0.16016200184822083,0.3223860263824463,0.5174519419670105,0.0166767441860465,0.8353289695421567,0.5000700530635853,0.9069767441860463,0.017060465116279
3244,SEG_B,SEG_C,0.14133423566818237,0.3412840962409973,0.5173816680908203,0.5173816680908203,0.1364768320144374,1.1955280009933835,0.8293684462174914,1.5813953488372092,0.0121860465116279
12752,SEG_A,SEG_B,0.04696912318468094,0.5173684358596802,0.4356623888015747,0.5173684358596802,0.1251558139534883,3.280658013884823,2.507752635158376,3.8377289493134654,0.127686809047897
5764,SEG_B,SEG_C,0.19480645656585693,0.28791919350624084,0.5172743797302246,0.5172743797302246,0.0718302325581395,0.987378709665975,0.5567800347338352,1.569767441860465,0.031306976744186
4008,SEG_A,SEG_B,0.3429547846317291,0.5172743201255798,0.13977086544036865,0.5172743201255798,0.023913953488372,0.1915367285757366,-0.0562554349037883,0.127906976744186,0.026306976744186
11829,SEG_A,SEG_B,0.35207289457321167,0.51717609167099,0.13075099885463715,0.51717609167099,0.051953488372093,0.6173256700902915,0.3140073728882843,0.5116279069767442,0.0
8537,SEG_A,SEG_C,0.1628246009349823,0.3200153708457947,0.5171599984169006,0.5171599984169006,0.0571744186046511,0.9388004895960832,0.5508100019571848,1.069767441860465,0.0551767441860465
5687,SEG_A,SEG_B,0.18883274495601654,0.5171252489089966,0.29404202103614807,0.5171252489089966,0.1208315270914235,1.345635321873947,0.9599703428599374,1.569767441860465,0.0
3464,SEG_C,SEG_B,0.002339910715818405,0.5170473456382751,0.48061278462409973,0.5170473456382751,0.4555105548156333,6.719619466522422,5.830382000730353,7.789982354187457,0.0895421654796239
6270,SEG_A,SEG_C,0.14086416363716125,0.3421328663825989,0.5170029401779175,0.5170029401779175,0.1039582273632746,1.5653504337182695,1.123059251764692,1.848837209302325,0.0598860465116279
3733,SEG_B,SEG_C,0.05940396711230278,0.42364302277565,0.5169529914855957,0.5169529914855957,0.0841291136816373,1.8590105192201944,1.302362207759751,1.941860465116279,0.1062519253269668
5277,SEG_B,SEG_C,0.12467167526483536,0.35859882831573486,0.5167295336723328,0.5167295336723328,0.10550827127747,2.908414209226565,2.5240304039250043,3.3372093023255816,0.0364860465116279
8359,SEG_A,SEG_C,0.3694405257701874,0.11394433677196503,0.516615092754364,0.516615092754364,0.004213953488372,0.8748248274883367,0.4457159951541097,1.3488372093023255,0.0200046511627906
11339,SEG_A,SEG_B,0.17803512513637543,0.5165883898735046,0.30537649989128113,0.5165883898735046,0.0650581395348837,1.5749915739804516,1.2540568227707294,1.848837209302325,0.019660465116279
5351,SEG_C,SEG_B,0.036160990595817566,0.5165289640426636,0.44731009006500244,0.5165289640426636,0.1796609920866244,1.4422241143809982,1.3361720108941169,1.244186046511628,0.028913953488372
13185,SEG_C,SEG_B,0.22302983701229095,0.5163149237632751,0.2606552243232727,0.5163149237632751,0.0871548707337679,1.5186081989604951,1.0479947899207709,1.4534883720930232,0.0532559664607422
8315,SEG_C,SEG_A,0.5163065195083618,0.12482848763465881,0.35886499285697937,0.5163065195083618,0.0,0.9308356837493128,0.4648245594476279,1.058139534883721,0.0
2739,SEG_B,SEG_C,0.13740505278110504,0.34629401564598083,0.5163009762763977,0.5163009762763977,0.0974361782542142,3.0603315139066263,2.5889728885470147,3.873392140725528,0.0
5259,SEG_A,SEG_C,0.32539135217666626,0.15832960605621338,0.5162790417671204,0.5162790417671204,0.0126674418604651,0.6621698330761181,0.3888015588109236,1.1046511627906976,0.0371813953488372
12038,SEG_C,SEG_B,0.17635133862495422,0.5162296295166016,0.3074190318584442,0.5162296295166016,0.0792441860465116,1.5822024728150004,1.130503343317453,1.662790697674419,0.0266837209302325
3126,SEG_A,SEG_C,0.36391013860702515,0.11986789107322693,0.5162220001220703,0.5162220001220703,0.0258744186046511,1.8950827523814595,1.4912391209019895,3.209302325581396,0.0127302325581395
10158,SEG_B,SEG_C,0.14151476323604584,0.3422875702381134,0.516197681427002,0.516197681427002,0.0753953488372093,1.702614726908272,1.4491850431447748,1.848837209302325,0.0528651162790697
866,SEG_B,SEG_C,0.0021716372575610876,0.4816664457321167,0.5161619186401367,0.5161619186401367,0.2895759766231078,4.519977135927582,3.816845541944416,5.246004810969228,0.1659590545784067
862,SEG_B,SEG_C,0.018549669533967972,0.4653276801109314,0.5161226391792297,0.5161226391792297,0.1314351472061029,3.780179668164872,2.990747781073651,8.153825175887784,0.119012237935992
4003,SEG_A,SEG_B,0.2053283452987671,0.5160793662071228,0.2785922884941101,0.5160793662071228,0.0784720930232558,0.8594185159562202,0.6198230605909707,0.7790697674418605,0.0511023255813953
5718,SEG_B,SEG_C,0.010420563630759716,0.4735390841960907,0.5160403251647949,0.5160403251647949,0.2538204261547921,3.422536265001268,2.9202305936070867,2.9069767441860463,0.1043910026889262
8430,SEG_B,SEG_C,0.29861071705818176,0.18540441989898682,0.5159848928451538,0.5159848928451538,0.0084860465116279,3.8657620252636433,3.1281766889468936,5.128426623732072,0.1296680518894804
14192,SEG_C,SEG_B,0.004513856954872608,0.5158067941665649,0.4796793758869171,0.5158067941665649,0.5098597433384993,5.402827269870239,4.825317207517806,2.883720930232558,0.275818528705987
8672,SEG_B,SEG_A,0.5157877802848816,0.45470619201660156,0.029506025835871696,0.5157877802848816,0.011013953488372,0.2337732602487006,-0.0709950178500202,0.2674418604651162,0.0
10141,SEG_C,SEG_A,0.5157676935195923,0.2058047205209732,0.2784276306629181,0.5157676935195923,0.0,1.1626310467777128,0.7547876702317158,1.1162790697674418,0.0310372093023255
3075,SEG_A,SEG_B,0.4290604591369629,0.5156704783439636,0.0552690252661705,0.5156704783439636,0.0503418604651162,0.5181824632359463,0.2134449182573844,0.3372093023255814,0.0
7887,SEG_C,SEG_A,0.5156694650650024,0.3723675012588501,0.11196303367614746,0.5156694650650024,0.0264372093023255,0.309509871747113,0.0309606804065988,0.4651162790697674,0.0
6114,SEG_C,SEG_B,0.07051410526037216,0.5156359672546387,0.41384992003440857,0.5156359672546387,0.1218676175172469,1.41483511610168,0.9858769246657798,1.7674418604651163,0.0048744186046511
9808,SEG_A,SEG_B,0.046912841498851776,0.5155803561210632,0.4375067949295044,0.5155803561210632,0.2245412685589594,4.769279901745944,4.104477727288978,4.372093023255814,0.050860465116279
11237,SEG_A,SEG_C,0.22402681410312653,0.2604609429836273,0.515512228012085,0.515512228012085,0.0413279069767441,1.277597431394462,0.7532443007252969,1.4186046511627908,0.0225910026889262
5929,SEG_A,SEG_B,0.13643541932106018,0.5153704285621643,0.3481941223144531,0.5153704285621643,0.0699081834490791,1.1080393095985668,0.7033223829370776,1.255813953488372,0.0373697674418604
5966,SEG_A,SEG_C,0.30323484539985657,0.1814253330230713,0.5153398513793945,0.5153398513793945,0.0105790697674418,1.6013517109254432,1.2958307298682292,2.127906976744186,0.0365581395348837
9801,SEG_C,SEG_A,0.5152477622032166,0.18391087651252747,0.300841361284256,0.5152477622032166,0.0193697674418604,0.5952140208965285,0.7350742774140772,0.9767441860465116,0.0
2992,SEG_A,SEG_C,0.2281629890203476,0.25660640001296997,0.5152305960655212,0.5152305960655212,0.0414244625188466,1.2806751459031809,0.8022540567503698,1.813953488372093,0.0119976744186046
6916,SEG_A,SEG_C,0.14848606288433075,0.3363059461116791,0.5152080059051514,0.5152080059051514,0.0671976744186046,2.198747627410285,1.7319895649847268,2.7906976744186047,0.0169976744186046
3827,SEG_A,SEG_B,0.2446475327014923,0.515181303024292,0.2401711642742157,0.515181303024292,0.0696813953488372,0.9292125662994696,0.5426509496784573,0.7906976744186046,0.0554581395348837
5676,SEG_A,SEG_C,0.37625688314437866,0.10877744108438492,0.5149657130241394,0.5149657130241394,0.0,0.6085360012772072,0.3138717325544233,0.8953488372093024,0.036860465116279
14172,SEG_A,SEG_C,0.16090790927410126,0.3241455852985382,0.5149465203285217,0.5149465203285217,0.0651558139534883,0.8748869139481669,0.4234210838836664,0.7093023255813954,0.0287978269258584
5583,SEG_A,SEG_C,0.4356446862220764,0.04943231865763664,0.5149229764938354,0.5149229764938354,0.0,1.67464921150196,1.3146651356031722,2.313953488372093,0.0227767441860465
5322,SEG_C,SEG_A,0.5148665904998779,0.2818836271762848,0.20324978232383728,0.5148665904998779,0.0152209302325581,0.4979334078370852,0.2056672885063707,0.6511627906976745,0.0133418604651162
10284,SEG_B,SEG_C,0.003094410989433527,0.48210063576698303,0.5148049592971802,0.5148049592971802,0.4051982242815294,6.511244189047321,5.517336030867839,8.09542581751012,0.0855813953488372
18276,SEG_B,SEG_A,0.5146298408508301,0.10906364023685455,0.37630653381347656,0.5146298408508301,0.0,0.4468717293739911,0.0609489620727328,1.976744186046512,0.0
3026,SEG_A,SEG_B,0.3055294454097748,0.5146198868751526,0.17985066771507263,0.5146198868751526,0.0412906976744186,0.4745622904581981,0.2813031877336543,0.6976744186046512,0.0194348837209302
3291,SEG_B,SEG_A,0.5145466923713684,0.28451991081237793,0.20093345642089844,0.5145466923713684,0.0756720930232558,1.2310503255104397,0.7650560770585743,1.4883720930232558,0.0
19783,SEG_A,SEG_B,0.40982452034950256,0.5145267248153687,0.07564873993396759,0.5145267248153687,0.1065303203865304,0.8953310982207795,0.4993880934829515,1.2093023255813953,0.0
5827,SEG_A,SEG_C,0.12714402377605438,0.35833626985549927,0.5145196914672852,0.5145196914672852,0.0433023255813953,1.5825306441026734,1.1115737747156509,1.976744186046512,0.0228395348837209
6355,SEG_A,SEG_B,0.1063537448644638,0.5144886374473572,0.3791576027870178,0.5144886374473572,0.0686756253095442,3.194561226118887,2.5182404075585034,3.302325581395349,0.1395565764897575
3501,SEG_B,SEG_C,0.2063298225402832,0.2792152762413025,0.5144549608230591,0.5144549608230591,0.0777710619751444,1.06436591985525,1.015136319557052,0.8837209302325582,0.0324627906976744
8391,SEG_A,SEG_C,0.309681236743927,0.17596951127052307,0.5143492221832275,0.5143492221832275,0.0256767441860465,0.7525322406116404,0.3992365740843968,1.372093023255814,0.0346279069767441
6337,SEG_C,SEG_A,0.5142374634742737,0.08840811997652054,0.3973544239997864,0.5142374634742737,0.0,0.939057704929665,0.6120389157692108,1.3837209302325582,0.0
10963,SEG_B,SEG_C,0.016064610332250595,0.4697415828704834,0.5141937732696533,0.5141937732696533,0.1431317027482053,2.6584009049851725,2.1393952392581124,2.372093023255814,0.0593720930232558
2465,SEG_A,SEG_C,0.14894846081733704,0.33686643838882446,0.5141850709915161,0.5141850709915161,0.0783664986407446,2.542680006386036,1.988196550603089,2.5348837209302326,0.0354117804142305
6674,SEG_A,SEG_C,0.2640356123447418,0.22183169424533844,0.5141327381134033,0.5141327381134033,0.0392209302325581,1.221852659961329,0.9092312227945128,1.813953488372093,0.032313953488372
7353,SEG_B,SEG_C,0.06435123085975647,0.42152851819992065,0.5141202807426453,0.5141202807426453,0.1622248138324102,4.719463359242226,4.172250394440271,4.908535685149703,0.0097488372093023
3211,SEG_A,SEG_C,0.37160301208496094,0.11440235376358032,0.5139946341514587,0.5139946341514587,0.0,1.1148865591683963,0.6510612152878424,1.5465116279069768,0.0194372093023255
10970,SEG_B,SEG_A,0.5138993859291077,0.32991504669189453,0.1561855673789978,0.5138993859291077,0.0191418604651162,0.2765508310716123,-0.0273027269281366,0.3023255813953488,0.0191837209302325
857,SEG_B,SEG_C,0.2211800068616867,0.2649819850921631,0.513837993144989,0.513837993144989,0.0263186046511627,0.6383641104784206,0.4148537933460674,1.255813953488372,0.0216837209302325
1912,SEG_A,SEG_B,0.4407777190208435,0.5138163566589355,0.045405928045511246,0.5138163566589355,0.0434976744186046,0.2587763645716921,-0.0541359772669278,0.2093023255813953,0.0
9804,SEG_B,SEG_A,0.513674795627594,0.2059541791677475,0.2803710103034973,0.513674795627594,0.0255511627906976,0.95433097404786,0.5312109027576485,1.1511627906976745,0.0
12122,SEG_A,SEG_C,0.3472498655319214,0.1390921026468277,0.5136580467224121,0.5136580467224121,0.0,0.9480513721107624,1.0091545288624864,1.197674418604651,0.1130006100290153
793,SEG_C,SEG_B,0.02022438682615757,0.5135303735733032,0.46624523401260376,0.5135303735733032,0.1840419482935072,2.9234036545283937,2.386030638474403,2.511627906976744,0.0823489897165561
8480,SEG_C,SEG_A,0.5135225057601929,0.13248515129089355,0.35399237275123596,0.5135225057601929,0.0175372093023255,0.4902524258066805,0.1841719856054903,0.6162790697674418,0.0
1672,SEG_C,SEG_B,0.007056540343910456,0.5134673118591309,0.4794761836528778,0.5134673118591309,0.2351203383264012,3.0693866605773885,2.471733497185186,2.7209302325581395,0.1139895921510539
10430,SEG_B,SEG_C,0.010847344063222408,0.47581666707992554,0.5133360028266907,0.5133360028266907,0.3544882193288209,6.101325572559089,5.153743797035646,6.4801218914677685,0.3107513918600295
1296,SEG_C,SEG_A,0.5133153200149536,0.24218358099460602,0.24450111389160156,0.5133153200149536,0.019453488372093,0.1616820108917389,-0.1664988194955418,0.1162790697674418,0.0073116279069767
13976,SEG_A,SEG_C,0.1545412242412567,0.3321947157382965,0.5132640600204468,0.5132640600204468,0.1021107725156472,2.7921091379465035,2.218308989068729,2.988372093023256,0.012328059483998
5467,SEG_B,SEG_C,0.1380413919687271,0.34876489639282227,0.5131937265396118,0.5131937265396118,0.0794769198428283,1.3696273038511344,0.9514512851541284,1.3255813953488371,0.0506162790697674
11812,SEG_B,SEG_A,0.5131518840789795,0.40581485629081726,0.08103329688310623,0.5131518840789795,0.0328046511627907,0.1341777091870221,-0.1563456140481269,0.0116279069767441,0.0
1711,SEG_C,SEG_A,0.5131419897079468,0.3278424143791199,0.15901559591293335,0.5131419897079468,0.0259813953488372,0.7705816614336651,0.3737882177479492,1.162790697674419,0.0336813953488372
659,SEG_A,SEG_B,0.13715490698814392,0.5130256414413452,0.34981945157051086,0.5130256414413452,0.1366721808516467,0.7265978393911979,0.3621083077327427,0.1744186046511628,0.0036558139534883
10377,SEG_A,SEG_B,0.1960376501083374,0.5130116939544678,0.29095062613487244,0.5130116939544678,0.0453246381756284,2.425567811128184,1.963791914366416,2.5348837209302326,0.1157443385537654
654,SEG_A,SEG_B,0.12196145951747894,0.5129607319831848,0.36507779359817505,0.5129607319831848,0.1076908733312003,3.0078767178743218,2.331415876958656,3.604910986284641,0.0121232558139534
2822,SEG_B,SEG_C,0.3389844596385956,0.14806126058101654,0.5129542946815491,0.5129542946815491,0.0377441860465116,0.5095701843080908,0.150026260959615,0.7558139534883721,0.0242465116279069
2654,SEG_A,SEG_C,0.29965904355049133,0.18741920590400696,0.5129217505455017,0.5129217505455017,0.0365046511627907,1.1769464105156724,0.9263528729737563,2.127906976744186,0.066460465116279
5799,SEG_A,SEG_B,0.3701460659503937,0.5126643180847168,0.11718961596488953,0.5126643180847168,0.0519976744186046,0.8347347134266404,0.4796434207625092,0.6511627906976745,0.0
9126,SEG_B,SEG_A,0.5126577615737915,0.3249966502189636,0.16234560310840607,0.5126577615737915,0.1272651162790697,0.799629255139872,0.4692291499164576,0.4767441860465116,0.0
1760,SEG_B,SEG_C,0.01999073289334774,0.4674127399921417,0.5125965476036072,0.5125965476036072,0.1315674418604651,5.119941798985465,4.62806845685447,7.520202082276857,0.0698235608284611
14895,SEG_B,SEG_A,0.512557864189148,0.3919811248779297,0.09546103328466415,0.512557864189148,0.0451652919358515,0.5061642985116989,0.1987899368079655,0.2558139534883721,0.0048744186046511
7083,SEG_B,SEG_C,0.11731162667274475,0.37020403146743774,0.5124843120574951,0.5124843120574951,0.1301988811234977,3.9734915095332246,3.3949269230683563,3.814213311866036,0.0
17736,SEG_B,SEG_A,0.512401819229126,0.4528444707393646,0.03475373983383179,0.512401819229126,0.0585013823616749,0.3865680378904795,0.0460028802918435,0.2093023255813953,0.0
8254,SEG_A,SEG_C,0.39599528908729553,0.0916077122092247,0.512397050857544,0.512397050857544,0.0,0.7304826778777074,0.3552872478266578,1.244186046511628,0.015653488372093
8802,SEG_A,SEG_C,0.24584868550300598,0.24179627001285553,0.5123550295829773,0.5123550295829773,0.0477720930232558,2.1840420059248227,1.6897502979132448,3.0930232558139537,0.0073116279069767
9840,SEG_C,SEG_B,0.22967010736465454,0.512317419052124,0.25801241397857666,0.512317419052124,0.061957371971945,1.0167456051655934,0.6629781899852523,0.9302325581395348,0.0554258864098565
13138,SEG_A,SEG_B,0.3103595972061157,0.5122914910316467,0.17734895646572113,0.5122914910316467,0.1263721808516467,3.789882894886883,3.2133307658495576,4.093023255813954,0.0482627906976744
2696,SEG_A,SEG_C,0.27301743626594543,0.21469555795192719,0.5122869610786438,0.5122869610786438,0.0384663229839628,2.25635499263832,1.5554952200477796,2.546511627906977,0.0269768966933003
2986,SEG_A,SEG_B,0.3327483534812927,0.5122584700584412,0.1549932211637497,0.5122584700584412,0.1086071524009678,0.8467085306795807,0.4718376450437493,0.5581395348837209,0.0
8030,SEG_A,SEG_C,0.35561445355415344,0.1321924775838852,0.5121930837631226,0.5121930837631226,0.0,0.6796870842424565,0.2655187406631139,1.0,0.0313697674418604
14328,SEG_C,SEG_A,0.5118575692176819,0.11688380688428879,0.3712586462497711,0.5118575692176819,0.0,1.0533145300054991,0.7028387017040632,1.2325581395348837,0.118181547856091
11471,SEG_C,SEG_B,0.09639816731214523,0.5118380784988403,0.39176374673843384,0.5118380784988403,0.1004314392630326,1.914045731112412,1.3483495950717728,2.313953488372093,0.0949539458938545
3765,SEG_B,SEG_C,0.00797668844461441,0.48026707768440247,0.511756181716919,0.511756181716919,0.1901666742975264,3.954866178554372,3.271503726870825,4.139794707214873,0.089956118967996
14922,SEG_B,SEG_C,0.27872583270072937,0.20967470109462738,0.5115994811058044,0.5115994811058044,0.0068302325581395,1.5288613343267168,1.1561394476504112,2.1744186046511627,0.0492119329214844
4804,SEG_B,SEG_A,0.5115953683853149,0.4045749604701996,0.08382969349622726,0.5115953683853149,0.0655919043793117,0.942507938197364,0.5469572707449838,0.813953488372093,0.0
672,SEG_A,SEG_B,0.2757500112056732,0.5115533471107483,0.2126966118812561,0.5115533471107483,0.0701744186046511,0.4047771096092101,0.0708674569552258,0.4767441860465116,0.0
3097,SEG_C,SEG_A,0.5115483999252319,0.3626120984554291,0.12583951652050018,0.5115483999252319,0.0459430671700094,1.246678981369257,0.8296286720851959,1.0,0.0
10037,SEG_A,SEG_B,0.245648592710495,0.5115222930908203,0.2428291290998459,0.5115222930908203,0.0808187803079445,2.0989214694978093,1.635203110890876,2.232558139534884,0.0012186046511627
47,SEG_A,SEG_C,0.26528865098953247,0.22319547832012177,0.5115158557891846,0.5115158557891846,0.0462232558139534,1.9084668192219685,1.3824038474597924,2.2906976744186047,0.0384609226380405
12021,SEG_C,SEG_A,0.511513352394104,0.1624118536710739,0.32607483863830566,0.511513352394104,0.019606976744186,3.330017963390051,2.5877415022746044,4.430492381633478,0.0167768966933003
5634,SEG_A,SEG_B,0.31173697113990784,0.5114955306053162,0.17676745355129242,0.5114955306053162,0.0640186046511628,1.140217834779061,0.6530920966925531,1.0813953488372092,0.0250282119912518
8237,SEG_B,SEG_A,0.5114588737487793,0.26902297139167786,0.21951818466186523,0.5114588737487793,0.0284209302325581,1.2235556028595251,0.8139813596735713,1.6395348837209305,0.0132232558139534
20275,SEG_A,SEG_C,0.08004046976566315,0.4085584878921509,0.5114009976387024,0.5114009976387024,0.0993849276351256,3.476116272864445,2.6628401859760538,4.582174819319038,0.1484889821220386
811,SEG_C,SEG_A,0.5112723112106323,0.34816473722457886,0.1405629813671112,0.5112723112106323,0.0154813953488372,0.2550600464761499,-0.0322693928515686,0.3023255813953488,0.0073116279069767
13440,SEG_C,SEG_B,0.29475510120391846,0.5110929608345032,0.1941518932580948,0.5110929608345032,0.0718813953488372,0.932990970854842,0.5155497087758677,1.627906976744186,0.0
212,SEG_A,SEG_B,0.27187108993530273,0.5110077857971191,0.21712113916873932,0.5110077857971191,0.0761813953488372,1.89298955173576,1.3060634326047156,1.9534883720930232,0.1036093023255814
9882,SEG_B,SEG_C,0.1319800317287445,0.3570435345172882,0.5109764337539673,0.5109764337539673,0.0839803643007258,1.9520432514985744,1.4897863272596368,2.953748195586966,0.1056186046511627
5450,SEG_A,SEG_C,0.38334155082702637,0.10571905225515366,0.5109394192695618,0.5109394192695618,0.0,0.9690986819931529,0.6468607004739361,1.372093023255814,0.0059395348837209
15360,SEG_B,SEG_C,0.220040962100029,0.26903191208839417,0.5109270811080933,0.5109270811080933,0.0631581395348837,1.0492877796108069,0.5709435077295816,1.058139534883721,0.0461813953488372
5559,SEG_C,SEG_A,0.510834276676178,0.16173788905143738,0.32742780447006226,0.510834276676178,0.0086186046511627,0.4162010182179412,0.0640296699294669,0.5116279069767442,0.017060465116279
6914,SEG_B,SEG_C,0.15055368840694427,0.3386203348636627,0.5108259916305542,0.5108259916305542,0.0648093023255814,1.393211289092296,0.8888684499344716,2.546511627906977,0.0335372093023255
9440,SEG_A,SEG_C,0.16907548904418945,0.3201093077659607,0.5108152031898499,0.5108152031898499,0.0664325581395348,1.5849165380589998,1.0510555673242534,2.0232558139534884,0.0193930232558139
7685,SEG_A,SEG_B,0.4030943810939789,0.5107189416885376,0.08618666231632233,0.5107189416885376,0.058953488372093,0.8011636776471006,0.5236951233137461,0.6744186046511628,0.0344441860465116
3368,SEG_C,SEG_B,0.045359447598457336,0.5106449127197266,0.4439956247806549,0.5106449127197266,0.1655062091812474,2.2860075328648,1.7682643775065896,2.0930232558139537,0.1331351887354379
5316,SEG_C,SEG_B,0.02478073351085186,0.5106194019317627,0.4645999073982239,0.5106194019317627,0.141915335850047,3.352307002469043,2.54270880659101,5.583214113294809,0.0930655738008312
7325,SEG_B,SEG_C,0.16022303700447083,0.32926079630851746,0.5105161666870117,0.5105161666870117,0.0788837209302325,1.283513384066841,0.7392497699553062,1.3604651162790695,0.0536838734374863
9763,SEG_C,SEG_B,0.006593066733330488,0.5104795098304749,0.48292744159698486,0.5104795098304749,0.2148714132887081,5.356655110625857,4.6407010383277445,5.582954289800867,0.1016885246002771
12437,SEG_A,SEG_B,0.3318844735622406,0.5104084610939026,0.1577070653438568,0.5104084610939026,0.1077873410449119,1.0168609085909923,0.6208633145848118,0.8023255813953488,0.0
3044,SEG_C,SEG_B,0.17682746052742004,0.5102691650390625,0.31290337443351746,0.5102691650390625,0.085,1.1187004417008144,0.6160381378502183,0.9069767441860463,0.0349627906976744
349,SEG_B,SEG_C,0.009351097047328949,0.4805474579334259,0.5101014375686646,0.5101014375686646,0.2596889868917595,4.378936259092703,3.7188835239438593,4.582174819319038,0.1758964163879861
1179,SEG_B,SEG_C,0.02449110895395279,0.4654192328453064,0.510089635848999,0.510089635848999,0.1521990567802795,2.70365245773686,2.1766501187355325,3.5232558139534884,0.1719612276525482
887,SEG_C,SEG_A,0.5100858211517334,0.11368750035762787,0.37622666358947754,0.5100858211517334,0.0,0.5774484238908698,0.2388254661939693,0.7441860465116279,0.0121232558139534
1929,SEG_C,SEG_A,0.5100468397140503,0.10337401181459427,0.38657915592193604,0.5100468397140503,0.0046465116279069,0.391020524009721,0.0857030133212433,0.8604651162790697,0.0
10182,SEG_A,SEG_B,0.27610957622528076,0.509779155254364,0.2141112983226776,0.509779155254364,0.1155256692237397,1.4412662090007629,0.9926531483212856,1.872093023255814,0.019413953488372
4681,SEG_B,SEG_A,0.5096803307533264,0.35547521710395813,0.13484445214271545,0.5096803307533264,0.0753976744186046,0.3397104997073067,0.0496678979588297,0.127906976744186,0.0
6036,SEG_C,SEG_A,0.5096786022186279,0.20069056749343872,0.28963086009025574,0.5096786022186279,0.0127953488372093,0.406985613680308,0.0578942674307119,0.4651162790697674,0.0
1081,SEG_A,SEG_B,0.34510305523872375,0.5096148252487183,0.1452821046113968,0.5096148252487183,0.0893465116279069,0.6108952867507496,0.253605927049036,0.3837209302325581,0.0
1643,SEG_C,SEG_B,0.38207700848579407,0.5096133351325989,0.10830966383218765,0.5096133351325989,0.1016781265477214,0.6978074610185728,0.3301799088890376,0.9883720930232558,0.0192465116279069
4786,SEG_C,SEG_B,0.028403982520103455,0.5095738172531128,0.46202218532562256,0.5095738172531128,0.1517561652670519,1.8327922941833856,1.3838748693353422,1.7790697674418603,0.1399102173691044
6343,SEG_B,SEG_C,0.21270541846752167,0.2777419984340668,0.509552538394928,0.509552538394928,0.0673023255813953,0.9289819594486722,0.5509012435949667,2.0348837209302326,0.0012186046511627
6141,SEG_A,SEG_C,0.32377344369888306,0.1668234020471573,0.5094031691551208,0.5094031691551208,0.0,1.5014545970588755,1.0811253068939974,2.0232558139534884,0.0783627906976744
1699,SEG_A,SEG_B,0.08126520365476608,0.5093606114387512,0.4093742072582245,0.5093606114387512,0.1708454805797956,1.3993312401326878,1.010008000085046,1.244186046511628,0.0
16380,SEG_C,SEG_A,0.5093181133270264,0.32930314540863037,0.16137871146202087,0.5093181133270264,0.026960465116279,0.5425913114434215,0.1700536373914664,0.6395348837209303,0.0215581395348837
13033,SEG_B,SEG_A,0.5091718435287476,0.4199185073375702,0.07090961188077927,0.5091718435287476,0.0389432428267911,0.3714721586575134,0.048105615147817,0.4069767441860465,0.0
11154,SEG_C,SEG_B,0.002374933334067464,0.5091665983200073,0.48845845460891724,0.5091665983200073,0.3347632298396288,7.218580149841552,6.381037514434132,8.684096224177729,0.3484620667508954
7876,SEG_A,SEG_B,0.24581579864025116,0.5091032385826111,0.24508097767829895,0.5091032385826111,0.0845349715493211,0.5131268515069272,0.1621503004936366,0.2441860465116279,0.0
7172,SEG_C,SEG_B,0.02184087596833706,0.5090085864067078,0.46915051341056824,0.5090085864067078,0.1463886355781959,3.7821404333668127,3.1180419720735744,4.2447056934995135,0.0628023255813953
1478,SEG_A,SEG_C,0.3391925096511841,0.15180647373199463,0.5090010166168213,0.5090010166168213,0.0106116279069767,0.5838610682418889,0.2799356764910645,0.9069767441860463,0.0258396873909747
5815,SEG_A,SEG_B,0.16860198974609375,0.5089741945266724,0.3224238157272339,0.5089741945266724,0.0915965555421024,0.969710677097192,0.6050667035283791,0.9302325581395348,0.0025093023255813
14963,SEG_A,SEG_B,0.2900341749191284,0.5088668465614319,0.2010989934206009,0.5088668465614319,0.1215466872846887,1.0937239458606072,0.6471146857804437,1.0930232558139534,0.0116813953488372
1163,SEG_A,SEG_C,0.3604203462600708,0.13074201345443726,0.5088376402854919,0.5088376402854919,0.0,1.2113689177443103,0.8020933205496963,1.8953488372093024,0.0191209302325581
6772,SEG_B,SEG_C,0.25901147723197937,0.23228216171264648,0.5087063312530518,0.5087063312530518,0.0132883720930232,0.5920210029624111,0.2385585616786445,1.1395348837209305,0.0100141059956259
8678,SEG_B,SEG_A,0.5086996555328369,0.443739116191864,0.04756121709942818,0.5086996555328369,0.0089209302325581,0.0999592003263974,-0.0868178653803751,0.3023255813953488,0.0
16117,SEG_B,SEG_C,0.04358695074915886,0.44781482219696045,0.5085982084274292,0.5085982084274292,0.1932960514643364,2.126629769570539,1.515009928409803,1.8837209302325584,0.0628093023255813
18926,SEG_B,SEG_C,0.013834639452397823,0.4776628613471985,0.5085024833679199,0.5085024833679199,0.286749891149993,4.304967104832977,3.6017665464401483,3.988891740011141,0.1158728555595249
1208,SEG_C,SEG_A,0.5083484053611755,0.28255850076675415,0.20909307897090912,0.5083484053611755,0.0327477183328001,0.6215830273357814,0.2699697992046794,0.7790697674418605,0.0
8334,SEG_B,SEG_C,0.016862068325281143,0.474831223487854,0.5083067417144775,0.5083067417144775,0.1795827777105121,5.35044403676219,4.66062005063597,7.006755410842513,0.1219492947310638
7949,SEG_B,SEG_C,0.03215796500444412,0.45954713225364685,0.5082948803901672,0.5082948803901672,0.1467617596495631,3.357237227338072,2.5130894001926696,3.5348837209302326,0.1715047656974566
12028,SEG_B,SEG_A,0.5082752704620361,0.17162854969501495,0.3200961947441101,0.5082752704620361,0.0178418604651162,0.3616979759814095,0.050897951397405,1.4186046511627908,0.0
14026,SEG_A,SEG_C,0.23405535519123077,0.25779908895492554,0.5081455707550049,0.5081455707550049,0.0169837209302325,4.117295654844732,3.3405067927749155,5.2230088205096825,0.1210357987644532
6381,SEG_B,SEG_C,0.35361355543136597,0.13824990391731262,0.5081365704536438,0.5081365704536438,0.0149837209302325,0.9586947652244868,0.5323821167819919,1.7209302325581397,0.0
4087,SEG_B,SEG_C,0.06982669234275818,0.42213335633277893,0.5080400109291077,0.5080400109291077,0.1114792454242236,1.021499654089724,1.1957936620514815,0.813953488372093,0.0862117804142305
11179,SEG_A,SEG_C,0.29149067401885986,0.2004784643650055,0.508030891418457,0.508030891418457,0.0276,1.0371099639898531,0.6116152719867407,1.3255813953488371,0.0217465116279069
1928,SEG_B,SEG_C,0.15776051580905914,0.3342471718788147,0.5079923272132874,0.5079923272132874,0.0461372093023255,1.1005623259361752,0.7701602414026326,1.4651162790697674,0.0576767441860465
387,SEG_B,SEG_A,0.5079819560050964,0.2277625948190689,0.26425549387931824,0.5079819560050964,0.0254930232558139,0.2371347985737853,-0.0713313315545249,0.313953488372093,0.0048744186046511
16596,SEG_C,SEG_B,0.006398569792509079,0.5078974962234497,0.4857039451599121,0.5078974962234497,0.2617492763512568,5.533669442244795,4.947759595994275,5.373911787713414,0.2131137630085303
9201,SEG_B,SEG_A,0.5078895688056946,0.41268107295036316,0.07942933589220047,0.5078895688056946,0.0239046511627907,0.0911695315133131,0.3206106822887059,0.0232558139534883,0.0
5194,SEG_B,SEG_C,0.1763496696949005,0.31603097915649414,0.5076193809509277,0.5076193809509277,0.0949546950769861,1.7354939421354196,1.3445329630061764,1.744186046511628,0.0
9338,SEG_B,SEG_C,0.13013960421085358,0.3624536693096161,0.5074067115783691,0.5074067115783691,0.0634953488372093,2.681939935784862,2.274679108415647,4.349097032796268,0.035806976744186
8294,SEG_C,SEG_B,0.039716675877571106,0.5073891282081604,0.4528942108154297,0.5073891282081604,0.1825500439141954,3.544073123955247,2.873902623158231,4.128166800238128,0.0046046511627906
3418,SEG_B,SEG_C,0.3171752095222473,0.17545872926712036,0.5073660612106323,0.5073660612106323,0.0323302325581395,1.9771699217710608,1.4581825592408348,2.453488372093023,0.1060582920421375
8843,SEG_A,SEG_B,0.29978877305984497,0.5072324275970459,0.19297879934310913,0.5072324275970459,0.1487968190272751,1.1063895836659394,0.7749297223161971,0.7790697674418605,0.0
7743,SEG_A,SEG_C,0.25434938073158264,0.23843780159950256,0.5072128176689148,0.5072128176689148,0.0173651162790697,0.8320916041367321,0.4667061819785403,1.0465116279069768,0.0519162790697674
8668,SEG_A,SEG_B,0.27157261967658997,0.5071223378181458,0.22130504250526428,0.5071223378181458,0.0914140413167629,1.333971936920157,0.8754865324423239,1.3837209302325582,0.0295209302325581
13160,SEG_B,SEG_A,0.5069552063941956,0.408890962600708,0.08415380865335464,0.5069552063941956,0.062560465116279,0.5736700193354975,0.20850900376587,0.5813953488372093,0.042009607340089
12062,SEG_A,SEG_B,0.16073821485042572,0.5069161653518677,0.3323456346988678,0.5069161653518677,0.1135174857746605,2.084002980150072,1.6170301800470357,2.4651162790697674,0.0687865040333894
12997,SEG_C,SEG_A,0.5068936944007874,0.2907373607158661,0.20236898958683014,0.5068936944007874,0.0673664108123537,1.129849395987441,0.799973588318154,1.2790697674418603,0.0121348837209302
3628,SEG_B,SEG_C,0.07757885009050369,0.4158080816268921,0.5066130757331848,0.5066130757331848,0.1314931989125957,2.5057030848101047,1.902942265238428,3.918604651162791,0.0351883720930232
10307,SEG_B,SEG_C,0.08618321269750595,0.4074682891368866,0.5063484907150269,0.5063484907150269,0.1322513384474794,1.89416032497827,1.2964231465030407,1.7906976744186047,0.0368745711119049
8877,SEG_B,SEG_A,0.5063459873199463,0.10975518822669983,0.38389885425567627,0.5063459873199463,0.0124465116279069,1.5713728203217854,1.1132618209099094,2.3488372093023258,0.0219348837209302
1714,SEG_A,SEG_C,0.29293903708457947,0.20074628293514252,0.5063146352767944,0.5063146352767944,0.0,1.0649158284994589,0.6463522040625208,1.6511627906976745,0.0337441860465116
11004,SEG_C,SEG_B,0.14228184521198273,0.5062475204467773,0.35147061944007874,0.5062475204467773,0.1192767441860465,0.6416546928494138,0.2796953233194843,0.4651162790697674,0.0
2186,SEG_B,SEG_A,0.5062342286109924,0.4308485984802246,0.06291718780994415,0.5062342286109924,0.0500906976744186,0.4710677097191918,0.1008204072430699,0.2441860465116279,0.0012186046511627
12876,SEG_B,SEG_A,0.5061848163604736,0.23984260857105255,0.2539726197719574,0.5061848163604736,0.0064860465116279,0.6686977808525358,0.2577581316070468,1.0930232558139534,0.0243720930232558
2899,SEG_A,SEG_B,0.15069696307182312,0.5061365962028503,0.34316644072532654,0.5061365962028503,0.1474606407730608,1.5590530927926494,1.0936185097230064,1.1744186046511629,0.0
12291,SEG_B,SEG_A,0.5061225891113281,0.3979742228984833,0.09590324014425278,0.5061225891113281,0.0546395348837209,0.2553616092810388,-0.0755863502468778,0.0465116279069767,0.0
10042,SEG_A,SEG_B,0.2561989724636078,0.5060287117958069,0.23777228593826294,0.5060287117958069,0.0688152480216561,1.850389370798077,1.309610245644838,2.4651162790697674,0.0378790697674418
1527,SEG_B,SEG_A,0.5059810280799866,0.12141378968954086,0.37260517477989197,0.5059810280799866,0.0,0.5389459493019708,0.1937854430050465,0.627906976744186,0.0383116279069767
1415,SEG_B,SEG_A,0.5059435367584229,0.3854290843009949,0.10862734168767929,0.5059435367584229,0.0667523694955908,0.8813882532418003,0.5251253188265278,0.9069767441860463,0.0143720930232558
3006,SEG_A,SEG_B,0.26715072989463806,0.5059239268302917,0.2269253134727478,0.5059239268302917,0.1834245503472375,0.9176999627481242,0.5453519071707978,0.3488372093023256,0.0
2145,SEG_B,SEG_C,0.05650078132748604,0.4376184046268463,0.5058808326721191,0.5058808326721191,0.1077674418604651,2.4121831373175104,1.7515004203146816,2.7906976744186047,0.1670081968022167
2010,SEG_C,SEG_A,0.505800187587738,0.2626650929450989,0.2315347045660019,0.505800187587738,0.0065058578676838,0.3004281165935664,-0.0653652705519494,0.2558139534883721,0.0096232558139534
1525,SEG_C,SEG_B,0.011462748982012272,0.5057821869850159,0.4827551245689392,0.5057821869850159,0.2898982892173409,5.360447612348762,4.808701295338886,6.038261426351489,0.062960465116279
8985,SEG_A,SEG_C,0.3085653483867645,0.18567755818367004,0.5057570934295654,0.5057570934295654,0.0324211058893399,1.7871232682312457,1.3079525342646166,2.5,0.0060302325581395
993,SEG_A,SEG_C,0.2301233410835266,0.2642897665500641,0.5055868625640869,0.5055868625640869,0.0169860465116279,1.1544888510457134,0.6652626130510275,0.8837209302325582,0.0052652687863235
15441,SEG_A,SEG_B,0.24095745384693146,0.5055010318756104,0.2535415291786194,0.5055010318756104,0.0878651162790697,2.504000748882073,1.8542833446128968,3.069767441860465,0.0343303850653933
10438,SEG_C,SEG_B,0.05059027299284935,0.5054509043693542,0.4439588189125061,0.5054509043693542,0.0538581395348837,5.6905383526034,5.0789134685886665,6.973690454369881,0.1069514678052053
3205,SEG_A,SEG_B,0.1197451502084732,0.5053711533546448,0.3748837113380432,0.5053711533546448,0.1925830411956848,1.4131676511805298,0.9542040616320276,0.7209302325581395,0.0084093023255813
10363,SEG_A,SEG_B,0.2855565547943115,0.5052838325500488,0.20915961265563965,0.5052838325500488,0.0801501317425863,1.4676884324055843,1.1830008328250303,1.2093023255813953,0.0
7617,SEG_A,SEG_C,0.18307004868984222,0.31168168783187866,0.5052483081817627,0.5052483081817627,0.0475790697674418,1.384510315221826,0.9925645561278462,1.976744186046512,0.0
7045,SEG_C,SEG_A,0.5051894783973694,0.1521037071943283,0.3427068293094635,0.5051894783973694,0.0235395348837209,1.5715590797012755,1.1566608694359592,2.011627906976744,0.0036558139534883
5076,SEG_C,SEG_B,0.12231409549713135,0.505079448223114,0.37260645627975464,0.505079448223114,0.0839314392630326,2.472726912116246,1.957994155792076,2.627906976744186,0.0433046511627907
8120,SEG_B,SEG_C,0.011159094981849194,0.48377710580825806,0.5050637722015381,0.5050637722015381,0.249170118755424,2.3890787117366314,1.830162512508755,1.6395348837209305,0.1223449485827807
11137,SEG_B,SEG_C,0.08299217373132706,0.4121384620666504,0.5048693418502808,0.5048693418502808,0.1090780387193305,1.4716708353289696,1.0005794110770554,1.3488372093023255,0.0218720930232558
5228,SEG_A,SEG_B,0.35427388548851013,0.5048565864562988,0.14086952805519104,0.5048565864562988,0.0668488372093023,1.0152023131641037,0.6087996511751779,1.186046511627907,0.0
567,SEG_C,SEG_A,0.5048553347587585,0.22854553163051605,0.2665991485118866,0.5048553347587585,0.0285906976744186,0.6945523566246253,0.3673833926682373,1.3604651162790695,0.0
12380,SEG_C,SEG_B,0.008223998360335827,0.5048036575317383,0.4869723320007324,0.5048036575317383,0.3440428265774161,4.225428887059183,3.533830300005949,5.64135364817853,0.0606813953488372
10801,SEG_A,SEG_C,0.27214911580085754,0.22312961518764496,0.5047212839126587,0.5047212839126587,0.0394511627906976,1.0374115267947424,0.6515858151178894,1.1162790697674418,0.012060465116279
595,SEG_A,SEG_B,0.12195522338151932,0.5046490430831909,0.37339577078819275,0.5046490430831909,0.1632072402293587,1.4588810246039772,1.0282609505096263,1.8604651162790693,0.0483093023255814
4358,SEG_B,SEG_A,0.5045850276947021,0.1751086711883545,0.32030630111694336,0.5045850276947021,0.0192395348837209,0.3376793855214376,0.242368218292988,0.5465116279069767,0.0024581395348837
13812,SEG_B,SEG_C,0.004691907204687595,0.49074748158454895,0.504560649394989,0.504560649394989,0.4310195936560421,5.154199662702341,4.780718044216202,5.35481314966301,0.1572542509083621
6784,SEG_C,SEG_B,0.19203616678714752,0.5045424103736877,0.30342140793800354,0.5045424103736877,0.105114041316763,0.7131605555851206,0.3464298880004686,0.4534883720930232,0.0
3359,SEG_B,SEG_A,0.5045254230499268,0.2642436921596527,0.23123085498809814,0.5045254230499268,0.0525441860465116,0.6197381725294024,0.2796252307549108,0.9186046511627908,0.0
9792,SEG_B,SEG_A,0.5044941902160645,0.33165284991264343,0.1638529747724533,0.5044941902160645,0.0087906976744186,0.5878346016710128,0.2625532748024353,0.686046511627907,0.0810024780886491
3816,SEG_C,SEG_B,0.02371830865740776,0.5044893026351929,0.47179239988327026,0.5044893026351929,0.1666286096038713,3.377664279592327,2.752946202482711,3.372093023255814,0.0749520778342206
2557,SEG_C,SEG_A,0.5044874548912048,0.12578006088733673,0.36973246932029724,0.5044874548912048,0.0084279069767441,0.3702570379436964,0.0931446508159477,0.5930232558139535,0.0048744186046511
3039,SEG_C,SEG_B,0.04400031641125679,0.5044265389442444,0.4515731632709503,0.5044265389442444,0.1135199870128377,2.47210544054778,1.9831945927293813,2.255813953488372,0.0698627906976744
13514,SEG_A,SEG_C,0.11665390431880951,0.3789267838001251,0.5044193267822266,0.5044193267822266,0.0920790697674418,2.597361652448127,2.0116344595727007,2.895608660703245,0.2769335877177238
9887,SEG_A,SEG_B,0.27499672770500183,0.5043358206748962,0.22066746652126312,0.5043358206748962,0.1055162790697674,0.7497738278963335,0.3713640338815928,0.7674418604651163,0.0
10412,SEG_A,SEG_B,0.31821250915527344,0.5042231678962708,0.1775643229484558,0.5042231678962708,0.055953488372093,0.3137317510155571,0.0260425201253488,0.127906976744186,0.026306976744186
7205,SEG_B,SEG_C,0.24504424631595612,0.2509155571460724,0.5040401816368103,0.5040401816368103,0.0432186046511627,0.6201461692654285,0.2232101050190639,0.6976744186046512,0.0024372093023255
5250,SEG_A,SEG_C,0.38149020075798035,0.11450149118900299,0.5040082931518555,0.5040082931518555,0.0021441860465116,1.120988771220265,0.7060884548398205,2.011627906976744,0.0083790697674418
4790,SEG_A,SEG_C,0.2656865417957306,0.23031629621982574,0.5039971470832825,0.5039971470832825,0.0211976744186046,0.6702499423482873,0.449958007239106,0.8604651162790697,0.0363697674418604
16208,SEG_B,SEG_C,0.031019408255815506,0.4649888873100281,0.5039917230606079,0.5039917230606079,0.2703203383264013,2.20874415441309,1.508026343288845,1.3837209302325582,0.1698370188224838
8461,SEG_A,SEG_C,0.359997034072876,0.1360524445772171,0.5039505362510681,0.5039505362510681,0.0023232558139534,2.363817785109893,2.3780554849882924,3.2906976744186047,0.0193093023255813
7365,SEG_B,SEG_A,0.5039357542991638,0.14227306842803955,0.35379117727279663,0.5039357542991638,0.0021441860465116,0.807665016940734,0.4629881503613359,0.9186046511627908,0.0146627906976744
6062,SEG_B,SEG_C,0.04801059141755104,0.4480866491794586,0.503902792930603,0.503902792930603,0.1897851911202983,1.830903698875865,1.548112493908688,1.337209302325581,0.0485302325581395
12055,SEG_C,SEG_A,0.5038502216339111,0.10995693504810333,0.38619285821914673,0.5038502216339111,0.0,1.3602972028582676,0.8896080108521299,1.8837209302325584,0.0169372093023255
11741,SEG_A,SEG_B,0.21538278460502625,0.5037054419517517,0.28091177344322205,0.5037054419517517,0.0928348837209302,1.0701133521366613,0.6594920149205106,1.186046511627907,0.0452629432049282
9059,SEG_A,SEG_C,0.4204571545124054,0.07589550316333771,0.5036473274230957,0.5036473274230957,0.004213953488372,3.193150976531318,2.4965984624951383,4.488372093023256,0.0
7686,SEG_A,SEG_B,0.2248711884021759,0.5036136507987976,0.27151522040367126,0.5036136507987976,0.0496001756567817,0.6745339080765616,0.3673425615413301,0.7093023255813954,0.0036558139534883
6981,SEG_A,SEG_C,0.13191373646259308,0.36448419094085693,0.5036020278930664,0.5036020278930664,0.1027326459679257,3.2420402358705256,2.754660766745491,4.360724939773013,0.0554279069767441
2460,SEG_B,SEG_A,0.5035832524299622,0.42691320180892944,0.0695035308599472,0.5035832524299622,0.0482837209302325,0.5280453408546645,0.1443937806119793,0.3255813953488372,0.0
8077,SEG_B,SEG_A,0.5034871697425842,0.3838019073009491,0.11271094530820847,0.5034871697425842,0.0477558139534883,0.4094956805562947,0.1416945999043704,0.4069767441860465,0.0276837209302325
11621,SEG_A,SEG_B,0.2789837121963501,0.5034527778625488,0.2175634801387787,0.5034527778625488,0.0532,1.5889698969364767,1.0530694354636918,3.697934242098594,0.017060465116279
14620,SEG_A,SEG_B,0.43827101588249207,0.5034306645393372,0.058298300951719284,0.5034306645393372,0.0402697674418604,0.7112270058361272,0.3951600481141537,0.5930232558139535,0.0024372093023255
14667,SEG_C,SEG_B,0.022710446268320084,0.5034306049346924,0.47385892271995544,0.5034306049346924,0.2510879558436482,4.681721840249316,3.832614249407587,5.35013632677204,0.2527165461116872
4357,SEG_C,SEG_B,0.04309895634651184,0.5033969283103943,0.45350411534309387,0.5033969283103943,0.0996302325581395,3.6178312312631937,2.9199065912395663,4.034883720930233,0.1019373618095794
1229,SEG_B,SEG_C,0.1712820678949356,0.3254156708717346,0.503302276134491,0.503302276134491,0.1098804521291167,1.0914001383641103,0.6841077494243227,0.7674418604651163,0.0316209302325581
17932,SEG_C,SEG_A,0.5032435655593872,0.23149049282073975,0.26526597142219543,0.5032435655593872,0.0064325581395348,0.8636758732017101,0.4483873045602404,1.4069767441860466,0.0213697674418604
14977,SEG_B,SEG_A,0.5031471252441406,0.19411368668079376,0.3027392029762268,0.5031471252441406,0.0065930232558139,0.6158001170773243,0.2778768757385895,0.872093023255814,0.0290581395348837
10417,SEG_B,SEG_C,0.22421906888484955,0.27288708090782166,0.50289386510849,0.50289386510849,0.0459441860465116,0.9526014226668796,0.6009313137033399,1.4069767441860466,0.1108699199491143
3358,SEG_A,SEG_C,0.3312971889972687,0.16584283113479614,0.5028599500656128,0.5028599500656128,0.0085558139534883,0.5886151171660192,0.245108560958616,0.872093023255814,0.018060465116279
10606,SEG_B,SEG_C,0.04323432594537735,0.4539211690425873,0.502844512462616,0.502844512462616,0.1783071524009678,2.3766342043176696,2.4547825658418865,3.441860465116279,0.1388682043967342
3165,SEG_A,SEG_B,0.27088308334350586,0.5027990937232971,0.22631780803203583,0.5027990937232971,0.0484581395348837,0.5293935039824029,0.2027792023109643,0.4302325581395348,0.0
10613,SEG_A,SEG_B,0.25560083985328674,0.5027124881744385,0.24168670177459717,0.5027124881744385,0.0677162790697674,1.0580331009525838,0.5631688782447505,1.0930232558139534,0.0568795272892033
6952,SEG_C,SEG_B,0.04333127662539482,0.5027085542678833,0.4539601802825928,0.5027085542678833,0.1267005269703453,2.3212619516435176,1.8247017604608329,1.837209302325581,0.1274931757630678
7543,SEG_A,SEG_C,0.13080596923828125,0.3665074408054352,0.5026865601539612,0.5026865601539612,0.0395162790697674,1.536249623046494,0.9678893263521772,1.837209302325581,0.0700145635173874
9544,SEG_C,SEG_B,0.07802291959524155,0.502631425857544,0.4193456470966339,0.502631425857544,0.1089418604651162,1.485915243112838,1.058491253246621,1.5930232558139534,0.0916495997455714
6790,SEG_B,SEG_C,0.23109781742095947,0.26636335253715515,0.502538800239563,0.502538800239563,0.0258198113560559,1.26832880989126,1.0301837021530915,1.4767441860465116,0.0219348837209302
10625,SEG_B,SEG_A,0.5023901462554932,0.42746472358703613,0.0701451376080513,0.5023901462554932,0.0267627906976744,0.2193603320738651,-0.0468578514075627,0.0930232558139534,0.0
8440,SEG_C,SEG_B,0.0767129510641098,0.5023883581161499,0.4208986759185791,0.5023883581161499,0.1093536640288748,2.50912670959502,1.8403137145797712,3.13953488372093,0.0699074342659475
7790,SEG_A,SEG_B,0.11735772341489792,0.5023423433303833,0.38029995560646057,0.5023423433303833,0.1573316149198144,1.3181753676405372,0.8724945561003944,1.186046511627907,0.0363348837209302
13197,SEG_A,SEG_B,0.30779844522476196,0.5022265911102295,0.18997499346733093,0.5022265911102295,0.0422441860465116,1.1109396342220568,0.8183918382919475,1.4883720930232558,0.0060325581395348
7979,SEG_B,SEG_C,0.04229055717587471,0.45578354597091675,0.5019258856773376,0.5019258856773376,0.1471432428267912,2.2409309421176804,1.819229226099876,2.209302325581396,0.0968748761264126
3951,SEG_A,SEG_C,0.1813749521970749,0.3167327046394348,0.5018923878669739,0.5018923878669739,0.0580930232558139,2.180450467719105,2.070787573879672,2.86046511627907,0.0145581395348837
9878,SEG_C,SEG_B,0.036422885954380035,0.5016445517539978,0.46193253993988037,0.5016445517539978,0.1360130980970425,2.140359746687244,1.5910479223863825,3.069767441860465,0.0394768966933003
6854,SEG_A,SEG_C,0.2353413701057434,0.2630179822444916,0.5016406774520874,0.5016406774520874,0.0585744186046511,0.7753623188405797,0.4546479752437807,0.7441860465116279,0.0971489897165561
2901,SEG_A,SEG_C,0.35536447167396545,0.1431470364332199,0.5014885067939758,0.5014885067939758,0.0063209302325581,1.6036843879162013,1.4108291774126018,2.453488372093023,0.0
11085,SEG_C,SEG_B,0.3948955237865448,0.5014185309410095,0.10368593782186508,0.5014185309410095,0.1093093023255814,0.5029712805775814,0.251744124110286,0.0930232558139534,0.0
16032,SEG_A,SEG_B,0.34176111221313477,0.5013988018035889,0.15684008598327637,0.5013988018035889,0.0940732997281489,1.9711830131445909,1.524948233010958,1.8604651162790693,0.0628023255813953
3959,SEG_A,SEG_B,0.45007598400115967,0.5013076663017273,0.048616353422403336,0.5013076663017273,0.076087253216521,0.822494811345857,0.4522747434496892,0.6744186046511628,0.0
10658,SEG_B,SEG_A,0.501227617263794,0.19178900122642517,0.30698341131210327,0.501227617263794,0.025413953488372,0.4668103524737019,0.0832818216364119,0.6162790697674418,0.0023255813953488
2253,SEG_C,SEG_A,0.5010842084884644,0.08666989207267761,0.4122459292411804,0.5010842084884644,0.0,1.074264275451014,0.6470242121092753,2.0348837209302326,0.0023255813953488
3918,SEG_C,SEG_A,0.5009554028511047,0.17187540233135223,0.3271692097187042,0.5009554028511047,0.041153488372093,0.6155340322494812,0.2467415351760598,0.813953488372093,0.0119255813953488
11801,SEG_A,SEG_C,0.3287135660648346,0.1703762263059616,0.500910222530365,0.500910222530365,0.0303325581395348,2.840093101900879,2.191738535522232,3.1049109862846405,0.0784883720930232
969,SEG_A,SEG_B,0.31537872552871704,0.5008983016014099,0.18372301757335663,0.5008983016014099,0.095860465116279,0.9318290671065936,0.5074879220072995,0.7441860465116279,0.0165720930232558
2894,SEG_A,SEG_C,0.35139352083206177,0.14780540764331818,0.5008010864257812,0.5008010864257812,0.0153162790697674,1.592358043744346,1.2139388714228734,1.9534883720930232,0.0060930232558139
8501,SEG_C,SEG_B,0.16901537775993347,0.500789999961853,0.3301946520805359,0.500789999961853,0.1216571084867724,1.1264612491795718,0.7466020829679263,0.7906976744186046,0.0482
7492,SEG_B,SEG_C,0.18576253950595856,0.3134990334510803,0.5007384419441223,0.5007384419441223,0.0153674418604651,0.3334752452415163,0.3257250873920141,1.0232558139534884,0.0432418604651162
5297,SEG_A,SEG_C,0.16171401739120483,0.33755365014076233,0.5007323622703552,0.5007323622703552,0.0603931989125957,0.987706880953648,0.5676263533266047,0.9418604651162792,0.1032953488372093
1841,SEG_B,SEG_A,0.5007002949714661,0.4067189693450928,0.09258071333169937,0.5007002949714661,0.0616651162790697,0.2644883188760576,0.0484762449800688,0.0465116279069767,0.0
10570,SEG_B,SEG_A,0.5006640553474426,0.13657592236995697,0.3627600073814392,0.5006640553474426,0.0,0.1484842034307203,-0.122499324895142,0.6511627906976745,0.0
14301,SEG_C,SEG_A,0.5005531907081604,0.306311696767807,0.193135067820549,0.5005531907081604,0.0393198991844468,0.3874461178223618,0.0528901651772937,0.3488372093023256,0.0024372093023255
13683,SEG_C,SEG_A,0.5004879236221313,0.30355191230773926,0.1959601193666458,0.5004879236221313,0.0471581395348837,0.4128660883756408,0.0240424040174312,0.3837209302325581,0.0097488372093023
7386,SEG_C,SEG_B,0.1449870467185974,0.5004490613937378,0.3545639216899872,0.5004490613937378,0.0801744186046511,1.1219200681177162,0.7017888420651024,1.3953488372093024,0.0179651162790697
2562,SEG_A,SEG_B,0.402448832988739,0.5004435777664185,0.09710758924484253,0.5004435777664185,0.0896756253095442,1.0158143082681428,0.6450923560353539,0.9302325581395348,0.0
10274,SEG_C,SEG_A,0.5002998113632202,0.320224791765213,0.17947541177272797,0.5002998113632202,0.0649,1.055256949248754,0.8444936218074973,0.6162790697674418,0.0
5312,SEG_A,SEG_C,0.3240460455417633,0.17566213011741638,0.5002918839454651,0.5002918839454651,0.0,0.1130417043620172,-0.126628613049715,0.1162790697674418,0.0
4044,SEG_A,SEG_B,0.3870231509208679,0.5002250075340271,0.11275182664394379,0.5002250075340271,0.0740818344907916,0.5782466783743991,0.3293030924378555,0.2674418604651162,0.0
3145,SEG_A,SEG_B,0.20569565892219543,0.5002150535583496,0.29408928751945496,0.5002150535583496,0.0506790697674418,1.5068117715927838,1.097878799574294,1.837209302325581,0.0
8509,SEG_A,SEG_C,0.2990048825740814,0.200815349817276,0.5001797676086426,0.5001797676086426,0.0603083591058609,1.601839533109822,1.128363479046147,1.686046511627907,0.0168720930232558
17167,SEG_A,SEG_B,0.42654943466186523,0.5000610947608948,0.07338949292898178,0.5000610947608948,0.0553931110842048,0.3631525730402852,-0.0094217152332096,0.1976744186046511,0.0097488372093023
4856,SEG_A,SEG_C,0.11357282102108002,0.3865138292312622,0.49991336464881897,0.49991336464881897,0.068053488372093,1.8918453869760348,1.4174458243835488,2.372093023255814,0.0385558139534883
16921,SEG_A,SEG_B,0.3163732588291168,0.49990567564964294,0.183721125125885,0.49990567564964294,0.1256212815461217,1.4324410622106327,1.0172456161941137,1.2093023255813953,0.0097488372093023
4919,SEG_B,SEG_C,0.2313608080148697,0.26875022053718567,0.49988898634910583,0.49988898634910583,0.0476488372093023,2.629255139871925,2.1446910158008534,3.13953488372093,0.08024914222381
31,SEG_B,SEG_C,0.23062588274478912,0.2694997787475586,0.4998743236064911,0.4998743236064911,0.079461759649563,1.4853564649743671,0.9704239390010628,2.069767441860465,0.0121232558139534
7772,SEG_A,SEG_B,0.17703959345817566,0.4998316168785095,0.3231287896633148,0.4998316168785095,0.1106326459679257,2.182764798751175,1.7230627201933204,2.1744186046511627,0.0346976744186046
13027,SEG_B,SEG_A,0.4997875988483429,0.28116896748542786,0.21904346346855164,0.4997875988483429,0.0309790697674418,0.6669238820002484,0.3969740437666144,0.9186046511627908,0.0
4465,SEG_B,SEG_A,0.4995781183242798,0.10797001421451569,0.3924519121646881,0.4995781183242798,0.0151686485653582,1.1647597254004578,0.7357072986162853,0.7093023255813954,0.0
9938,SEG_A,SEG_B,0.10160265117883682,0.4993650019168854,0.3990323543548584,0.4993650019168854,0.0855837209302325,2.1333528462207085,1.7665010491996604,2.2790697674418605,0.0454186046511627
4494,SEG_B,SEG_C,0.15580809116363525,0.3448536694049835,0.49933817982673645,0.49933817982673645,0.0791163668981583,1.3053678179270218,0.8373073857961006,1.8604651162790693,0.0372186046511627
530,SEG_B,SEG_C,0.18815526366233826,0.31259921193122864,0.4992455244064331,0.4992455244064331,0.0686163668981583,0.8331382044595819,0.4336353577598708,0.9186046511627908,0.0262279069767441
16153,SEG_A,SEG_B,0.20245084166526794,0.4992430508136749,0.29830610752105713,0.4992430508136749,0.0718418604651162,1.088384510315222,0.5934279024495751,1.2325581395348837,0.0822309950944086
12780,SEG_A,SEG_B,0.010308296419680119,0.49919337034225464,0.49049830436706543,0.49919337034225464,0.3039488601018817,4.2894072121058056,3.248230823472862,4.736455491944025,0.2775890586841166
16140,SEG_A,SEG_B,0.4570886194705963,0.4991796314716339,0.043731674551963806,0.4991796314716339,0.1096268759286328,0.6682276976566797,0.2250319941788074,0.2906976744186046,0.0121232558139534
5180,SEG_C,SEG_A,0.49917227029800415,0.130244180560112,0.37058350443840027,0.49917227029800415,0.0,1.7076620761131946,1.2445713322193843,2.2209302325581395,0.0097488372093023
10573,SEG_B,SEG_A,0.49912533164024353,0.2697244882583618,0.23115020990371704,0.49912533164024353,0.0043953488372093,0.755388217763823,0.3986481799420772,1.0348837209302326,0.0144953488372093
19998,SEG_A,SEG_B,0.2798548638820648,0.4989878237247467,0.22115734219551086,0.4989878237247467,0.0821874288733028,1.1383020240185906,0.7514391466770721,1.0116279069767442,0.0497116279069767
7477,SEG_B,SEG_C,0.07365567237138748,0.4274675250053406,0.49887678027153015,0.49887678027153015,0.0941255813953488,2.3712858992780235,2.4728150569028866,2.488372093023256,0.1555427755086392
12372,SEG_B,SEG_A,0.49883192777633667,0.3322860896587372,0.16888195276260376,0.49883192777633667,0.0655919043793117,0.8009685487733489,0.4064394591252524,0.8604651162790697,0.033753488372093
1548,SEG_B,SEG_A,0.49882349371910095,0.2824528217315674,0.21872363984584808,0.49882349371910095,0.0253500439141954,1.1203679066219645,0.6639649945735759,1.7093023255813953,0.0143093023255813
14551,SEG_A,SEG_C,0.16863210499286652,0.3326081335544586,0.49875977635383606,0.49875977635383606,0.0195175736030514,2.147172125250193,1.7834194381994943,2.8488372093023258,0.1295958063589708
4818,SEG_A,SEG_C,0.44484907388687134,0.05639629811048508,0.49875468015670776,0.49875468015670776,0.0,2.761126780550973,2.121880582002324,3.453748195586966,0.0291209302325581
12802,SEG_C,SEG_A,0.4986647963523865,0.2726496458053589,0.22868557274341583,0.4986647963523865,0.0365511627906976,2.0085501924680256,1.512700023040276,2.3255813953488373,0.0047488372093023
5772,SEG_A,SEG_C,0.2905338406562805,0.2108970284461975,0.4985690712928772,0.4985690712928772,0.0172023255813953,3.129751831550565,2.5269075738094,3.3255813953488373,0.0192465116279069
14379,SEG_C,SEG_B,0.15734387934207916,0.4985404908657074,0.34411558508872986,0.4985404908657074,0.0928269637570237,2.4359179039611165,1.8866273460918987,3.3488372093023258,0.0529279069767441
3986,SEG_B,SEG_C,0.1699357032775879,0.33153313398361206,0.49853113293647766,0.49853113293647766,0.1082058578676838,1.9524075077334584,1.4163122428445891,2.244186046511628,0.0540209302325581
7143,SEG_B,SEG_C,0.1551312357187271,0.346380352973938,0.49848848581314087,0.49848848581314087,0.049440741588614,1.1472247352455964,0.8266736523811407,1.5232558139534884,0.0156906976744186
5377,SEG_B,SEG_C,0.07085099816322327,0.4306754469871521,0.4984736144542694,0.4984736144542694,0.0883232558139534,1.5061997764887445,0.9430991896264256,2.732558139534884,0.0290860465116279
4934,SEG_C,SEG_A,0.4984038472175598,0.09605035185813904,0.40554580092430115,0.4984038472175598,0.0,1.2722313873662925,0.987114168283202,2.4069767441860463,0.0
631,SEG_C,SEG_A,0.49829086661338806,0.12691104412078857,0.374798059463501,0.49829086661338806,0.0,1.00129494616217,0.648688438488657,1.372093023255814,0.0
3463,SEG_B,SEG_C,0.10237080603837967,0.39937570691108704,0.4982534945011139,0.4982534945011139,0.0731348837209302,1.5638514891880866,1.1027875017651825,1.802325581395349,0.0545418604651162
6891,SEG_C,SEG_B,0.005749398376792669,0.49819859862327576,0.49605196714401245,0.49819859862327576,0.3578768549070169,3.815053305660512,3.0874913447225465,3.302325581395349,0.1657519253269668
11655,SEG_A,SEG_B,0.39779356122016907,0.4981638491153717,0.10404258966445923,0.4981638491153717,0.0370860465116279,0.2125662994696042,-0.108232651188096,0.2093023255813953,0.0
10260,SEG_A,SEG_C,0.39063090085983276,0.11131249368190765,0.4980565905570984,0.4980565905570984,0.0,0.7075018182463236,0.4701845610196431,1.244186046511628,0.0634303850653933
4991,SEG_C,SEG_A,0.4979996085166931,0.0940246433019638,0.4079757332801819,0.4979996085166931,0.0149279069767441,0.3531921309846912,0.046227340631898,0.6511627906976745,0.0048744186046511
7877,SEG_A,SEG_C,0.022246545180678368,0.4797654151916504,0.4979880750179291,0.4979880750179291,0.1512628785260653,5.04224199440445,4.173072678431954,7.309340815731804,0.0826447960755269
18442,SEG_A,SEG_B,0.30591288208961487,0.4978819489479065,0.19620518386363983,0.4978819489479065,0.1020360904258233,0.7918152306955457,0.3167917276014478,0.5813953488372093,0.0144395348837209
3309,SEG_B,SEG_C,0.2011481523513794,0.30103158950805664,0.49782025814056396,0.49782025814056396,0.0585255813953488,1.131614425345467,0.7850627166219487,1.3837209302325582,0.0024372093023255
1155,SEG_A,SEG_C,0.35212311148643494,0.15019194781780243,0.4976849853992462,0.4976849853992462,0.0228930232558139,0.5685700601351712,0.3296197536445631,0.813953488372093,0.0323186046511627
4909,SEG_A,SEG_B,0.35374853014945984,0.497579962015152,0.14867156744003296,0.497579962015152,0.0484767441860465,1.0693505756301775,0.7241549410840201,1.1162790697674418,0.0504906976744186
14353,SEG_B,SEG_C,0.056315794587135315,0.44611915946006775,0.49756503105163574,0.49756503105163574,0.1640546950769861,2.2761257023172288,1.5958481033690874,2.2209302325581395,0.110914868531895
6085,SEG_A,SEG_C,0.3198387622833252,0.18262632191181183,0.4975348711013794,0.4975348711013794,0.0,1.1929115001862596,0.8558564417390702,1.7325581395348837,0.0386837209302325
863,SEG_B,SEG_C,0.13970622420310974,0.3627670705318451,0.49752673506736755,0.49752673506736755,0.0914697674418604,2.419819771876608,2.178757856610206,2.232558139534884,0.0250999999999999
18529,SEG_A,SEG_C,0.27487993240356445,0.22764244675636292,0.49747756123542786,0.49747756123542786,0.0504023255813953,1.902417824135668,1.3245608488189238,2.7674418604651163,0.0500820053778525
12241,SEG_B,SEG_C,0.29516705870628357,0.20735785365104675,0.4974750876426697,0.4974750876426697,0.058613953488372,0.71692122115197,0.4231984696834555,0.8953488372093024,0.1101424704941316
14289,SEG_B,SEG_A,0.49742305278778076,0.34279561042785645,0.15978139638900757,0.49742305278778076,0.0439302325581395,0.3569705355400635,0.1233980195272531,0.2790697674418604,0.0313976744186046
13629,SEG_B,SEG_C,0.2925490140914917,0.21004551649093628,0.497405469417572,0.497405469417572,0.0214372093023255,0.926604934986607,0.5342632011838727,0.9651162790697676,0.1116398398982285
6131,SEG_A,SEG_C,0.310178279876709,0.19249387085437775,0.49732786417007446,0.49732786417007446,0.0155674418604651,0.9544994944388272,0.5383180846346135,1.313953488372093,0.009560465116279
2742,SEG_C,SEG_B,0.29156339168548584,0.4972664713859558,0.21117010712623596,0.4972664713859558,0.1101430671700094,1.162897131605556,0.7693207075613627,1.197674418604651,0.0023255813953488
3665,SEG_C,SEG_B,0.020048577338457108,0.49724826216697693,0.48270317912101746,0.49724826216697693,0.207664436544522,5.318937772235071,4.557088046825978,6.270040095404544,0.2776689289604155
9207,SEG_B,SEG_C,0.18583625555038452,0.3172251284122467,0.496938556432724,0.496938556432724,0.1069954366656002,1.3837297997268196,0.9981818737241284,1.3953488372093024,0.0156302325581395
4609,SEG_B,SEG_C,0.17022868990898132,0.33283838629722595,0.49693289399147034,0.49693289399147034,0.0594558139534883,0.997445585652706,0.5825715177595933,1.5348837209302326,0.0240581395348837
4520,SEG_B,SEG_C,0.3611734211444855,0.14192943274974823,0.4968971014022827,0.4968971014022827,0.0171581395348837,0.5684547567097725,0.2398988209820112,0.7209302325581395,0.0047488372093023
4426,SEG_C,SEG_B,0.215125173330307,0.49682870507240295,0.2880461513996124,0.49682870507240295,0.087594229960707,0.8284905894665887,0.4345430214491986,0.9767441860465116,0.009560465116279
5724,SEG_B,SEG_C,0.3205109238624573,0.18267713487148285,0.4968119263648987,0.4968119263648987,0.0108395348837209,1.2201497170631332,0.6660795924820808,1.3953488372093024,0.032102630595903
2868,SEG_B,SEG_C,0.2974487245082855,0.2058148980140686,0.4967363476753235,0.4967363476753235,0.0251465116279069,1.4095666365103865,1.408764843016443,1.5116279069767442,0.0048744186046511
2247,SEG_C,SEG_A,0.49651530385017395,0.136135071516037,0.36734962463378906,0.49651530385017395,0.0023930232558139,1.3148759157752827,0.9228689602889696,2.302325581395349,0.0012186046511627
6727,SEG_A,SEG_C,0.23712393641471863,0.2665168046951294,0.49635928869247437,0.49635928869247437,0.0731465116279069,1.1217426782324873,0.7612061212810394,1.4186046511627908,0.0
7792,SEG_A,SEG_B,0.17751307785511017,0.49631765484809875,0.32616928219795227,0.49631765484809875,0.0710581395348837,0.4912812871410072,0.176087785928585,0.2441860465116279,0.0
6755,SEG_A,SEG_B,0.24801547825336456,0.4962519407272339,0.25573262572288513,0.4962519407272339,0.060487253216521,1.6095471236230112,1.1218673516735111,2.4651162790697674,0.0046046511627906
9655,SEG_A,SEG_C,0.08283860236406326,0.421060174703598,0.4961012601852417,0.4961012601852417,0.128087253216521,2.069545704503929,1.5981376513307026,2.0,0.0574883720930232
3661,SEG_A,SEG_C,0.44453850388526917,0.05936044454574585,0.4961010217666626,0.4961010217666626,0.0,0.5007361680236994,0.2360705428834037,0.8372093023255814,0.0023744186046511
9773,SEG_C,SEG_A,0.496031790971756,0.16355672478675842,0.340411514043808,0.496031790971756,0.0,1.1883082326645735,0.7682582205339146,1.4534883720930232,0.0580699199491143
6242,SEG_B,SEG_A,0.4959906339645386,0.32912760972976685,0.17488175630569458,0.4959906339645386,0.0306488372093023,0.3822663331736824,0.1415056944165731,0.4186046511627907,0.0
13721,SEG_B,SEG_A,0.49594634771347046,0.3110779821872711,0.1929757297039032,0.49594634771347046,0.010794229960707,0.9516080393095986,0.554193279971004,1.1744186046511629,0.0135953488372093
4819,SEG_C,SEG_B,0.013068735599517822,0.4959205985069275,0.4910106956958771,0.4959205985069275,0.1917538396856566,2.773109467298175,2.3795615845172144,2.627906976744186,0.0946398398982285
11717,SEG_A,SEG_B,0.22009506821632385,0.49579527974128723,0.2841096520423889,0.49579527974128723,0.0784246381756284,2.27671935146258,1.7479279820530624,2.581395348837209,0.0023744186046511
9430,SEG_A,SEG_C,0.33956560492515564,0.16468371450901031,0.4957507252693176,0.4957507252693176,0.0021976744186046,0.5588136164475902,0.2305396379456001,1.162790697674419,0.0215581395348837
6127,SEG_C,SEG_A,0.495724081993103,0.3636665642261505,0.14060936868190765,0.495724081993103,0.0392780387193305,0.6258492540755326,0.3863951361194717,0.5232558139534884,0.0
13148,SEG_A,SEG_B,0.38628506660461426,0.49568113684654236,0.11803381890058517,0.49568113684654236,0.0405140413167629,0.961169354123428,0.641462981811937,0.872093023255814,0.0144720930232558
3971,SEG_B,SEG_A,0.49554237723350525,0.16526828706264496,0.3391893208026886,0.49554237723350525,0.0265302325581395,0.4817288418214394,0.0761304557798361,0.4767441860465116,0.0046046511627906
3869,SEG_B,SEG_C,0.07893329858779907,0.42554739117622375,0.4955192804336548,0.4955192804336548,0.1365349715493211,1.7280879144271195,1.3217011142117676,1.7209302325581397,0.0553023255813953
5304,SEG_B,SEG_C,0.014520268887281418,0.48998263478279114,0.49549707770347595,0.49549707770347595,0.1536582273632746,2.4271554506009814,1.8905394106209543,2.3372093023255816,0.1501009150435229
5611,SEG_C,SEG_A,0.49548619985580444,0.3212587237358093,0.18325504660606384,0.49548619985580444,0.0454395348837209,0.6334149326805385,0.3722985628616002,0.4534883720930232,0.0
8976,SEG_A,SEG_C,0.23760776221752167,0.2669444978237152,0.49544772505760193,0.49544772505760193,0.0107209302325581,1.3388678977524704,0.8069404495578993,1.6162790697674418,0.0528744186046511
3286,SEG_C,SEG_B,0.029569778591394424,0.4954301714897156,0.4750000834465027,0.4954301714897156,0.1670564287522246,3.307064319211617,2.7126436207122464,3.628166800238129,0.0735865040333894
18743,SEG_A,SEG_B,0.35848739743232727,0.4953720271587372,0.14614062011241913,0.4953720271587372,0.0901441860465116,0.6445461479786423,0.2688372836257961,0.4186046511627907,0.0096860465116279
16719,SEG_A,SEG_B,0.3678274154663086,0.49532756209373474,0.13684505224227905,0.49532756209373474,0.0985339405012098,0.9760080180228125,0.5928619704239164,0.8837209302325582,0.0073116279069767
9285,SEG_A,SEG_B,0.18618717789649963,0.49532514810562134,0.31848764419555664,0.49532514810562134,0.1093036201146793,1.1147002997889062,0.6650532630744772,1.0,0.0144
3771,SEG_C,SEG_B,0.03597205877304077,0.49528709053993225,0.468740850687027,0.49528709053993225,0.1415282582903077,3.380601296133193,2.7067258688579265,3.337469125819524,0.1051075867732013
9322,SEG_B,SEG_C,0.15209752321243286,0.3527102470397949,0.4951922297477722,0.4951922297477722,0.0548162790697674,2.1079328756674296,1.695505411987385,3.7093023255813953,0.0202837209302325
7424,SEG_A,SEG_B,0.24089744687080383,0.49497807025909424,0.26412448287010193,0.49497807025909424,0.1132360904258233,1.4726819576747734,1.067469929270753,1.813953488372093,0.0215395348837209
6807,SEG_A,SEG_C,0.3396070897579193,0.16551390290260315,0.49487900733947754,0.49487900733947754,0.0387186046511627,2.64872367977578,2.0779609851328287,3.127906976744186,0.0108162790697674
5093,SEG_B,SEG_C,0.24948707222938538,0.25566473603248596,0.49484825134277344,0.49484825134277344,0.0411558139534883,1.0464761499299309,0.6583926063011438,1.2093023255813953,0.0384930232558139
12461,SEG_B,SEG_C,0.03370002284646034,0.4714627265930176,0.4948372542858124,0.4948372542858124,0.229216630383331,2.653699466056446,2.077516701530435,2.2209302325581395,0.1884081968022167
3407,SEG_B,SEG_C,0.010403596796095371,0.49476465582847595,0.49483177065849304,0.49483177065849304,0.2165970825124478,4.026344218866964,3.479657919926099,4.256073776982315,0.2028033931321721
5253,SEG_A,SEG_C,0.40426185727119446,0.1009148433804512,0.49482330679893494,0.49482330679893494,0.0,1.419500470083196,1.1716469585597102,1.5465116279069768,0.0144976744186046
2372,SEG_B,SEG_C,0.27909472584724426,0.22612164914608002,0.4947836697101593,0.4947836697101593,0.0468209302325581,1.3799247866886633,1.021027348559735,1.5348837209302326,0.0024372093023255
4321,SEG_C,SEG_B,0.0992172360420227,0.4947205185890198,0.40606218576431274,0.4947205185890198,0.0864651162790697,2.11854966029837,1.7736354830158485,3.116279069767442,0.0071767441860465
7428,SEG_B,SEG_C,0.2539440393447876,0.25139230489730835,0.49466371536254883,0.49466371536254883,0.0329976744186046,0.8418214393415288,0.4059919582004801,0.9302325581395348,0.0460651162790697
88,SEG_A,SEG_C,0.330449640750885,0.17501550912857056,0.4945348799228668,0.4945348799228668,0.0107697674418604,0.5894488496265943,0.3189528128385084,1.1162790697674418,0.0144348837209302
12226,SEG_B,SEG_A,0.4945257008075714,0.3585430383682251,0.14693130552768707,0.4945257008075714,0.0273813953488372,1.2355743745539376,0.9115049440179877,3.1529815551552742,0.0
10167,SEG_C,SEG_B,0.1539052277803421,0.4944581389427185,0.3516366481781006,0.4944581389427185,0.0808488372093023,1.4114380997995497,0.9524608501118568,1.7093023255813953,0.0047488372093023
2987,SEG_A,SEG_B,0.34948471188545227,0.4944569170475006,0.1560584008693695,0.4944569170475006,0.0497302325581395,0.7216752700761002,0.3826320913881394,0.5813953488372093,0.0097488372093023
8193,SEG_C,SEG_A,0.4944288730621338,0.3282705247402191,0.1773005872964859,0.4944288730621338,0.0503058578676838,0.3508151065226261,0.0617237735349685,0.2790697674418604,0.0052652687863235
12743,SEG_C,SEG_A,0.49428874254226685,0.43630048632621765,0.0694107934832573,0.49428874254226685,0.0065930232558139,0.4191013428414312,0.1121287232961963,0.5,0.0071232558139534
7711,SEG_C,SEG_B,0.3589632511138916,0.49427634477615356,0.1467604637145996,0.49427634477615356,0.0648687363937491,1.6442091071967075,1.190845286994347,1.7093023255813953,0.031306976744186
8145,SEG_A,SEG_B,0.17452475428581238,0.4942648112773895,0.3312104046344757,0.4942648112773895,0.1032106846872563,0.8723236301066114,0.6119885368394435,0.9883720930232558,0.0706466641351608
13388,SEG_B,SEG_A,0.49424639344215393,0.34822991490364075,0.15752363204956055,0.49424639344215393,0.0175813953488372,0.2162826175651464,-0.0051072611553336,0.2674418604651162,0.0094976744186046
3298,SEG_A,SEG_C,0.1903587281703949,0.315504252910614,0.4941369891166687,0.4941369891166687,0.0605418604651162,1.894204672449577,1.522918829622842,2.453488372093024,0.0
1176,SEG_B,SEG_C,0.3043164610862732,0.20158617198467255,0.49409741163253784,0.49409741163253784,0.031053488372093,1.0295442853848475,0.7793942758645076,1.313953488372093,0.0024372093023255
4547,SEG_A,SEG_C,0.3120902478694916,0.19390562176704407,0.4940040707588196,0.4940040707588196,0.0437500439141954,1.019229063558796,0.6540140365343857,1.558139534883721,0.0060627906976744
10092,SEG_A,SEG_B,0.11719079315662384,0.49398189783096313,0.3888273239135742,0.49398189783096313,0.0775616718211721,1.8225746367942104,1.307830175132794,4.767441860465116,0.0096279069767441
7746,SEG_B,SEG_C,0.03566087409853935,0.470491498708725,0.4938476085662842,0.4938476085662842,0.1347279948051351,2.6023096163056785,2.18731003401922,3.081395348837209,0.0579906976744186
1560,SEG_A,SEG_B,0.2140350639820099,0.49373704195022583,0.2922278642654419,0.49373704195022583,0.0624348837209302,1.237613751263903,0.6714507879205283,0.9069767441860463,0.0215164315770212
4898,SEG_A,SEG_B,0.442851722240448,0.49369606375694275,0.06345217674970627,0.49369606375694275,0.0434976744186046,0.3913309563088712,0.2134433816188146,0.2209302325581395,0.031760465116279
6015,SEG_A,SEG_B,0.2310359627008438,0.49367421865463257,0.2752898037433624,0.49367421865463257,0.0774744186046511,0.8977081226828446,0.374615685720727,0.6976744186046512,0.0243186046511627
7608,SEG_B,SEG_C,0.1620263010263443,0.3443273901939392,0.4936463236808777,0.4936463236808777,0.0528883720930232,0.9480070246394552,0.6077643097444988,1.5116279069767442,0.0218093023255813
4478,SEG_A,SEG_B,0.4680672883987427,0.4935896396636963,0.03834313154220581,0.4935896396636963,0.0631488372093023,1.030590885707697,0.6251677328762836,1.1046511627906976,0.0
3761,SEG_B,SEG_C,0.03301536664366722,0.4734302759170532,0.49355438351631165,0.49355438351631165,0.1750466872846887,1.9777641778865769,1.6220775859813648,1.7674418604651163,0.0359302325581395
5567,SEG_C,SEG_B,0.10798231512308121,0.4935269057750702,0.3984907865524292,0.4935269057750702,0.0766860465116279,2.771876607595835,2.2770489976547186,3.2790697674418605,0.0239395348837209
4183,SEG_A,SEG_B,0.2794762849807739,0.493403822183609,0.22711986303329468,0.493403822183609,0.0733003513135635,1.1888492718145212,0.7177923667534851,1.2093023255813953,0.0313348837209302
12726,SEG_B,SEG_C,0.27234789729118347,0.23424939811229706,0.49340271949768066,0.49340271949768066,0.0340162790697674,1.306449896226917,0.8653202969965885,1.627906976744186,0.0048744186046511
7622,SEG_B,SEG_C,0.4119100272655487,0.09476898610591888,0.49332094192504883,0.49332094192504883,0.0,0.9993436574246536,0.5329649366640158,1.6511627906976745,0.0
13106,SEG_B,SEG_C,0.24816741049289703,0.2585190534591675,0.49331358075141907,0.49331358075141907,0.0351837209302325,1.8415110070423788,1.3993396725350211,2.616538893261385,0.1447731605740326
1455,SEG_A,SEG_B,0.14098478853702545,0.49329912662506104,0.3657160699367523,0.49329912662506104,0.1207255813953488,1.0755946995902297,0.7186330318189484,1.0813953488372092,0.0241837209302325
903,SEG_B,SEG_A,0.49324366450309753,0.27806586027145386,0.22869043052196503,0.49324366450309753,0.0197790697674418,0.3594539939332659,-0.0067386613351964,0.3837209302325581,0.0048744186046511
3745,SEG_A,SEG_C,0.3639342784881592,0.1429046392440796,0.49316102266311646,0.49316102266311646,0.0,1.582805598424778,1.2882995037669611,2.209302325581396,0.0291209302325581
13507,SEG_A,SEG_B,0.25412052869796753,0.4931130111217499,0.25276651978492737,0.4931130111217499,0.0521453927514047,1.030617494190481,0.7326179603045919,1.1395348837209305,0.0316257339026026
4028,SEG_B,SEG_C,0.014786085113883018,0.4921044707298279,0.49310943484306335,0.49310943484306335,0.190695612322382,4.40474588042332,3.871516331481282,4.198194065592537,0.1235446435682731
10456,SEG_B,SEG_A,0.4930831789970398,0.3841460645198822,0.1227707788348198,0.4930831789970398,0.0936838965870143,1.570672130275132,1.1726015238099292,1.5232558139534884,0.0347910026889262
2393,SEG_A,SEG_B,0.41897186636924744,0.4930763840675354,0.08795171976089478,0.4930763840675354,0.0503837209302325,0.5020665921629149,0.1351489606723347,0.5581395348837209,0.0046046511627906
12118,SEG_B,SEG_A,0.4930690824985504,0.20156767964363098,0.3053632080554962,0.4930690824985504,0.0228186046511627,0.549234562645238,0.20811192519202,0.7209302325581395,0.0121232558139534
3824,SEG_B,SEG_C,0.29101234674453735,0.2159578502178192,0.4930298328399658,0.4930298328399658,0.0437162790697674,1.6539566813900273,1.234992233197321,2.232558139534884,0.0265674418604651
6325,SEG_A,SEG_C,0.21873435378074646,0.2882789671421051,0.4929867386817932,0.4929867386817932,0.0430081834490791,1.1748266013871889,0.767193314607835,1.5,0.0217465116279069
5200,SEG_C,SEG_A,0.4929395020008087,0.16939440369606018,0.33766603469848633,0.4929395020008087,0.0038744186046511,0.6866585067319463,0.3279049072168009,0.6976744186046512,0.0532279069767441
9669,SEG_B,SEG_C,0.10564163327217102,0.4015006721019745,0.4928577244281769,0.4928577244281769,0.0647698552702513,2.061829244496479,1.48769701155619,3.104651162790698,0.0768790697674418
2370,SEG_C,SEG_A,0.4927479326725006,0.32448914647102356,0.18276289105415344,0.4927479326725006,0.0219767441860465,0.3536267362035017,0.1280060747049977,0.4069767441860465,0.0
3532,SEG_A,SEG_C,0.22214026749134064,0.28511303663253784,0.4927466809749603,0.4927466809749603,0.0388093901539722,1.6038085608358612,1.2258133485847122,1.837209302325581,0.0704396873909747
13579,SEG_B,SEG_C,0.11660867184400558,0.39066416025161743,0.4927271604537964,0.4927271604537964,0.0907699430986422,1.0746900111755628,0.5289428855781098,1.5465116279069768,0.0799768966933003
11174,SEG_C,SEG_A,0.4927229881286621,0.25201818346977234,0.25525882840156555,0.4927229881286621,0.0483720930232558,0.6463200468309297,0.5226715876904189,0.9069767441860463,0.0146232558139534
1364,SEG_C,SEG_B,0.11463676393032074,0.49270933866500854,0.3926538825035095,0.49270933866500854,0.1411048268195724,3.7885928044860337,3.559152662803704,4.443679229573879,0.0024372093023255
9756,SEG_B,SEG_A,0.4926842749118805,0.11391427367925644,0.39340147376060486,0.4926842749118805,0.0,4.725490973519015,3.87105447990936,5.955826783538509,0.0
9517,SEG_C,SEG_B,0.10265005379915237,0.4924449026584625,0.4049050807952881,0.4924449026584625,0.1431528086375453,2.6816472424742344,2.0566170020465364,2.313953488372093,0.036988524600277
10099,SEG_C,SEG_A,0.49243971705436707,0.08388867974281311,0.4236716032028198,0.49243971705436707,0.0,2.1400227059053094,1.683313265996269,3.197674418604651,0.0351674418604651
7221,SEG_A,SEG_C,0.1830500066280365,0.32451334595680237,0.49243664741516113,0.49243664741516113,0.1322966433704933,1.4307469888066984,0.950216301465884,1.3255813953488371,0.0418465116279069
1320,SEG_A,SEG_C,0.32403308153152466,0.18354855477809906,0.4924183785915375,0.4924183785915375,0.0085837209302325,1.2210011885122312,0.8725067572422028,1.627906976744186,0.0048744186046511
2827,SEG_C,SEG_B,0.05281638354063034,0.4923454225063324,0.45483818650245667,0.4923454225063324,0.1254780387193305,2.773606158976816,2.014959263185325,3.2674418604651163,0.0394003050145076
5509,SEG_C,SEG_A,0.49232417345046997,0.1504639834165573,0.3572118580341339,0.49232417345046997,0.0193813953488372,0.5819718659642027,0.2082898995031654,0.8255813953488372,0.0217465116279069
1497,SEG_B,SEG_C,0.04789350554347038,0.45983973145484924,0.49226677417755127,0.49226677417755127,0.098981571005619,2.0076543735476204,1.4722551764368923,1.7674418604651163,0.080456118967996
3832,SEG_C,SEG_B,0.2521131634712219,0.4921032190322876,0.25578364729881287,0.4921032190322876,0.043253488372093,0.440822734287691,0.0813482773058237,0.5232558139534884,0.0216209302325581
4023,SEG_B,SEG_C,0.08809856325387955,0.41996464133262634,0.4919367730617523,0.4919367730617523,0.0759906976744186,1.3154435634080146,1.5129652042710051,1.4186046511627908,0.0858187571584166
10668,SEG_B,SEG_C,0.18739067018032074,0.3206871449947357,0.4919221103191376,0.4919221103191376,0.034706976744186,2.126904723892644,1.5146628632598265,3.267701683959059,0.1092003050145076
10705,SEG_C,SEG_B,0.11302688717842102,0.49188482761383057,0.3950882852077484,0.49188482761383057,0.0707558139534883,1.2971990137122382,0.8395159292133093,1.9069767441860463,0.0741818528705987
2194,SEG_B,SEG_C,0.2732025682926178,0.23494116961956024,0.49185627698898315,0.49185627698898315,0.0022302325581395,0.6580011707732426,0.3353351121417298,1.4883720930232558,0.0291860465116279
2720,SEG_C,SEG_B,0.10249834507703781,0.4918457865715027,0.4056558609008789,0.4918457865715027,0.1407453927514047,1.894940840473276,1.3997049528470802,2.058139534883721,0.0073116279069767
2441,SEG_B,SEG_C,0.20901533961296082,0.2991594076156616,0.4918251931667328,0.4918251931667328,0.0654279069767442,1.5507778546467283,1.0714397199491628,2.0,0.0
2548,SEG_A,SEG_B,0.2427029013633728,0.4917457401752472,0.26555135846138,0.4917457401752472,0.0787581395348837,1.3844127507849504,0.9203475365485668,1.7209302325581397,0.0121232558139534
7067,SEG_B,SEG_C,0.14671461284160614,0.36163994669914246,0.4916454553604126,0.4916454553604126,0.073060465116279,2.4458694765224487,1.9187074652971328,4.430232558139535,0.0420906976744186
1670,SEG_B,SEG_C,0.26400208473205566,0.24437575042247772,0.49162212014198303,0.49162212014198303,0.0445209302325581,1.7928174835470885,1.3474764704279298,2.3372093023255816,0.0333674418604651
246,SEG_A,SEG_C,0.3266362249851227,0.18175677955150604,0.4916069507598877,0.4916069507598877,0.0227767441860465,1.6057598495733776,1.1284501574418853,3.069767441860465,0.0406162790697674
3503,SEG_A,SEG_C,0.2258310765028,0.2825622856616974,0.4916066527366638,0.4916066527366638,0.0645955244939911,2.017242296844234,1.5141186929100112,2.36046511627907,0.0092093023255813
3605,SEG_C,SEG_B,0.3477793335914612,0.49158379435539246,0.16063682734966278,0.49158379435539246,0.072901294533284,0.4269419757685417,0.2407253949978521,0.2790697674418604,0.0
8934,SEG_A,SEG_B,0.04756791517138481,0.4915309548377991,0.4609011709690094,0.4915309548377991,0.1444710619751444,3.483981693363845,2.891154403889712,4.72196952653391,0.1171820053778525
75,SEG_A,SEG_C,0.4433882534503937,0.06513383984565735,0.491477906703949,0.491477906703949,0.002106976744186,0.8744434392350949,0.472338662326176,0.9651162790697676,0.0240651162790697
963,SEG_B,SEG_C,0.21961629390716553,0.28896570205688477,0.4914180338382721,0.4914180338382721,0.0411953488372093,0.8993401096269491,0.498764991663384,1.186046511627907,0.0359302325581395
1621,SEG_C,SEG_A,0.49135056138038635,0.286339670419693,0.22230978310108185,0.49135056138038635,0.0302674418604651,0.2164600074503752,-0.087688069348753,0.2558139534883721,0.0
8532,SEG_C,SEG_A,0.49134406447410583,0.08295322209596634,0.4257027208805084,0.49134406447410583,0.0,0.7932343497773758,0.4106043489140102,2.0930232558139537,0.0
10136,SEG_A,SEG_C,0.19144263863563538,0.31721359491348267,0.49134376645088196,0.49134376645088196,0.0733279069767442,1.416209887712203,1.01930901874374,1.5348837209302326,0.0407418604651162
9945,SEG_B,SEG_A,0.49130210280418396,0.2571854293346405,0.2515125274658203,0.49130210280418396,0.0241744186046511,0.8978411650967661,0.537205710024502,1.3488372093023255,0.0
6699,SEG_B,SEG_C,0.3054753839969635,0.20345553755760193,0.49106913805007935,0.49106913805007935,0.0235627906976744,1.079985099249641,0.7432464739706819,1.244186046511628,0.0194348837209302
2898,SEG_A,SEG_B,0.06441901624202728,0.49102866649627686,0.44455236196517944,0.49102866649627686,0.1237501317425863,1.938019974101077,1.4744696132512012,2.116279069767442,0.0142906976744186
9050,SEG_A,SEG_C,0.24634338915348053,0.2627381384372711,0.49091848731040955,0.49091848731040955,0.0329861343400188,1.1273925460770229,0.6817159947480108,1.3255813953488371,0.0584978269258584
10423,SEG_B,SEG_C,0.04515537992119789,0.46392953395843506,0.49091508984565735,0.49091508984565735,0.1435442738749025,4.768832178241717,4.227341070795532,5.758152364933857,0.2152788792876001
19233,SEG_A,SEG_B,0.033025048673152924,0.49081188440322876,0.4761631190776825,0.49081188440322876,0.2247050903047451,4.300194102979993,3.50279629129554,4.430492381633478,0.2058160885899257
2273,SEG_B,SEG_C,0.01884760707616806,0.49036672711372375,0.4907856285572052,0.4907856285572052,0.1913424752638525,3.585857311420878,2.979558195509769,3.186046511627907,0.084835036228184
15016,SEG_A,SEG_C,0.19959713518619537,0.3096538186073303,0.4907490015029907,0.4907490015029907,0.0668965555421024,1.2736327674595995,0.721834325314736,2.1744186046511627,0.0614120854287382
4177,SEG_C,SEG_A,0.49067240953445435,0.15865954756736755,0.3506680727005005,0.49067240953445435,0.0149279069767441,1.3283752860411902,0.8846344895587912,1.2906976744186047,0.0
6221,SEG_B,SEG_C,0.17985063791275024,0.3295615613460541,0.4905877411365509,0.4905877411365509,0.0502441860465116,1.2646479697727635,0.9348486650265954,1.5465116279069768,0.0
15231,SEG_A,SEG_B,0.45202869176864624,0.49056926369667053,0.05740201845765114,0.49056926369667053,0.0131860465116279,0.050290032462349,-0.2169037585379087,0.0,0.0
10321,SEG_A,SEG_C,0.32889148592948914,0.18077734112739563,0.49033114314079285,0.49033114314079285,0.0,1.7812960105014817,1.3131118156840604,3.4186046511627906,0.0693327106467887
8371,SEG_A,SEG_C,0.33598214387893677,0.1737769991159439,0.4902409017086029,0.4902409017086029,0.0214186046511627,2.8010584576562936,2.2306623970589188,3.314213311866036,0.0365373618095794
2473,SEG_A,SEG_C,0.46303462982177734,0.04684875160455704,0.49011659622192383,0.49011659622192383,0.0,2.5490146461991974,2.1111725551296665,3.337469125819524,0.0
6049,SEG_B,SEG_A,0.4901158809661865,0.2881043553352356,0.2217797189950943,0.4901158809661865,0.0165953488372093,0.4394036152058609,0.1232679021898011,0.6046511627906976,0.0144348837209302
4499,SEG_B,SEG_C,0.2722160518169403,0.23767054080963135,0.49011337757110596,0.49011337757110596,0.0191883720930232,1.553066184166179,0.9629187817887678,1.9186046511627908,0.0455348837209302
11771,SEG_A,SEG_B,0.4188334345817566,0.4899654984474182,0.09120101481676102,0.4899654984474182,0.0653035322862884,0.9192432547496144,0.5726100166256054,0.8604651162790697,0.0119348837209302
1291,SEG_B,SEG_A,0.48985573649406433,0.3227580785751343,0.187386155128479,0.48985573649406433,0.0474581395348837,0.3897965338016426,0.0992781952279376,0.4069767441860465,0.0
19380,SEG_A,SEG_B,0.22878369688987732,0.4897635281085968,0.2814527451992035,0.4897635281085968,0.0624117157353676,1.014013800933071,0.4744773435839075,0.9069767441860463,0.0266209302325581
2874,SEG_C,SEG_B,0.11612583696842194,0.48975488543510437,0.3941193222999573,0.48975488543510437,0.106133764844428,2.3148321752741405,1.7966048960069485,2.0348837209302326,0.0
6278,SEG_C,SEG_A,0.4896971881389618,0.33423885703086853,0.1760638952255249,0.4896971881389618,0.0165895787979163,0.4753161974704202,0.0915304111862301,1.162790697674419,0.0024372093023255
7161,SEG_A,SEG_B,0.11792296916246414,0.4896116852760315,0.39246538281440735,0.4896116852760315,0.063513953488372,1.3886612385361787,0.9034705344600772,1.7674418604651163,0.1323883720930232
9722,SEG_A,SEG_C,0.07769767194986343,0.4326913356781006,0.48961105942726135,0.48961105942726135,0.0900976744186046,2.949462228668496,2.549887235198838,7.438287086451761,0.0606443385537654
3125,SEG_A,SEG_B,0.1157994270324707,0.48960453271865845,0.39459607005119324,0.48960453271865845,0.0978837209302325,1.25351675447466,0.7783878495990249,1.127906976744186,0.027
13729,SEG_A,SEG_B,0.3428651988506317,0.4895831048488617,0.167551651597023,0.4895831048488617,0.0667338526728189,0.5471413619995388,0.143517108426369,0.5116279069767442,0.0146627906976744
9293,SEG_C,SEG_A,0.4895211160182953,0.0573972649872303,0.4530816376209259,0.4895211160182953,0.0,2.6564135313004456,2.14816136120959,4.174678428145105,0.0048744186046511
1771,SEG_B,SEG_C,0.10227064788341522,0.4082295298576355,0.4894998073577881,0.4894998073577881,0.0540674418604651,1.946384514159777,1.4048438983509617,1.976744186046512,0.0
5698,SEG_B,SEG_C,0.0591166652739048,0.4514751732349396,0.48940813541412354,0.48940813541412354,0.114935059377712,1.836836783566601,1.3433404160704787,2.069767441860465,0.0449860465116279
16437,SEG_B,SEG_A,0.4893472492694855,0.27208325266838074,0.23856951296329498,0.4893472492694855,0.0561593462397768,1.136483777694996,0.7253880517696356,1.337209302325581,0.0
14571,SEG_A,SEG_B,0.25012335181236267,0.4892519414424896,0.2606246769428253,0.4892519414424896,0.0701302325581395,0.9265251095382542,0.5459805642700702,1.0348837209302326,0.0265581395348837
15185,SEG_A,SEG_B,0.297738254070282,0.4892354905605316,0.2130262702703476,0.4892354905605316,0.0954988811234977,1.273224770723573,0.8116391504737206,1.2790697674418603,0.0171697674418604
16900,SEG_B,SEG_A,0.48922014236450195,0.4748697876930237,0.03591008111834526,0.48922014236450195,0.0133813953488372,0.0510350699803097,-0.251454881937167,0.0,0.0
1221,SEG_A,SEG_C,0.4138127565383911,0.09708412736654282,0.4891030788421631,0.4891030788421631,0.0,0.9355808631791817,0.5379408930212739,1.255813953488372,0.0085302325581395
2578,SEG_A,SEG_C,0.21955075860023499,0.2914471924304962,0.4890020489692688,0.4890020489692688,0.0309372093023255,0.6633494758128893,0.4819561194229526,0.7093023255813954,0.0324116279069767
8649,SEG_B,SEG_A,0.48899105191230774,0.44765159487724304,0.06335743516683578,0.48899105191230774,0.0069697674418604,0.0340322494811345,-0.2811613537772426,0.0813953488372093,0.0
5670,SEG_C,SEG_B,0.0960623025894165,0.48898977041244507,0.4149479568004608,0.48898977041244507,0.0784919043793117,0.6819310662906002,0.3751539114487996,1.6744186046511629,0.0240023255813953
3811,SEG_A,SEG_C,0.05721811205148697,0.4538024067878723,0.4889795184135437,0.4889795184135437,0.1022732997281489,1.574565838255903,1.4755367510257285,1.7325581395348837,0.0598627906976744
788,SEG_A,SEG_B,0.13729530572891235,0.48893797397613525,0.37376669049263,0.48893797397613525,0.1000418604651162,1.8291824100189809,1.41580637249437,1.8953488372093024,0.0073837209302325
6253,SEG_A,SEG_B,0.3306577801704407,0.4889281094074249,0.18041403591632843,0.4889281094074249,0.0657919043793117,0.8951625778298123,0.4987628355909732,1.0348837209302326,0.0048744186046511
4566,SEG_B,SEG_C,0.07046418637037277,0.4406161308288574,0.488919734954834,0.488919734954834,0.0947977622469955,2.156165185461125,1.7111939219159644,2.441860465116279,0.0797513152979515
7397,SEG_A,SEG_B,0.055361103266477585,0.48890799283981323,0.4557308554649353,0.48890799283981323,0.1875385038356096,3.1819754137619074,2.551895059284553,3.570027265354408,0.0205651162790697
1761,SEG_A,SEG_B,0.43204623460769653,0.4888145327568054,0.07913916558027267,0.4888145327568054,0.0783386794923914,0.4471023362247885,0.319333273892202,0.1860465116279069,0.0
10518,SEG_A,SEG_B,0.12392599135637283,0.4887792766094208,0.387294739484787,0.4887792766094208,0.1530419482935071,1.7342344739502955,1.181622430430883,1.941860465116279,0.0097488372093023
7678,SEG_A,SEG_C,0.41041311621665955,0.10080882906913757,0.4887780249118805,0.4887780249118805,0.0,0.9372217196175474,0.7589336811671757,1.8953488372093024,0.0024372093023255
13344,SEG_C,SEG_A,0.4887656271457672,0.25133004784584045,0.25990426540374756,0.4887656271457672,0.0606768320144374,1.0740780160715238,0.6547907028657861,1.3953488372093024,0.0073116279069767
2085,SEG_A,SEG_B,0.24074459075927734,0.4887155592441559,0.27053987979888916,0.4887155592441559,0.0854046511627907,0.9810192822805244,0.66106825124306,1.1395348837209305,0.0
3574,SEG_B,SEG_C,0.14475923776626587,0.3666286766529083,0.4886120557785034,0.4886120557785034,0.0634348837209302,2.275832402036436,1.687348411088071,3.2906976744186047,0.0289953488372093
10672,SEG_A,SEG_B,0.2900403141975403,0.48851853609085083,0.22144117951393127,0.48851853609085083,0.0717186924795536,1.3606957231298673,0.8671435279973568,1.441860465116279,0.0073116279069767
7047,SEG_A,SEG_C,0.4056170582771301,0.10591833293437958,0.4884645640850067,0.4884645640850067,0.002106976744186,0.9689656395792312,0.5673903295254942,1.2209302325581397,0.0
10596,SEG_B,SEG_A,0.4883744716644287,0.14556758105754852,0.3660579323768616,0.4883744716644287,0.0064511627906976,1.4626062121937808,1.0240696036417796,2.1627906976744184,0.0388674418604651
2662,SEG_A,SEG_C,0.27437126636505127,0.23726236820220947,0.48836639523506165,0.48836639523506165,0.0503906976744186,0.5531194011317475,0.5114772669534501,0.4883720930232558,0.0228395348837209
8396,SEG_A,SEG_C,0.09207737445831299,0.4195704758167267,0.4883521795272827,0.4883521795272827,0.1291255813953488,1.549296649105068,1.0094290482645347,1.8953488372093024,0.0540074342659475
14252,SEG_A,SEG_B,0.35342732071876526,0.488239049911499,0.15833359956741333,0.488239049911499,0.0717186046511627,1.2898195944867223,0.9006058302387036,1.6511627906976745,0.0427651162790697
10359,SEG_B,SEG_C,0.0481390580534935,0.463636577129364,0.4882243275642395,0.4882243275642395,0.1581839844154052,3.220043890102161,2.635277576180685,3.616279069767442,0.158807891787709
2775,SEG_B,SEG_C,0.3120567500591278,0.1997317373752594,0.4882115423679352,0.4882115423679352,0.0315720930232558,1.0202756638816457,0.8733001602909517,1.627906976744186,0.0403906976744186
16504,SEG_B,SEG_A,0.48812273144721985,0.22748568654060364,0.2843915820121765,0.48812273144721985,0.0283303203865304,0.6827825377396981,0.5045758717314446,1.186046511627907,0.0166627906976744
2278,SEG_A,SEG_C,0.4384920597076416,0.07345898449420929,0.4880489110946655,0.4880489110946655,0.0,0.6884856225498023,0.265594922220488,0.7441860465116279,0.0413976744186046
2528,SEG_B,SEG_C,0.14016281068325043,0.37181925773620605,0.48801788687705994,0.48801788687705994,0.0539046511627906,1.484575949479361,1.058445499837727,1.627906976744186,0.0208558139534883
6121,SEG_B,SEG_A,0.48800602555274963,0.22812847793102264,0.2838655412197113,0.48800602555274963,0.0346465116279069,0.622567541198801,0.2389035058381085,0.7325581395348837,0.0
2095,SEG_C,SEG_B,0.07392806559801102,0.48790106177330017,0.4381709098815918,0.48790106177330017,0.1169883720930232,1.4526989871037554,1.081671831053145,1.441860465116279,0.0384511627906976
8962,SEG_C,SEG_B,0.05469794571399689,0.4878925085067749,0.457409530878067,0.4878925085067749,0.2051387673207823,5.89645155249481,5.374184230116136,6.260750599873285,0.0368933282703216
6273,SEG_A,SEG_C,0.3396928012371063,0.17247508466243744,0.48783206939697266,0.48783206939697266,0.0,0.63922445142178,0.352310592828776,1.0348837209302326,0.0264325581395348
7664,SEG_B,SEG_C,0.2158052921295166,0.2964136302471161,0.4877811074256897,0.4877811074256897,0.0542488372093023,2.281801571674383,1.765440365705904,2.4302325581395348,0.0188279069767441
13267,SEG_B,SEG_C,0.11218602955341339,0.4000464975833893,0.48776745796203613,0.48776745796203613,0.0839488372093023,2.1212193780710624,1.5767236618136395,2.4186046511627906,0.0812378193313409
5070,SEG_B,SEG_A,0.48771780729293823,0.43411219120025635,0.07816999405622482,0.48771780729293823,0.0346930232558139,0.3304507476983662,0.0031606055876384,0.2790697674418604,0.0024372093023255
2977,SEG_C,SEG_B,0.029805433005094528,0.48770830035209656,0.4824863076210022,0.48770830035209656,0.1495570206583815,2.1627108722260657,1.624754449546014,2.313953488372093,0.1083792222746956
6672,SEG_B,SEG_C,0.17346814274787903,0.3389170467853546,0.48761484026908875,0.48761484026908875,0.0522953488372093,1.885219874762741,1.3593192961071845,2.5232558139534884,0.0169348837209302
14283,SEG_A,SEG_C,0.33685407042503357,0.1755385845899582,0.48760730028152466,0.48760730028152466,0.0192895787979163,1.056436591985525,0.6702927346844746,2.1511627906976742,0.0572813953488372
3958,SEG_C,SEG_A,0.48755398392677307,0.12466081976890564,0.3877852261066437,0.48755398392677307,0.0,0.622425629290618,0.2475844872052144,0.8255813953488372,0.0219348837209302
9097,SEG_C,SEG_B,0.0495174303650856,0.48753872513771057,0.4629438519477844,0.48753872513771057,0.1183162790697674,2.9802305042614217,2.421228052790446,3.139794707214873,0.1563195196946857
3305,SEG_C,SEG_A,0.4875085949897766,0.13082164525985718,0.3816697597503662,0.4875085949897766,0.0021651162790697,0.5258368367835666,0.243722144182578,0.7441860465116279,0.0071744186046511
3817,SEG_C,SEG_B,0.12325713038444519,0.4874957203865051,0.3892471194267273,0.4874957203865051,0.1283444495316843,1.5057296932928883,1.213694912867266,1.5,0.0332999999999999
17385,SEG_C,SEG_A,0.4874257445335388,0.318094402551651,0.1944798082113266,0.4874257445335388,0.0543931110842048,1.0211271353307436,0.6902489079195424,1.3604651162790695,0.0023767441860465
451,SEG_A,SEG_C,0.35135146975517273,0.16133235394954681,0.48731616139411926,0.48731616139411926,0.0,1.1003228495911164,0.7310432200755865,1.4883720930232558,0.0804048036700445
13092,SEG_C,SEG_A,0.48702895641326904,0.2676289975643158,0.24534212052822113,0.48702895641326904,0.0336255813953488,0.4961949869618434,0.1159539045835284,0.5697674418604651,0.0334558139534883
11847,SEG_C,SEG_A,0.48694509267807007,0.21361751854419708,0.29943740367889404,0.48694509267807007,0.017013953488372,0.1852393876501162,-0.1079718991532159,0.313953488372093,0.0094627906976744
8033,SEG_A,SEG_C,0.3321910798549652,0.18093712627887726,0.48687177896499634,0.48687177896499634,0.0253837209302325,0.8652812516630302,0.5822023778555697,1.0465116279069768,0.0
2439,SEG_A,SEG_C,0.3229953646659851,0.19019857048988342,0.48680612444877625,0.48680612444877625,0.0391744186046511,0.8892466251574335,0.4705580609716026,1.197674418604651,0.0308744186046511
15188,SEG_C,SEG_A,0.4867894947528839,0.2863394618034363,0.22687101364135742,0.4867894947528839,0.014960465116279,0.988372093023256,0.5238934217631429,1.6395348837209305,0.0012186046511627
8397,SEG_C,SEG_A,0.4867047369480133,0.14397640526294708,0.3693188428878784,0.4867047369480133,0.0,0.6359870860163553,0.3881809578313402,0.872093023255814,0.0121860465116279
2940,SEG_C,SEG_A,0.4865911602973938,0.05004136636853218,0.46336743235588074,0.4865911602973938,0.0,1.4932059673957392,1.0633223582341735,2.372093023255814,0.0
24,SEG_A,SEG_B,0.3518185019493103,0.4865283966064453,0.16165314614772797,0.4865283966064453,0.0500211058893399,0.19359445124439,-0.1310018831508592,0.0,0.0
10334,SEG_A,SEG_B,0.1718931496143341,0.4864853024482727,0.34162160754203796,0.4864853024482727,0.0880860465116279,1.565057740407642,1.0282770243719783,1.4069767441860466,0.1323420129723701
13940,SEG_A,SEG_B,0.4545764625072479,0.48639634251594543,0.059027183800935745,0.48639634251594543,0.0410395348837209,0.2452592553172618,-0.0631613240478544,0.0930232558139534,0.0073116279069767
4642,SEG_C,SEG_A,0.486271470785141,0.14962086081504822,0.3641076683998108,0.486271470785141,0.0254372093023255,2.041651145051709,1.4894696029392458,2.895348837209302,0.0
5532,SEG_A,SEG_C,0.3232789635658264,0.19051238894462585,0.48620861768722534,0.48620861768722534,0.0300093023255813,1.6000833732460575,1.0796524634514335,1.6162790697674418,0.0
12001,SEG_A,SEG_B,0.19880765676498413,0.4861316382884979,0.31506064534187317,0.4861316382884979,0.1189162790697674,1.433922267752293,0.9110651544317848,1.255813953488372,0.0
2171,SEG_A,SEG_C,0.44035661220550537,0.07364371418952942,0.48599973320961,0.48599973320961,0.0,0.7852606744363437,0.4880555989109134,1.058139534883721,0.0026511627906976
5898,SEG_B,SEG_A,0.485885888338089,0.18321849405765533,0.3308955430984497,0.485885888338089,0.0474488372093023,1.496469941283948,1.0955186663396437,1.662790697674419,0.0
7433,SEG_B,SEG_C,0.25375160574913025,0.26039424538612366,0.4858541488647461,0.4858541488647461,0.0484441860465116,1.3672502793890695,0.9293437733035048,1.697674418604651,0.0219093023255813
5612,SEG_A,SEG_C,0.385932981967926,0.12822981178760529,0.48583725094795227,0.48583725094795227,0.0063860465116279,0.8471608748869139,0.451789293770822,1.162790697674419,0.0109674418604651
3223,SEG_B,SEG_A,0.4857814311981201,0.4278784692287445,0.08634014427661896,0.4857814311981201,0.0738279069767441,0.6272861121458854,0.2435759266440946,0.3488372093023256,0.0191955013444631
1570,SEG_A,SEG_C,0.4261071979999542,0.08831846714019775,0.48557430505752563,0.48557430505752563,0.0171627906976744,0.5512213293598,0.1492929360496084,0.7093023255813954,0.0092093023255813
12194,SEG_C,SEG_B,0.07769398391246796,0.4854573607444763,0.43684861063957214,0.4854573607444763,0.1172840722437961,1.0473453603675518,0.6572041436975136,1.1162790697674418,0.0624883720930232
17549,SEG_A,SEG_B,0.22032517194747925,0.48539555072784424,0.2942793071269989,0.48539555072784424,0.1083779508909396,1.1615312294892943,0.6369982973007599,1.0232558139534884,0.0262720930232558
13531,SEG_A,SEG_C,0.21673588454723358,0.29788926243782043,0.4853748381137848,0.4853748381137848,0.0343174857746605,1.3146009614531782,0.8383901281603604,1.976744186046512,0.1027581395348837
12917,SEG_B,SEG_A,0.48532912135124207,0.32982197403907776,0.1848488748073578,0.48532912135124207,0.0284395348837209,0.3316924768949674,0.2184868484618757,0.3837209302325581,0.0
10611,SEG_B,SEG_A,0.4852151870727539,0.1968943178653717,0.317890465259552,0.4852151870727539,0.022106976744186,1.9369733737782275,1.6746081295012152,2.127906976744186,0.0
2005,SEG_A,SEG_C,0.12071944028139114,0.3941311836242676,0.4851493537425995,0.4851493537425995,0.093287253216521,1.2201585865573945,0.9093002933814356,1.4069767441860466,0.0
14946,SEG_A,SEG_B,0.3526507019996643,0.48514246940612793,0.16220679879188538,0.48514246940612793,0.0710151601932652,1.9620657800139985,1.2857529179728968,4.0989991961746375,0.1256948533428599
15112,SEG_A,SEG_B,0.40553829073905945,0.48511284589767456,0.10934887826442719,0.48511284589767456,0.0677456562365774,0.8085253578840935,0.3957697757299979,1.430232558139535,0.0024372093023255
5835,SEG_A,SEG_B,0.3708226978778839,0.4850520193576813,0.1441253423690796,0.4850520193576813,0.0769720930232558,1.0225285154240504,0.5254615418377437,1.1395348837209305,0.0
3818,SEG_B,SEG_C,0.13091769814491272,0.38424214720726013,0.48484018445014954,0.48484018445014954,0.0967419482935071,1.653992159367073,1.1952714789123782,2.035143544424175,0.1355843309592478
1362,SEG_C,SEG_B,0.10329969227313995,0.4847501516342163,0.41195017099380493,0.4847501516342163,0.0978081834490791,1.2497028719422418,0.8001333603889992,1.2906976744186047,0.0459720930232558
7389,SEG_B,SEG_A,0.48467954993247986,0.2323433756828308,0.28297704458236694,0.48467954993247986,0.0043953488372093,0.3805899987582709,0.051126496069527,0.6046511627906976,0.0
12579,SEG_B,SEG_A,0.484543114900589,0.2561698853969574,0.2592869699001312,0.484543114900589,0.0444511627906976,1.989232433966616,1.512050312034704,2.2674418604651163,0.0
3423,SEG_A,SEG_C,0.428029328584671,0.08744306862354279,0.4845275580883026,0.4845275580883026,0.0,0.953603675518422,0.5586926253775013,1.2325581395348837,0.0024372093023255
3595,SEG_B,SEG_A,0.48441562056541443,0.29568639397621155,0.2198980152606964,0.48441562056541443,0.011913953488372,1.0462632820676565,0.6064942877912087,1.372093023255814,0.0277120854287382
4295,SEG_B,SEG_C,0.2290441393852234,0.2866411805152893,0.4843147099018097,0.4843147099018097,0.0548906976744186,1.392377556631721,0.9271679537014328,1.848837209302325,0.0144348837209302
3295,SEG_B,SEG_C,0.08308123052120209,0.4326486587524414,0.4842700958251953,0.4842700958251953,0.140035059377712,2.173655828144679,1.5843561977292635,2.372093023255814,0.0462748761264126
8345,SEG_A,SEG_B,0.43519067764282227,0.4842383861541748,0.08057090640068054,0.4842383861541748,0.0469697674418604,0.5150604012559203,0.1313778828216162,0.6511627906976745,0.0049372093023255
4253,SEG_A,SEG_C,0.41131317615509033,0.10446380078792572,0.48422297835350037,0.48422297835350037,0.0,0.8715963315771735,0.6623497117488065,1.3604651162790695,0.0216837209302325
4890,SEG_B,SEG_C,0.2802460491657257,0.23559921979904175,0.48415473103523254,0.48415473103523254,0.0340209302325581,0.962207084952016,0.6016255781746651,0.7441860465116279,0.025560465116279
12480,SEG_A,SEG_C,0.33460262417793274,0.1812862753868103,0.48411113023757935,0.48411113023757935,0.0170883720930232,1.7281943483582567,1.2135722902010937,2.3372093023255816,0.0479747236191588
5752,SEG_A,SEG_C,0.16519172489643097,0.3506988286972046,0.48410940170288086,0.48410940170288086,0.0629488372093023,1.0867170453940718,0.6600661231143516,1.162790697674419,0.0115813953488372
6058,SEG_C,SEG_B,0.13623759150505066,0.48401039838790894,0.379751980304718,0.48401039838790894,0.0999140413167629,1.6519787841697269,1.1554017293623593,2.116279069767442,0.0469558139534883
9782,SEG_C,SEG_B,0.22214484214782715,0.48379841446876526,0.2940567433834076,0.48379841446876526,0.0957976744186046,0.8914817377113159,0.523037258071085,1.058139534883721,0.0195906976744186
2028,SEG_A,SEG_C,0.45966631174087524,0.0566231794655323,0.48371049761772156,0.48371049761772156,0.0,1.238686960069537,0.8368420205083229,1.9534883720930232,0.0
13034,SEG_C,SEG_A,0.48365336656570435,0.07039903849363327,0.445947527885437,0.48365336656570435,0.0,2.350948148936548,1.766407525499144,2.872093023255814,0.0218720930232558
15565,SEG_A,SEG_B,0.41520869731903076,0.4836502969264984,0.10114095360040665,0.4836502969264984,0.0715348837209302,0.4720344845936885,0.1056842590321597,0.2906976744186046,0.0048744186046511
2606,SEG_B,SEG_C,0.1832079440355301,0.33315300941467285,0.4836390018463135,0.4836390018463135,0.0455232558139534,1.4138860802157065,1.0385819329552748,1.802325581395349,0.0334930232558139
12661,SEG_A,SEG_B,0.27159029245376587,0.48361819982528687,0.24479153752326965,0.48361819982528687,0.0492441860465116,0.6690436911287319,0.2138979935140384,0.813953488372093,0.0268093023255813
8221,SEG_A,SEG_C,0.19997914135456085,0.3166100084781647,0.48341089487075806,0.48341089487075806,0.0367733875565398,1.6282085395490749,1.4666829909804209,1.7790697674418603,0.052060465116279
13990,SEG_B,SEG_A,0.4834012985229492,0.2844633162021637,0.2321353703737259,0.4834012985229492,0.0303255813953488,1.0578823195501392,0.659916856810879,1.197674418604651,0.0145
4126,SEG_B,SEG_A,0.48338302969932556,0.11490553617477417,0.4017113745212555,0.48338302969932556,0.0042511627906976,0.7557163890514963,0.3805113950267688,1.2674418604651163,0.0
5317,SEG_B,SEG_C,0.040446169674396515,0.47618815302848816,0.4833657145500183,0.4833657145500183,0.1891280826335259,2.8161708619374526,2.5167297570463587,2.9186046511627906,0.0203720930232558
14800,SEG_A,SEG_B,0.31330275535583496,0.48327508568763733,0.2034221887588501,0.48327508568763733,0.0871709741467536,0.7733844216202793,0.3840781831620293,0.6511627906976745,0.0241209302325581
17807,SEG_B,SEG_A,0.4832569360733032,0.3819587230682373,0.13478438556194305,0.4832569360733032,0.004460465116279,0.1558104056906675,-0.1627758329802968,0.1976744186046511,0.0
16277,SEG_B,SEG_A,0.4831959903240204,0.29361453652381897,0.22318945825099945,0.4831959903240204,0.0219302325581395,0.9717601372417491,0.6339978275456769,1.0348837209302326,0.0142465116279069
6648,SEG_A,SEG_C,0.3224126398563385,0.19446904957294464,0.48311829566955566,0.48311829566955566,0.0166860465116279,1.0147410994625088,0.5924577780750716,1.4534883720930234,0.0141790697674418
8438,SEG_B,SEG_C,0.22183164954185486,0.29511702060699463,0.4830513000488281,0.4830513000488281,0.025553488372093,2.1108686782679653,1.5460608485779326,2.5930232558139537,0.0410953488372093
6857,SEG_C,SEG_B,0.03912483528256416,0.48288583755493164,0.4779892861843109,0.48288583755493164,0.1541186924795536,1.7494456566086602,1.3431824553044711,1.313953488372093,0.0481790697674418
2965,SEG_B,SEG_C,0.061416685581207275,0.4557185173034668,0.48286476731300354,0.48286476731300354,0.1468178370882241,1.460619445479219,1.1237719099075272,1.1162790697674418,0.0958558139534883
2951,SEG_C,SEG_A,0.4826867878437042,0.24743638932704926,0.2698768079280853,0.4826867878437042,0.0065930232558139,0.8154879108793217,0.6110231616708908,1.1395348837209305,0.0
3695,SEG_B,SEG_A,0.4825047254562378,0.19060920178890228,0.3268860876560211,0.4825047254562378,0.0086186046511627,0.2780763840845795,-0.1175537172883825,0.2325581395348837,0.0047627906976744
5555,SEG_B,SEG_A,0.4823768734931946,0.230158731341362,0.28746435046195984,0.4823768734931946,0.0091883720930232,0.5541926099373814,0.3173921876122593,0.8372093023255814,0.0314325581395348
6792,SEG_B,SEG_C,0.4335535764694214,0.08425861597061157,0.48218777775764465,0.48218777775764465,0.0,0.2781739485214553,-0.0673029994475289,0.5813953488372093,0.0193813953488372
9609,SEG_A,SEG_C,0.37152501940727234,0.1464434713125229,0.4820314943790436,0.4820314943790436,0.0,1.0674081563869229,0.8013773377828318,1.697674418604651,0.057306976744186
9132,SEG_B,SEG_A,0.482002854347229,0.10182560980319977,0.4161715507507324,0.482002854347229,0.0,0.5953470633104501,0.2401100235109911,0.6976744186046512,0.0144348837209302
9672,SEG_A,SEG_C,0.4037192761898041,0.11432954668998718,0.48195111751556396,0.48195111751556396,0.0063209302325581,0.8664697638940628,0.3895578001243679,1.5,0.0048325581395348
2891,SEG_C,SEG_A,0.48191574215888977,0.07963801175355911,0.4384462535381317,0.48191574215888977,0.0,1.1982420662373832,0.7867535755782986,1.5,0.0
10473,SEG_B,SEG_C,0.24980528652668,0.2683047652244568,0.4818899929523468,0.4818899929523468,0.0606700309270331,1.0100136590211628,0.6269086349618994,1.2906976744186047,0.0073209302325581
68,SEG_B,SEG_C,0.30997487902641296,0.20818620920181274,0.4818388819694519,0.4818388819694519,0.0697465116279069,1.0242935447820765,0.6939731097683337,1.0465116279069768,0.0362441860465116
7615,SEG_B,SEG_C,0.09394638985395432,0.4242194592952728,0.48183420300483704,0.48183420300483704,0.0845255813953488,1.7437957887641249,1.1669702760214875,2.302325581395349,0.0833818528705987
2866,SEG_A,SEG_C,0.3933223485946655,0.12487462162971497,0.48180297017097473,0.48180297017097473,0.0,0.3039043513738846,0.0735697067443594,0.4069767441860465,0.0263697674418604
8967,SEG_A,SEG_C,0.27695223689079285,0.24128086864948273,0.48176687955856323,0.48176687955856323,0.0178418604651162,1.0044524861192416,0.6967298911656645,1.4186046511627908,0.0
8616,SEG_A,SEG_B,0.10669150948524475,0.48173263669013977,0.4115758240222931,0.48173263669013977,0.0681094779823631,5.3028124246976125,4.41084525925722,6.903663189015472,0.0721279069767441
11883,SEG_C,SEG_B,0.27846667170524597,0.4815986156463623,0.23993463814258575,0.4815986156463623,0.0643697674418604,1.452628031149664,0.9958118724311952,1.686046511627907,0.0
5265,SEG_C,SEG_A,0.48158445954322815,0.3081117868423462,0.21030370891094208,0.48158445954322815,0.0585627906976744,0.6134319621095206,0.2946052308858614,0.3720930232558139,0.0
1801,SEG_C,SEG_B,0.0651184692978859,0.48157235980033875,0.45330920815467834,0.48157235980033875,0.0678023255813953,1.459927624926827,1.1152348250053885,1.9186046511627908,0.0695930232558139
6064,SEG_B,SEG_A,0.48147523403167725,0.39483293890953064,0.12369183450937271,0.48147523403167725,0.0724162790697674,0.8029020985223423,0.4494699497821083,0.6744186046511628,0.0
4233,SEG_C,SEG_A,0.48143693804740906,0.31231701374053955,0.206246018409729,0.48143693804740906,0.0309906976744186,0.7558228229826336,0.3597261867432064,1.3488372093023255,0.0264953488372093
5219,SEG_C,SEG_A,0.48142823576927185,0.15299110114574432,0.36558064818382263,0.48142823576927185,0.0064325581395348,0.8079133627800544,0.7320211524597353,1.058139534883721,0.0376511627906976
7707,SEG_C,SEG_A,0.4813854396343231,0.27246129512786865,0.24615326523780823,0.4813854396343231,0.0346232558139534,0.6093342557607365,0.2163320871764761,0.9767441860465116,0.0
10569,SEG_B,SEG_C,0.18193373084068298,0.3366992771625519,0.4813670217990875,0.4813670217990875,0.0617418604651162,1.2390860873113014,0.8844629262141359,1.837209302325581,0.0339511627906976
14959,SEG_B,SEG_A,0.4812295734882355,0.42326274514198303,0.0955076813697815,0.4812295734882355,0.0087906976744186,0.0335266883082326,-0.2400710036889216,0.0,0.0
9169,SEG_B,SEG_C,0.2600462734699249,0.25873443484306335,0.48121923208236694,0.48121923208236694,0.0405790697674418,1.905353626736204,1.2822198438711627,2.2906976744186047,0.0512488372093023
1661,SEG_A,SEG_C,0.3724106550216675,0.14648348093032837,0.48110586404800415,0.48110586404800415,0.0173232558139534,0.6025845706277828,0.1940034585188322,0.7325581395348837,0.0101023255813953
15103,SEG_C,SEG_B,0.17195473611354828,0.4810487627983093,0.346996545791626,0.4810487627983093,0.0690046511627907,1.3145033970163025,0.7761050834098838,1.337209302325581,0.0982240183502226
9478,SEG_B,SEG_A,0.48104825615882874,0.21380235254764557,0.3051493465900421,0.48104825615882874,0.0223023255813953,0.8352934915651109,0.3905103792726705,1.1046511627906976,0.0036558139534883
6819,SEG_A,SEG_C,0.2092124968767166,0.30978718400001526,0.48100027441978455,0.48100027441978455,0.1037174857746605,1.13934862434144,0.7342308831225903,1.0,0.0431162790697674
4105,SEG_A,SEG_C,0.4431186318397522,0.07593617588281631,0.4809451699256897,0.4809451699256897,0.0,0.853387259858443,0.6052550409893941,1.1046511627906976,0.0205046511627907
11858,SEG_A,SEG_B,0.4377164840698242,0.4809180200099945,0.08136546611785889,0.4809180200099945,0.0370348837209302,0.7741826761038086,0.3687633317725404,0.7558139534883721,0.0166837209302325
6693,SEG_A,SEG_B,0.15501296520233154,0.48082777857780457,0.3641592562198639,0.48082777857780457,0.1364954366656002,1.8488194703138028,1.3028582563256756,1.697674418604651,0.0036558139534883
9830,SEG_B,SEG_C,0.04947367683053017,0.4697338342666626,0.48079246282577515,0.48079246282577515,0.1254221369374512,3.142393288753773,2.317344690966685,3.6165388932613847,0.1059962638807322
6668,SEG_B,SEG_C,0.3650912046432495,0.1542513370513916,0.4806574583053589,0.4806574583053589,0.0288883720930232,2.633202064818264,2.10979372759457,3.2209302325581395,0.0060627906976744
8447,SEG_A,SEG_C,0.14334677159786224,0.37600916624069214,0.48064401745796204,0.48064401745796204,0.0645616718211722,1.626257250811559,1.1924714776763907,2.0348837209302326,0.0601813953488372
13187,SEG_B,SEG_C,0.2907363474369049,0.22863076627254486,0.4806329607963562,0.4806329607963562,0.0301093023255813,1.1825253224061163,0.7496045110426981,1.5232558139534884,0.0312465116279069
7794,SEG_A,SEG_C,0.2474324256181717,0.2720053493976593,0.4805621802806854,0.4805621802806854,0.0949279948051351,1.617050715768187,1.1496905900083292,1.6744186046511629,0.0402627906976744
8169,SEG_A,SEG_B,0.19947677850723267,0.4805169999599457,0.32000628113746643,0.4805169999599457,0.0650130102686516,0.4312170720025544,0.1320118585670931,0.2790697674418604,0.0097488372093023
6362,SEG_A,SEG_C,0.3467075526714325,0.1729046106338501,0.4803878664970398,0.4803878664970398,0.0063395348837209,0.8571656644138151,0.5340265235692112,1.0465116279069768,0.0073209302325581
7995,SEG_A,SEG_C,0.3725928068161011,0.1471734642982483,0.48023369908332825,0.48023369908332825,0.0063790697674418,0.7478934951129086,0.4093030688161014,1.2325581395348837,0.0194348837209302
5207,SEG_B,SEG_C,0.18077972531318665,0.3391350209712982,0.4800852835178375,0.4800852835178375,0.0758046511627907,2.635960477533571,2.091094561751656,2.906976744186047,0.0135488372093023
6896,SEG_A,SEG_C,0.04614858329296112,0.473825603723526,0.4800257682800293,0.4800257682800293,0.1600875167016937,1.8134485341693565,1.2486441469886402,1.255813953488372,0.0503674418604651
1543,SEG_B,SEG_A,0.4799830913543701,0.17042140662670135,0.34959545731544495,0.4799830913543701,0.0065511627906976,0.5199120146169266,0.2190015384958415,1.0465116279069768,0.0
1741,SEG_A,SEG_B,0.15099871158599854,0.47997748851776123,0.3690238296985626,0.47997748851776123,0.0861023255813953,1.7739077217817043,1.2251691884484723,1.6511627906976745,0.0052652687863235
6130,SEG_A,SEG_C,0.4554726481437683,0.06460417062044144,0.4799232482910156,0.4799232482910156,0.0,0.5198055806857893,0.2214251029999429,1.4186046511627908,0.0
4384,SEG_B,SEG_A,0.4799066483974457,0.3082883059978485,0.2118050754070282,0.4799066483974457,0.0110209302325581,0.2744398914373903,-0.0101953220807599,0.313953488372093,0.0
4073,SEG_B,SEG_C,0.057661861181259155,0.4624382257461548,0.47989991307258606,0.47989991307258606,0.1447036201146793,3.1286254057793625,2.582345571994849,3.453488372093023,0.2602759057046016
473,SEG_B,SEG_C,0.33591166138648987,0.1842372864484787,0.479851096868515,0.479851096868515,0.0255,1.752399198197719,1.2303691456689196,2.127906976744186,0.0458674418604651
10506,SEG_B,SEG_C,0.11014343798160553,0.41002899408340454,0.4798275828361511,0.4798275828361511,0.0955744186046511,1.5720469018856549,1.0579170951712518,1.5116279069767442,0.0085302325581395
3760,SEG_B,SEG_C,0.08728808909654617,0.43290403485298157,0.4798078238964081,0.4798078238964081,0.0741186046511628,2.452078122505455,1.7706495375841405,3.477004009540454,0.0631418604651162
5988,SEG_B,SEG_A,0.47973406314849854,0.4210013449192047,0.09926459938287735,0.47973406314849854,0.0139046511627906,0.0791070193177585,-0.0917944410998882,0.0348837209302325,0.0
8993,SEG_A,SEG_C,0.07621008902788162,0.44408339262008667,0.4797065854072571,0.4797065854072571,0.1093699430986422,2.743929438148212,1.9981805247114588,2.802325581395349,0.1213353412426917
13663,SEG_C,SEG_A,0.47960802912712097,0.2611013948917389,0.2592906057834625,0.47960802912712097,0.0176697674418604,1.351781881397123,0.9190790826501768,1.8604651162790693,0.0085
4395,SEG_C,SEG_A,0.4795852601528168,0.22998300194740295,0.29043179750442505,0.4795852601528168,0.0464883720930232,1.125751689638657,0.7231989564984727,1.255813953488372,0.0093023255813953
14859,SEG_B,SEG_A,0.4795535206794739,0.43940308690071106,0.08104338496923447,0.4795535206794739,0.0437850154635165,0.3822663331736824,0.197620878856033,0.2441860465116279,0.0561767441860465
7407,SEG_A,SEG_C,0.4118177890777588,0.10869206488132477,0.4794901907444,0.4794901907444,0.0174396227121118,0.8346548879782876,0.475784817304367,1.569767441860465,0.0036558139534883
14720,SEG_C,SEG_B,0.12424441426992416,0.4794674515724182,0.39628809690475464,0.4794674515724182,0.0550837209302325,2.524258066805031,1.9845583851894093,3.1511627906976742,0.1837012200580306
4269,SEG_C,SEG_A,0.4794316589832306,0.16452522575855255,0.35604310035705566,0.4794316589832306,0.0092930232558139,0.6471892572685506,0.2696951003490725,1.3488372093023255,0.0
5858,SEG_B,SEG_C,0.09285759925842285,0.4278893768787384,0.47925302386283875,0.47925302386283875,0.0818395348837209,1.368217054263566,0.9905163251503192,1.558139534883721,0.0387441860465116
14219,SEG_A,SEG_B,0.17457009851932526,0.4791891276836395,0.346240758895874,0.4791891276836395,0.0536441860465116,1.957142603728736,1.3783837428120074,2.7790697674418605,0.2479611896799603
16619,SEG_B,SEG_C,0.09620774537324905,0.4246504604816437,0.4791417717933655,0.4791417717933655,0.1092174857746605,2.947732070317351,2.249071897356255,3.6746784281451057,0.0960883720930232
6635,SEG_C,SEG_B,0.1514599621295929,0.47900983691215515,0.36953017115592957,0.47900983691215515,0.1333198113560559,1.303806786937009,0.867925656018036,1.2093023255813953,0.0046046511627906
11954,SEG_B,SEG_C,0.07014447450637817,0.45085054636001587,0.47900500893592834,0.47900500893592834,0.0941919043793117,2.4832100473631,1.966885042151058,2.941860465116279,0.116412237935992
2468,SEG_B,SEG_C,0.16933032870292664,0.3518255650997162,0.47884413599967957,0.47884413599967957,0.084494229960707,1.7110318769623756,1.2189774239129194,2.069767441860465,0.0052652687863235
11529,SEG_C,SEG_A,0.47883182764053345,0.1830241084098816,0.3381440341472626,0.47883182764053345,0.0149348837209302,1.2895712486474022,0.7705682964989754,2.232558139534884,0.0608697674418604
18087,SEG_A,SEG_B,0.3455391824245453,0.47872650623321533,0.17573434114456177,0.47872650623321533,0.0436930232558139,0.718828162418179,0.3035698801657908,1.0930232558139534,0.0410558139534883
1186,SEG_A,SEG_C,0.41160956025123596,0.11002802848815918,0.47836244106292725,0.47836244106292725,0.0,0.9603267521685914,0.7679299179221141,1.302325581395349,0.0
14761,SEG_A,SEG_B,0.20063740015029907,0.47829076647758484,0.3210718631744385,0.47829076647758484,0.0523222247658421,0.8143703546023807,0.4585866875821039,0.8023255813953488,0.0324465116279069
2483,SEG_A,SEG_C,0.4362829923629761,0.08544217795133591,0.4782748520374298,0.4782748520374298,0.0,0.7796906320401612,0.4214400915665158,1.430232558139535,0.0
14153,SEG_A,SEG_B,0.1352507621049881,0.4782363474369049,0.3865129351615906,0.4782363474369049,0.1223465994562978,1.1951288737516188,0.7833465278207165,0.8488372093023255,0.0210675943677189
9866,SEG_A,SEG_B,0.32547467947006226,0.47821781039237976,0.19630752503871918,0.47821781039237976,0.1106988811234977,1.0116722544480514,0.5420122825004794,0.8488372093023255,0.0192465116279069
6813,SEG_B,SEG_C,0.27656883001327515,0.24526989459991455,0.4781612753868103,0.4781612753868103,0.0107570206583814,1.472673088180512,1.4296940343542308,1.686046511627907,0.014560465116279
10720,SEG_C,SEG_B,0.1163928359746933,0.4780952036380768,0.4055119454860687,0.4780952036380768,0.0974130102686516,1.388013765455094,0.8756460533094509,0.9883720930232558,0.0220023255813953
355,SEG_A,SEG_B,0.23742207884788513,0.47800880670547485,0.28456911444664,0.47800880670547485,0.1240896666263072,1.0498288187607543,0.8282555269715615,0.6046511627906976,0.0
1792,SEG_C,SEG_B,0.18225283920764923,0.477879136800766,0.33986803889274597,0.477879136800766,0.1045593462397768,1.2196530253844926,0.8179617029012812,1.4186046511627908,0.0072767441860465
16770,SEG_B,SEG_A,0.47784754633903503,0.4349854290485382,0.08716700971126556,0.47784754633903503,0.0131860465116279,0.2439909176378762,-0.0757789719082056,0.4069767441860465,0.0
5642,SEG_B,SEG_C,0.38720715045928955,0.13501840829849243,0.47777438163757324,0.47777438163757324,0.0,0.1678551788976992,-0.2579228819668964,0.7906976744186046,0.0073116279069767
436,SEG_C,SEG_B,0.1170688197016716,0.4777460992336273,0.4051850736141205,0.4777460992336273,0.0699116279069767,0.7790875064303834,0.3708010335917312,2.1511627906976742,0.0605279069767441
5372,SEG_C,SEG_A,0.47772514820098877,0.2897697687149048,0.23250512778759003,0.47772514820098877,0.0022302325581395,0.2701027087435474,-0.0516343731186871,0.2790697674418604,0.0
3406,SEG_A,SEG_B,0.4204489290714264,0.4776518642902374,0.10189919918775558,0.4776518642902374,0.0236651162790697,0.6513313110886418,0.2663047113648018,0.3837209302325581,0.0
4961,SEG_A,SEG_B,0.3424763083457947,0.47763240337371826,0.17989122867584229,0.47763240337371826,0.0533198113560559,1.5927571709861104,1.116841645031734,1.930232558139535,0.0507024780886491
6108,SEG_B,SEG_A,0.4775363504886627,0.11751565337181091,0.40494799613952637,0.4775363504886627,0.0,0.7755574477143313,0.4386143875374405,1.7209302325581397,0.0289325581395348
13861,SEG_B,SEG_A,0.4775148928165436,0.46889013051986694,0.05359502509236336,0.4775148928165436,0.0353906976744186,0.1697443811753853,-0.0450784236487373,0.3604651162790697,0.0
3912,SEG_A,SEG_B,0.17500054836273193,0.47750383615493774,0.3474956154823303,0.47750383615493774,0.0892790697674418,0.9816312773845636,0.6318219655585038,0.627906976744186,0.0146232558139534
14467,SEG_A,SEG_B,0.26091641187667847,0.47749051451683044,0.2615930438041687,0.47749051451683044,0.0741325581395348,0.861866496372377,0.449958007239106,0.813953488372093,0.0360558139534883
2645,SEG_A,SEG_B,0.09661482274532318,0.4773792326450348,0.4260059595108032,0.4773792326450348,0.1146338526728189,1.2624305962074045,0.8079950301168306,1.3255813953488371,0.0154049561772983
5991,SEG_B,SEG_C,0.3233286440372467,0.19930967688560486,0.47736161947250366,0.47736161947250366,0.0,1.1993596225143244,0.7134633230608124,1.5930232558139534,0.0637237133357149
2421,SEG_A,SEG_C,0.17929650843143463,0.3433900475502014,0.47731342911720276,0.47731342911720276,0.0862059456960747,3.052357838565594,2.4671321946187748,4.000259823493943,0.0210049561772983
4241,SEG_A,SEG_C,0.17543992400169373,0.34727248549461365,0.4772876501083374,0.4772876501083374,0.0484372093023255,1.5278236034981287,1.062903049987489,2.313953488372093,0.0144720930232558
7911,SEG_A,SEG_B,0.17926810681819916,0.47721949219703674,0.3435124158859253,0.47721949219703674,0.1094014701900658,0.7187039894985188,0.3192591800539254,0.3604651162790697,0.0073116279069767
4591,SEG_A,SEG_C,0.28181928396224976,0.24098461866378784,0.4771960973739624,0.4771960973739624,0.0171686485653582,0.6959892146949782,0.4241061480889602,0.872093023255814,0.0024372093023255
6047,SEG_A,SEG_C,0.045809101313352585,0.47703614830970764,0.4771547019481659,0.4771547019481659,0.1368652041074606,2.059141787735264,1.497736121593165,2.081395348837209,0.0914937857920831
2110,SEG_A,SEG_B,0.20452655851840973,0.4770965278148651,0.3183768689632416,0.4770965278148651,0.0807558139534883,0.8650062973409258,0.7829621233764303,0.8953488372093024,0.0121232558139534
13506,SEG_B,SEG_C,0.060946546494960785,0.46199357509613037,0.47705990076065063,0.47705990076065063,0.0775255813953488,2.5082841076401823,2.1452003121179204,3.8488372093023258,0.1257981319403661
8857,SEG_A,SEG_B,0.21336308121681213,0.4770415127277374,0.30959537625312805,0.4770415127277374,0.0961162790697674,0.8835346708530679,0.6549892107095165,0.8488372093023255,0.0071232558139534
2639,SEG_B,SEG_C,0.3243660032749176,0.19860020279884338,0.477033793926239,0.477033793926239,0.0553372093023255,2.7419065864864387,2.0064859615351267,3.581395348837209,0.0
4710,SEG_B,SEG_A,0.4770204722881317,0.19051054120063782,0.33246898651123047,0.4770204722881317,0.0172209302325581,0.9735334291238714,0.7075575821088541,1.4883720930232558,0.0
6129,SEG_A,SEG_B,0.21349534392356873,0.4769941568374634,0.3095105290412903,0.4769941568374634,0.1185348837209302,0.916236496194987,0.525477843270133,0.6395348837209303,0.0024465116279069
7777,SEG_B,SEG_C,0.21365436911582947,0.30949079990386963,0.4768548309803009,0.4768548309803009,0.0693431549984003,0.7516807691625423,0.392814751629116,0.9186046511627908,0.0168720930232558
6543,SEG_A,SEG_C,0.28064581751823425,0.24255715310573578,0.4767969846725464,0.4767969846725464,0.043060465116279,1.7904404590850231,1.357475287017296,1.8953488372093024,0.0
11094,SEG_A,SEG_C,0.4424808621406555,0.08073165267705917,0.4767874479293823,0.4767874479293823,0.0,1.4197754244053007,1.1609703920067589,2.127906976744186,0.038406976744186
4836,SEG_C,SEG_A,0.4767499566078186,0.2305861860513687,0.2926638424396515,0.4767499566078186,0.0259244625188466,0.8018288897167085,0.469662100036359,0.8837209302325582,0.0096860465116279
8921,SEG_C,SEG_B,0.1953888237476349,0.4766751825809479,0.32793593406677246,0.4766751825809479,0.0627709741467535,1.40144217976691,0.8897600335961312,1.872093023255814,0.0361813953488372
2479,SEG_A,SEG_C,0.3247279226779938,0.1986064910888672,0.4766656458377838,0.4766656458377838,0.0282697674418604,2.4666773100597807,1.8483020803139425,2.755813953488372,0.0073116279069767
1026,SEG_C,SEG_B,0.35433676838874817,0.476657509803772,0.16900570690631866,0.476657509803772,0.0613116279069767,0.4581625955688006,0.1118070650263127,0.4418604651162791,0.0
7116,SEG_A,SEG_B,0.15822766721248627,0.47643640637397766,0.36533600091934204,0.47643640637397766,0.1184582273632746,1.069882745285864,0.6524529456659557,0.6162790697674418,0.0048744186046511
1015,SEG_C,SEG_B,0.05458676442503929,0.47637128829956055,0.46904194355010986,0.47637128829956055,0.1256895787979163,1.325129051141504,0.9051818974280206,1.5348837209302326,0.0243720930232558
8947,SEG_C,SEG_B,0.2942599952220917,0.4763280749320984,0.22941197454929352,0.4763280749320984,0.0680023255813953,0.9358114700299788,0.5300055864102649,1.372093023255814,0.0143093023255813
10297,SEG_A,SEG_B,0.3157656788825989,0.4762789011001587,0.20795543491840363,0.4762789011001587,0.0625733875565398,0.3598442516807691,0.0407271292121663,0.0465116279069767,0.0
7981,SEG_B,SEG_C,0.07157523930072784,0.45219680666923523,0.4762280285358429,0.4762280285358429,0.0622663229839628,2.1973285083284555,1.5007184868960353,2.3372093023255816,0.0576745711119049
528,SEG_A,SEG_B,0.4228609502315521,0.4760875701904297,0.10105148702859879,0.4760875701904297,0.0800453927514047,0.4080056055203732,0.0767269175350769,0.1162790697674418,0.0
10250,SEG_A,SEG_B,0.4422585666179657,0.476050466299057,0.08169091492891312,0.476050466299057,0.1126037079430702,1.2924981817536765,0.8683128042093843,2.5,0.0117395348837209
3086,SEG_C,SEG_B,0.3311749994754791,0.47598254680633545,0.1928425133228302,0.47598254680633545,0.0958058578676838,0.6458854416121192,0.252358233481673,0.3720930232558139,0.0509302325581395
10303,SEG_B,SEG_A,0.47596094012260437,0.27268871665000916,0.2513502836227417,0.47596094012260437,0.0286360904258233,0.8535469107551489,0.4771322281947969,1.0348837209302326,0.0
8511,SEG_A,SEG_B,0.3435283601284027,0.47592535614967346,0.18054626882076263,0.47592535614967346,0.0532930232558139,0.780480017029429,0.5323499099447281,1.3604651162790695,0.0
4120,SEG_C,SEG_B,0.2073962390422821,0.4759185016155243,0.316685289144516,0.4759185016155243,0.0954641730593493,0.489329998403491,0.1173220573865645,0.1627906976744186,0.0170581395348837
13965,SEG_C,SEG_A,0.47584667801856995,0.07498905062675476,0.4491642117500305,0.47584667801856995,0.0063581395348837,1.8226012452769944,1.3506977735165655,3.907236567679989,0.0433046511627907
8116,SEG_A,SEG_B,0.3775039613246918,0.4758422076702118,0.14665381610393524,0.4758422076702118,0.0565883720930232,0.4772320082308907,0.374624356792298,0.313953488372093,0.0073116279069767
484,SEG_B,SEG_A,0.4757065176963806,0.38558217883110046,0.13871125876903534,0.4757065176963806,0.043342036121898,0.613298919695599,0.2532591309681227,0.6162790697674418,0.006906976744186
9094,SEG_B,SEG_C,0.11797025054693222,0.40636754035949707,0.4756621718406677,0.4756621718406677,0.1016767441860465,2.554689301616022,1.9457674428378928,2.86046511627907,0.0775234083212073
371,SEG_A,SEG_C,0.3969869613647461,0.12737272679805756,0.47564032673835754,0.47564032673835754,0.002106976744186,1.1953860890852006,0.7431845377451746,1.941860465116279,0.0070418604651162
3051,SEG_A,SEG_B,0.4131837487220764,0.4756200611591339,0.11119620501995087,0.4756200611591339,0.0390802764723349,0.694729746509854,0.2968748955650591,0.6046511627906976,0.0
5926,SEG_A,SEG_B,0.2958882749080658,0.47561806440353394,0.22849366068840027,0.47561806440353394,0.0462488372093023,0.2442037855001508,-0.0871424112020335,0.2209302325581395,0.0
4474,SEG_A,SEG_B,0.43231868743896484,0.4755803048610687,0.09210099279880524,0.4755803048610687,0.0439302325581395,1.0484806556330155,0.6203031314674146,1.0465116279069768,0.0073116279069767
5751,SEG_C,SEG_A,0.47557803988456726,0.2054997980594635,0.31892216205596924,0.47557803988456726,0.0453209302325581,0.746944459226935,0.417338674713421,1.3255813953488371,0.0
10710,SEG_A,SEG_B,0.10818909853696823,0.475523978471756,0.4162869453430176,0.475523978471756,0.0566174857746605,1.699554751388076,1.2865475606610708,1.744186046511628,0.0653488372093023
9960,SEG_A,SEG_C,0.30745115876197815,0.21704521775245667,0.4755036532878876,0.4755036532878876,0.0197697674418604,1.1753765100313982,0.806161494924076,4.034883720930233,0.0546519253269668
15383,SEG_A,SEG_B,0.13270479440689087,0.47547680139541626,0.39181843400001526,0.47547680139541626,0.0898721808516467,1.5280896883259718,1.1558206213298476,1.4186046511627908,0.1316263439316179
7986,SEG_A,SEG_C,0.4299931526184082,0.09455939382314682,0.475447416305542,0.475447416305542,0.0,0.7848171997232718,0.3892382092007502,0.9186046511627908,0.0024372093023255
13095,SEG_B,SEG_C,0.22139957547187805,0.30317971110343933,0.475420743227005,0.475420743227005,0.0721304960433122,1.0408440210739185,0.6980987519222677,4.676237369108763,0.0
3102,SEG_B,SEG_A,0.4752742648124695,0.32293790578842163,0.2017878293991089,0.4752742648124695,0.0458720930232558,1.01462579603711,0.6195864642095327,1.0348837209302326,0.0
6589,SEG_A,SEG_B,0.1492261290550232,0.4752686023712158,0.3755052089691162,0.4752686023712158,0.1064233436423443,4.99133072543185,4.053479138677025,5.946537288007249,0.0182790697674418
4133,SEG_A,SEG_B,0.39671871066093445,0.4752047657966614,0.12807652354240417,0.4752047657966614,0.1064862221684097,0.5453585936529899,0.3830433434435489,0.1627906976744186,0.0
12804,SEG_B,SEG_A,0.4751717448234558,0.4181451201438904,0.106683149933815,0.4751717448234558,0.0391023255813953,0.4577989463040818,0.2268271805886914,0.3953488372093023,0.0073511627906976
4487,SEG_C,SEG_A,0.4751385450363159,0.09874659031629562,0.42611491680145264,0.4751385450363159,0.0,0.9869174959643802,0.6101337574726056,1.441860465116279,0.0
6201,SEG_B,SEG_C,0.28930503129959106,0.23566827178001404,0.4750267267227173,0.4750267267227173,0.0022511627906976,0.7792648963156121,0.3560360567930413,1.058139534883721,0.0098
10614,SEG_C,SEG_B,0.16328683495521545,0.47494426369667053,0.361768901348114,0.47494426369667053,0.1087583151916655,1.432476540187679,1.121717777127779,1.2790697674418603,0.0991234083212073
5506,SEG_A,SEG_B,0.3596292734146118,0.47484472393989563,0.16552600264549255,0.47484472393989563,0.0794953488372093,0.7846930268036117,0.3812019839411754,0.7209302325581395,0.0
5719,SEG_B,SEG_C,0.07710229605436325,0.44809743762016296,0.4748002290725708,0.4748002290725708,0.1325105968588654,2.2419065864864387,1.7808043265236386,2.104651162790698,0.0117813953488372
10183,SEG_A,SEG_C,0.05942875146865845,0.46582990884780884,0.4747413396835327,0.4747413396835327,0.1048965555421024,4.92471171897598,4.293232186478138,5.651682437685561,0.0844210827398119
5272,SEG_A,SEG_C,0.30872538685798645,0.21661221981048584,0.47466233372688293,0.47466233372688293,0.0211302325581395,0.928263530413496,0.7420493631242742,1.8837209302325584,0.0624255813953488
10421,SEG_B,SEG_C,0.14540761709213257,0.38001489639282227,0.47457748651504517,0.47457748651504517,0.1099255813953488,1.378275060756036,0.8953374697682889,1.2674418604651163,0.0169348837209302
13080,SEG_C,SEG_A,0.4745388329029083,0.3177463114261627,0.20771490037441254,0.4745388329029083,0.0358348837209302,1.4964167243183797,1.0815130276656733,1.5116279069767442,0.0289953488372093
4472,SEG_B,SEG_C,0.22046296298503876,0.30500030517578125,0.4745367467403412,0.4745367467403412,0.0788965555421024,1.8458570592304824,1.3147523989043066,2.0930232558139537,0.0071906976744186
10557,SEG_B,SEG_A,0.47449395060539246,0.4413752853870392,0.08413077890872955,0.47449395060539246,0.0539442738749025,0.8559948911713054,0.4535924483428393,0.8255813953488372,0.0024372093023255
2905,SEG_C,SEG_B,0.08919993788003922,0.4744660556316376,0.4363340437412262,0.4744660556316376,0.1826328216247075,1.7248771575044792,1.4894399437238937,1.4767441860465116,0.0227558139534883
15462,SEG_A,SEG_B,0.24127304553985596,0.47445642948150635,0.2842704951763153,0.47445642948150635,0.0682279069767441,1.855170028204992,1.277468756629108,2.209302325581396,0.0551234083212073
799,SEG_A,SEG_B,0.4529837965965271,0.4744131863117218,0.0726030170917511,0.4744131863117218,0.0390372093023255,0.2959572845156369,-0.0516919738084089,0.3023255813953488,0.0097488372093023
8751,SEG_C,SEG_A,0.474307656288147,0.09657345712184906,0.42911890149116516,0.474307656288147,0.0063209302325581,1.5472750113836258,1.053714233956324,2.7906976744186047,0.0
11851,SEG_C,SEG_B,0.45775362849235535,0.47427457571029663,0.06797179579734802,0.47427457571029663,0.0452164547265492,0.2177904315895907,-0.0328069525070445,0.0581395348837209,0.0
7134,SEG_B,SEG_C,0.20618532598018646,0.3195887506008148,0.47422587871551514,0.47422587871551514,0.0437070645725769,1.7339335181155715,1.420197097296649,1.813953488372093,0.0403697674418604
6848,SEG_B,SEG_A,0.47414374351501465,0.16943766176700592,0.35641855001449585,0.47414374351501465,0.0166372093023255,0.6731946144430845,0.3924137446112725,0.9418604651162792,0.0068418604651162
12970,SEG_B,SEG_A,0.4740774929523468,0.24451400339603424,0.281408429145813,0.4740774929523468,0.0171023255813953,1.0686853635605698,0.5802123146151443,1.1162790697674418,0.0316837209302325
10737,SEG_A,SEG_C,0.402602881193161,0.12371855229139328,0.4736785888671875,0.4736785888671875,0.0,0.1307363454135845,-0.135437802403621,0.3837209302325581,0.0023255813953488
4052,SEG_C,SEG_A,0.47367241978645325,0.17082668840885162,0.35550084710121155,0.47367241978645325,0.0128744186046511,2.719875976681359,2.2202682190776684,3.3255813953488373,0.0073116279069767
5513,SEG_A,SEG_C,0.41319823265075684,0.11319806426763535,0.473603755235672,0.473603755235672,0.0,0.4066042254270661,0.0919994500063174,0.6046511627906976,0.031506976744186
8862,SEG_A,SEG_C,0.34608182311058044,0.18034613132476807,0.4735719859600067,0.4735719859600067,0.0,1.1228158870381213,0.8034051298059415,1.2209302325581397,0.0
4387,SEG_A,SEG_C,0.18026438355445862,0.346180260181427,0.4735553562641144,0.4735553562641144,0.0617116279069767,0.7132049030564278,0.3241574815244239,0.4883720930232558,0.0
8840,SEG_B,SEG_C,0.06656099110841751,0.4598892033100128,0.47354981303215027,0.47354981303215027,0.1039361782542142,1.3602699874053183,0.936355572200416,1.3837209302325582,0.0704420129723701
8083,SEG_A,SEG_C,0.30022960901260376,0.22627884149551392,0.47349151968955994,0.47349151968955994,0.0177790697674418,1.1678995263690064,0.7671903993895566,1.6511627906976745,0.0503651162790697
3159,SEG_B,SEG_C,0.24897029995918274,0.27754342555999756,0.4734862446784973,0.4734862446784973,0.0654884599214141,1.0509020275663885,1.20770292079962,1.744186046511628,0.0219348837209302
10913,SEG_B,SEG_A,0.47345736622810364,0.33294475078582764,0.19359789788722992,0.47345736622810364,0.0351976744186046,0.6841839178330051,0.4765837712224476,0.7790697674418605,0.0
938,SEG_A,SEG_B,0.3715956211090088,0.4734572172164917,0.1549472063779831,0.4734572172164917,0.1078863978251915,0.9719369201568128,0.6331400620011547,1.186046511627907,0.0024372093023255
9339,SEG_A,SEG_C,0.3976873457431793,0.12896814942359924,0.47334447503089905,0.47334447503089905,0.0429012067048931,1.2304383304064004,0.8384347222427257,2.197674418604651,0.0060627906976744
7082,SEG_B,SEG_A,0.47319531440734863,0.37473759055137634,0.15206703543663025,0.47319531440734863,0.0542930232558139,0.8841200574743229,0.4972822790413506,1.2093023255813953,0.0518908501816724
9731,SEG_A,SEG_B,0.22515136003494263,0.4731760621070862,0.3016725778579712,0.4731760621070862,0.0847837209302325,1.9187554325652352,1.4809285974417865,3.767441860465116,0.0
1869,SEG_C,SEG_A,0.4731490910053253,0.22494225203990936,0.3019087016582489,0.4731490910053253,0.0273511627906976,0.5678427616057332,0.1905694439923977,0.8488372093023255,0.0
4979,SEG_C,SEG_B,0.2522948384284973,0.4731462299823761,0.2745589017868042,0.4731462299823761,0.0424395348837209,0.2536143189115357,0.0933391305640407,0.3023255813953488,0.0240581395348837
14414,SEG_B,SEG_A,0.47311222553253174,0.46566474437713623,0.06122306361794472,0.47311222553253174,0.0702884599214141,0.2966224965852447,-0.0278754838910856,0.0581395348837209,0.0
15136,SEG_A,SEG_B,0.31029245257377625,0.4730921685695648,0.21661536395549774,0.4730921685695648,0.1040546950769861,1.1103010306352332,0.679004800556983,1.2790697674418603,0.0357209302325581
11143,SEG_B,SEG_C,0.18684318661689758,0.34006625413894653,0.47309061884880066,0.47309061884880066,0.0684233436423443,1.890435137388466,1.3887087429923886,2.372093023255814,0.0339953488372093
4824,SEG_A,SEG_B,0.4503955841064453,0.47306594252586365,0.07653848081827164,0.47306594252586365,0.0501720930232558,0.2978908342646302,-0.0763141008965888,0.127906976744186,0.0
7788,SEG_B,SEG_C,0.4490590989589691,0.07793790847063065,0.47300294041633606,0.47300294041633606,0.0,0.3081883171021589,0.0367727758082057,0.5581395348837209,0.0036558139534883
14586,SEG_B,SEG_A,0.47292065620422363,0.32445788383483887,0.2026214748620987,0.47292065620422363,0.0390232558139534,0.3844216202792117,0.1439026263437063,0.3837209302325581,0.0308697674418604
10696,SEG_A,SEG_C,0.3931160569190979,0.13401931524276733,0.47286468744277954,0.47286468744277954,0.0106372093023255,1.8206499565394785,1.2507246538384358,2.186046511627907,0.0560953488372093
5822,SEG_A,SEG_C,0.35549744963645935,0.17171309888362885,0.472789466381073,0.472789466381073,0.0259651162790697,0.7707324428361095,0.3654999120505597,0.9418604651162792,0.0073116279069767
13527,SEG_C,SEG_B,0.0718684196472168,0.47265955805778503,0.45547205209732056,0.47265955805778503,0.1328174857746605,4.56239287839627,3.620773853251204,5.477783480022283,0.1590303470928055
4154,SEG_A,SEG_C,0.3516380786895752,0.17570863664150238,0.47265323996543884,0.47265323996543884,0.0129883720930232,0.7896688130842779,0.3916349734713479,1.3488372093023255,0.0070418604651162
2609,SEG_C,SEG_B,0.19976191222667694,0.4725748896598816,0.3276631832122803,0.4725748896598816,0.1265047389911816,1.8736895322228728,1.354924944298404,1.3953488372093024,0.0
2257,SEG_B,SEG_A,0.47255492210388184,0.16858765482902527,0.3588573634624481,0.47255492210388184,0.0127953488372093,0.4692938108669044,0.0618588052254354,0.7558139534883721,0.0073116279069767
9815,SEG_A,SEG_B,0.135667622089386,0.472443163394928,0.3918892741203308,0.472443163394928,0.0868627906976744,3.2291825040422664,2.65338126555998,3.0,0.1494313001089163
8051,SEG_C,SEG_B,0.2751137614250183,0.4722467064857483,0.252639502286911,0.4722467064857483,0.0949255813953488,0.8471874833696984,0.6032523352354223,0.8604651162790697,0.0012186046511627
6559,SEG_C,SEG_B,0.16217932105064392,0.472099244594574,0.36572137475013733,0.472099244594574,0.0685523694955908,0.9336916609014954,0.5182238170076281,0.8023255813953488,0.0339023255813953
11351,SEG_A,SEG_B,0.2295428067445755,0.47208932042121887,0.2983679175376892,0.47208932042121887,0.0461279069767441,1.0448264239973035,0.5852638854823965,1.4534883720930232,0.0457418604651162
14988,SEG_A,SEG_C,0.3699166774749756,0.15800416469573975,0.4720791280269623,0.4720791280269623,0.0042883720930232,0.8035584410976887,0.4276164125907175,0.9069767441860463,0.0940606176235329
2226,SEG_A,SEG_B,0.3521280884742737,0.47179195284843445,0.1760799139738083,0.47179195284843445,0.1648119792205403,1.5060756035690843,1.1400745380224575,1.6744186046511629,0.0
8538,SEG_C,SEG_A,0.47171807289123535,0.17172591388225555,0.3565560281276703,0.47171807289123535,0.0046465116279069,0.5433806964326895,0.2108618797396695,0.8837209302325582,0.0218093023255813
3837,SEG_B,SEG_C,0.10061050206422806,0.42771169543266296,0.4716777801513672,0.4716777801513672,0.0755139534883721,1.2705905309279266,1.0165447292233112,1.6744186046511629,0.0306141059956259
8892,SEG_A,SEG_C,0.34074866771698,0.18771547079086304,0.471535861492157,0.471535861492157,0.0196790697674418,0.5805261383995884,0.3573806282356667,0.7441860465116279,0.0408443385537654
7625,SEG_A,SEG_C,0.2776343822479248,0.25085631012916565,0.47150930762290955,0.47150930762290955,0.032653488372093,0.9802831142568252,0.8049008896519433,1.4186046511627908,0.0603651162790697
7662,SEG_C,SEG_B,0.06255359202623367,0.47149479389190674,0.4659516215324402,0.47149479389190674,0.1361325581395348,4.559604215377188,3.6000706755311933,5.1395348837209305,0.081806976744186
8821,SEG_B,SEG_A,0.4714745879173279,0.271441251039505,0.2570841312408447,0.4714745879173279,0.0433093023255813,1.606584712539691,1.2201157711927184,1.6046511627906976,0.0
1230,SEG_B,SEG_C,0.25766777992248535,0.27086174488067627,0.4714704751968384,0.4714704751968384,0.0540325581395348,2.0767033863729094,1.6427617610698615,4.128166800238128,0.0
8098,SEG_B,SEG_C,0.1428709179162979,0.3857386112213135,0.4713904559612274,0.4713904559612274,0.0679767441860465,1.318778493250315,0.9318552872478268,1.627906976744186,0.0712325581395348
6684,SEG_C,SEG_A,0.4713764190673828,0.2237560898065567,0.3048674762248993,0.4713764190673828,0.0197024134097862,1.1380980256505775,0.7025141386567569,1.4069767441860466,0.0060302325581395
5743,SEG_B,SEG_C,0.3860059976577759,0.14264635741710663,0.4713476598262787,0.4713476598262787,0.0041488372093023,0.6851152147304561,0.321288260245854,0.9302325581395348,0.0
8015,SEG_A,SEG_C,0.1408538967370987,0.38797008991241455,0.47117602825164795,0.47117602825164795,0.0928071524009678,1.465852447093467,1.0321418510089513,1.1395348837209305,0.0476558139534883
10175,SEG_C,SEG_B,0.2445717453956604,0.4711399972438812,0.2842881977558136,0.4711399972438812,0.0456302325581395,0.659429159349334,0.3069949534363456,0.5930232558139535,0.0434302325581395
14282,SEG_B,SEG_C,0.20919169485569,0.3197319805622101,0.4710763990879059,0.4710763990879059,0.041313953488372,1.5619977648874463,1.0252552777793118,1.988372093023256,0.0591401449127362
2487,SEG_B,SEG_C,0.2151869684457779,0.3140541613101959,0.4707588851451874,0.4707588851451874,0.0394837209302325,1.1584269064977917,0.7828553095448678,1.337209302325581,0.014560465116279
5046,SEG_A,SEG_C,0.4291404187679291,0.10010729730129242,0.4707522392272949,0.4707522392272949,0.013953488372093,0.2770475227502528,0.0665911952718242,0.4186046511627907,0.0073116279069767
5012,SEG_B,SEG_A,0.47074460983276367,0.2480243742465973,0.28123098611831665,0.47074460983276367,0.0269255813953488,0.9251858159047772,0.5092597636274039,1.244186046511628,0.0024372093023255
8739,SEG_A,SEG_C,0.059109240770339966,0.4701974093914032,0.47069332003593445,0.47069332003593445,0.145023607127517,1.6556862327710076,1.1803788211955877,1.5116279069767442,0.0267023255813953
15121,SEG_B,SEG_A,0.47068023681640625,0.36309391260147095,0.1662258505821228,0.47068023681640625,0.0462697674418604,0.5135525872314761,0.1544035406663902,0.3837209302325581,0.0072488372093023
14401,SEG_B,SEG_C,0.14471448957920074,0.38475075364112854,0.4705348014831543,0.4705348014831543,0.1890782143761123,5.43800853987242,4.475145234239806,6.458165194983994,0.3130455206392082
6068,SEG_B,SEG_A,0.47053226828575134,0.27845680713653564,0.2510109543800354,0.47053226828575134,0.0412058578676838,0.2809501002252851,0.0392709851595254,0.2441860465116279,0.0073
8196,SEG_A,SEG_C,0.42713817954063416,0.10257503390312195,0.47028684616088867,0.47028684616088867,0.0,0.7630958082770122,0.4227308425060883,1.0813953488372092,0.0
5497,SEG_B,SEG_A,0.4701932668685913,0.3218446969985962,0.20796208083629608,0.4701932668685913,0.0237883720930232,0.1180086211484221,0.4204762252005105,0.3372093023255814,0.0048744186046511
4706,SEG_A,SEG_B,0.43434640765190125,0.4700838625431061,0.09556970000267029,0.4700838625431061,0.0591384160072187,0.4413016869778085,0.1264245448821501,0.2674418604651162,0.0252581395348837
1491,SEG_C,SEG_B,0.16617369651794434,0.47003185749053955,0.3637944459915161,0.47003185749053955,0.0765348837209302,1.4792365139339756,1.099056504157233,1.8837209302325584,0.0503210827398119
5378,SEG_C,SEG_A,0.46997135877609253,0.13869169354438782,0.39133694767951965,0.46997135877609253,0.0,0.1580100402675039,-0.0252080437814791,0.2209302325581395,0.0
2922,SEG_B,SEG_C,0.08356568217277527,0.4464667737483978,0.4699675738811493,0.4699675738811493,0.2722180127450059,2.2903251556596245,1.6978179530079651,1.4534883720930232,0.0
14516,SEG_A,SEG_B,0.40417787432670593,0.46974897384643555,0.12607316672801971,0.46974897384643555,0.043953488372093,1.1771858868607312,0.8182159394115068,1.755813953488372,0.0382418604651162
8657,SEG_C,SEG_A,0.4697326719760895,0.17989985644817352,0.3503674268722534,0.4697326719760895,0.004460465116279,0.6528213861245632,0.2385993989708676,0.7906976744186046,0.0048744186046511
9813,SEG_C,SEG_A,0.46969667077064514,0.16083252429962158,0.3694707751274109,0.46969667077064514,0.0,0.7156706224611074,0.6417311422774198,0.8488372093023255,0.0
10197,SEG_A,SEG_B,0.28314143419265747,0.469619482755661,0.24723905324935913,0.469619482755661,0.0837896666263072,1.398462029695067,0.9808800125912086,2.546511627906977,0.0097372093023255
6023,SEG_C,SEG_A,0.4695803225040436,0.1857595145702362,0.3446601927280426,0.4695803225040436,0.0304232558139534,0.8234438472318308,0.4730552644552956,0.9767441860465116,0.0
10399,SEG_A,SEG_C,0.2752310037612915,0.255229115486145,0.4695398211479187,0.4695398211479187,0.0325139534883721,1.153167296400759,0.7316086571978565,1.3604651162790695,0.0481162790697674
3035,SEG_C,SEG_A,0.46953168511390686,0.33457911014556885,0.19588923454284668,0.46953168511390686,0.0390094779823631,0.4169637947244248,0.0299555428651544,0.4534883720930232,0.0293861990188817
11985,SEG_B,SEG_A,0.46952390670776367,0.24558411538600922,0.2848920226097107,0.46952390670776367,0.012853488372093,0.4084845582104908,0.523280065214465,0.4534883720930232,0.0121860465116279
9417,SEG_A,SEG_C,0.4157528579235077,0.11476294696331024,0.46948423981666565,0.46948423981666565,0.0,1.4568144324410623,0.99856060211921,2.7790697674418605,0.0146232558139534
2799,SEG_A,SEG_C,0.2717974781990051,0.2588302195072174,0.46937233209609985,0.46937233209609985,0.0193883720930232,0.797660227413833,0.4705555183938202,1.0930232558139534,0.0624883720930232
4607,SEG_A,SEG_C,0.38165321946144104,0.1490565836429596,0.46929022669792175,0.46929022669792175,0.0085488372093023,0.9524240327816508,0.546437923798623,1.0813953488372092,0.0216209302325581
3507,SEG_A,SEG_C,0.4333016276359558,0.09741082042455673,0.46928760409355164,0.46928760409355164,0.0064930232558139,3.002492934857629,2.3618729690699523,4.547291098388805,0.0
13449,SEG_A,SEG_C,0.26496434211730957,0.2659165859222412,0.4691190719604492,0.4691190719604492,0.0022302325581395,0.8238252354850727,0.4494451752919055,0.9186046511627908,0.0627720930232558
4929,SEG_A,SEG_C,0.3777552843093872,0.1532997041940689,0.4689449965953827,0.4689449965953827,0.0194442738749025,0.8296524932148369,0.429803982849988,0.8255813953488372,0.0097488372093023
6249,SEG_B,SEG_C,0.08132772147655487,0.44979721307754517,0.46887511014938354,0.46887511014938354,0.1076152480216561,1.765073705497313,1.3199520863957417,2.209302325581396,0.0580837209302325
9768,SEG_C,SEG_B,0.2937794625759125,0.4686548709869385,0.23756565153598785,0.4686548709869385,0.1141990567802795,1.1207315558866835,0.6960805483186298,0.8837209302325582,0.0
13198,SEG_C,SEG_A,0.4686538577079773,0.2662239968776703,0.26512205600738525,0.4686538577079773,0.0455697674418604,0.5244975431500897,0.2072540946038682,0.6395348837209303,0.0
2049,SEG_B,SEG_C,0.3230155408382416,0.2085617333650589,0.46842268109321594,0.46842268109321594,0.0088697674418604,0.6693629929221436,0.3603982251555218,0.8837209302325582,0.0241906976744186
17659,SEG_A,SEG_C,0.08440510183572769,0.44723641872406006,0.46835845708847046,0.46835845708847046,0.0830814831772281,1.1319958135987087,0.7106105639049091,1.0116279069767442,0.1190097598473429
9515,SEG_A,SEG_C,0.4192555248737335,0.11253511160612106,0.46820932626724243,0.46820932626724243,0.0106767441860465,1.9154914586770264,1.3499018930187965,2.372093023255814,0.0012186046511627
3426,SEG_B,SEG_C,0.2613446116447449,0.2705855369567871,0.46806979179382324,0.46806979179382324,0.0413720930232558,1.4424103737604883,0.991476285381796,1.802325581395349,0.0216209302325581
9656,SEG_A,SEG_B,0.07699868083000183,0.46803295612335205,0.45496830344200134,0.46803295612335205,0.0670697674418604,1.8041881751902509,1.4614199657481024,2.232558139534884,0.0293861990188817
4018,SEG_B,SEG_A,0.4678642153739929,0.4016321003437042,0.13050366938114166,0.4678642153739929,0.0453525451523725,0.7480087985383075,0.4181392589055127,0.7325581395348837,0.0
9696,SEG_A,SEG_C,0.43872374296188354,0.09342749416828156,0.4678487777709961,0.4678487777709961,0.0,0.8748159579940753,0.5572123495878764,1.186046511627907,0.0169348837209302
5147,SEG_B,SEG_C,0.10157930105924606,0.43062886595726013,0.4677918553352356,0.4677918553352356,0.0662663229839628,1.877042201053696,1.4294446641507337,2.1627906976744184,0.1082348837209302
10234,SEG_A,SEG_C,0.2608315348625183,0.2714729905128479,0.4676954448223114,0.4676954448223114,0.0386046511627907,0.8883508062370283,0.4829873575776494,1.0813953488372092,0.0169976744186046
8425,SEG_A,SEG_B,0.1636289805173874,0.4676729142665863,0.3686980903148651,0.4676729142665863,0.1653768320144374,1.5216326965036453,1.0013289655308504,1.4534883720930232,0.0073116279069767
10442,SEG_A,SEG_B,0.16902324557304382,0.46766427159309387,0.3633125126361847,0.46766427159309387,0.1557408294170049,1.625370301385415,1.2277646204481905,1.255813953488372,0.0444930232558139
17920,SEG_A,SEG_C,0.37349173426628113,0.1588483303785324,0.46765998005867004,0.46765998005867004,0.0172151601932652,0.6042254270661488,0.2782416656448718,2.302325581395349,0.0192558139534883
13623,SEG_A,SEG_B,0.2620934844017029,0.467651903629303,0.27025461196899414,0.467651903629303,0.0904629663544562,0.993383357280968,0.5110135464016392,1.4186046511627908,0.0336930232558139
1854,SEG_A,SEG_C,0.1357671171426773,0.39658430218696594,0.46764856576919556,0.46764856576919556,0.0563511627906976,1.5079293278697248,1.0442298086963893,1.755813953488372,0.0242465116279069
6501,SEG_B,SEG_C,0.07972266525030136,0.4527064561843872,0.46757084131240845,0.46757084131240845,0.124788547749805,2.0540069575280566,1.5745545818969544,1.6511627906976745,0.0721744186046511
11918,SEG_B,SEG_C,0.1561719924211502,0.3763289749622345,0.4674990177154541,0.4674990177154541,0.0907674418604651,1.941851595622018,1.4579069024207156,1.7906976744186047,0.0483093023255814
20169,SEG_A,SEG_B,0.19526635110378265,0.46747520565986633,0.33725839853286743,0.46747520565986633,0.0811582273632746,0.7719741720327108,0.339408061722055,0.6162790697674418,0.0360465116279069
7122,SEG_A,SEG_C,0.3621329665184021,0.17042526602745056,0.4674418270587921,0.4674418270587921,0.0150360904258233,1.8791537476580835,1.3736993933449293,1.837209302325581,0.0024372093023255
4230,SEG_A,SEG_B,0.16829273104667664,0.4674394726753235,0.36426782608032227,0.4674394726753235,0.0813360904258233,1.0052684795912938,0.5862458960332969,1.4534883720930232,0.0483046511627907
11968,SEG_B,SEG_C,0.34038594365119934,0.19227595627307892,0.46733805537223816,0.46733805537223816,0.0234697674418604,0.3696361733453958,0.0171235082660086,0.5813953488372093,0.0
4165,SEG_B,SEG_C,0.44066542387008667,0.09200585633516312,0.4673286974430084,0.4673286974430084,0.0149279069767441,0.6621343550990723,0.3783758339712764,0.9302325581395348,0.0036558139534883
1579,SEG_A,SEG_B,0.4016262888908386,0.467309832572937,0.13106386363506317,0.467309832572937,0.1639873410449119,0.9849573377326024,0.5774134255134767,0.6162790697674418,0.0
3301,SEG_A,SEG_B,0.28141409158706665,0.46710219979286194,0.25148364901542664,0.46710219979286194,0.0416906976744186,0.5726677664839551,0.232586630198617,0.6976744186046512,0.0
12030,SEG_B,SEG_C,0.07372017949819565,0.459256649017334,0.4670231342315674,0.4670231342315674,0.1507860465116279,1.5841803700353003,1.0384283717326284,1.4069767441860466,0.0606303850653933
12996,SEG_B,SEG_C,0.10227463394403458,0.43070653080940247,0.46701887249946594,0.46701887249946594,0.1123697674418604,2.1881219732850834,1.6483307665809324,2.581395348837209,0.1273565764897575
2200,SEG_B,SEG_C,0.24853850901126862,0.28444376587867737,0.4670177400112152,0.4670177400112152,0.056167529688856,1.0956131481382934,0.6916594798235283,1.186046511627907,0.0108162790697674
13996,SEG_A,SEG_B,0.3452465832233429,0.467010498046875,0.1877429336309433,0.467010498046875,0.0863209302325581,1.182782537739698,0.725917337435989,1.4186046511627908,0.0097488372093023
3548,SEG_A,SEG_C,0.13391748070716858,0.39912423491477966,0.46695825457572937,0.46695825457572937,0.1094851032919074,1.6993418835258014,1.1725999870997734,1.5348837209302326,0.111763095712182
2530,SEG_A,SEG_B,0.18158067762851715,0.466924786567688,0.35149452090263367,0.466924786567688,0.1130489250376932,1.0159384811878027,0.5965226759460809,0.7209302325581395,0.0
10376,SEG_B,SEG_A,0.4668360650539398,0.1517801135778427,0.3813837766647339,0.4668360650539398,0.0179372093023255,1.358602522484168,0.8659786790737313,1.7674418604651163,0.0024372093023255
16897,SEG_A,SEG_C,0.18195633590221405,0.35124295949935913,0.4668006896972656,0.4668006896972656,0.124636353910996,2.5888013765455096,2.082527315226729,3.767961507453002,0.0961767441860465
7156,SEG_A,SEG_C,0.38716232776641846,0.14605772495269775,0.46678000688552856,0.46678000688552856,0.0042651162790697,0.7679917691093254,0.468939642886946,0.8372093023255814,0.0512164315770212
4640,SEG_C,SEG_B,0.12449940294027328,0.4665628671646118,0.4089377522468567,0.4665628671646118,0.0713255813953488,2.199102407180743,1.570435114371434,2.569767441860465,0.0558697674418604
7015,SEG_A,SEG_B,0.0966126099228859,0.4665025472640991,0.43688488006591797,0.4665025472640991,0.0998790697674418,1.0760825217746086,0.7545448802277271,1.2093023255813953,0.0581093023255814
8864,SEG_A,SEG_C,0.177419051527977,0.35608646273612976,0.46649453043937683,0.46649453043937683,0.0514,1.956832171429585,1.4561634382892965,2.1627906976744184,0.0440722455305096
6731,SEG_B,SEG_C,0.08572392910718918,0.4478699862957001,0.46640607714653015,0.46640607714653015,0.0823837209302325,1.6398807939971265,1.30996301859588,1.848837209302325,0.1016770492005541
7590,SEG_B,SEG_C,0.3689034581184387,0.1647411584854126,0.4663553535938263,0.4663553535938263,0.0,1.0114948645628226,0.546183985274043,2.4302325581395348,0.0193720930232558
3597,SEG_A,SEG_C,0.31572508811950684,0.21800680458545685,0.4662680923938751,0.4662680923938751,0.0087488372093023,1.008009153318078,0.7194920734018596,1.127906976744186,0.0097488372093023
3435,SEG_B,SEG_C,0.1705230474472046,0.3632490634918213,0.4662278890609741,0.4662278890609741,0.0372826020537303,1.0294821989250174,0.6726202980390397,1.1511627906976745,0.0500511627906976
13307,SEG_A,SEG_C,0.3121151924133301,0.22172296047210693,0.4661618769168854,0.4661618769168854,0.0388744186046511,1.58479236513934,1.005373627541627,1.558139534883721,0.0075955013444631
10165,SEG_B,SEG_C,0.3483622968196869,0.18550559878349304,0.46613213419914246,0.46613213419914246,0.0176953488372093,2.470226321704686,1.9830210792944207,3.2328179630288263,0.074207891787709
7395,SEG_A,SEG_C,0.414376437664032,0.119496650993824,0.4661268889904022,0.4661268889904022,0.0,1.2022776861263371,0.7936390257679473,1.4767441860465116,0.0169976744186046
12242,SEG_C,SEG_A,0.4660612642765045,0.20027683675289154,0.33366191387176514,0.4660612642765045,0.017006976744186,0.5490749117485322,0.1956825495923357,0.7558139534883721,0.0097488372093023
11546,SEG_A,SEG_B,0.3295014202594757,0.4660559296607971,0.20444262027740479,0.4660559296607971,0.1036046511627907,1.196920511592429,0.8200548259468191,1.069767441860465,0.0556790697674418
13761,SEG_B,SEG_A,0.46587181091308594,0.3999892771244049,0.13413892686367035,0.46587181091308594,0.0438396227121118,0.5389370798077094,0.1651684527626083,0.6744186046511628,0.0094790697674418
13567,SEG_B,SEG_A,0.4658023715019226,0.24083904922008514,0.29335856437683105,0.4658023715019226,0.0107570206583814,0.6145051709151544,0.238447357232729,0.5581395348837209,0.0073116279069767
5681,SEG_A,SEG_B,0.07906223088502884,0.465591162443161,0.45534661412239075,0.465591162443161,0.1179793332526145,1.5210650488709134,1.0811315706894395,1.337209302325581,0.014560465116279
10447,SEG_A,SEG_C,0.4232518970966339,0.11115909367799759,0.4655890464782715,0.4655890464782715,0.0,0.4395721355968283,0.1936237894564724,0.8488372093023255,0.0109674418604651
5655,SEG_A,SEG_C,0.3787476122379303,0.15566889941692352,0.4655835032463074,0.4655835032463074,0.0257976744186046,0.8788604473772906,0.5324025557364093,1.1046511627906976,0.0
5899,SEG_A,SEG_C,0.24565203487873077,0.28880250453948975,0.4655454158782959,0.4655454158782959,0.0194442738749025,0.5778564206268959,0.3179632630024007,0.9418604651162792,0.0118720930232558
2881,SEG_B,SEG_C,0.26914456486701965,0.26550358533859253,0.4653518795967102,0.4653518795967102,0.0541093023255814,1.2190144217976693,0.9111487683362196,1.7325581395348837,0.0024372093023255
13509,SEG_A,SEG_B,0.4476153552532196,0.4653376340866089,0.08704700320959091,0.4653376340866089,0.0176697674418604,0.0673904173983999,-0.1062206267450531,0.0,0.0
13624,SEG_A,SEG_C,0.3284095525741577,0.20628289878368378,0.4653075933456421,0.4653075933456421,0.0170674418604651,2.596784528350968,1.884171370826933,3.604651162790698,0.0813795272892033
3093,SEG_C,SEG_B,0.34095147252082825,0.4652171730995178,0.1938313990831375,0.4652171730995178,0.039460465116279,0.5272382168768738,0.440186560149631,0.5348837209302325,0.021460465116279
9620,SEG_A,SEG_C,0.41736751794815063,0.11753446608781815,0.4650980532169342,0.4650980532169342,0.0,0.4967715040888368,0.1851663978634479,0.7093023255813954,0.0097488372093023
5527,SEG_C,SEG_B,0.20215271413326263,0.4650448262691498,0.3328024446964264,0.4650448262691498,0.0947024134097862,1.0389814272790168,0.6244800687778298,0.9767441860465116,0.0481162790697674
8549,SEG_B,SEG_C,0.10523004829883575,0.4297288656234741,0.4650411307811737,0.4650411307811737,0.0848651162790697,0.9494350132155466,0.6000515223650907,0.9767441860465116,0.0532
4967,SEG_A,SEG_B,0.31456291675567627,0.46499133110046387,0.22044575214385986,0.46499133110046387,0.0832418604651162,0.6175119294697816,0.3508340332126815,0.4651162790697674,0.0
7004,SEG_A,SEG_C,0.17009742558002472,0.36491623520851135,0.4649863839149475,0.4649863839149475,0.0816441860465116,1.6045453358297257,1.1887169082183189,1.627906976744186,0.133006976744186
11901,SEG_B,SEG_A,0.4649331867694855,0.360434353351593,0.1746324598789215,0.4649331867694855,0.0309162790697674,0.2144111542759832,-0.0751911971281411,0.5116279069767442,0.0
19882,SEG_B,SEG_A,0.46480751037597656,0.3337874710559845,0.20140498876571655,0.46480751037597656,0.0382418604651162,0.9125113086051834,0.634051231835923,0.8953488372093024,0.0286813953488372
9777,SEG_C,SEG_A,0.464697003364563,0.16452394425868988,0.37077903747558594,0.464697003364563,0.0,0.9671296542671138,0.6607337956253205,1.2325581395348837,0.0190581395348837
3862,SEG_B,SEG_A,0.46458083391189575,0.18917325139045715,0.3462458848953247,0.46458083391189575,0.0197813953488372,0.4532311567594416,0.206524485867392,0.4767441860465116,0.0144976744186046
1129,SEG_A,SEG_C,0.38678064942359924,0.1487564891576767,0.46446290612220764,0.46446290612220764,0.0129325581395348,0.7111826583648201,0.231097683337421,1.197674418604651,0.0292860465116279
7212,SEG_A,SEG_B,0.07164420932531357,0.4644494354724884,0.46390631794929504,0.4644494354724884,0.1234107725156472,3.1023463082230545,2.416669204156193,3.0932830793078963,0.0683891346292924
2204,SEG_A,SEG_C,0.4445732533931732,0.09099741280078888,0.4644292891025543,0.4644292891025543,0.0,0.0869210437620846,-0.0940421067235489,0.1162790697674418,0.0
8535,SEG_C,SEG_A,0.46426060795783997,0.15401135385036469,0.38172808289527893,0.46426060795783997,0.0127186046511627,0.402604083515158,0.1729284190654566,0.4651162790697674,0.0407465116279069
1953,SEG_B,SEG_C,0.17456334829330444,0.3612205386161804,0.46421611309051514,0.46421611309051514,0.0563593462397768,0.9800702463945506,0.5698539197192918,2.127906976744186,0.0218093023255813
6098,SEG_B,SEG_C,0.1026407927274704,0.43316832184791565,0.46419090032577515,0.46419090032577515,0.0802651162790697,0.8460699270927573,0.4924906843629571,0.7790697674418605,0.0312441860465116
1995,SEG_A,SEG_C,0.11218137294054031,0.42365947365760803,0.46415913105010986,0.46415913105010986,0.0264395348837209,1.7468380252957978,1.352326696247408,5.247044104944999,0.0769837209302325
14448,SEG_B,SEG_A,0.46406856179237366,0.43470144271850586,0.10123001784086227,0.46406856179237366,0.0586256692237397,1.1218313731751015,0.6521743138843963,1.337209302325581,0.0406863515261355
4652,SEG_B,SEG_A,0.4640650451183319,0.4630606770515442,0.07287422567605972,0.4640650451183319,0.0563546950769861,0.7935004346052189,0.580170483010386,0.7674418604651163,0.0403720930232558
13074,SEG_B,SEG_C,0.10415276885032654,0.43188950419425964,0.4639577269554138,0.4639577269554138,0.0718813953488372,1.6618771397654906,1.1519834456856466,1.825581395348837,0.0649255813953488
16166,SEG_A,SEG_C,0.33288294076919556,0.20316612720489502,0.46395090222358704,0.46395090222358704,0.0323023255813953,2.625334823408369,2.0102064706013514,2.941860465116279,0.050053488372093
1257,SEG_C,SEG_B,0.16055864095687866,0.46392807364463806,0.37551334500312805,0.46392807364463806,0.1020968190272751,0.6764763273198163,0.3643235153154215,0.3720930232558139,0.0554883720930232
15301,SEG_A,SEG_B,0.45863017439842224,0.46383777260780334,0.07753203064203262,0.46383777260780334,0.0608232558139534,0.6880510173309918,0.3131929115228631,0.7209302325581395,0.0084697674418604
4369,SEG_A,SEG_B,0.34060367941856384,0.4638197720050812,0.19557660818099976,0.4638197720050812,0.0648594340681677,2.567656502226243,1.9885080781246904,2.697674418604651,0.0155162790697674
1345,SEG_B,SEG_A,0.46375128626823425,0.12564437091350555,0.410604327917099,0.46375128626823425,0.0,0.7418799780036544,0.3689689600412247,1.1046511627906976,0.0073116279069767
11527,SEG_C,SEG_B,0.17064985632896423,0.4636755883693695,0.36567458510398865,0.4636755883693695,0.0996511627906976,1.691465772621645,1.258406725737944,2.1744186046511627,0.0472283644985056
10712,SEG_B,SEG_A,0.4636736214160919,0.4336298704147339,0.10269656032323837,0.4636736214160919,0.0545966433704933,0.3803593919074735,0.7536725971468481,0.4069767441860465,0.0
11180,SEG_A,SEG_B,0.27832192182540894,0.4636012613773346,0.2580767869949341,0.4636012613773346,0.0324140413167629,0.9961329005020136,0.6005306097152713,1.1744186046511629,0.0728234083212073
15755,SEG_B,SEG_A,0.4635937809944153,0.3725311756134033,0.16387508809566498,0.4635937809944153,0.0660651162790697,0.8739290085679315,0.4592595383219086,0.7558139534883721,0.0024372093023255
5572,SEG_A,SEG_C,0.4279949963092804,0.10848459601402283,0.4635204076766968,0.4635204076766968,0.0,1.3019353236478457,0.9486505335186464,1.5348837209302326,0.0
15516,SEG_B,SEG_C,0.0947457104921341,0.4417349100112915,0.4635193943977356,0.4635193943977356,0.1257187803079446,2.0385645610487293,1.5521937329352944,1.9186046511627908,0.0847770492005541
8054,SEG_A,SEG_B,0.38410282135009766,0.46351540088653564,0.1523817777633667,0.46351540088653564,0.0351465116279069,0.4969400244798042,0.1310644855205491,0.6395348837209303,0.0
2196,SEG_A,SEG_C,0.4123876988887787,0.12411995232105255,0.4634923040866852,0.4634923040866852,0.0,1.2271034005641,0.7648919460609799,1.837209302325581,0.0120627906976744
2759,SEG_A,SEG_C,0.4510524570941925,0.08545969426631927,0.4634878933429718,0.4634878933429718,0.0,1.8807053021836693,1.3900266573514586,2.581395348837209,0.0459325581395348
2243,SEG_B,SEG_A,0.46341246366500854,0.34305545687675476,0.1935320645570755,0.46341246366500854,0.0640302325581395,0.7026768133681018,0.3746453264460725,0.7558139534883721,0.0
5118,SEG_A,SEG_B,0.3563370108604431,0.4634022116661072,0.18026071786880493,0.4634022116661072,0.0414465116279069,0.6959359977294095,0.4168179725783153,0.627906976744186,0.0144976744186046
11838,SEG_B,SEG_A,0.4632808566093445,0.22062700986862183,0.3160920739173889,0.4632808566093445,0.0022953488372093,0.7927642665815195,0.3954640385887458,0.9651162790697676,0.0143093023255813
3330,SEG_B,SEG_A,0.46324238181114197,0.23288974165916443,0.30386781692504883,0.46324238181114197,0.0387511627906976,0.7990083905415714,0.4265120490733101,1.1046511627906976,0.0
4629,SEG_A,SEG_C,0.4001677632331848,0.13661420345306396,0.4632180333137512,0.4632180333137512,0.0188488372093023,0.5021730260940521,0.1567165095111423,0.9534883720930232,0.0
13787,SEG_B,SEG_C,0.0873902291059494,0.44945719838142395,0.46315255761146545,0.46315255761146545,0.0612988811234977,2.276844131352405,1.6598355866047554,3.104651162790698,0.1076562714752498
16600,SEG_B,SEG_A,0.46312621235847473,0.2894865572452545,0.24738721549510956,0.46312621235847473,0.0305302325581395,1.39126000035478,0.878904769337109,1.3837209302325582,0.0
4199,SEG_C,SEG_B,0.1305474191904068,0.4630587697029114,0.406393826007843,0.4630587697029114,0.0803674418604651,2.200787611090416,1.7401069405645913,3.2209302325581395,0.0115348837209302
2177,SEG_B,SEG_C,0.2131904661655426,0.3237852454185486,0.4630243182182312,0.4630243182182312,0.1101047389911816,0.6444397140475051,0.3005672492090352,1.6162790697674418,0.0
9456,SEG_C,SEG_A,0.4630086421966553,0.22258569300174713,0.3144056499004364,0.4630086421966553,0.0392186046511627,0.5117166019193586,0.3770671215263067,0.8255813953488372,0.0
9395,SEG_A,SEG_B,0.2747403085231781,0.4629811942577362,0.26227855682373047,0.4629811942577362,0.109953488372093,0.6761392865378817,0.297224271408008,0.3953488372093023,0.0650511627906976
6053,SEG_C,SEG_A,0.4628717601299286,0.28576838970184326,0.25135987997055054,0.4628717601299286,0.0283023255813953,0.3982846398098381,0.1156151134300033,1.2674418604651163,0.0433674418604651
1262,SEG_C,SEG_A,0.46279075741767883,0.11015225201845169,0.42705702781677246,0.46279075741767883,0.0,0.4682738190268391,0.1326382850106901,1.0348837209302326,0.0024372093023255
10340,SEG_C,SEG_A,0.462787389755249,0.23340047895908356,0.3038122057914734,0.462787389755249,0.0217837209302325,0.8359764426232417,0.4555012994220112,1.244186046511628,0.0458162790697674
5765,SEG_C,SEG_A,0.46243974566459656,0.10425827652215958,0.43330201506614685,0.46243974566459656,0.0109395348837209,1.527326911819488,1.0797969537508052,1.662790697674419,0.0094790697674418
4990,SEG_A,SEG_C,0.2604113221168518,0.2771719992160797,0.46241670846939087,0.46241670846939087,0.0517093023255813,0.9446188778315862,0.4808436935489544,1.186046511627907,0.0263697674418604
8516,SEG_C,SEG_B,0.14797861874103546,0.46236109733581543,0.3896602690219879,0.46236109733581543,0.1094408294170049,1.601192060028737,1.6841072060786486,1.3953488372093024,0.051053488372093
7956,SEG_B,SEG_C,0.17652010917663574,0.36119338870048523,0.46228647232055664,0.46228647232055664,0.0509279069767441,1.143260071310734,0.7029211013961383,1.0116279069767442,0.0411813953488372
10548,SEG_A,SEG_B,0.23267577588558197,0.4622587561607361,0.305065393447876,0.4622587561607361,0.0795023255813953,1.2705816614336651,0.9703860085222163,1.255813953488372,0.0376860465116279
8855,SEG_A,SEG_B,0.35830044746398926,0.46216556429862976,0.17953400313854218,0.46216556429862976,0.0734118035637585,0.9198375108651304,0.6028559096039828,1.337209302325581,0.0
3454,SEG_C,SEG_B,0.07662583142518997,0.4621451795101166,0.46122899651527405,0.4621451795101166,0.0819418604651162,1.2337732602487008,0.8420289178850393,2.453488372093023,0.0934238658429688
9716,SEG_A,SEG_B,0.4312352240085602,0.4619596004486084,0.10680513083934784,0.4619596004486084,0.070460465116279,0.4105334113848828,0.0728952212485847,0.1162790697674418,0.0
14928,SEG_B,SEG_A,0.4618609547615051,0.351904034614563,0.1862349510192871,0.4618609547615051,0.0504523694955908,0.497463324641229,0.2500845546432994,0.4534883720930232,0.0047488372093023
3364,SEG_B,SEG_C,0.35927268862724304,0.1788833886384964,0.46184393763542175,0.46184393763542175,0.023206976744186,0.5558157273872244,0.2281087981036983,0.4767441860465116,0.0655675943677189
1692,SEG_B,SEG_A,0.46184155344963074,0.12812373042106628,0.4100346863269806,0.46184155344963074,0.0063581395348837,0.9979866248026538,0.6616672151603276,1.988372093023256,0.1038722455305096
4408,SEG_C,SEG_B,0.08946463465690613,0.4618031084537506,0.44873228669166565,0.4618031084537506,0.2062445373600752,3.0159390881579684,2.630170284322494,5.093542902801839,0.0336813953488372
10809,SEG_A,SEG_B,0.1761145144701004,0.46170493960380554,0.36218059062957764,0.46170493960380554,0.0805768320144374,3.337149036776246,2.8261581721545777,3.0232558139534884,0.0359302325581395
12624,SEG_C,SEG_B,0.09163829684257507,0.46167728304862976,0.4466843903064728,0.46167728304862976,0.1262629663544562,3.3909146970487494,2.7765660895643456,3.976744186046512,0.2135908122090845
7764,SEG_B,SEG_C,0.1683846116065979,0.37013986706733704,0.46147552132606506,0.46147552132606506,0.0419186046511627,1.196902772603906,0.759909176718916,1.6744186046511629,0.0169976744186046
12976,SEG_B,SEG_A,0.46134984493255615,0.10777260363101959,0.43087759613990784,0.46134984493255615,0.0,1.1645291185496605,0.7029402771138953,2.197674418604651,0.0457606176235329
9964,SEG_B,SEG_C,0.09152290970087051,0.44720521569252014,0.46127191185951233,0.46127191185951233,0.0798651162790697,2.642577120252604,2.085773001256067,3.569767441860465,0.0219348837209302
2474,SEG_B,SEG_C,0.12410169839859009,0.4146605432033539,0.4612377882003784,0.4612377882003784,0.1095908733312003,2.25804967301242,1.860928940118613,1.802325581395349,0.0383674418604651
15404,SEG_A,SEG_B,0.07768107950687408,0.46120116114616394,0.46111780405044556,0.46120116114616394,0.2272913124731549,3.3479144099871863,2.5714963054331323,3.023515637447431,0.1360709874998911
14653,SEG_A,SEG_B,0.19438228011131287,0.46116161346435547,0.34445610642433167,0.46116161346435547,0.0731234314707352,0.5698827452858638,0.1939390916262322,0.7674418604651163,0.0230325581395348
6754,SEG_A,SEG_C,0.4465940594673157,0.09226904809474945,0.4611368775367737,0.4611368775367737,0.0,0.5010288613343268,0.1280958822319833,0.7093023255813954,0.0047488372093023
6422,SEG_C,SEG_A,0.4610852003097534,0.2228357195854187,0.31607910990715027,0.4610852003097534,0.0193232558139534,0.8862309971085449,0.4729666956528202,1.3604651162790695,0.0023744186046511
14008,SEG_A,SEG_C,0.3560214936733246,0.18297173082828522,0.461006760597229,0.461006760597229,0.0126930232558139,1.2676813368101751,1.0391641334750434,2.372093023255814,0.0218372093023255
14782,SEG_A,SEG_B,0.3033088743686676,0.46097123622894287,0.23571991920471191,0.46097123622894287,0.1047652041074606,2.116642719032161,1.5873635469180585,2.581395348837209,0.0120837209302325
9752,SEG_A,SEG_B,0.356155127286911,0.46078360080718994,0.18306131660938263,0.46078360080718994,0.0869116279069767,0.7752026679438738,0.3769215713963645,0.7441860465116279,0.0439930232558139
7061,SEG_A,SEG_C,0.21794341504573822,0.32134810090065,0.46070849895477295,0.46070849895477295,0.0626791575958327,1.5740336686002163,1.1908534054804938,1.4767441860465116,0.0144976744186046
873,SEG_B,SEG_A,0.4606984853744507,0.40719908475875854,0.13210242986679077,0.4606984853744507,0.0756767441860465,1.256780728362869,0.7885063707601556,1.848837209302325,0.013813953488372
7945,SEG_B,SEG_A,0.46066543459892273,0.347191721200943,0.19214285910129547,0.46066543459892273,0.0346790697674418,1.271087222606567,0.9606413867768636,1.1744186046511629,0.0168116279069767
3868,SEG_A,SEG_C,0.19493407011032104,0.34442511200904846,0.4606407880783081,0.4606407880783081,0.0758627906976744,1.1937629716353575,0.8323968576036627,1.848837209302325,0.0119627906976744
12070,SEG_C,SEG_B,0.12520167231559753,0.460592657327652,0.4142057001590729,0.460592657327652,0.1236246381756284,2.0334847687175857,1.488973412109618,1.802325581395349,0.0209906976744186
7104,SEG_A,SEG_C,0.3724415898323059,0.16697907447814941,0.4605792760848999,0.4605792760848999,0.0151697674418604,1.635933869050787,1.534291610614383,1.6744186046511629,0.0024372093023255
5480,SEG_B,SEG_A,0.46042320132255554,0.39617204666137695,0.1434047818183899,0.46042320132255554,0.0601129224402607,0.3911890444006883,0.0805939035336469,0.313953488372093,0.0
6329,SEG_B,SEG_C,0.1390124261379242,0.4005673825740814,0.4604202210903168,0.4604202210903168,0.1068325581395348,2.4564064357050364,1.850471706293464,2.302325581395349,0.0332441860465116
9139,SEG_B,SEG_C,0.4336801767349243,0.10592715442180634,0.46039262413978577,0.46039262413978577,0.0,1.9120678338921115,1.3668340183479877,3.570027265354408,0.0192465116279069
8412,SEG_C,SEG_A,0.4601372182369232,0.2779434621334076,0.2619193196296692,0.4601372182369232,0.0908813953488372,0.8318432582974119,0.4323230323294714,0.8953488372093024,0.0118860465116279
8300,SEG_B,SEG_C,0.08199982345104218,0.4580053985118866,0.45999476313591003,0.45999476313591003,0.1231966433704933,1.5946020257924896,1.8544591317319463,1.7093023255813953,0.0168720930232558
3063,SEG_A,SEG_B,0.34404227137565613,0.45993906259536743,0.19601863622665405,0.45993906259536743,0.0772720930232558,0.4266581519521757,0.2083435528105419,0.1046511627906976,0.0
5669,SEG_A,SEG_B,0.2725173234939575,0.4598463773727417,0.2676362693309784,0.4598463773727417,0.1143164547265492,0.6331665868412184,0.2752659747768184,0.5,0.0
9414,SEG_B,SEG_C,0.12420523911714554,0.4160710573196411,0.45972371101379395,0.45972371101379395,0.1111117157353676,1.6348340517623683,1.1352272666791512,1.5232558139534884,0.0458046511627907
7224,SEG_B,SEG_A,0.4596538245677948,0.27568086981773376,0.26466530561447144,0.4596538245677948,0.0368651162790697,0.4347560002128678,0.0370105596502671,0.2790697674418604,0.0184186046511627
15382,SEG_A,SEG_C,0.10848664492368698,0.4318712651729584,0.45964205265045166,0.45964205265045166,0.0712953488372093,1.0317527894559453,0.7189664379303612,1.4069767441860466,0.1108123904432459
7921,SEG_A,SEG_C,0.3347887694835663,0.20558127760887146,0.45962995290756226,0.45962995290756226,0.0235663229839628,1.1755538999166268,0.6772828570952306,1.662790697674419,0.016613953488372
3750,SEG_B,SEG_A,0.45958608388900757,0.251592218875885,0.2888216972351074,0.45958608388900757,0.0,0.0582016213435509,-0.2568594369749357,0.2906976744186046,0.0094976744186046
10495,SEG_B,SEG_A,0.4595732092857361,0.18000435829162598,0.3604224920272827,0.4595732092857361,0.0284093023255813,0.8871090770404273,0.4553507943940283,1.1511627906976745,0.0
9568,SEG_C,SEG_B,0.3614421784877777,0.45951181650161743,0.17904604971408844,0.45951181650161743,0.109421018060949,1.4647969772763558,0.8977557883505684,1.5930232558139534,0.0205906976744186
1493,SEG_C,SEG_A,0.45943063497543335,0.12395748496055603,0.41661182045936584,0.45943063497543335,0.0,0.8224238553917657,0.4701925721123474,1.3488372093023255,0.0239953488372093
523,SEG_A,SEG_C,0.36442315578460693,0.17619259655475616,0.4593842327594757,0.4593842327594757,0.004553488372093,1.561873591967786,1.1625243719047371,2.36046511627907,0.0121232558139534
7915,SEG_A,SEG_B,0.44526901841163635,0.45928141474723816,0.0954495295882225,0.45928141474723816,0.0499325581395348,0.719315984602558,0.4983030125498615,1.069767441860465,0.0
2798,SEG_A,SEG_C,0.4326761066913605,0.10809517651796341,0.4592287242412567,0.4592287242412567,0.0,1.4221081013960586,1.0148095708810552,2.0930232558139537,0.0048744186046511
6039,SEG_A,SEG_C,0.4437393248081207,0.09705351293087006,0.4592072069644928,0.4592072069644928,0.0,1.242722579958491,0.7076981773407559,1.5465116279069768,0.0024372093023255
7613,SEG_A,SEG_C,0.16429774463176727,0.3765990436077118,0.45910319685935974,0.45910319685935974,0.0127418604651162,0.4631738598265127,0.910529285696184,0.4883720930232558,0.0727559664607422
1827,SEG_C,SEG_B,0.1301192343235016,0.4590473771095276,0.41083332896232605,0.4590473771095276,0.081260465116279,1.7738722438046586,1.2531228651066908,2.441860465116279,0.0235443385537654
19283,SEG_A,SEG_B,0.23424609005451202,0.45893824100494385,0.30681565403938293,0.45893824100494385,0.1277453927514047,0.8243928831178046,0.4285353678018497,0.4767441860465116,0.0282910026889262
12914,SEG_A,SEG_B,0.32533496618270874,0.4588136672973633,0.21585136651992798,0.4588136672973633,0.0712315270914235,1.1776737090451102,0.7568319104410306,1.186046511627907,0.0108767441860465
5805,SEG_A,SEG_B,0.3739418089389801,0.458782821893692,0.16727538406848907,0.458782821893692,0.0414651162790697,0.9183385663349476,0.5050967319969973,0.8488372093023255,0.0046046511627906
10466,SEG_A,SEG_C,0.24944062530994415,0.29182741045951843,0.4587319493293762,0.4587319493293762,0.0737361782542142,1.1424263388501588,0.6328114318474288,1.127906976744186,0.0193720930232558
18,SEG_A,SEG_B,0.16151830554008484,0.4586695432662964,0.37981218099594116,0.4586695432662964,0.0516883720930232,1.515255530129672,1.064248304805508,1.5116279069767442,0.0531790697674418
7000,SEG_C,SEG_B,0.16189052164554596,0.4585872292518616,0.3795222342014313,0.4585872292518616,0.084506976744186,1.4341972220743977,1.026142610160498,1.755813953488372,0.050553488372093
12685,SEG_C,SEG_B,0.258517324924469,0.45854172110557556,0.28294098377227783,0.45854172110557556,0.0608093023255813,1.453107590809947,1.2049835688267465,2.1981940655925367,0.0094976744186046
3970,SEG_A,SEG_C,0.44573500752449036,0.09574157744646072,0.45852336287498474,0.45852336287498474,0.0,0.9814184095222892,0.6535535290022569,1.825581395348837,0.0
3261,SEG_A,SEG_C,0.44049251079559326,0.10113079845905304,0.4583767354488373,0.4583767354488373,0.0,0.4173629219661895,0.0918644290347114,0.7441860465116279,0.0048744186046511
168,SEG_B,SEG_C,0.4400503933429718,0.10163997113704681,0.45830968022346497,0.45830968022346497,0.0,0.4202987245667253,0.0946075844624307,0.6744186046511628,0.0
12077,SEG_B,SEG_A,0.45822250843048096,0.23201823234558105,0.3097592890262604,0.45822250843048096,0.0301860465116279,0.8268586025224842,0.3741530221161873,1.0813953488372092,0.0314418604651162
7131,SEG_A,SEG_C,0.3950921297073364,0.14673995971679688,0.4581679105758667,0.4581679105758667,0.0,0.4859241126070991,0.1453098173872326,1.3604651162790695,0.0
8040,SEG_C,SEG_B,0.1446181982755661,0.45816749334335327,0.39721429347991943,0.45816749334335327,0.0934862221684097,2.134736487325493,1.7482138060382966,3.197674418604651,0.0023744186046511
5648,SEG_B,SEG_C,0.1452929675579071,0.39656123518943787,0.4581458270549774,0.4581458270549774,0.0983744186046511,1.3814946871729374,0.8884196435083581,1.697674418604651,0.0339372093023255
10675,SEG_C,SEG_A,0.45802196860313416,0.1867627203464508,0.3552153408527374,0.45802196860313416,0.0,0.7537473613254573,0.4453016418054657,0.9069767441860463,0.0338697674418604
10759,SEG_A,SEG_B,0.41557326912879944,0.4579845070838928,0.12644219398498535,0.4579845070838928,0.0394279069767441,0.310565341564224,0.2978023788465493,0.2674418604651162,0.0
3857,SEG_C,SEG_B,0.09596199542284012,0.45797109603881836,0.44606685638427734,0.45797109603881836,0.0828465116279069,1.93384244230394,1.4092314258775718,2.011627906976744,0.1216891346292924
8010,SEG_B,SEG_C,0.37677648663520813,0.16525833308696747,0.45796525478363037,0.45796525478363037,0.0361790697674418,1.4665797456229048,1.0869157246166767,2.069767441860465,0.0121860465116279
11888,SEG_B,SEG_A,0.4579585790634155,0.31545522809028625,0.2265862226486206,0.4579585790634155,0.0460279069767441,1.1772745818033457,0.6840527845288263,1.058139534883721,0.0
820,SEG_B,SEG_A,0.4578652083873749,0.22938880324363708,0.31274595856666565,0.4578652083873749,0.0330558139534883,0.9322459333368812,0.5438458927611417,0.8837209302325582,0.0436279069767441
5165,SEG_C,SEG_B,0.13893941044807434,0.4578513503074646,0.40320923924446106,0.4578513503074646,0.1135256692237397,1.233498305926596,0.7981088301346432,1.127906976744186,0.0182767441860465
7691,SEG_B,SEG_C,0.16203446686267853,0.3801397383213043,0.45782577991485596,0.45782577991485596,0.0757593462397768,0.9578965107409576,0.6074503821979829,0.9534883720930232,0.0267465116279069
1644,SEG_B,SEG_C,0.157182976603508,0.38501590490341187,0.45780110359191895,0.45780110359191895,0.1187410050737867,1.1006864988558354,0.7105705516670311,0.9069767441860463,0.0048744186046511
8001,SEG_B,SEG_C,0.23235122859477997,0.3100060224533081,0.45764273405075073,0.45764273405075073,0.0518953488372093,0.8292711049615952,0.445506650711895,1.0,0.0314976744186046
6926,SEG_A,SEG_C,0.16811686754226685,0.37437331676483154,0.45750975608825684,0.45750975608825684,0.0622418604651162,1.3789314033313822,0.881104284931735,3.697934242098594,0.0231979794331123
7943,SEG_C,SEG_B,0.1429695188999176,0.457465797662735,0.399564653635025,0.457465797662735,0.0956697674418604,1.6141769996274813,1.1266571037134483,1.6511627906976745,0.0097488372093023
13889,SEG_A,SEG_C,0.40426212549209595,0.13833008706569672,0.4574078321456909,0.4574078321456909,0.0129,1.4286005711954306,0.8753985596111397,2.2209302325581395,0.0
4193,SEG_A,SEG_C,0.3815988004207611,0.16121825575828552,0.45718297362327576,0.45718297362327576,0.0090279069767441,0.5970056587373389,0.2095438768608738,0.686046511627907,0.052513953488372
14717,SEG_A,SEG_B,0.29518842697143555,0.45717090368270874,0.24764065444469452,0.45717090368270874,0.0513697674418604,1.823754279530981,1.2567169836562688,2.0232558139534884,0.0435209302325581
4800,SEG_A,SEG_C,0.379201740026474,0.16373547911643982,0.45706281065940857,0.45706281065940857,0.0,2.2946623383534672,2.0397155689651174,3.0930232558139537,0.0892077392804552
947,SEG_B,SEG_C,0.11364726722240448,0.429350346326828,0.4570024013519287,0.4570024013519287,0.0374046511627907,1.0696964859063738,0.6162858827522476,1.5116279069767442,0.0821558139534883
7742,SEG_C,SEG_A,0.45699387788772583,0.2219388782978058,0.3210672438144684,0.45699387788772583,0.008853488372093,0.6227360615897682,0.2889640794666547,0.8488372093023255,0.0073116279069767
7331,SEG_A,SEG_C,0.3057006299495697,0.23741886019706726,0.45688048005104065,0.45688048005104065,0.0172976744186046,1.587169389601405,1.2155151483620346,1.802325581395349,0.0432418604651162
9740,SEG_A,SEG_B,0.33340632915496826,0.45674148201942444,0.2098521888256073,0.45674148201942444,0.0701186046511627,0.961293527043088,0.6476014577310035,1.0,0.0361186046511627
3825,SEG_C,SEG_B,0.31844720244407654,0.4565989077091217,0.2249538153409958,0.4565989077091217,0.1089721808516467,0.7915314068791798,0.4336343518206581,1.313953488372093,0.0215581395348837
7418,SEG_A,SEG_C,0.38215336203575134,0.1613331288099289,0.4565134346485138,0.4565134346485138,0.0324348837209302,1.4504904830326577,0.9899886285089968,1.976744186046512,0.0011883720930232
9362,SEG_B,SEG_C,0.16393764317035675,0.3798273503780365,0.45623502135276794,0.45623502135276794,0.1152232558139534,0.7685416777535344,0.3704585262646758,0.4651162790697674,0.0
4095,SEG_A,SEG_B,0.28926363587379456,0.4561135172843933,0.25462284684181213,0.4561135172843933,0.0762884599214141,0.6964238199137885,0.324955862862177,0.686046511627907,0.0218720930232558
1851,SEG_C,SEG_B,0.20460054278373718,0.45600879192352295,0.3393906354904175,0.45600879192352295,0.0523116279069767,1.0858833129334966,0.687671098822964,1.0930232558139534,0.0239953488372093
14450,SEG_B,SEG_C,0.1365467607975006,0.4075187146663666,0.45593446493148804,0.45593446493148804,0.0487790697674418,2.806707718530664,2.244302639152255,4.628426623732072,0.1439145635173874
14887,SEG_A,SEG_B,0.22041592001914978,0.45587170124053955,0.32371243834495544,0.45587170124053955,0.0749152480216561,3.380376152013881,2.407444678473322,4.481161185443539,0.2189452156247005
12559,SEG_A,SEG_B,0.30054453015327454,0.4558294713497162,0.2436259388923645,0.4558294713497162,0.0456930232558139,0.5849254075532614,0.5038375685324334,0.8604651162790697,0.0073116279069767
6670,SEG_B,SEG_C,0.12532667815685272,0.41887107491493225,0.45580223202705383,0.45580223202705383,0.0919850154635165,1.803141574867401,1.2851811032608076,1.6511627906976745,0.0
12863,SEG_A,SEG_B,0.30116212368011475,0.4557793140411377,0.24305859208106995,0.4557793140411377,0.0728616718211721,1.4341528746030905,0.957618906459465,1.569767441860465,0.0241627906976744
9597,SEG_A,SEG_B,0.3269082307815552,0.4557112455368042,0.21738047897815704,0.4557112455368042,0.0842780387193305,1.998811487768968,1.5155940282635512,2.116279069767442,0.0073116279069767
7705,SEG_B,SEG_A,0.4557030498981476,0.36097782850265503,0.183319091796875,0.4557030498981476,0.0497907855028095,2.121450591892025,1.7026126596404143,2.2674418604651163,0.0168720930232558
11945,SEG_C,SEG_A,0.45553600788116455,0.25908443331718445,0.285379558801651,0.45553600788116455,0.0323488372093023,1.1151969914675466,0.7103205571287357,1.627906976744186,0.0171209302325581
10067,SEG_A,SEG_B,0.24482353031635284,0.4552333652973175,0.29994311928749084,0.4552333652973175,0.0480465116279069,1.2932343497773755,1.0131589704712851,1.8604651162790693,0.0156860465116279
3812,SEG_C,SEG_B,0.235044926404953,0.4552135467529297,0.30974146723747253,0.4552135467529297,0.0635953488372093,0.4805846770617139,0.2335321400426804,0.4767441860465116,0.0
9073,SEG_B,SEG_C,0.1452924907207489,0.3995206952095032,0.4551868140697479,0.4551868140697479,0.1194686485653582,0.9576126869245916,0.6137053216119671,0.6627906976744186,0.0241837209302325
2717,SEG_A,SEG_C,0.2822777330875397,0.2627025842666626,0.4550197124481201,0.4550197124481201,0.039053488372093,1.212078477285225,0.7715606194613531,3.558399358377664,0.0193093023255813
1528,SEG_B,SEG_A,0.45493635535240173,0.1372373104095459,0.40782636404037476,0.45493635535240173,0.0083627906976744,1.342043176698065,0.9244145531645614,1.872093023255814,0.0405162790697674
7584,SEG_C,SEG_A,0.45489922165870667,0.40010976791381836,0.14499099552631378,0.45489922165870667,0.0495349715493211,0.6296010501481206,0.2195552717428407,0.6162790697674418,0.0046837209302325
5635,SEG_A,SEG_C,0.2704768478870392,0.27464643120765686,0.45487672090530396,0.45487672090530396,0.0490511627906976,0.731325279832544,0.4214831116113,0.8953488372093024,0.048053488372093
2225,SEG_A,SEG_C,0.13603347539901733,0.409143328666687,0.45482319593429565,0.45482319593429565,0.0526372093023255,0.9699146754652048,0.6340950250346223,1.162790697674419,0.0553651162790697
15385,SEG_A,SEG_B,0.3875926733016968,0.45480111241340637,0.15760624408721924,0.45480111241340637,0.037427994805135,1.1298760044702252,0.683204011446031,1.744186046511628,0.0194976744186046
4246,SEG_C,SEG_A,0.45479097962379456,0.30917295813560486,0.23603606224060059,0.45479097962379456,0.0487999999999999,0.8430099515725614,0.4287977280543336,1.2325581395348837,0.0047488372093023
7420,SEG_A,SEG_C,0.2079816609621048,0.33727508783340454,0.45474329590797424,0.45474329590797424,0.0795523694955907,3.1829782735836147,2.6428674164149344,3.4651162790697674,0.0276906976744186
18179,SEG_A,SEG_B,0.30696597695350647,0.454723984003067,0.2383100837469101,0.454723984003067,0.1095454805797956,0.9935341386834124,0.5584899357180593,1.0465116279069768,0.0291209302325581
2354,SEG_C,SEG_A,0.4546205699443817,0.3828269839286804,0.16255246102809906,0.4546205699443817,0.062260465116279,0.4893477373920139,0.166444678659917,1.058139534883721,0.0
15267,SEG_A,SEG_B,0.3255407512187958,0.4544549286365509,0.2200043499469757,0.4544549286365509,0.1035140413167629,1.497117414365033,1.155432078112858,1.6511627906976745,0.0
353,SEG_A,SEG_B,0.21405434608459473,0.4543951153755188,0.33155056834220886,0.4543951153755188,0.0940395348837209,1.657965692796197,1.124678513133916,1.6046511627906976,0.0052652687863235
12404,SEG_A,SEG_B,0.3612075448036194,0.45437631011009216,0.18441610038280487,0.45437631011009216,0.0463523694955907,1.2079985099249642,0.936271661503108,1.4534883720930232,0.0
3157,SEG_A,SEG_C,0.16562260687351227,0.3800133168697357,0.45436403155326843,0.45436403155326843,0.0728174857746605,1.435687297110319,1.0899527791299102,1.3953488372093024,0.0384441860465116
4707,SEG_A,SEG_B,0.31065669655799866,0.45434391498565674,0.23499934375286102,0.45434391498565674,0.0606953488372093,0.914347293917301,0.5003963918432468,0.7441860465116279,0.0435558139534883
14137,SEG_C,SEG_B,0.3876695930957794,0.454315185546875,0.1580151915550232,0.454315185546875,0.0506348837209302,1.167864048391961,0.7392125676033902,1.5232558139534884,0.0024372093023255
3644,SEG_B,SEG_A,0.4542939066886902,0.25631511211395264,0.2893909215927124,0.4542939066886902,0.0242279069767441,1.1234899686019904,0.8989628159676544,1.4883720930232558,0.0
13475,SEG_C,SEG_B,0.23161928355693817,0.45429375767707825,0.3140869438648224,0.45429375767707825,0.039060465116279,0.9481844145246838,0.82543646458115,0.9418604651162792,0.0928883720930232
950,SEG_B,SEG_A,0.4542382061481476,0.3320798873901367,0.21368186175823212,0.4542382061481476,0.0494372093023255,0.5223156475617761,0.1201777875065921,0.4069767441860465,0.0097488372093023
1613,SEG_C,SEG_A,0.45413222908973694,0.3359668254852295,0.20990094542503357,0.45413222908973694,0.0299302325581395,0.7103134479271992,0.2958891688406281,1.0465116279069768,0.0121232558139534
7521,SEG_A,SEG_B,0.41877081990242004,0.454118549823761,0.12711061537265778,0.454118549823761,0.0481093023255813,0.8637113511787559,0.5154839025851699,0.6627906976744186,0.0
13529,SEG_A,SEG_C,0.41997280716896057,0.12599192559719086,0.4540352523326874,0.4540352523326874,0.0,0.8938587621733809,0.4927968169734987,1.244186046511628,0.0241209302325581
5032,SEG_B,SEG_A,0.45402997732162476,0.2725280523300171,0.27344194054603577,0.45402997732162476,0.0238441860465116,0.8589484327603641,0.6320833364301446,1.0930232558139534,0.0
14784,SEG_A,SEG_B,0.354207843542099,0.45398151874542236,0.19181060791015625,0.45398151874542236,0.0830488372093023,1.0149894453018289,0.5876763014659065,0.8837209302325582,0.0168162790697674
11820,SEG_A,SEG_B,0.40605321526527405,0.45397135615348816,0.13997547328472137,0.45397135615348816,0.0644151601932652,0.319248576446171,0.0455798090897009,0.0697674418604651,0.0
2192,SEG_C,SEG_A,0.4538843035697937,0.09582311660051346,0.45029255747795105,0.4538843035697937,0.0,0.5870186081989606,0.2163667714627601,1.1511627906976745,0.0505302325581395
16983,SEG_A,SEG_B,0.2573713958263397,0.4538629949092865,0.28876566886901855,0.4538629949092865,0.0642756253095442,0.8050396466393487,0.343716765403825,1.3837209302325582,0.0735353412426917
7671,SEG_A,SEG_C,0.42054834961891174,0.12562483549118042,0.45382678508758545,0.45382678508758545,0.0,1.05134550227946,0.6840750815700091,1.976744186046512,0.0097488372093023
1110,SEG_C,SEG_A,0.45381033420562744,0.20517471432685852,0.3410149812698364,0.45381033420562744,0.0,0.7503059975520195,0.3613099263949895,2.9651162790697674,0.0167162790697674
5387,SEG_A,SEG_B,0.12604084610939026,0.45377665758132935,0.4201825261116028,0.45377665758132935,0.095809565810754,1.1891419651251487,0.7912954291676417,1.1162790697674418,0.0109674418604651
2214,SEG_B,SEG_C,0.36292600631713867,0.18343369662761688,0.45364028215408325,0.45364028215408325,0.0127395348837209,0.431412200876306,0.1672990355290963,0.7441860465116279,0.0261186046511627
10560,SEG_A,SEG_C,0.38996097445487976,0.15671195089817047,0.4533270299434662,0.4533270299434662,0.0,1.0744948823018112,0.6495878743328586,1.4069767441860466,0.1597911551961801
2180,SEG_B,SEG_C,0.18001393973827362,0.36677032709121704,0.45321571826934814,0.45321571826934814,0.0766720930232558,1.373654054245827,0.8723531554029448,1.4883720930232558,0.0
3864,SEG_A,SEG_C,0.3648254871368408,0.18196293711662292,0.45321157574653625,0.45321157574653625,0.0065186046511627,0.5145814485658028,0.1543444546019853,0.8023255813953488,0.0322325581395348
3604,SEG_A,SEG_C,0.2009763866662979,0.3458176851272583,0.4532058835029602,0.4532058835029602,0.0816291136816373,3.0616163766342046,2.4345808025467583,3.0,0.0334930232558139
9556,SEG_C,SEG_B,0.27366548776626587,0.4531741142272949,0.2731604278087616,0.4531741142272949,0.0682418604651162,0.8291380625476735,0.5689139826222884,0.627906976744186,0.0
9335,SEG_C,SEG_A,0.45308658480644226,0.36359789967536926,0.1833154857158661,0.45308658480644226,0.0,0.4579940751778334,0.1769394090293106,1.755813953488372,0.0
1726,SEG_B,SEG_A,0.4530218839645386,0.4276706576347351,0.1193075031042099,0.4530218839645386,0.0391802764723349,0.2138435066432512,-0.0905101817685121,0.1976744186046511,0.0
7007,SEG_C,SEG_A,0.45291435718536377,0.4286131262779236,0.11847249418497086,0.45291435718536377,0.0797372093023255,0.7979617902187218,0.4265380622880232,0.686046511627907,0.0
14547,SEG_B,SEG_A,0.45282164216041565,0.18491974472999573,0.362258642911911,0.45282164216041565,0.0108116279069767,0.7000691820552393,0.2544841827267299,2.755813953488372,0.0263627906976744
1762,SEG_A,SEG_B,0.31438884139060974,0.45279085636138916,0.23282034695148468,0.45279085636138916,0.0879151601932652,1.2722313873662925,0.823045428290922,1.337209302325581,0.0268558139534883
13938,SEG_A,SEG_B,0.10110912472009659,0.4527021050453186,0.44618871808052063,0.4527021050453186,0.1084059456960747,1.5215617405495538,1.140758874841293,1.755813953488372,0.0740678993822266
17011,SEG_B,SEG_C,0.09818164259195328,0.44912832975387573,0.45269009470939636,0.45269009470939636,0.1246512506190885,1.279690632040161,0.8089046331261471,1.069767441860465,0.0700447960755269
310,SEG_B,SEG_C,0.39970067143440247,0.14762064814567566,0.45267871022224426,0.45267871022224426,0.0,0.8032480087985384,0.4042100529926345,0.9767441860465116,0.0263697674418604
1550,SEG_B,SEG_C,0.23573003709316254,0.3116934299468994,0.45257651805877686,0.45257651805877686,0.0310325581395348,0.82695616695936,0.5238528279034923,0.872093023255814,0.0357418604651162
13352,SEG_B,SEG_C,0.15616877377033234,0.3912854790687561,0.452545702457428,0.452545702457428,0.072006976744186,1.6495308037535703,1.0899338768856484,1.9069767441860463,0.0168720930232558
12008,SEG_B,SEG_A,0.4524673521518707,0.3025832772254944,0.2449493557214737,0.4524673521518707,0.0260790697674418,1.0132155464495416,0.6564106470849096,0.8372093023255814,0.0
2680,SEG_A,SEG_C,0.2738425135612488,0.2736969292163849,0.45246055722236633,0.45246055722236633,0.0393488372093023,1.8865857768790024,1.3104021870513387,4.955307136550624,0.0157958063589707
2920,SEG_C,SEG_A,0.4522717595100403,0.10645172744989395,0.44127652049064636,0.4522717595100403,0.0,1.8346016710127189,1.372345103693629,2.0232558139534884,0.0186046511627906
12499,SEG_C,SEG_A,0.4522218108177185,0.3555346727371216,0.19224348664283752,0.4522218108177185,0.0280488372093023,0.4093094211768045,0.0169686677022403,0.6046511627906976,0.0073116279069767
14505,SEG_B,SEG_C,0.27020570635795593,0.2776429057121277,0.4521513879299164,0.4521513879299164,0.040606976744186,1.471555531903571,0.9179375980140768,1.8953488372093024,0.0158116279069767
4612,SEG_B,SEG_C,0.17539232969284058,0.37246522307395935,0.4521424174308777,0.4521424174308777,0.0440837209302325,1.7031823745410035,1.213360387076635,3.244186046511628,0.0143255813953488
5333,SEG_C,SEG_B,0.11346106231212616,0.4520767033100128,0.43446218967437744,0.4520767033100128,0.0858930232558139,1.3482252141982864,0.8731998236056299,1.7906976744186047,0.0097488372093023
15502,SEG_A,SEG_B,0.3642393946647644,0.4517017900943756,0.18405887484550476,0.4517017900943756,0.0825860465116279,1.7971103187696238,1.1296823300162515,1.5930232558139534,0.1486435380449084
6345,SEG_A,SEG_C,0.25016120076179504,0.2981407344341278,0.45169809460639954,0.45169809460639954,0.0405651162790697,0.8649974278466642,0.4332568015032839,0.7558139534883721,0.0118720930232558
9192,SEG_A,SEG_C,0.20169050991535187,0.34665513038635254,0.4516544044017792,0.4516544044017792,0.0391593462397768,1.824880705302184,1.648370407666159,3.6630505211683615,0.0495883720930232
1246,SEG_B,SEG_A,0.4516500234603882,0.2083054482936859,0.3400444984436035,0.4516500234603882,0.0151511627906976,0.5140404094158552,0.1864856394667538,0.5116279069767442,0.0
6533,SEG_C,SEG_B,0.11969877034425735,0.4515916705131531,0.4287095069885254,0.4515916705131531,0.0952697674418604,1.2426250155216152,0.8227348064245207,1.7790697674418603,0.0286186046511627
4840,SEG_A,SEG_C,0.37168774008750916,0.17711254954338074,0.4511996805667877,0.4511996805667877,0.0235162790697674,2.849874940130914,2.1889878629772497,2.883720930232558,0.0263697674418604
7447,SEG_C,SEG_B,0.098598912358284,0.4511425197124481,0.4502585828304291,0.4511425197124481,0.1276920800360935,2.397327341399768,1.795496284352295,2.2209302325581395,0.0483
16411,SEG_B,SEG_C,0.18424370884895325,0.3646330237388611,0.4511232376098633,0.4511232376098633,0.0775325581395348,1.4935075302006282,1.1177147514747017,1.662790697674419,0.0242465116279069
6649,SEG_B,SEG_A,0.45101600885391235,0.23418393731117249,0.31480008363723755,0.45101600885391235,0.0647,0.7626966810352473,0.3416384883906743,0.5348837209302325,0.021906976744186
5244,SEG_A,SEG_B,0.11863195896148682,0.4509226679801941,0.43044543266296387,0.4509226679801941,0.0675093023255813,1.5789030209497457,1.0912382537948324,2.383720930232558,0.0165627906976744
4638,SEG_B,SEG_C,0.15700846910476685,0.39207544922828674,0.4509161114692688,0.4509161114692688,0.0499906976744186,3.185098082712099,2.5017899993022628,3.255813953488372,0.0361813953488372
2904,SEG_A,SEG_C,0.3370537757873535,0.21217933297157288,0.4507668614387512,0.4507668614387512,0.049140741588614,1.4940403068264794,0.9711634765277576,1.441860465116279,0.0072488372093023
2480,SEG_A,SEG_C,0.24516727030277252,0.3040885627269745,0.4507441818714142,0.4507441818714142,0.0995732997281489,1.2135242048498396,0.9619787697589088,0.9651162790697676,0.0109674418604651
5080,SEG_B,SEG_A,0.4507436454296112,0.19432587921619415,0.35493049025535583,0.4507436454296112,0.0269116279069767,1.3090930055168255,0.9009326858528468,1.7790697674418603,0.0
4372,SEG_C,SEG_A,0.4507283568382263,0.1248626783490181,0.42440900206565857,0.4507283568382263,0.0163511627906976,3.547648137112771,2.828389089837898,4.314213311866036,0.0499164315770212
7811,SEG_A,SEG_C,0.4396445155143738,0.10966498404741287,0.45069050788879395,0.45069050788879395,0.0,0.6223369343480035,0.8886200431061043,1.1395348837209305,0.0105767441860465
13752,SEG_C,SEG_A,0.45067769289016724,0.21977581083774567,0.3295464813709259,0.45067769289016724,0.034613953488372,0.7858371915633371,0.4223764626664361,0.8953488372093024,0.0288697674418604
17514,SEG_A,SEG_B,0.27688539028167725,0.45066073536872864,0.27245384454727173,0.45066073536872864,0.0936919043793117,0.9392528338034164,0.4765108017464233,0.7441860465116279,0.0820488372093023
15204,SEG_A,SEG_B,0.2861286699771881,0.45058706402778625,0.263284295797348,0.45058706402778625,0.0621976744186046,1.2438756142124776,0.7423960895944663,2.0232558139534884,0.0
11549,SEG_B,SEG_C,0.14010851085186005,0.4093324840068817,0.4505590796470642,0.4505590796470642,0.1103303203865304,2.0664413815124263,1.6067611738361358,1.965116279069768,0.1920502097745868
6882,SEG_A,SEG_C,0.2718926966190338,0.27761363983154297,0.4504936635494232,0.4504936635494232,0.0093023255813953,0.5247104110123642,0.1853521831434431,1.1162790697674418,0.0491491422238099
2949,SEG_A,SEG_C,0.42542943358421326,0.12421935051679611,0.45035114884376526,0.45035114884376526,0.0,1.254031185141823,0.8333259009862726,1.6744186046511629,0.0251837209302325
6084,SEG_A,SEG_C,0.3459618389606476,0.2036951631307602,0.4503430128097534,0.4503430128097534,0.0225651162790697,1.652546431802459,1.1293216139996487,2.046511627906977,0.0180906976744186
6710,SEG_B,SEG_C,0.3907603919506073,0.1589238941669464,0.4503157138824463,0.4503157138824463,0.0063976744186046,0.847364873254927,0.4825556620858633,0.8372093023255814,0.0073116279069767
4748,SEG_A,SEG_C,0.2826243042945862,0.2670898139476776,0.4502858817577362,0.4502858817577362,0.0623837209302325,0.8410320543522609,0.4262766914163823,1.2906976744186047,0.0431162790697674
6213,SEG_A,SEG_C,0.24549809098243713,0.30430763959884644,0.4501942992210388,0.4501942992210388,0.0370348837209302,0.3965728274173807,0.0969239992964044,0.5348837209302325,0.0
14856,SEG_B,SEG_A,0.4499232769012451,0.43382835388183594,0.11624834686517715,0.4499232769012451,0.043361759649563,0.3985507246376811,0.1000015669559961,0.1976744186046511,0.0210418604651162
87,SEG_A,SEG_C,0.413970023393631,0.13625097274780273,0.4497790038585663,0.4497790038585663,0.0,0.9597147570645522,0.5419128631630583,1.5116279069767442,0.0105697674418604
4380,SEG_A,SEG_B,0.31224778294563293,0.4495859742164612,0.2381662130355835,0.4495859742164612,0.0850930232558139,0.6801394284497898,0.3823888122794198,0.313953488372093,0.0
9897,SEG_C,SEG_B,0.31972581148147583,0.4495163559913635,0.23075787723064423,0.4495163559913635,0.1231558139534883,0.7058609618079578,0.3762504476328926,0.3023255813953488,0.0050883720930232
8178,SEG_B,SEG_C,0.22279594838619232,0.32771533727645874,0.44948869943618774,0.44948869943618774,0.0799677053456378,1.209107196707644,0.9985105039494404,0.8023255813953488,0.0350790697674418
7292,SEG_B,SEG_C,0.1316993534564972,0.4188306927680969,0.44947001338005066,0.44947001338005066,0.1363931989125957,1.6595001153034254,1.174195681021264,2.081395348837209,0.0
15259,SEG_C,SEG_A,0.4494504928588867,0.11627233028411865,0.43427711725234985,0.4494504928588867,0.0,2.779699501534423,2.1981154451468754,3.2674418604651163,0.0345117804142305
13828,SEG_C,SEG_B,0.34092044830322266,0.449349969625473,0.2097296118736267,0.449349969625473,0.0478767441860465,1.2999840349103295,0.8448183988379705,1.6511627906976745,0.0336813953488372
10245,SEG_A,SEG_B,0.2647954821586609,0.4493410587310791,0.28586339950561523,0.4493410587310791,0.0429989689518886,1.7517162471395882,1.2156457216696204,2.755813953488372,0.1484145635173874
6726,SEG_B,SEG_C,0.2970860004425049,0.2537098526954651,0.4492042064666748,0.4492042064666748,0.0346722686800376,0.9361041633406064,0.764200784566246,1.127906976744186,0.0
4286,SEG_B,SEG_C,0.3421682119369507,0.20868313312530518,0.44914868474006653,0.44914868474006653,0.0021976744186046,1.0837102868394446,0.724944938695524,1.3488372093023255,0.0
1828,SEG_C,SEG_B,0.16881410777568817,0.4489666223526001,0.3822193145751953,0.4489666223526001,0.0856198991844468,1.2923828783282778,0.980785548080242,1.0116279069767442,0.0085
14052,SEG_A,SEG_C,0.3392861783504486,0.21185457706451416,0.44885921478271484,0.44885921478271484,0.0150046511627906,1.2141095914710944,0.7744164988194955,2.244186046511628,0.0156
7944,SEG_C,SEG_B,0.1869775950908661,0.44882330298423767,0.36419907212257385,0.44882330298423767,0.0882255813953488,1.2089564153051997,0.8508780079327919,1.3953488372093024,0.0103581395348837
4842,SEG_A,SEG_C,0.3024318814277649,0.24875131249427795,0.44881677627563477,0.44881677627563477,0.0279232558139534,0.963910027850212,0.5852762727274979,1.127906976744186,0.0290581395348837
12083,SEG_A,SEG_C,0.35605430603027344,0.19514793157577515,0.4487977921962738,0.4487977921962738,0.0343105090304745,1.3066184166178845,0.8737043058578688,1.5813953488372092,0.0
6623,SEG_B,SEG_C,0.3642522990703583,0.18701183795928955,0.44873589277267456,0.44873589277267456,0.0238245503472375,2.370993205967396,1.7804153959458011,2.372093023255814,0.0261258864098564
3505,SEG_A,SEG_C,0.34311947226524353,0.20822300016880035,0.4486575722694397,0.4486575722694397,0.054753488372093,1.855418374044312,1.2784826120240511,2.116279069767442,0.0
14396,SEG_A,SEG_B,0.43715614080429077,0.44862303137779236,0.11422083526849747,0.44862303137779236,0.0369813953488372,0.3888386284214075,0.1050277350417821,0.4186046511627907,0.0268093023255813
14773,SEG_A,SEG_B,0.33183303475379944,0.4485993981361389,0.21956759691238403,0.4485993981361389,0.0130117157353676,0.0919323080197967,-0.1858513891265951,0.0581395348837209,0.0
7167,SEG_C,SEG_A,0.4485948085784912,0.37219834327697754,0.17920692265033722,0.4485948085784912,0.0263186046511627,0.1003760665566849,0.1346629802225245,0.0,0.0
11902,SEG_C,SEG_B,0.3154955804347992,0.44851842522621155,0.23598593473434448,0.44851842522621155,0.0776686485653582,0.4789083426463023,0.1249554176131166,0.5813953488372093,0.036306976744186
6526,SEG_B,SEG_C,0.19641414284706116,0.3552084267139435,0.44837746024131775,0.44837746024131775,0.1421226639077966,1.386071953182004,0.8995151718444179,0.9883720930232558,0.0142465116279069
7237,SEG_B,SEG_A,0.4483422040939331,0.17959977686405182,0.3720579743385315,0.4483422040939331,0.0,0.0632306245897858,0.0297256720699829,3.3488372093023258,0.0
197,SEG_B,SEG_A,0.4483181834220886,0.41610196232795715,0.13557986915111542,0.4483181834220886,0.0302850154635165,0.9075621308073014,0.4919562466926222,1.1395348837209305,0.0409930232558139
13282,SEG_B,SEG_A,0.4481864869594574,0.3559414744377136,0.195871964097023,0.4481864869594574,0.0198116279069767,0.4875827080339879,0.3368005232372331,0.8255813953488372,0.0071860465116279
5331,SEG_B,SEG_C,0.24454128742218018,0.3072760999202728,0.4481825530529022,0.4481825530529022,0.0869860465116279,1.63188051017331,1.1829952192701654,1.686046511627907,0.0460418604651162
16686,SEG_A,SEG_B,0.36769649386405945,0.44803404808044434,0.18426938354969025,0.44803404808044434,0.0476976744186046,0.781065403650684,0.4188623058609011,0.627906976744186,0.0
7319,SEG_C,SEG_A,0.44801798462867737,0.2468237727880478,0.30515822768211365,0.44801798462867737,0.0633513384474794,0.8132794068082239,0.5635298913715505,0.7093023255813954,0.0
14029,SEG_A,SEG_C,0.19673039019107819,0.3554513454437256,0.4478182792663574,0.4478182792663574,0.0650023255813953,1.8343267166906143,1.014476353987826,2.127906976744186,0.0109674418604651
7060,SEG_B,SEG_C,0.16168533265590668,0.39062803983688354,0.44768667221069336,0.44768667221069336,0.0761906976744186,1.204787753002324,0.7463240850161406,1.1046511627906976,0.0382418604651162
729,SEG_A,SEG_B,0.25344735383987427,0.4476826786994934,0.29886993765830994,0.4476826786994934,0.0602221369374512,0.7822095684104092,0.3796904420531512,0.7906976744186046,0.0168720930232558
9611,SEG_C,SEG_A,0.447670578956604,0.2327347993850708,0.3195945918560028,0.447670578956604,0.0301395348837209,0.768834371064162,0.5150313025683714,0.7325581395348837,0.036713953488372
1640,SEG_A,SEG_C,0.42757448554039,0.12477973848581314,0.44764572381973267,0.44764572381973267,0.0,0.9847710783531124,0.7096095292599117,1.569767441860465,0.0407093023255813
4004,SEG_A,SEG_C,0.12959763407707214,0.4229121506214142,0.4474901854991913,0.4474901854991913,0.0795418604651162,2.373946747556454,1.8038454963692987,2.895348837209302,0.0
9120,SEG_B,SEG_C,0.2294456511735916,0.32307523488998413,0.44747909903526306,0.44747909903526306,0.0785232558139534,1.2288240824508188,0.906321458920179,1.1162790697674418,0.0
9922,SEG_C,SEG_B,0.12339100986719131,0.4474383294582367,0.4291706085205078,0.4474383294582367,0.1052186046511627,1.3539903854682207,0.9238922241515054,1.4069767441860466,0.0331651162790697
5456,SEG_B,SEG_C,0.13878285884857178,0.4139350652694702,0.447282075881958,0.447282075881958,0.1774861343400188,2.460867791318539,1.8939695408582184,3.63953488372093,0.0457651162790697
8698,SEG_A,SEG_C,0.22796232998371124,0.3248613774776459,0.4471763074398041,0.4471763074398041,0.0257883720930232,2.0104926117112805,1.88127692677404,2.4186046511627906,0.0898232558139534
1994,SEG_A,SEG_C,0.3340705335140228,0.21889320015907288,0.4470362663269043,0.4470362663269043,0.032860465116279,1.361582672556011,0.8825961683773453,1.686046511627907,0.0083744186046511
17290,SEG_A,SEG_B,0.2893398404121399,0.446982204914093,0.2636778950691223,0.446982204914093,0.0446767441860465,1.2321856207759034,0.8037603490438943,1.569767441860465,0.0621652687863236
1845,SEG_A,SEG_C,0.4076428711414337,0.14539116621017456,0.4469660222530365,0.4469660222530365,0.0063465116279069,0.9594309332481864,0.5188602000292339,1.2674418604651163,0.0324790697674418
5995,SEG_B,SEG_A,0.44686266779899597,0.12240299582481384,0.4307343065738678,0.44686266779899597,0.0,0.932990970854842,0.4745169593772684,1.302325581395349,0.0048744186046511
5902,SEG_A,SEG_B,0.398638516664505,0.44674453139305115,0.15461692214012146,0.44674453139305115,0.0509372093023255,0.4452840899011938,0.0954744860384921,0.3604651162790697,0.0
9288,SEG_C,SEG_A,0.4466973841190338,0.1889447569847107,0.3643578588962555,0.4466973841190338,0.0280209302325581,0.3876235077075906,0.2225963170242864,0.7325581395348837,0.0
2006,SEG_A,SEG_C,0.1500018686056137,0.403334379196167,0.4466637670993805,0.4466637670993805,0.0823175736030514,1.4128844343343288,1.0794470034150012,1.2325581395348837,0.0
8896,SEG_B,SEG_C,0.3136119246482849,0.23984406888484955,0.44654396176338196,0.44654396176338196,0.0451813953488372,1.5043549216823655,1.3560695023548153,2.313953488372093,0.0576465116279069
9534,SEG_A,SEG_C,0.41789108514785767,0.1355995386838913,0.4465094208717346,0.4465094208717346,0.0127,1.845440193000196,1.3189467356086064,2.6627906976744184,0.0048744186046511
6905,SEG_B,SEG_A,0.4464959502220154,0.17268556356430054,0.3808184564113617,0.4464959502220154,0.0111511627906976,0.5446756425948592,0.2308282607564642,0.6162790697674418,0.0
1952,SEG_A,SEG_C,0.43110471963882446,0.12270437926054001,0.44619086384773254,0.44619086384773254,0.0,0.5958969719546592,0.2164472885559196,1.1162790697674418,0.0243720930232558
4031,SEG_B,SEG_C,0.3651730418205261,0.1886599063873291,0.44616711139678955,0.44616711139678955,0.0109883720930232,1.2615531232456871,1.0270785601769012,1.3837209302325582,0.0023744186046511
8513,SEG_A,SEG_C,0.3417069613933563,0.21216200292110443,0.44613102078437805,0.44613102078437805,0.0278348837209302,1.25351675447466,0.8167015986978527,1.6162790697674418,0.0
564,SEG_C,SEG_A,0.446102499961853,0.20852315425872803,0.34537431597709656,0.446102499961853,0.018606976744186,1.0289855072463767,0.6678832105282791,1.1511627906976745,0.0
5879,SEG_A,SEG_C,0.2643319368362427,0.2896086573600769,0.44605937600135803,0.44605937600135803,0.0389826898821212,1.1445638869671653,0.7147412903107664,1.627906976744186,0.0134046511627906
12943,SEG_A,SEG_B,0.213881716132164,0.44601815938949585,0.34010016918182373,0.44601815938949585,0.0815932867409866,1.203022723644298,0.8285346253705295,1.127906976744186,0.0497257339026026
2388,SEG_A,SEG_C,0.4189988076686859,0.13502934575080872,0.44597187638282776,0.44597187638282776,0.0068465116279069,0.6509765313181843,0.2623692835960667,0.9069767441860463,0.0
1590,SEG_B,SEG_A,0.44580280780792236,0.4325997531414032,0.12159740924835205,0.44580280780792236,0.0749372093023255,0.5737143668068047,0.2307338752391351,1.0930232558139534,0.0
11218,SEG_C,SEG_A,0.445797860622406,0.20372959971427917,0.35047250986099243,0.445797860622406,0.0279709741467535,0.8705586007485854,0.6184576881951437,1.627906976744186,0.0676162790697674
13811,SEG_B,SEG_A,0.4457298517227173,0.33455273509025574,0.21971742808818817,0.4457298517227173,0.0668268759286328,0.860571550210207,0.4782623175169604,1.1162790697674418,0.0143813953488372
11824,SEG_A,SEG_C,0.35763588547706604,0.19672954082489014,0.4456346035003662,0.4456346035003662,0.0150023255813953,0.8552675926418676,0.439389829080792,0.7441860465116279,0.0
11205,SEG_B,SEG_A,0.4455728828907013,0.42839062213897705,0.12603646516799927,0.4455728828907013,0.0538511627906976,0.3014386319692051,0.1465844649081733,0.1976744186046511,0.0073116279069767
7119,SEG_A,SEG_C,0.27849772572517395,0.2759980261325836,0.44550424814224243,0.44550424814224243,0.0345267881002419,0.8564561048729002,0.3855632755723669,0.9767441860465116,0.0417606176235329
17047,SEG_B,SEG_A,0.4454817771911621,0.25792694091796875,0.29659131169319153,0.4454817771911621,0.0178325581395348,0.5554343391339827,0.2147267002113263,0.8023255813953488,0.0094976744186046
5694,SEG_A,SEG_C,0.18312036991119385,0.3714515268802643,0.44542813301086426,0.44542813301086426,0.0607790697674418,1.0639845316020082,0.6997702379480455,1.1162790697674418,0.0182790697674418
1654,SEG_C,SEG_B,0.3686912953853607,0.44518837332725525,0.18612030148506165,0.44518837332725525,0.0282744186046511,0.3386905078672414,-0.0190429118944805,0.3837209302325581,0.0286232558139534
7277,SEG_B,SEG_C,0.19164665043354034,0.3633544147014618,0.44499897956848145,0.44499897956848145,0.0675955244939911,0.8165345112021712,0.4899707137855273,1.2093023255813953,0.0048744186046511
4168,SEG_B,SEG_A,0.4448387324810028,0.44425639510154724,0.11090487241744995,0.4448387324810028,0.1121269637570237,1.8222553350007984,1.2297063445088088,1.6744186046511629,0.0073116279069767
8756,SEG_B,SEG_A,0.4447473883628845,0.22961048781871796,0.3256421983242035,0.4447473883628845,0.0086302325581395,0.6700459439802743,0.2502675644941916,0.7441860465116279,0.0
14721,SEG_A,SEG_C,0.28787538409233093,0.2675064206123352,0.44461819529533386,0.44461819529533386,0.060449100694475,1.6236141415216503,1.300151522396398,1.5930232558139534,0.0
11586,SEG_C,SEG_B,0.4108758866786957,0.4445972144603729,0.1445269137620926,0.4445972144603729,0.0496999999999999,0.5696255299522821,0.1458703402280739,0.7209302325581395,0.0
3537,SEG_B,SEG_C,0.2788686454296112,0.2766372561454773,0.4444940984249115,0.4444940984249115,0.098847806161191,3.5881272949816405,2.973829192679456,6.364102645194269,0.0
1206,SEG_A,SEG_C,0.33183127641677856,0.22374847531318665,0.4444202482700348,0.4444202482700348,0.0437883720930232,0.6204299930817946,0.2399471312379069,0.872093023255814,0.0194976744186046
4782,SEG_A,SEG_C,0.41617804765701294,0.13948571681976318,0.4443362355232239,0.4443362355232239,0.0128744186046511,0.9864030652972168,0.5478364437705783,1.4651162790697674,0.0071232558139534
11161,SEG_B,SEG_A,0.4443121552467346,0.39506766200065613,0.16062025725841522,0.4443121552467346,0.0,0.026191616554024,-0.2855718323956189,1.0348837209302326,0.0
516,SEG_B,SEG_C,0.2649722099304199,0.2907763123512268,0.44425153732299805,0.44425153732299805,0.0065186046511627,0.8201443953665762,0.6592405132283391,1.0465116279069768,0.0491581395348837
11803,SEG_B,SEG_A,0.44416818022727966,0.35441428422927856,0.20141753554344177,0.44416818022727966,0.0528953488372093,0.7176662586699307,0.3784905446695064,1.0348837209302326,0.0276209302325581
12915,SEG_B,SEG_C,0.12365659326314926,0.4323295056819916,0.4440138339996338,0.4440138339996338,0.0612813953488372,3.020529472452452,2.889014583506097,4.037741779363604,0.074702630595903
12426,SEG_C,SEG_A,0.44389206171035767,0.34187230467796326,0.21423563361167908,0.44389206171035767,0.0454349715493211,0.6283238429744736,0.2641440633715052,0.4069767441860465,0.0154930232558139
3392,SEG_B,SEG_C,0.19899530708789825,0.35732194781303406,0.4436827600002289,0.4436827600002289,0.0984501317425863,2.4717861387543683,2.0204064729854703,2.8372093023255816,0.0084395348837209
606,SEG_B,SEG_A,0.4435661733150482,0.4405985474586487,0.1158352792263031,0.4435661733150482,0.1042594340681677,0.5081244567434765,0.1933339138414646,0.1162790697674418,0.0
9066,SEG_C,SEG_A,0.44354796409606934,0.2916487455368042,0.26480334997177124,0.44354796409606934,0.0150105090304745,1.2473347169744382,1.0079070999248738,1.7790697674418603,0.0122697674418604
10126,SEG_C,SEG_A,0.4434826970100403,0.26590460538864136,0.29061269760131836,0.4434826970100403,0.0240674418604651,0.4846912529047594,0.1265691542732279,0.5116279069767442,0.0121860465116279
1575,SEG_B,SEG_C,0.43919816613197327,0.11741953343153,0.44338226318359375,0.44338226318359375,0.0257976744186046,0.7345803842264914,0.2662242755048659,1.197674418604651,0.0166235608284611
3489,SEG_A,SEG_C,0.25321289896965027,0.30350473523139954,0.4432823657989502,0.4432823657989502,0.0391756253095442,0.832047256665425,0.6285322346361644,1.0348837209302326,0.0121232558139534
639,SEG_B,SEG_A,0.4430731236934662,0.4064329266548157,0.15049397945404053,0.4430731236934662,0.0504512506190885,0.7432724886026999,0.3445363811940611,1.1744186046511629,0.0
1996,SEG_B,SEG_C,0.3477344214916229,0.2092478722333908,0.4430176913738251,0.4430176913738251,0.0043441860465116,0.9613822219857024,0.6375634536630322,1.4534883720930232,0.0
19029,SEG_B,SEG_C,0.15165333449840546,0.40533384680747986,0.4430128037929535,0.4430128037929535,0.0862584030200564,1.85046919624643,1.452471530676308,2.755813953488372,0.084902630595903
3615,SEG_C,SEG_B,0.2690640687942505,0.44300171732902527,0.28793418407440186,0.44300171732902527,0.077353488372093,0.7817838326858603,0.385943551181707,1.1046511627906976,0.0
9301,SEG_B,SEG_C,0.41005975008010864,0.14696331322193146,0.4429769814014435,0.4429769814014435,0.0,0.939199616837848,0.5702709833738396,1.1162790697674418,0.060553488372093
14951,SEG_B,SEG_A,0.4429149329662323,0.15173545479774475,0.40534958243370056,0.4429149329662323,0.0304116279069767,1.476371667287531,0.913035918334374,2.0232558139534884,0.0838959588662246
18240,SEG_A,SEG_B,0.3346976637840271,0.4428988993167877,0.222403421998024,0.4428988993167877,0.0361511627906976,1.5074503751796076,1.0513426941131596,1.755813953488372,0.0851420129723701
4425,SEG_B,SEG_A,0.4428033232688904,0.1601628065109253,0.3970338702201843,0.4428033232688904,0.0,0.7232717790431591,0.3727730830118843,1.197674418604651,0.0338790697674418
5026,SEG_B,SEG_C,0.13048139214515686,0.4267212450504303,0.44279739260673523,0.44279739260673523,0.0801443617032934,2.3545320315883336,1.815152703481556,2.755813953488372,0.0401373618095794
4007,SEG_B,SEG_A,0.44279351830482483,0.26343831419944763,0.29376816749572754,0.44279351830482483,0.0064441860465116,0.7292054707040605,0.3034088459794718,1.069767441860465,0.0252162790697674
4752,SEG_A,SEG_C,0.41114693880081177,0.14607012271881104,0.4427829384803772,0.4427829384803772,0.0064627906976744,1.162347222961347,0.7779629670920446,2.232558139534884,0.0048744186046511
9496,SEG_A,SEG_C,0.3441977798938751,0.21305277943611145,0.4427494406700134,0.4427494406700134,0.0213116279069767,0.6475085590619624,0.3787604579316769,0.8372093023255814,0.0087720930232558
2313,SEG_A,SEG_C,0.2690856456756592,0.2881656587123871,0.44274863600730896,0.44274863600730896,0.0518884599214141,0.5804285739627127,0.2197386029703424,0.4767441860465116,0.0216837209302325
11257,SEG_A,SEG_C,0.3114294409751892,0.2459440976381302,0.4426264464855194,0.4426264464855194,0.0092930232558139,1.3128181931066292,0.8805064401287283,1.6744186046511629,0.0048744186046511
9500,SEG_A,SEG_C,0.18919576704502106,0.3683377504348755,0.4424664378166199,0.4424664378166199,0.1030049146479634,1.4307026413353912,0.9429839537901228,1.2325581395348837,0.0
10293,SEG_A,SEG_B,0.4126516878604889,0.44244682788848877,0.14490148425102234,0.44244682788848877,0.0449488372093023,0.5541305234775514,0.2869895013335947,0.4651162790697674,0.0036558139534883
7437,SEG_C,SEG_A,0.4423868656158447,0.210285484790802,0.34732764959335327,0.4423868656158447,0.0022046511627906,0.8274972061093077,0.4321779749827197,1.2325581395348837,0.0
7078,SEG_C,SEG_A,0.44223010540008545,0.267880380153656,0.28988948464393616,0.44223010540008545,0.0299674418604651,1.5301828889716709,1.068437671098823,2.046511627906977,0.0555883720930232
1958,SEG_A,SEG_B,0.32165011763572693,0.441758930683136,0.2365909218788147,0.441758930683136,0.0389744186046511,0.3310627428024054,0.0059879942820476,0.4534883720930232,0.0048744186046511
10060,SEG_A,SEG_B,0.3808972239494324,0.44173723459243774,0.1773654818534851,0.44173723459243774,0.0445209302325581,1.5993826831994042,1.066970401916555,1.7325581395348837,0.0097488372093023
15159,SEG_B,SEG_A,0.4416525065898895,0.3158065676689148,0.24254100024700165,0.4416525065898895,0.0406790697674418,0.6812924627037766,0.5030748751750281,0.9418604651162792,0.0666279069767441
3553,SEG_B,SEG_C,0.14907963573932648,0.40959784388542175,0.4413225054740906,0.4413225054740906,0.0850162790697674,1.7512727724265162,1.3104708144118165,1.5348837209302326,0.0237046511627907
9460,SEG_A,SEG_C,0.1471179872751236,0.4115656316280365,0.4413163363933563,0.4413163363933563,0.1350001756567818,1.4591737179146045,0.9707225228003088,1.558139534883721,0.0495116279069767
5210,SEG_A,SEG_C,0.36993837356567383,0.18884727358818054,0.441214382648468,0.441214382648468,0.0130372093023255,1.384075710003016,0.9448439330989667,2.1511627906976742,0.0434302325581395
4026,SEG_A,SEG_B,0.3296907842159271,0.44118571281433105,0.22912345826625824,0.44118571281433105,0.0434325581395348,0.4051939758394977,0.0522921358335748,0.3372093023255814,0.0
9527,SEG_A,SEG_C,0.24924570322036743,0.30965936183929443,0.44109490513801575,0.44109490513801575,0.0484627906976744,0.8221489010696611,0.4659555149253916,0.6627906976744186,0.0071860465116279
10299,SEG_A,SEG_C,0.2209131121635437,0.33799687027931213,0.44109004735946655,0.44109004735946655,0.0697348837209302,2.8396927607187843,2.170217714174672,3.244186046511628,0.1281404499272439
13745,SEG_A,SEG_B,0.2697497308254242,0.4409622251987457,0.28928807377815247,0.4409622251987457,0.0668720930232558,1.0234154648501943,0.6320845751546547,1.430232558139535,0.0289325581395348
10502,SEG_A,SEG_C,0.42419347167015076,0.13502846658229828,0.4407780170440674,0.4407780170440674,0.0120302325581395,3.907112214480629,3.1606361059294232,5.4909703279626845,0.0257162790697674
6186,SEG_B,SEG_A,0.440746545791626,0.15016673505306244,0.4090867340564728,0.440746545791626,0.0111093023255813,0.8279495503166411,0.4577018935142862,1.558139534883721,0.0023744186046511
16316,SEG_B,SEG_A,0.44073814153671265,0.4323538541793823,0.1269080489873886,0.44073814153671265,0.0242302325581395,0.3609618079577102,0.0582219100636456,0.3953488372093023,0.0142465116279069
3046,SEG_B,SEG_A,0.440718412399292,0.4254792332649231,0.13380230963230133,0.440718412399292,0.0369093023255813,0.4583133769712451,0.2923463654777228,0.4418604651162791,0.0046046511627906
3332,SEG_B,SEG_C,0.31155338883399963,0.2477383017539978,0.44070833921432495,0.44070833921432495,0.0190976744186046,1.355010377308286,1.0886702102287638,1.7209302325581397,0.0060325581395348
1504,SEG_B,SEG_A,0.4407076835632324,0.30812084674835205,0.2511714696884155,0.4407076835632324,0.0022302325581395,0.0966774874496656,-0.1905257394565963,0.127906976744186,0.0
11469,SEG_A,SEG_B,0.3064657747745514,0.44068092107772827,0.25285327434539795,0.44068092107772827,0.0790523694955908,0.5235396377698543,0.1928996518554382,0.3372093023255814,0.0168162790697674
2697,SEG_B,SEG_C,0.20293951034545898,0.3564077615737915,0.4406527280807495,0.4406527280807495,0.0546162790697674,1.1718287123268232,0.994787447261304,1.1511627906976745,0.0324023255813953
4610,SEG_B,SEG_A,0.4405307173728943,0.39329925179481506,0.16617001593112946,0.4405307173728943,0.0405395348837209,1.292835222535611,0.9482597159356954,1.2209302325581397,0.0166837209302325
9216,SEG_A,SEG_C,0.36067572236061096,0.19880221784114838,0.44052207469940186,0.44052207469940186,0.0064325581395348,1.489285650932184,1.146612955571907,2.127906976744186,0.0046046511627906
6180,SEG_B,SEG_C,0.1971648782491684,0.36236125230789185,0.44047385454177856,0.44047385454177856,0.0718232558139534,1.4417806396679262,1.0436068189306835,1.5348837209302326,0.0336186046511627
10561,SEG_A,SEG_C,0.24868957698345184,0.31096258759498596,0.4403477907180786,0.4403477907180786,0.0533116279069767,1.300720202934029,0.9500044594082366,1.4651162790697674,0.0121232558139534
13495,SEG_A,SEG_B,0.3587805926799774,0.4401516020298004,0.20106777548789978,0.4401516020298004,0.0741814831772281,1.4076685647384388,1.3260074353415412,1.3604651162790695,0.017060465116279
3850,SEG_C,SEG_A,0.44007009267807007,0.20936907827854156,0.35056087374687195,0.44007009267807007,0.0280488372093023,0.6735671332020648,0.3677370485158841,0.8953488372093024,0.0241837209302325
10912,SEG_A,SEG_C,0.42756062746047974,0.13238292932510376,0.4400564730167389,0.4400564730167389,0.0191186046511627,4.006664025041165,3.3838685503747707,4.535663191412061,0.0241209302325581
12408,SEG_C,SEG_A,0.44004926085472107,0.1278531402349472,0.4320976138114929,0.44004926085472107,0.0,0.8610416334060632,0.574252903928317,1.1395348837209305,0.0773629432049282
9116,SEG_A,SEG_B,0.2744777500629425,0.4400191605091095,0.2855030596256256,0.4400191605091095,0.0484302325581395,1.0294999379135403,0.6316164675473436,1.4883720930232558,0.0362581395348837
9811,SEG_A,SEG_C,0.39837944507598877,0.16184693574905396,0.4397735893726349,0.4397735893726349,0.0150767441860465,0.7680095080978483,0.4231142277419786,1.697674418604651,0.067313953488372
7980,SEG_A,SEG_B,0.3349533677101135,0.43972352147102356,0.2253231257200241,0.43972352147102356,0.044213953488372,0.2199102407180742,0.0609520588840083,0.0813953488372093,0.0
10674,SEG_A,SEG_B,0.39958012104034424,0.43963053822517395,0.16078926622867584,0.43963053822517395,0.0413186046511627,1.5189984567079986,1.0479293481088392,1.2093023255813953,0.0
6235,SEG_A,SEG_C,0.41738733649253845,0.143112450838089,0.43950018286705017,0.43950018286705017,0.005560465116279,1.3838717116350028,0.9769820211524596,2.476744186046512,0.0288697674418604
4908,SEG_B,SEG_A,0.43946123123168945,0.22645610570907593,0.33408263325691223,0.43946123123168945,0.0106883720930232,1.5664679899952108,1.1093160316393735,2.1627906976744184,0.0421837209302325
14655,SEG_A,SEG_B,0.3768760859966278,0.4394513666629791,0.18367257714271545,0.4394513666629791,0.0904535762004839,0.7702534901459919,0.4292422212846366,0.8837209302325582,0.0180558139534883
7961,SEG_B,SEG_C,0.2923364043235779,0.2684852182865143,0.43917831778526306,0.43917831778526306,0.0469209302325581,2.0925354336295747,1.7680843857738004,1.941860465116279,0.0
11526,SEG_C,SEG_B,0.24441324174404144,0.439048707485199,0.316538006067276,0.439048707485199,0.0738676175172469,1.5828765543788696,1.4285628042817853,1.5930232558139534,0.0109674418604651
5696,SEG_A,SEG_B,0.2373678982257843,0.43901801109313965,0.32361406087875366,0.43901801109313965,0.0851627906976744,0.568162063399145,0.205664838261607,0.3604651162790697,0.0
13701,SEG_A,SEG_C,0.18418344855308533,0.3768230080604553,0.43899354338645935,0.43899354338645935,0.0721105090304745,0.8239139304276871,0.3719398693722297,1.3604651162790695,0.0720139534883721
12622,SEG_C,SEG_A,0.43878763914108276,0.3417634665966034,0.21944887936115265,0.43878763914108276,0.0527558139534883,1.018013942844979,0.6363569359901496,1.941860465116279,0.0
11575,SEG_C,SEG_A,0.4387385845184326,0.30659934878349304,0.2546621263027191,0.4387385845184326,0.058401294533284,1.9430844553243567,1.3410131507015592,2.116279069767442,0.0
8871,SEG_C,SEG_A,0.43871310353279114,0.3225736618041992,0.23871321976184845,0.43871310353279114,0.0368418604651162,0.7921700104660033,0.3900675352602931,1.0116279069767442,0.0437441860465116
6604,SEG_B,SEG_C,0.20192605257034302,0.3595670163631439,0.43850693106651306,0.43850693106651306,0.0969883720930232,1.6576286520142625,1.237958359036867,1.5465116279069768,0.0094976744186046
12542,SEG_C,SEG_A,0.4384841024875641,0.1529427319765091,0.4085732102394104,0.4384841024875641,0.0,1.3037003530058715,0.9720642848471788,2.616279069767442,0.0771209302325581
5397,SEG_C,SEG_B,0.303650826215744,0.43843507766723633,0.25791415572166443,0.43843507766723633,0.0393627906976744,0.503751796072588,0.1842491223636845,0.8023255813953488,0.0
5106,SEG_B,SEG_A,0.4384179711341858,0.26836270093917847,0.29321932792663574,0.4384179711341858,0.0283093023255813,0.5012860766679085,0.1303243476257367,0.8488372093023255,0.0
11520,SEG_C,SEG_A,0.43830376863479614,0.15168070793151855,0.4100155532360077,0.43830376863479614,0.004306976744186,1.121840242669363,1.2972342326466604,1.569767441860465,0.0435558139534883
5909,SEG_B,SEG_C,0.3147761821746826,0.24697211384773254,0.43825167417526245,0.43825167417526245,0.0442116279069767,0.5485161336100616,0.3255819623962171,0.3953488372093023,0.0
5516,SEG_B,SEG_C,0.2890617251396179,0.27272266149520874,0.43821555376052856,0.43821555376052856,0.0364697674418604,0.5545385202135774,0.3102379342039089,0.8604651162790697,0.0168720930232558
8322,SEG_C,SEG_A,0.43821510672569275,0.2902109622955322,0.27157390117645264,0.43821510672569275,0.0065058578676838,0.2499423482873006,0.0189103539099391,2.1511627906976742,0.0
9838,SEG_C,SEG_B,0.3173971176147461,0.43819454312324524,0.24440830945968628,0.43819454312324524,0.0905651162790697,2.937496673939652,2.4808604675937285,4.314473135359979,0.0036558139534883
13328,SEG_C,SEG_B,0.3661389648914337,0.43819382786750793,0.19566725194454193,0.43819382786750793,0.0657627906976744,0.8012346336011922,0.364944344107759,0.6162790697674418,0.0
6198,SEG_A,SEG_C,0.3312705159187317,0.23054088652133942,0.4381886422634125,0.4381886422634125,0.0641511627906976,0.8148936547638055,0.5094637009403641,0.9651162790697676,0.0168209302325581
5797,SEG_C,SEG_B,0.17814405262470245,0.4381736218929291,0.3836822807788849,0.4381736218929291,0.0550304082149213,1.648093945683217,1.2441843003355524,2.7441860465116283,0.0264953488372093
7132,SEG_A,SEG_C,0.16595813632011414,0.39600279927253723,0.438039094209671,0.438039094209671,0.0459232558139534,0.9824738793394002,0.6287142900788287,0.813953488372093,0.1180754861554279
10262,SEG_B,SEG_A,0.437911719083786,0.23392346501350403,0.3281647861003876,0.437911719083786,0.0662453927514047,1.876926897628297,1.4121431661322217,2.209302325581396,0.013453488372093
1512,SEG_A,SEG_C,0.4165423810482025,0.14564937353134155,0.4378082752227783,0.4378082752227783,0.0225418604651162,0.7459776843524384,0.3403110684989879,0.686046511627907,0.0
16482,SEG_A,SEG_C,0.24489544332027435,0.3172983229160309,0.43780627846717834,0.43780627846717834,0.0360186046511627,2.6388696716513227,1.9870042053254893,4.593542902801839,0.1129186046511628
5347,SEG_B,SEG_A,0.4377920925617218,0.2406659871339798,0.321541965007782,0.4377920925617218,0.0133813953488372,0.9046085892182428,0.5692694746073862,0.9186046511627908,0.0047488372093023
10223,SEG_C,SEG_A,0.43772950768470764,0.14790520071983337,0.4143652617931366,0.43772950768470764,0.0,0.3969009987050538,0.2593362666329733,0.5813953488372093,0.0167465116279069
4982,SEG_B,SEG_C,0.20465682446956635,0.3576326370239258,0.43771055340766907,0.43771055340766907,0.0462255813953488,1.5121955546094763,1.0576279416610306,1.4186046511627908,0.0454906976744186
8848,SEG_A,SEG_C,0.3305571675300598,0.231796994805336,0.43764588236808777,0.43764588236808777,0.0022302325581395,1.3257942632111115,0.8802085268840381,1.3604651162790695,0.019313953488372
15083,SEG_A,SEG_B,0.35591739416122437,0.4374682605266571,0.20661431550979614,0.4374682605266571,0.0514348837209302,1.24759193230802,0.7677899420524674,1.372093023255814,0.0152883720930232
4403,SEG_A,SEG_C,0.3116089105606079,0.25105753540992737,0.4373336136341095,0.4373336136341095,0.0312046511627906,1.3449346318272932,0.9127417680562678,1.813953488372093,0.0338813953488372
6134,SEG_A,SEG_C,0.36339813470840454,0.1993400603532791,0.43726176023483276,0.43726176023483276,0.0191674418604651,0.891162435917904,0.4709550070483424,1.3604651162790695,0.0073116279069767
5090,SEG_B,SEG_A,0.43723952770233154,0.3140750229358673,0.24868540465831757,0.43723952770233154,0.0729453927514047,1.91409007858372,1.4456987261525829,1.7674418604651163,0.0048744186046511
9990,SEG_B,SEG_C,0.4345899820327759,0.128197580575943,0.4372124969959259,0.4372124969959259,0.0237418604651162,0.8474180902204956,0.4455301864775877,2.813953488372093,0.0
8326,SEG_A,SEG_C,0.23234686255455017,0.33046063780784607,0.43719252943992615,0.43719252943992615,0.0871279069767441,1.5554698171110284,1.206743120743433,1.7325581395348837,0.0314325581395348
6464,SEG_C,SEG_A,0.43711355328559875,0.17226563394069672,0.39062079787254333,0.43711355328559875,0.0387790697674418,1.4442463590726058,0.9753309802743744,1.662790697674419,0.0311255813953488
3148,SEG_A,SEG_B,0.2058030515909195,0.4371080696582794,0.35708892345428467,0.4371080696582794,0.0354674418604651,1.0919677859968426,0.747540799751889,1.1744186046511629,0.0831094548328352
17523,SEG_A,SEG_B,0.42654356360435486,0.4370337724685669,0.13642264902591705,0.4370337724685669,0.0561697674418604,0.3617334539584553,-0.0337292296867761,0.2093023255813953,0.0047488372093023
128,SEG_C,SEG_A,0.4370271563529968,0.3263026773929596,0.23667015135288239,0.4370271563529968,0.0323582273632746,0.2221719617547407,-0.0490386025167116,0.1744186046511628,0.0024372093023255
7388,SEG_B,SEG_C,0.22145633399486542,0.3417399823665619,0.4368036985397339,0.4368036985397339,0.0393838087586234,0.7271300090468842,0.5602125637424147,1.1162790697674418,0.0158720930232558
8545,SEG_A,SEG_B,0.3047953248023987,0.43669673800468445,0.25850793719291687,0.43669673800468445,0.0466,1.376235077075905,1.001928694062298,1.7674418604651163,0.0023744186046511
14186,SEG_B,SEG_C,0.3139842748641968,0.24957862496376038,0.43643712997436523,0.43643712997436523,0.0628790697674418,3.216087488691396,2.6394091937997626,3.8377289493134654,0.0918559664607422
2414,SEG_B,SEG_A,0.43638700246810913,0.3444616198539734,0.2191513180732727,0.43638700246810913,0.0430046511627906,0.5587870079648058,0.1832389425256601,0.4418604651162791,0.0157790697674418
7963,SEG_A,SEG_B,0.1765769124031067,0.43636393547058105,0.3870590925216675,0.43636393547058105,0.0589790697674418,1.2725329501711813,0.8253231212884717,0.8372093023255814,0.0312441860465116
6881,SEG_B,SEG_C,0.14680270850658417,0.4168517589569092,0.43634554743766785,0.43634554743766785,0.0992093023255814,1.136421691235166,0.7646021251422176,1.0,0.0617187571584166
8117,SEG_B,SEG_A,0.43630605936050415,0.21814939379692078,0.3455445468425751,0.43630605936050415,0.0087209302325581,1.3814148617245845,0.924801370524798,1.558139534883721,0.0084395348837209
12261,SEG_A,SEG_B,0.3137689232826233,0.4362970292568207,0.24993401765823364,0.4362970292568207,0.0536966433704933,0.9267291079062672,0.5916845393860585,0.7906976744186046,0.0146232558139534
3170,SEG_C,SEG_A,0.4362448453903198,0.2731950581073761,0.2905600368976593,0.4362448453903198,0.0388976744186046,0.4624465612970748,0.1077752260052868,0.6744186046511628,0.0
6445,SEG_C,SEG_A,0.43616172671318054,0.32586702704429626,0.2379712462425232,0.43616172671318054,0.048095524493991,0.4800347684175048,0.1556278199764246,0.6046511627906976,0.0
3776,SEG_C,SEG_A,0.43610313534736633,0.21887025237083435,0.34502655267715454,0.43610313534736633,0.0219395348837209,0.4978269739059478,0.2058704393260347,0.686046511627907,0.0
3617,SEG_C,SEG_A,0.43608415126800537,0.1364011913537979,0.4275146722793579,0.43608415126800537,0.0,0.8914994766998388,0.5391913854142666,1.1511627906976745,0.0193093023255813
3934,SEG_A,SEG_C,0.2941318154335022,0.2697847783565521,0.4360833764076233,0.4360833764076233,0.0694327337963166,1.7357156794919557,1.3515129010261695,1.965116279069768,0.0060627906976744
11140,SEG_C,SEG_A,0.4360252618789673,0.2913500964641571,0.2726246416568756,0.4360252618789673,0.0240023255813953,0.6900111755627695,0.4719490834677348,1.4651162790697674,0.014560465116279
2154,SEG_A,SEG_B,0.261569619178772,0.43592917919158936,0.30250123143196106,0.43592917919158936,0.0816861343400188,1.9352438223972472,1.3709961560930433,2.755813953488372,0.0360558139534883
12254,SEG_A,SEG_C,0.2477344572544098,0.316362589597702,0.4359029233455658,0.4359029233455658,0.0457441860465116,1.1003228495911164,0.6492644860024869,1.244186046511628,0.0586955013444631
12839,SEG_B,SEG_A,0.4356774091720581,0.27372831106185913,0.29059427976608276,0.4356774091720581,0.0498581395348837,0.6730172245578557,0.2031477228527329,0.627906976744186,0.0242465116279069
4641,SEG_A,SEG_B,0.2477908879518509,0.435648649930954,0.3165605068206787,0.435648649930954,0.0345767441860465,1.5099427030670711,1.1851831612609467,1.7674418604651163,0.0118466641351608
6849,SEG_B,SEG_A,0.43560028076171875,0.2505285441875458,0.3138711452484131,0.43560028076171875,0.0276279069767441,0.9560250474517944,0.5690050069244701,1.2093023255813953,0.0288697674418604
1111,SEG_B,SEG_C,0.17503483593463898,0.3894360065460205,0.43552911281585693,0.43552911281585693,0.0538627906976744,0.7130541216539833,0.3811672483910046,0.8604651162790697,0.0
15362,SEG_A,SEG_B,0.1711452454328537,0.4354940354824066,0.3933606743812561,0.4354940354824066,0.055621018060949,1.6691767335426535,1.3535982190841505,2.081395348837209,0.0674255813953488
7355,SEG_A,SEG_C,0.40972620248794556,0.15482880175113678,0.4354449212551117,0.4354449212551117,0.0,0.2957266776648395,-0.0284249707177175,0.3604651162790697,0.0488210827398119
1836,SEG_A,SEG_C,0.39165714383125305,0.1730077713727951,0.4353350102901459,0.4353350102901459,0.0108488372093023,0.9267557163890516,0.6730942404932809,1.1744186046511629,0.0
1374,SEG_C,SEG_A,0.4352550506591797,0.13702087104320526,0.42772406339645386,0.4352550506591797,0.0170674418604651,0.8187873627445763,0.4266699864483538,1.313953488372093,0.0
6789,SEG_B,SEG_C,0.16772636771202087,0.39706823229789734,0.4352054297924042,0.4352054297924042,0.073453488372093,3.919591592906471,3.2552924523534696,4.105170809778583,0.048053488372093
4396,SEG_B,SEG_A,0.43519127368927,0.2994047701358795,0.26540395617485046,0.43519127368927,0.0528162790697674,1.244611782236177,0.8785387262443608,1.5348837209302326,0.0024372093023255
3903,SEG_B,SEG_A,0.4351746141910553,0.1530693918466568,0.4117559790611267,0.4351746141910553,0.027706976744186,1.248407925780072,0.8490905284646505,1.9534883720930232,0.0
3796,SEG_B,SEG_C,0.25146767497062683,0.3134315609931946,0.4351007640361786,0.4351007640361786,0.0365965555421024,1.2446029127419156,0.771943579671674,1.813953488372093,0.0556210827398119
4628,SEG_B,SEG_C,0.41884347796440125,0.14608408510684967,0.43507248163223267,0.43507248163223267,0.0,0.5678871090770404,0.1581572892608277,0.9186046511627908,0.0701908501816724
1658,SEG_A,SEG_C,0.4290901720523834,0.13607989251613617,0.4348299503326416,0.4348299503326416,0.0235221369374512,1.322086814609831,0.8737036864956137,1.3604651162790695,0.0097186046511627
3346,SEG_A,SEG_C,0.28570112586021423,0.2796340882778168,0.434664785861969,0.434664785861969,0.0605813953488372,1.5072463768115945,1.048858288963676,1.825581395348837,0.0073116279069767
5457,SEG_B,SEG_C,0.2672217786312103,0.2982403635978699,0.4345378577709198,0.4345378577709198,0.0063465116279069,1.141495041952708,0.921644145797619,1.8604651162790693,0.0261186046511627
15248,SEG_A,SEG_B,0.24738578498363495,0.43415915966033936,0.3184550106525421,0.43415915966033936,0.0516490128660841,0.8488106008195413,0.4575297982059151,0.9302325581395348,0.053635036228184
13603,SEG_B,SEG_A,0.43414056301116943,0.2975184917449951,0.26834091544151306,0.43414056301116943,0.0212744186046511,0.7021446437124156,0.3206989626920951,1.686046511627907,0.0146232558139534
19106,SEG_A,SEG_B,0.28671136498451233,0.4340762197971344,0.27921241521835327,0.4340762197971344,0.0693978500753864,0.6004825004878223,0.2606587330627057,0.2906976744186046,0.0251212352470658
7773,SEG_B,SEG_C,0.24269703030586243,0.3232629895210266,0.43403998017311096,0.43403998017311096,0.0558489250376932,0.8284639809838044,0.5189641086225145,0.7790697674418605,0.0097488372093023
16212,SEG_A,SEG_C,0.23473426699638367,0.3312588334083557,0.43400686979293823,0.43400686979293823,0.0514779508909396,2.778059252066222,2.94683192274502,3.267701683959059,0.1577965688952399
15260,SEG_B,SEG_A,0.4339982867240906,0.30570802092552185,0.2602936625480652,0.4339982867240906,0.0091325581395348,1.058272577297643,0.9022280937764005,1.2093023255813953,0.0121232558139534
14758,SEG_C,SEG_B,0.21325421333312988,0.4339432418346405,0.3528026044368744,0.4339432418346405,0.0794627906976744,2.453879236810692,1.8826401854825567,2.7209302325581395,0.0341
8544,SEG_A,SEG_B,0.41578036546707153,0.43382778763771057,0.15039180219173431,0.43382778763771057,0.0573348837209302,0.8721107622443368,0.6777055601388363,1.2093023255813953,0.0097697674418604
6339,SEG_B,SEG_A,0.43381837010383606,0.4283200800418854,0.13786154985427856,0.43381837010383606,0.0390094779823631,0.7354584641583737,0.3569428905330078,0.9069767441860463,0.0341443385537654
3279,SEG_C,SEG_A,0.43380486965179443,0.29333287477493286,0.2728622257709503,0.43380486965179443,0.0520511627906976,0.8593120820250829,0.4333398985732371,1.0930232558139534,0.0161395348837209
995,SEG_A,SEG_B,0.35816851258277893,0.43376368284225464,0.20806775987148285,0.43376368284225464,0.0504627906976744,0.3331382044595817,0.0586424939000184,0.1976744186046511,0.0
2389,SEG_B,SEG_C,0.28323331475257874,0.2830311059951782,0.43373554944992065,0.43373554944992065,0.0804663229839628,1.2161939226225322,0.8595017099867853,1.5116279069767442,0.0146790697674418
12735,SEG_B,SEG_A,0.43372923135757446,0.2083013951778412,0.35796940326690674,0.43372923135757446,0.0298162790697674,2.360003902577476,1.7282994046690006,2.7906976744186047,0.0287046511627906
11131,SEG_A,SEG_C,0.3829664885997772,0.18344174325466156,0.4335918128490448,0.4335918128490448,0.034106976744186,1.1065847125396913,0.5877638291697441,1.3604651162790695,0.0455003050145076
12756,SEG_A,SEG_B,0.16151291131973267,0.43355053663253784,0.4049365222454071,0.43355053663253784,0.0824860465116279,1.435403473293953,1.407187184305758,1.3953488372093024,0.0306837209302325
3440,SEG_B,SEG_C,0.2228490710258484,0.34360724687576294,0.43354368209838867,0.43354368209838867,0.0575232558139534,0.4717240522945382,0.2124005058387956,0.6162790697674418,0.0570465116279069
5653,SEG_A,SEG_C,0.36121317744255066,0.20530705153942108,0.43347978591918945,0.43347978591918945,0.0150930232558139,0.944680964291416,0.5819286197388273,1.2093023255813953,0.0364790697674418
13754,SEG_A,SEG_C,0.3923901915550232,0.1741970032453537,0.4334127604961395,0.4334127604961395,0.0,1.432928884395012,0.9618560780088976,1.6162790697674418,0.0696190621729242
3340,SEG_A,SEG_C,0.214429572224617,0.3521631956100464,0.433407187461853,0.433407187461853,0.1727725321652103,1.32103134479272,1.1151413136299413,1.069767441860465,0.0012186046511627
12609,SEG_A,SEG_B,0.2327319085597992,0.4331665337085724,0.33410152792930603,0.4331665337085724,0.0694280826335259,1.1152324694445923,0.8565415031751087,1.255813953488372,0.012
3424,SEG_A,SEG_B,0.1489846557378769,0.43302616477012634,0.41798916459083557,0.43302616477012634,0.066653488372093,1.5202401859045998,1.0417418200727295,2.0,0.0994843309592479
4749,SEG_A,SEG_B,0.2855745553970337,0.43296268582344055,0.28146275877952576,0.43296268582344055,0.0430930232558139,0.4951749951217782,0.1552890226575837,0.5,0.0571094548328352
2850,SEG_C,SEG_A,0.4327086806297302,0.411259263753891,0.15603211522102356,0.4327086806297302,0.0774165425549401,0.5615986376456814,0.3285407783764683,0.813953488372093,0.0
5884,SEG_A,SEG_C,0.22986286878585815,0.33754658699035645,0.4325905442237854,0.4325905442237854,0.0874593462397768,2.9543664520249058,2.26383625479269,3.36046511627907,0.0132720930232558
11590,SEG_B,SEG_A,0.43239712715148926,0.22546394169330597,0.3421388864517212,0.43239712715148926,0.0173674418604651,1.969799979009972,1.485494578371287,2.127906976744186,0.0508046511627907
13860,SEG_C,SEG_B,0.15650664269924164,0.4323151707649231,0.41117820143699646,0.4323151707649231,0.0353372093023255,1.3098203040462633,0.8436803991665862,1.697674418604651,0.0604651162790697
6863,SEG_C,SEG_A,0.43231043219566345,0.21660004556179047,0.3510894775390625,0.43231043219566345,0.023533764844428,0.4275451013783194,0.0468924704934986,0.4418604651162791,0.0048744186046511
3017,SEG_C,SEG_B,0.14119170606136322,0.4322066903114319,0.4266016185283661,0.4322066903114319,0.0853058578676838,1.201337519734625,1.026659428393952,1.4186046511627908,0.0711186046511627
6319,SEG_B,SEG_A,0.4321820139884949,0.415249764919281,0.1525682508945465,0.4321820139884949,0.0349813953488372,0.3206499565394781,0.0065045424027786,0.2790697674418604,0.0
16383,SEG_C,SEG_B,0.38784483075141907,0.4321715533733368,0.17998363077640533,0.4321715533733368,0.0818279069767441,0.4198641193479148,0.0971674086626482,0.3720930232558139,0.0
217,SEG_B,SEG_C,0.22286048531532288,0.34508129954338074,0.4320582449436188,0.4320582449436188,0.0432046511627907,0.7983343089777022,0.3612529450675228,1.4534883720930232,0.0242465116279069
2959,SEG_B,SEG_A,0.4319455325603485,0.32751455903053284,0.24053990840911865,0.4319455325603485,0.0131209302325581,0.4461178223617689,0.1446972681169652,0.5,0.0240581395348837
16479,SEG_B,SEG_C,0.19890546798706055,0.36921146512031555,0.4318830966949463,0.4318830966949463,0.0519071524009678,2.406799354300818,1.7924381697539,2.7790697674418605,0.068381547856091
7663,SEG_B,SEG_C,0.23926964402198792,0.32888495922088623,0.4318453371524811,0.4318453371524811,0.0663186924795536,1.47938729533642,1.3522833642805168,2.011627906976744,0.0
9931,SEG_C,SEG_B,0.28970929980278015,0.4318378269672394,0.27845290303230286,0.4318378269672394,0.0732174857746605,1.258004718570947,0.8608847459023637,1.6395348837209305,0.0121232558139534
9060,SEG_A,SEG_C,0.2736770808696747,0.29451823234558105,0.4318046569824219,0.4318046569824219,0.0600093023255813,1.0065811647419864,0.74624674596748,1.058139534883721,0.0323398398982285
12191,SEG_A,SEG_B,0.2904139459133148,0.4314757287502289,0.2781102955341339,0.4314757287502289,0.0544325581395348,1.6309492132758592,1.090195288373901,1.5930232558139534,0.0523373618095794
6467,SEG_B,SEG_C,0.15984977781772614,0.40873831510543823,0.4314119219779968,0.4314119219779968,0.0957906976744186,1.3074255405956754,0.8363038759418878,1.069767441860465,0.072956118967996
13790,SEG_C,SEG_B,0.357344388961792,0.4311228096485138,0.2115328460931778,0.4311228096485138,0.0543511627906976,0.331621520940876,-0.0095883470707881,0.1744186046511628,0.0
8146,SEG_A,SEG_C,0.21198414266109467,0.35689449310302734,0.4311213195323944,0.4311213195323944,0.0373720930232558,1.1367587320171004,0.6827019554505117,1.0813953488372092,0.0314953488372093
18718,SEG_A,SEG_B,0.14418327808380127,0.43111172318458557,0.42470505833625793,0.43111172318458557,0.0684255813953488,1.7855007577515676,1.3222010397789723,1.813953488372093,0.0992142585028797
5045,SEG_B,SEG_C,0.18346543610095978,0.3855128586292267,0.4310217499732971,0.4310217499732971,0.084501294533284,1.7022422081492916,1.16830154904199,1.686046511627907,0.0378187571584166
12738,SEG_B,SEG_A,0.4310198426246643,0.2847389876842499,0.2842411994934082,0.4310198426246643,0.0174511627906976,1.2338087382257463,0.7901904167316998,1.5348837209302326,0.0361651162790697
14923,SEG_A,SEG_C,0.37995749711990356,0.18907104432582855,0.4309714734554291,0.4309714734554291,0.0307627906976744,0.5349369378958012,0.2505300603898001,0.872093023255814,0.0728559664607422
2034,SEG_C,SEG_B,0.36481043696403503,0.4308834969997406,0.20430609583854675,0.4308834969997406,0.0344372971307164,0.231529278200557,0.0911453728475353,0.8953488372093024,0.0153627906976744
13211,SEG_B,SEG_A,0.4307654798030853,0.3575522005558014,0.21168233454227448,0.4307654798030853,0.0270488372093023,0.9064889220016676,0.5852369390161773,1.3488372093023255,0.0263697674418604
3944,SEG_B,SEG_C,0.41784408688545227,0.1513994038105011,0.430756539106369,0.430756539106369,0.0,0.818272932077413,0.5726307535656685,1.1046511627906976,0.0072488372093023
563,SEG_A,SEG_C,0.3077557682991028,0.2614959478378296,0.43074822425842285,0.43074822425842285,0.0329558139534883,0.8498483316481296,0.4269320172988615,0.8604651162790697,0.0111117804142305
836,SEG_B,SEG_A,0.43072348833084106,0.2242782860994339,0.34499821066856384,0.43072348833084106,0.0084279069767441,1.313421318716407,0.8057450804056079,1.6511627906976745,0.0445395348837209
13450,SEG_B,SEG_A,0.43064379692077637,0.3207889497280121,0.24856723845005035,0.43064379692077637,0.0218465116279069,0.6773455377574371,0.4113451467876895,0.8604651162790697,0.0697536408793468
13094,SEG_A,SEG_B,0.34068331122398376,0.43063536286354065,0.22868132591247559,0.43063536286354065,0.0899419482935071,1.2671669061430118,0.8095238329147733,0.9883720930232558,0.0048744186046511
5078,SEG_C,SEG_B,0.16048187017440796,0.43057653307914734,0.4089416265487671,0.43057653307914734,0.0669697674418604,0.9769665303732126,0.6908757215158137,0.8837209302325582,0.0361186046511627
12447,SEG_C,SEG_B,0.22152310609817505,0.4304655194282532,0.3480113744735718,0.4304655194282532,0.0726372093023255,2.3083834459759105,1.6720631699951196,3.744186046511628,0.0124488372093023
9402,SEG_B,SEG_C,0.15481401979923248,0.4150651693344116,0.4301207959651947,0.4301207959651947,0.1177629663544562,1.5827612509534708,1.182350204471558,1.5348837209302326,0.0073116279069767
6921,SEG_B,SEG_A,0.43009093403816223,0.2437828779220581,0.3261261582374573,0.43009093403816223,0.030453488372093,0.347081049438561,0.0053506705215772,0.4186046511627907,0.0169976744186046
10503,SEG_B,SEG_C,0.20088304579257965,0.3691573441028595,0.4299595355987549,0.4299595355987549,0.0424441860465116,0.956300001773899,0.7763396186214979,0.9883720930232558,0.0171209302325581
2015,SEG_B,SEG_A,0.4299267530441284,0.35737669467926025,0.21269652247428894,0.4299267530441284,0.0623418604651162,0.6857804268000639,0.3714074031043233,0.5813953488372093,0.0
13947,SEG_A,SEG_C,0.42443251609802246,0.14565043151378632,0.4299170970916748,0.4299170970916748,0.0,0.7811452290990368,0.4027700357495893,1.2325581395348837,0.0146232558139534
1119,SEG_A,SEG_C,0.2512311339378357,0.31919440627098083,0.42957445979118347,0.42957445979118347,0.0601874288733028,1.8418752632772628,1.4186747138026872,2.0232558139534884,0.0479906976744186
15046,SEG_A,SEG_C,0.3398998975753784,0.2305280715227127,0.42957204580307007,0.42957204580307007,0.0,0.3355063594273855,0.0442422846043885,0.9302325581395348,0.0194348837209302
3849,SEG_A,SEG_B,0.2083580642938614,0.42955684661865234,0.3620850741863251,0.42955684661865234,0.1221410929021776,1.524080676919802,1.1471218669237866,0.9418604651162792,0.0503023255813953
10113,SEG_B,SEG_C,0.21960294246673584,0.35105136036872864,0.4293456971645355,0.4293456971645355,0.0561814831772281,1.0881006864988558,0.6626397185249798,1.255813953488372,0.0902190621729242
1046,SEG_C,SEG_B,0.22797074913978577,0.42931389808654785,0.34271541237831116,0.42931389808654785,0.0686139534883721,1.2006545686764942,0.777643995530682,1.5232558139534884,0.0
9370,SEG_B,SEG_A,0.4292158782482147,0.28986555337905884,0.28091859817504883,0.4292158782482147,0.0042883720930232,0.4853209869973214,0.1523321466352525,0.7209302325581395,0.0419720930232558
690,SEG_A,SEG_B,0.26351627707481384,0.4292128086090088,0.307270884513855,0.4292128086090088,0.0124465116279069,0.4532045482766573,0.2677468194799098,0.6395348837209303,0.0241209302325581
13513,SEG_B,SEG_A,0.4291577637195587,0.2917707562446594,0.27907150983810425,0.4291577637195587,0.0431302325581395,1.11731680059603,0.7216115310387201,1.0232558139534884,0.0336186046511627
5033,SEG_C,SEG_B,0.17811273038387299,0.42905619740486145,0.39283114671707153,0.42905619740486145,0.0674674418604651,2.524914409380377,2.010840078188292,4.489411386999027,0.0073116279069767
4056,SEG_A,SEG_B,0.37611836194992065,0.42903512716293335,0.19484654068946838,0.42903512716293335,0.034540741588614,1.1704539407163006,0.6767681670612649,1.2325581395348837,0.013813953488372
3325,SEG_B,SEG_A,0.42895206809043884,0.2944405674934387,0.2766073942184448,0.42895206809043884,0.0236441860465116,0.8764568144324412,0.287663418731001,1.0116279069767442,0.0236325581395348
4315,SEG_C,SEG_B,0.20546074211597443,0.42891713976860046,0.3656221330165863,0.42891713976860046,0.0724639974025675,2.023734766643606,1.4914326833021825,2.4302325581395348,0.0
3654,SEG_C,SEG_A,0.42885124683380127,0.16706421971321106,0.4040845036506653,0.42885124683380127,0.0169348837209302,0.6753055540773065,0.3299859643938468,1.058139534883721,0.0093488372093023
8347,SEG_A,SEG_B,0.21297742426395416,0.4287986755371094,0.3582238554954529,0.4287986755371094,0.0481651162790697,1.9790502545544857,1.4398984473420426,2.5232558139534884,0.0710353412426917
2494,SEG_A,SEG_C,0.4218696057796478,0.14948514103889465,0.4286452531814575,0.4286452531814575,0.0063209302325581,0.7818281801571676,0.3358851058242348,0.8953488372093024,0.0333046511627906
7088,SEG_A,SEG_C,0.21680626273155212,0.3545530438423157,0.4286407232284546,0.4286407232284546,0.0258,1.589706064960176,1.1980504121100923,1.976744186046512,0.0761978269258584
1517,SEG_B,SEG_A,0.42862600088119507,0.16611503064632416,0.4052589237689972,0.42862600088119507,0.0195790697674418,1.7568871622940063,1.3460593695883225,2.383720930232558,0.0122232558139534
990,SEG_A,SEG_B,0.28020283579826355,0.42861422896385193,0.29118290543556213,0.42861422896385193,0.0197790697674418,0.5934489915385026,0.2577717575766584,0.8023255813953488,0.0107558139534883
4288,SEG_C,SEG_B,0.16800831258296967,0.42855677008628845,0.4034349024295807,0.42855677008628845,0.0843873410449119,1.0565607649051854,0.697434450817256,1.4069767441860466,0.1055395348837209
10239,SEG_A,SEG_B,0.29978710412979126,0.4283941984176636,0.27181869745254517,0.4283941984176636,0.0393953488372093,0.3447749809305873,0.0865100423396037,0.813953488372093,0.0375581395348837
6636,SEG_A,SEG_C,0.2753954529762268,0.29621532559394836,0.42838922142982483,0.42838922142982483,0.0517697674418604,0.7831852127791674,0.5317169623366551,0.8255813953488372,0.0569187571584166
6591,SEG_A,SEG_C,0.29276734590530396,0.2791655659675598,0.42806708812713623,0.42806708812713623,0.0772711498035353,1.0588402249303746,0.8070838903973582,1.4883720930232558,0.0457906976744186
10880,SEG_A,SEG_B,0.2993760108947754,0.42805489897727966,0.27256909012794495,0.42805489897727966,0.0895141291451538,1.4023823461586222,1.2759147828964452,1.430232558139535,0.0073116279069767
14404,SEG_B,SEG_A,0.42795509099960327,0.40722113847732544,0.1648237705230713,0.42795509099960327,0.0895790697674418,0.7921345324889576,0.3742644186592025,0.6744186046511628,0.0108116279069767
9135,SEG_A,SEG_C,0.3797682225704193,0.1923948973417282,0.42783689498901367,0.42783689498901367,0.0170953488372093,1.3555070689869264,0.9400618371275464,1.662790697674419,0.0508279069767441
8200,SEG_B,SEG_C,0.18594083189964294,0.3862932622432709,0.4277658760547638,0.4277658760547638,0.0697198991844468,0.4873077537118834,0.329250222753209,0.2906976744186046,0.0263697674418604
3111,SEG_B,SEG_A,0.42763543128967285,0.38825157284736633,0.18411299586296082,0.42763543128967285,0.1057325581395348,0.6432068543451652,0.3007589563563526,0.2558139534883721,0.0216209302325581
14577,SEG_C,SEG_A,0.42760661244392395,0.397683709859848,0.17470963299274445,0.42760661244392395,0.0497302325581395,0.90600996931155,0.6826641743529522,0.9418604651162792,0.0240093023255813
4944,SEG_B,SEG_A,0.42756563425064087,0.2979413866996765,0.27449294924736023,0.42756563425064087,0.0402418604651162,0.4851613361006155,0.4013782913634285,0.4418604651162791,0.0024372093023255
816,SEG_C,SEG_A,0.4273209273815155,0.1551857441663742,0.4174933433532715,0.4273209273815155,0.0,0.6070547957355472,0.2257451547290785,1.186046511627907,0.0425255813953488
4307,SEG_C,SEG_A,0.42731982469558716,0.26012980937957764,0.3125503957271576,0.42731982469558716,0.0375465116279069,0.6346034449115712,0.4428898451842107,0.7325581395348837,0.0
3633,SEG_A,SEG_C,0.37439724802970886,0.19828295707702637,0.42731973528862,0.42731973528862,0.0215209302325581,1.3584517410817236,0.943416303101023,1.7093023255813953,0.0097488372093023
8238,SEG_B,SEG_A,0.42724889516830444,0.25833985209465027,0.3144112229347229,0.42724889516830444,0.0431627906976744,0.4297447359551559,0.1067501814731407,0.8953488372093024,0.0
692,SEG_B,SEG_C,0.14586959779262543,0.426924467086792,0.42720597982406616,0.42720597982406616,0.0603883720930232,2.145300054990865,1.7104512425645562,2.627906976744186,0.0435395348837209
770,SEG_A,SEG_B,0.4169674515724182,0.42694613337516785,0.15608635544776917,0.42694613337516785,0.0374813953488372,0.9876625334823408,0.6364931956862658,1.2906976744186047,0.0121255813953488
8891,SEG_A,SEG_B,0.27550917863845825,0.4269147217273712,0.29757604002952576,0.4269147217273712,0.0622302325581395,1.7538271867738102,1.1831218830594514,2.116279069767442,0.0162511627906976
18356,SEG_B,SEG_A,0.4268984794616699,0.2026124894618988,0.3704889714717865,0.4268984794616699,0.0243976744186046,0.7502261721036667,0.348299602864922,0.9186046511627908,0.0553651162790697
10005,SEG_A,SEG_C,0.41971367597579956,0.15340326726436615,0.4268830418586731,0.4268830418586731,0.0,0.9484771078353113,0.5643288218986673,1.4186046511627908,0.0554279069767441
4237,SEG_A,SEG_C,0.1674363911151886,0.4056847095489502,0.4268788695335388,0.4268788695335388,0.0594046511627906,1.855010377308286,1.443524691495661,2.4651162790697674,0.0409511627906976
13838,SEG_A,SEG_C,0.29104897379875183,0.28210732340812683,0.4268437325954437,0.4268437325954437,0.0364931110842048,0.8799602646657088,0.464251053390394,1.162790697674419,0.0192465116279069
7180,SEG_A,SEG_B,0.23885415494441986,0.42667317390441895,0.3344726860523224,0.42667317390441895,0.0982128346118698,1.1548702392989554,0.7310835415773653,1.162790697674419,0.0270117804142305
8475,SEG_B,SEG_C,0.2019144892692566,0.3714207112789154,0.4266647696495056,0.4266647696495056,0.0588232558139534,1.7986447412768525,1.2983738825514466,2.802325581395349,0.0192860465116279
8367,SEG_C,SEG_A,0.4265711009502411,0.21717087924480438,0.35625797510147095,0.4265711009502411,0.0294418604651162,0.8950650133929364,0.4329493137755834,1.0465116279069768,0.0
6258,SEG_B,SEG_C,0.1555788516998291,0.4180153012275696,0.4264058768749237,0.4264058768749237,0.1016735632133216,1.2662267397512994,0.8440431176353049,1.0348837209302326,0.0401279069767441
7261,SEG_B,SEG_C,0.20104554295539856,0.372555136680603,0.426399290561676,0.426399290561676,0.0942255813953488,0.9589253720752844,0.6227620134849304,0.9069767441860463,0.0194976744186046
10805,SEG_A,SEG_B,0.2208113670349121,0.4262668788433075,0.3529217839241028,0.4262668788433075,0.0558395348837209,1.5423252266155785,1.0467791924011685,1.6046511627906976,0.0338279069767441
12260,SEG_C,SEG_A,0.4260497987270355,0.18900471925735474,0.38494542241096497,0.4260497987270355,0.0064325581395348,0.7533837120607384,0.4436349379770637,1.0116279069767442,0.1202558139534883
136,SEG_A,SEG_B,0.1762077361345291,0.4257841110229492,0.39800816774368286,0.4257841110229492,0.0730304082149213,0.925584943146542,0.4727270492420345,0.8953488372093024,0.0
11697,SEG_B,SEG_C,0.28730544447898865,0.2871181070804596,0.42557644844055176,0.42557644844055176,0.0579976744186046,1.816436946765296,1.2918045153850324,2.63953488372093,0.0295257339026026
1389,SEG_A,SEG_C,0.20726250112056732,0.36716434359550476,0.4255731701850891,0.4255731701850891,0.0308325581395348,0.9808862398666028,0.5255258578515551,1.1395348837209305,0.0679421654796239
8126,SEG_B,SEG_C,0.2833569347858429,0.2912003993988037,0.4254426658153534,0.4254426658153534,0.0022046511627906,0.6739130434782609,0.4416244880970961,1.6744186046511629,0.0311186046511627
14387,SEG_A,SEG_B,0.3620443344116211,0.42532506585121155,0.21263064444065094,0.42532506585121155,0.0432141291451538,0.6284480158941338,0.2235569946638325,0.6162790697674418,0.0216837209302325
13462,SEG_A,SEG_B,0.2048092484474182,0.42525166273117065,0.3699391186237335,0.42525166273117065,0.0623930232558139,1.0311496638461677,0.5935158303281475,1.2790697674418603,0.0
5538,SEG_C,SEG_A,0.42505425214767456,0.19556395709514618,0.37938180565834045,0.42505425214767456,0.0248511627906976,0.7075195572348465,0.3382317156170472,1.069767441860465,0.0048744186046511
2426,SEG_B,SEG_A,0.42504581809043884,0.3736740052700043,0.20128022134304047,0.42504581809043884,0.0801234314707352,0.6422666879534529,0.3681004420211176,0.4186046511627907,0.0
11850,SEG_B,SEG_C,0.27643510699272156,0.2986619770526886,0.42490288615226746,0.42490288615226746,0.0646734753849307,1.0459705887570292,0.6336228604091503,1.7674418604651163,0.0440234083212073
14390,SEG_B,SEG_A,0.42484891414642334,0.2770218849182129,0.298129141330719,0.42484891414642334,0.0253627906976744,0.989347737392014,0.6070549728313989,1.4186046511627908,0.0048744186046511
2444,SEG_B,SEG_A,0.42484793066978455,0.4157220125198364,0.15943007171154022,0.42484793066978455,0.0175837209302325,0.3137140120270342,0.0077624671428323,0.6162790697674418,0.0
5400,SEG_A,SEG_C,0.3039030134677887,0.27129504084587097,0.42480194568634033,0.42480194568634033,0.0380023255813953,0.6826051478544695,0.3250530793452597,0.7790697674418605,0.0
13783,SEG_C,SEG_A,0.4246915280818939,0.3397318124771118,0.23557670414447784,0.4246915280818939,0.0538511627906976,0.755281783832686,0.3645169841517586,0.7325581395348837,0.0141813953488372
6507,SEG_B,SEG_A,0.4246187210083008,0.42340466380119324,0.1519765555858612,0.4246187210083008,0.0389966433704933,0.1768931935501038,0.1400455829866838,0.4767441860465116,0.0
4438,SEG_A,SEG_B,0.36847853660583496,0.4245895743370056,0.20693188905715942,0.4245895743370056,0.064453488372093,0.5492523016337608,0.2225969363865414,0.3604651162790697,0.0097488372093023
10181,SEG_A,SEG_B,0.19712232053279877,0.4245254695415497,0.37835216522216797,0.4245254695415497,0.0381023255813953,0.9700831958561724,0.5463754947899251,1.1395348837209305,0.0556372093023255
2224,SEG_A,SEG_B,0.2994222640991211,0.42436766624450684,0.27621009945869446,0.42436766624450684,0.0800232558139534,1.3370939989001829,0.9885238367757488,1.7093023255813953,0.0046046511627906
6912,SEG_B,SEG_A,0.42434343695640564,0.3144713044166565,0.26118528842926025,0.42434343695640564,0.0216488372093023,0.7133024674933036,0.5700052769664132,0.7441860465116279,0.0
3434,SEG_A,SEG_B,0.23441427946090698,0.42433300614356995,0.34125274419784546,0.42433300614356995,0.0951976744186046,0.9960530750536604,0.9934638701222126,1.1162790697674418,0.0263697674418604
14578,SEG_A,SEG_C,0.31595849990844727,0.2597547471523285,0.42428678274154663,0.42428678274154663,0.0366232558139534,0.9474482465009846,0.5608021732182806,1.4069767441860466,0.0107255813953488
11849,SEG_B,SEG_C,0.2609612047672272,0.31495651602745056,0.42408233880996704,0.42408233880996704,0.0392255813953488,1.404244939953524,1.5465676589090196,1.3604651162790695,0.013153488372093
2889,SEG_C,SEG_B,0.2597191631793976,0.4239659309387207,0.3163148760795593,0.4239659309387207,0.1021048268195725,1.6641743387792032,1.143288964124494,1.813953488372093,0.0
3232,SEG_B,SEG_C,0.24610617756843567,0.32994815707206726,0.4239456355571747,0.4239456355571747,0.0358209302325581,2.334256367706688,2.0616272061271395,3.3144731353599783,0.0047488372093023
4531,SEG_C,SEG_B,0.16022293269634247,0.4239155948162079,0.41586142778396606,0.4239155948162079,0.1383733875565398,1.4353413868341227,0.9968666558060872,1.2325581395348837,0.0300046511627906
14584,SEG_A,SEG_C,0.24952715635299683,0.3267015814781189,0.4237712621688843,0.4237712621688843,0.0350325581395348,0.8832331080481791,0.5385045126733905,1.069767441860465,0.055553488372093
11023,SEG_A,SEG_C,0.338043749332428,0.23818713426589966,0.42376911640167236,0.42376911640167236,0.0536860465116279,0.8579018324375145,0.4619228878992218,1.5348837209302326,0.0052652687863235
6506,SEG_B,SEG_C,0.33588606119155884,0.2406390756368637,0.4234749376773834,0.4234749376773834,0.0652488372093023,3.501590067353458,2.6840157923339265,4.011627906976744,0.0599255813953488
4399,SEG_B,SEG_C,0.19115309417247772,0.3855713903903961,0.4232754707336426,0.4232754707336426,0.0777627906976744,0.864669256558991,0.4849736523296691,1.6395348837209305,0.0024372093023255
1976,SEG_A,SEG_B,0.352416068315506,0.4232751727104187,0.2243088185787201,0.4232751727104187,0.0577255813953488,0.6138488283398081,0.2405601460787693,0.5348837209302325,0.0
10090,SEG_B,SEG_A,0.42324796319007874,0.20085684955120087,0.3758951723575592,0.42324796319007874,0.0109883720930232,0.9642293296436238,0.7155287743316462,2.0930232558139537,0.0097488372093023
1693,SEG_A,SEG_C,0.3077718913555145,0.2690955400466919,0.4231325685977936,0.4231325685977936,0.019427994805135,1.3407482305358949,0.9491751567396574,1.3488372093023255,0.0407418604651162
13151,SEG_B,SEG_A,0.4229469895362854,0.2982843816280365,0.2787685990333557,0.4229469895362854,0.0514988811234977,0.3884927181452113,0.069790007963382,0.4883720930232558,0.0144581395348837
9071,SEG_A,SEG_B,0.2634509801864624,0.42292478680610657,0.3136242628097534,0.42292478680610657,0.0669255813953488,0.9312791584623846,0.5513723828847912,0.8255813953488372,0.0036255813953488
2912,SEG_A,SEG_B,0.2751866579055786,0.422743558883667,0.3020697236061096,0.422743558883667,0.0991813953488372,1.0638514891880866,0.5892915095642396,1.1395348837209305,0.0
2589,SEG_B,SEG_C,0.23122406005859375,0.34611383080482483,0.42266207933425903,0.42266207933425903,0.0589639974025675,1.6352243095098715,1.1917183331742218,2.069767441860465,0.0363302325581395
12643,SEG_C,SEG_B,0.38601425290107727,0.4226568639278412,0.19132882356643677,0.4226568639278412,0.0439116279069767,0.2370106256541252,-0.0901840992366979,0.2790697674418604,0.0
6548,SEG_B,SEG_C,0.20806454122066498,0.3693755269050598,0.4225599765777588,0.4225599765777588,0.0546605529446699,0.5668671172369752,0.2944033421816714,0.5465116279069767,0.0144348837209302
7415,SEG_A,SEG_C,0.3506423830986023,0.22688674926757812,0.4224708676338196,0.4224708676338196,0.0478697674418604,1.3557288063434625,0.953510952657896,1.3837209302325582,0.0
9856,SEG_B,SEG_A,0.42244404554367065,0.36424151062965393,0.2133144736289978,0.42244404554367065,0.0388441860465116,0.91181061855853,0.5281562081156275,0.5581395348837209,0.0048744186046511
13260,SEG_B,SEG_A,0.4224018156528473,0.22069202363491058,0.35690608620643616,0.4224018156528473,0.0175395348837209,1.5396111613715788,1.0617200680802992,1.813953488372093,0.0142465116279069
2317,SEG_C,SEG_A,0.4221864342689514,0.3022894561290741,0.2755241394042969,0.4221864342689514,0.0436023255813953,1.960175970766147,1.4079906401976017,2.2906976744186047,0.0675046511627907
10021,SEG_A,SEG_C,0.17593969404697418,0.4019109606742859,0.42214933037757874,0.42214933037757874,0.1061860465116279,1.2474056729285297,0.9277584899797016,1.1046511627906976,0.0475767441860465
787,SEG_A,SEG_B,0.15904615819454193,0.4220564663410187,0.4188973307609558,0.4220564663410187,0.0675734753849307,1.3519415322938289,0.94434571464217,1.372093023255814,0.0263720930232558
7112,SEG_B,SEG_C,0.20663562417030334,0.371315598487854,0.42204877734184265,0.42204877734184265,0.1154639974025675,1.537571177691448,1.0446928823404362,1.6395348837209305,0.0072813953488372
8873,SEG_A,SEG_C,0.32189178466796875,0.2561317980289459,0.42197638750076294,0.42197638750076294,0.0366488372093023,0.7088499813740621,0.3950311043724497,0.9883720930232558,0.038806976744186
17226,SEG_A,SEG_C,0.16745160520076752,0.4106083810329437,0.42194005846977234,0.42194005846977234,0.0694395348837209,1.461595089847977,0.9761199501266212,1.9069767441860463,0.1235142585028797
3444,SEG_C,SEG_A,0.4218190014362335,0.16150639951229095,0.4166746437549591,0.4218190014362335,0.0021441860465116,0.3678711439873698,0.0311947993390165,0.5116279069767442,0.0073116279069767
7072,SEG_B,SEG_C,0.19260111451148987,0.3858294188976288,0.42156943678855896,0.42156943678855896,0.0819860465116279,1.3713479857378534,0.9532573499718808,1.627906976744186,0.0
12403,SEG_A,SEG_C,0.2559150457382202,0.3226345479488373,0.4214504063129425,0.4214504063129425,0.0580071524009678,1.0132965858382246,0.560357551407381,0.8953488372093024,0.040353488372093
2333,SEG_A,SEG_C,0.4138745963573456,0.1647782176733017,0.4213472008705139,0.4213472008705139,0.0325954366656002,1.412830610398595,1.1849923804607363,1.430232558139535,0.0
3659,SEG_C,SEG_B,0.3665134310722351,0.4213109612464905,0.21217559278011322,0.4213109612464905,0.0518325581395348,0.8330229010341832,0.4298646569600213,0.5697674418604651,0.0
8531,SEG_A,SEG_C,0.3106399178504944,0.26805832982063293,0.42130178213119507,0.42130178213119507,0.0414767441860465,0.5362939705178011,0.1249086440673766,0.5348837209302325,0.0070651162790697
7674,SEG_A,SEG_C,0.3228723108768463,0.25592511892318726,0.42120257019996643,0.42120257019996643,0.0419186046511627,0.7961080659180814,0.5637788282161623,0.7906976744186046,0.0100023255813953
8868,SEG_B,SEG_C,0.2939445674419403,0.28500911593437195,0.4210463762283325,0.4210463762283325,0.0392325581395348,1.1001809376829337,0.8250109627119148,1.1395348837209305,0.0339325581395348
15165,SEG_A,SEG_B,0.3939990699291229,0.42093345522880554,0.18506745994091034,0.42093345522880554,0.0681488372093023,1.6202088626954236,1.0094905302195878,1.2674418604651163,0.0121860465116279
4833,SEG_C,SEG_A,0.42077428102493286,0.1922985166311264,0.38692715764045715,0.42077428102493286,0.0042883720930232,0.7467848083302291,0.4054939909474012,0.8372093023255814,0.0142465116279069
14208,SEG_A,SEG_C,0.3332032263278961,0.24603216350078583,0.42076465487480164,0.42076465487480164,0.073860465116279,1.1010324091320314,0.7097307192063593,1.627906976744186,0.045553488372093
2996,SEG_B,SEG_C,0.3858151137828827,0.19351471960544586,0.42067012190818787,0.42067012190818787,0.021213953488372,1.7296312064286097,1.2047939877267178,1.802325581395349,0.0361279069767441
14695,SEG_A,SEG_C,0.1593792587518692,0.4200567305088043,0.4205639958381653,0.4205639958381653,0.1142851032919074,2.7402752065125,1.9507460368508367,2.953488372093023,0.0617489897165561
9244,SEG_A,SEG_C,0.25351667404174805,0.3261048197746277,0.4203784763813019,0.4203784763813019,0.0429348837209302,0.7222074397317866,0.3734345619003024,0.8604651162790697,0.0494906976744186
13821,SEG_B,SEG_A,0.42035973072052,0.2397451251745224,0.3398951590061188,0.42035973072052,0.0041488372093023,1.0163730864066132,0.6429528086936084,1.744186046511628,0.0097488372093023
7933,SEG_A,SEG_C,0.3035505414009094,0.2761329710483551,0.4203164577484131,0.4203164577484131,0.0468511627906976,1.07183403402338,0.6788538797090561,1.0930232558139534,0.0214860465116279
6057,SEG_B,SEG_C,0.2648952007293701,0.31489476561546326,0.420210063457489,0.420210063457489,0.0944767441860465,1.0371986589324678,0.6959761273012405,1.0232558139534884,0.0048744186046511
16262,SEG_A,SEG_C,0.3621899485588074,0.21762388944625854,0.4201861321926117,0.4201861321926117,0.0143837209302325,0.8919163429301262,0.5557618031864949,1.186046511627907,0.0216209302325581
8458,SEG_A,SEG_B,0.3304298520088196,0.42015182971954346,0.24941830337047577,0.42015182971954346,0.1030850154635165,0.6862327710073972,0.4716477988170874,0.5465116279069767,0.0011883720930232
10432,SEG_C,SEG_B,0.18046650290489197,0.42007681727409363,0.399456650018692,0.42007681727409363,0.0710827777105121,2.420512199399165,1.8588205006732337,3.0348837209302326,0.0648116279069767
5939,SEG_A,SEG_C,0.3011704087257385,0.2788332402706146,0.4199962913990021,0.4199962913990021,0.0386605529446699,1.612465187235024,1.0688904482982453,1.7906976744186047,0.0146232558139534
4076,SEG_C,SEG_A,0.41988104581832886,0.40579646825790405,0.1743224710226059,0.41988104581832886,0.0541538396856566,1.077537118833484,0.6543978133197769,1.4186046511627908,0.0
2813,SEG_B,SEG_C,0.34129080176353455,0.23885859549045563,0.41985058784484863,0.41985058784484863,0.0367639974025675,1.1984549340996578,0.8461854215027116,1.3837209302325582,0.0447744186046511
8782,SEG_B,SEG_A,0.41972681879997253,0.2831990718841553,0.2970741093158722,0.41972681879997253,0.0437930232558139,0.7135242048498396,0.2991955573435064,0.7558139534883721,0.0073116279069767
13794,SEG_B,SEG_A,0.4196031391620636,0.3636411428451538,0.2167557179927826,0.4196031391620636,0.0310674418604651,0.4163251911376013,0.1337636288291468,0.4069767441860465,0.012060465116279
10200,SEG_A,SEG_C,0.3332970440387726,0.2471742331981659,0.41952866315841675,0.41952866315841675,0.0190395348837209,0.5299700211093964,0.1834228931154168,0.6627906976744186,0.0071558139534883
14381,SEG_A,SEG_C,0.2680058479309082,0.3127281367778778,0.4192660450935364,0.4192660450935364,0.049033764844428,1.1812835932095154,0.72721992355517,1.976744186046512,0.0756444910610193
10802,SEG_A,SEG_C,0.2197568267583847,0.36114373803138733,0.41909947991371155,0.41909947991371155,0.066702589066568,0.9261082433079668,0.5918477764267159,1.0465116279069768,0.0216209302325581
11721,SEG_C,SEG_B,0.275082528591156,0.419094443321228,0.30582305788993835,0.419094443321228,0.1130559017818792,1.6071168821953774,1.2740624936507303,2.0,0.0284930232558139
4492,SEG_B,SEG_C,0.3687268793582916,0.21219810843467712,0.41907498240470886,0.41907498240470886,0.0124465116279069,1.833643765632484,1.310837130906474,2.2209302325581395,0.0923652687863235
11866,SEG_A,SEG_C,0.31048452854156494,0.2705302834510803,0.41898518800735474,0.41898518800735474,0.0260488372093023,1.2170099160945844,0.8044791039562383,1.5465116279069768,0.0486325581395348
8988,SEG_A,SEG_B,0.3820306062698364,0.418893426656723,0.19907595217227936,0.418893426656723,0.0596860465116279,0.3757561243857875,0.0815317249259741,0.1860465116279069,0.0046511627906976
11054,SEG_A,SEG_C,0.34851935505867004,0.23272381722927094,0.41875678300857544,0.41875678300857544,0.0311441860465116,0.7913894949709969,0.3516298763114393,1.1046511627906976,0.0
9003,SEG_C,SEG_B,0.23201271891593933,0.41867920756340027,0.3493081331253052,0.41867920756340027,0.0711511627906976,1.0940787256310645,0.6553016528097635,1.2325581395348837,0.0383674418604651
2079,SEG_C,SEG_A,0.4186727702617645,0.22569333016872406,0.35563385486602783,0.4186727702617645,0.0044953488372093,1.2812960105014812,0.9250497347890824,1.627906976744186,0.0
11187,SEG_C,SEG_B,0.2637515068054199,0.4185785949230194,0.31766989827156067,0.4185785949230194,0.0621860465116279,0.9846912529047596,0.555406908614338,0.7093023255813954,0.0360558139534883
8510,SEG_B,SEG_C,0.2374243587255478,0.3440009653568268,0.418574720621109,0.418574720621109,0.0242674418604651,2.261756514643535,1.831152558833221,2.1511627906976742,0.0144348837209302
7186,SEG_A,SEG_B,0.30481958389282227,0.4184698760509491,0.27671048045158386,0.4184698760509491,0.0758558139534883,1.8353112305536337,1.239836265394249,2.4302325581395348,0.0
10601,SEG_A,SEG_B,0.3222227394580841,0.41841140389442444,0.25936585664749146,0.41841140389442444,0.0414953488372093,0.9868021925389816,0.6750014245331867,1.5465116279069768,0.0
13714,SEG_B,SEG_C,0.25731492042541504,0.3243538737297058,0.4183312654495239,0.4183312654495239,0.0372,0.9003423624784915,0.4792817132055465,1.0348837209302326,0.0630953488372093
2910,SEG_B,SEG_C,0.3625471293926239,0.2192157804965973,0.4182370901107788,0.4182370901107788,0.0325372093023255,0.9472974650985402,0.5136408343057322,1.1395348837209305,0.0243093023255813
15853,SEG_B,SEG_A,0.4181639552116394,0.3697613775730133,0.21207468211650848,0.4181639552116394,0.0552767441860465,0.7215244886736559,0.3105823402343413,0.7558139534883721,0.0219489897165561
14101,SEG_A,SEG_C,0.347177654504776,0.2347072809934616,0.4181150794029236,0.4181150794029236,0.0,0.3930693771841129,0.1220676294033558,1.7325581395348837,0.0646767441860465
1522,SEG_B,SEG_C,0.25440192222595215,0.3276728689670563,0.4179252088069916,0.4179252088069916,0.0696744186046511,1.5088162772958686,0.9388887650164378,1.6395348837209305,0.0464651162790697
9053,SEG_B,SEG_A,0.4179125726222992,0.36870208382606506,0.21338532865047455,0.4179125726222992,0.0813315270914235,0.5923403047558229,0.2773328010839533,0.5232558139534884,0.0118720930232558
19455,SEG_B,SEG_A,0.4178600311279297,0.31232714653015137,0.26981279253959656,0.4178600311279297,0.0428558139534883,1.2910968016603694,0.6900587403162711,2.0,0.0557418604651162
7826,SEG_C,SEG_B,0.31814801692962646,0.4176458418369293,0.2642061114311218,0.4176458418369293,0.054853488372093,1.4856314192964717,1.029650729237119,2.546511627906977,0.0073116279069767
3448,SEG_A,SEG_B,0.341207355260849,0.4174228012561798,0.24136985838413239,0.4174228012561798,0.082460465116279,0.7254980221027797,0.3856805924076097,0.3953488372093023,0.0097488372093023
11118,SEG_A,SEG_C,0.3413424491882324,0.24136567115783691,0.4172918498516083,0.4172918498516083,0.0651291136816373,2.7306245897858905,2.132717265393694,3.63953488372093,0.0386023255813953
13419,SEG_B,SEG_A,0.41728073358535767,0.4139024615287781,0.16881684958934784,0.41728073358535767,0.064756077438661,1.1133432671669063,0.6714841364595174,1.255813953488372,0.0097488372093023
12357,SEG_B,SEG_A,0.417220801115036,0.4055995047092438,0.17717964947223663,0.417220801115036,0.047160465116279,0.8167119010874001,0.3205285355441767,1.244186046511628,0.021860465116279
15331,SEG_C,SEG_A,0.4169260561466217,0.29692932963371277,0.2861446142196655,0.4169260561466217,0.0405860465116279,1.5769339932237063,1.0474412906518418,1.8953488372093024,0.0604697674418604
5025,SEG_A,SEG_B,0.32419782876968384,0.41676050424575806,0.2590416669845581,0.41676050424575806,0.0280395348837209,0.9949355187767194,0.5872625674795178,0.9418604651162792,0.0268232558139534
4698,SEG_C,SEG_A,0.4166153371334076,0.2747766673564911,0.3086079955101013,0.4166153371334076,0.0428988811234977,0.8286413708690331,0.4389596936901256,0.8255813953488372,0.0
12052,SEG_A,SEG_C,0.36583349108695984,0.21761903166770935,0.4165474772453308,0.4165474772453308,0.0021325581395348,1.4345697408333775,0.8425345789947009,1.7906976744186047,0.0706325581395348
5175,SEG_A,SEG_B,0.40739503502845764,0.4164888262748718,0.17611610889434814,0.4164888262748718,0.0387883720930232,1.3901335745835772,0.9627008452686197,1.9069767441860463,0.0072488372093023
18287,SEG_A,SEG_B,0.35947367548942566,0.4162963628768921,0.22422996163368225,0.4162963628768921,0.0648360904258233,1.1090060844730634,0.9431471495818003,1.186046511627907,0.055553488372093
2041,SEG_B,SEG_A,0.41614335775375366,0.18570572137832642,0.39815086126327515,0.41614335775375366,0.0193279069767441,0.887348553385486,0.5168639954811329,0.9883720930232558,0.0036558139534883
11562,SEG_A,SEG_C,0.3148624002933502,0.269069641828537,0.4160679578781128,0.4160679578781128,0.012453488372093,0.8855657850389372,0.951905128474768,1.5,0.0632675943677189
17014,SEG_A,SEG_C,0.2932793200016022,0.2906912863254547,0.4160293638706207,0.4160293638706207,0.0357348837209302,0.6257782981214411,0.1771927933203977,0.6046511627906976,0.031360465116279
4618,SEG_A,SEG_B,0.31560221314430237,0.415724515914917,0.26867327094078064,0.415724515914917,0.0550488372093023,0.5865485250031043,0.3245129954588359,0.6627906976744186,0.0097186046511627
9290,SEG_B,SEG_C,0.1900598704814911,0.39422640204429626,0.41571375727653503,0.41571375727653503,0.1066536640288748,2.5411633228673307,1.9104545100302104,3.313953488372093,0.0301511627906976
1922,SEG_C,SEG_B,0.20066818594932556,0.4154420793056488,0.38388973474502563,0.4154420793056488,0.0648395348837209,0.7227750873645186,0.32708582626641,0.8488372093023255,0.0191395348837209
7335,SEG_A,SEG_C,0.35052669048309326,0.23404987156391144,0.4154234826564789,0.4154234826564789,0.014853488372093,1.2752292764266584,0.7996257813254848,1.686046511627907,0.0146232558139534
13436,SEG_C,SEG_A,0.41535329818725586,0.3707742691040039,0.21387244760990143,0.41535329818725586,0.019713953488372,0.3679066219644156,0.0430803610138712,0.5697674418604651,0.0047488372093023
18986,SEG_B,SEG_A,0.41529184579849243,0.41152626276016235,0.1731819063425064,0.41529184579849243,0.0410826020537303,0.5850407109786601,0.4635174071037778,0.5930232558139535,0.0012186046511627
3365,SEG_C,SEG_A,0.4152560532093048,0.27025893330574036,0.31448501348495483,0.4152560532093048,0.0485116279069767,0.9849307292498182,0.570773286162704,0.9186046511627908,0.0023023255813953
646,SEG_B,SEG_C,0.38697177171707153,0.19781100749969482,0.4152172803878784,0.4152172803878784,0.0086395348837209,0.3730775371188335,0.0523930918811517,0.6162790697674418,0.0
6673,SEG_A,SEG_B,0.27807772159576416,0.4150356650352478,0.30688661336898804,0.4150356650352478,0.1183640852309584,1.3498932860896018,0.9226705321577656,1.127906976744186,0.0
14231,SEG_A,SEG_B,0.3746494650840759,0.4149988293647766,0.21035173535346985,0.4149988293647766,0.0261116279069767,1.123809270395402,0.5876267524855008,1.0465116279069768,0.0119720930232558
1281,SEG_A,SEG_C,0.37101849913597107,0.21402230858802795,0.41495922207832336,0.41495922207832336,0.0280093023255813,1.6770439749525483,1.1925900738527553,1.7325581395348837,0.0024372093023255
4092,SEG_B,SEG_A,0.41476383805274963,0.4110751152038574,0.17416101694107056,0.41476383805274963,0.0305720930232558,0.2215244886736558,-0.1297947928976491,0.127906976744186,0.0192465116279069
7695,SEG_A,SEG_B,0.3310880959033966,0.4145413339138031,0.2543705701828003,0.4145413339138031,0.0672837209302325,1.070955954091498,0.799170550068006,1.337209302325581,0.0338697674418604
14659,SEG_C,SEG_A,0.4144960045814514,0.3651341199874878,0.22036990523338318,0.4144960045814514,0.0728976744186046,0.5447288595604279,0.2028815786044623,0.3953488372093023,0.0048395348837209
6092,SEG_A,SEG_C,0.25444889068603516,0.33112257719039917,0.4144285023212433,0.4144285023212433,0.0533780387193305,1.0398861156936834,0.6643053318917591,1.2325581395348837,0.0475767441860465
6836,SEG_A,SEG_B,0.4062868654727936,0.41442611813545227,0.17928700149059296,0.41442611813545227,0.0549744186046511,0.7322831852127792,1.0432885203005218,0.8255813953488372,0.0
15057,SEG_C,SEG_A,0.4144131541252136,0.2954898774623871,0.2900969982147217,0.4144131541252136,0.0370046511627907,0.6605289766377522,0.3031629591642077,0.8023255813953488,0.0219418604651162
2169,SEG_A,SEG_B,0.2585638165473938,0.41427648067474365,0.32715973258018494,0.41427648067474365,0.0914651162790697,2.114718038777429,2.102977934376576,2.5,0.0
1647,SEG_A,SEG_B,0.32809001207351685,0.4142453372478485,0.25766465067863464,0.4142453372478485,0.0375232558139534,0.3660617671580367,0.0111887791378972,0.5348837209302325,0.0023255813953488
2405,SEG_B,SEG_C,0.4051249325275421,0.18067492544651031,0.41420015692710876,0.41420015692710876,0.0066488372093023,1.212309084136023,0.7823207999187397,1.244186046511628,0.0289511627906976
6052,SEG_C,SEG_A,0.41418972611427307,0.22184456884860992,0.3639656901359558,0.41418972611427307,0.0222279069767441,1.0038404910152023,0.634438771086188,0.9651162790697676,0.0073116279069767
11701,SEG_A,SEG_C,0.21645216643810272,0.3694344758987427,0.4141134023666382,0.4141134023666382,0.066894229960707,1.735662462526387,1.299257283712433,1.4186046511627908,0.0
9221,SEG_B,SEG_C,0.31573715806007385,0.2701902389526367,0.41407260298728943,0.41407260298728943,0.0280720930232558,0.7926400936618595,0.3367416838230011,1.186046511627907,0.0604906976744186
17696,SEG_A,SEG_B,0.29228290915489197,0.41406503319740295,0.29365208745002747,0.41406503319740295,0.0079372093023255,0.2817660936973374,-0.0604832016569179,1.9069767441860463,0.0300581395348837
1218,SEG_B,SEG_A,0.414032518863678,0.3219617009162903,0.2640058100223541,0.414032518863678,0.0129593462397768,0.281739485214553,-0.0027843313221996,1.1511627906976745,0.0191209302325581
12044,SEG_A,SEG_C,0.31988972425460815,0.26637768745422363,0.4137325882911682,0.4137325882911682,0.0516779508909396,2.158027779256027,1.5615562584593143,2.453488372093024,0.0520046511627907
13776,SEG_A,SEG_B,0.2535165250301361,0.41363051533699036,0.33285292983055115,0.41363051533699036,0.0689663229839629,2.3245442714904145,1.8367139060989248,2.732558139534884,0.0133418604651162
14869,SEG_C,SEG_A,0.41362619400024414,0.3628441393375397,0.2235296666622162,0.41362619400024414,0.0518325581395348,0.5025189363702481,0.162684786728801,0.3255813953488372,0.0
13235,SEG_A,SEG_C,0.1868419200181961,0.3996502161026001,0.413507878780365,0.413507878780365,0.1482630541828471,1.7683731573625674,1.1498845784093183,2.2209302325581395,0.0872793747819495
9677,SEG_A,SEG_B,0.254040390253067,0.41345295310020447,0.3325066864490509,0.41345295310020447,0.1268861343400188,1.6799886470473455,1.2439135505103596,2.442120288610222,0.0048744186046511
13987,SEG_B,SEG_C,0.23631887137889862,0.35024306178092957,0.41343802213668823,0.41343802213668823,0.0965584030200564,1.1527592996647331,0.8407285888317987,0.9534883720930232,0.0565837209302325
9463,SEG_C,SEG_B,0.18620537221431732,0.41323864459991455,0.4005559980869293,0.41323864459991455,0.0876023255813953,1.8496265942915933,1.3670891955970776,2.9302325581395348,0.0118906976744186
9113,SEG_B,SEG_C,0.37020617723464966,0.21655619144439697,0.41323763132095337,0.41323763132095337,0.0353361782542142,1.7863072747591937,1.3265051046089744,1.802325581395349,0.0454906976744186
7607,SEG_B,SEG_A,0.41321107745170593,0.24666067957878113,0.34012821316719055,0.41321107745170593,0.0127953488372093,0.4247334716974439,-0.0017125366352774,0.6976744186046512,0.0146232558139534
3793,SEG_A,SEG_C,0.39638033509254456,0.19051949679851532,0.4131002128124237,0.4131002128124237,0.0,1.0497933407837086,0.5660426378750667,1.6744186046511629,0.0293373618095794
6432,SEG_A,SEG_B,0.38393348455429077,0.41300344467163086,0.20306308567523956,0.41300344467163086,0.0677234314707352,1.0353715431146118,0.5988874244269141,0.9418604651162792,0.0
11149,SEG_A,SEG_C,0.3442246913909912,0.24278904497623444,0.4129863381385803,0.4129863381385803,0.0466883720930232,0.9647881077820945,0.5466076290565131,0.9767441860465116,0.0024372093023255
12866,SEG_B,SEG_A,0.4129573702812195,0.3529341518878937,0.23410841822624207,0.4129573702812195,0.0089976744186046,0.4058769268976283,0.0590388488780871,0.5930232558139535,0.0119906976744186
10832,SEG_C,SEG_A,0.4128478765487671,0.21894749999046326,0.3682045638561249,0.4128478765487671,0.0149511627906976,0.9235272204778884,0.4523557616115531,1.0930232558139534,0.1205751811409203
15476,SEG_A,SEG_C,0.2200612872838974,0.36710119247436523,0.41283750534057617,0.41283750534057617,0.082153488372093,3.131304600016482,2.4305986436173845,5.710861266545052,0.0431162790697674
19404,SEG_A,SEG_B,0.35414808988571167,0.41277456283569336,0.23307739198207855,0.41277456283569336,0.0779338526728189,1.3823284196335126,0.9291700772774024,1.5813953488372092,0.0189023255813953
7735,SEG_C,SEG_B,0.1937689334154129,0.41267356276512146,0.39355751872062683,0.41267356276512146,0.0919674418604651,0.560614123782662,0.2829884724297085,0.2906976744186046,0.0023744186046511
4204,SEG_C,SEG_A,0.4125431180000305,0.28186333179473877,0.3055935800075531,0.4125431180000305,0.0862779508909396,1.0226349493551878,0.5425690891677902,1.372093023255814,0.0169348837209302
2368,SEG_B,SEG_C,0.20370866358280182,0.38380205631256104,0.4124893248081207,0.4124893248081207,0.0726162790697674,2.0881893814414703,1.5950436154900025,3.3025854048892915,0.0023767441860465
959,SEG_C,SEG_A,0.41240134835243225,0.31718018651008606,0.2704184949398041,0.41240134835243225,0.0391883720930232,0.3343533251733986,0.0233277005916885,0.3837209302325581,0.0318234083212073
2031,SEG_A,SEG_C,0.257091760635376,0.330575555562973,0.4123327434062958,0.4123327434062958,0.0730744186046511,1.2179589519805585,0.9148754197611084,1.7325581395348837,0.0194348837209302
5215,SEG_B,SEG_A,0.41233012080192566,0.272148072719574,0.315521776676178,0.41233012080192566,0.0409441860465116,0.7167172227839569,0.3418588953910276,1.1511627906976745,0.062735036228184
4993,SEG_B,SEG_A,0.4121934473514557,0.3786504566669464,0.2091560810804367,0.4121934473514557,0.0345674418604651,0.4745090734926295,0.2542418850450726,0.2790697674418604,0.0098699199491142
5079,SEG_B,SEG_A,0.4119255840778351,0.3533236086368561,0.23475085198879242,0.4119255840778351,0.0353279069767441,1.2545456158089865,0.8502679361115447,1.4883720930232558,0.0126627906976744
11112,SEG_A,SEG_C,0.24113143980503082,0.3471793532371521,0.4116891622543335,0.4116891622543335,0.0130117157353676,4.322293240858504,3.5402365237031668,5.850915797253868,0.0336933282703216
11683,SEG_B,SEG_A,0.4116658866405487,0.4064376950263977,0.1818964034318924,0.4116658866405487,0.0650395348837209,0.7402745995423341,0.3260273361724898,0.6744186046511628,0.0
921,SEG_A,SEG_B,0.3654237985610962,0.4116224944591522,0.22295373678207397,0.4116224944591522,0.0369046511627906,0.7800631507991416,0.4075502736342443,1.2674418604651163,0.0
8191,SEG_C,SEG_A,0.4114415645599365,0.21546736359596252,0.37309107184410095,0.4114415645599365,0.021506976744186,0.8675163642169124,0.5144658248294895,0.8837209302325582,0.0108953488372093
7155,SEG_A,SEG_C,0.34464988112449646,0.24403847754001617,0.41131168603897095,0.41131168603897095,0.0355720930232558,1.4861990669292038,0.9564544979325688,2.255813953488372,0.0
13108,SEG_C,SEG_A,0.41119876503944397,0.24023161828517914,0.3485695719718933,0.41119876503944397,0.0167697674418604,0.6446171039327339,0.2516076454937478,1.127906976744186,0.062753488372093
14580,SEG_B,SEG_A,0.41111502051353455,0.39402785897254944,0.1948571652173996,0.41111502051353455,0.0877792454242236,1.034271725826193,0.5403798506764811,0.8023255813953488,0.0464235608284611
3726,SEG_C,SEG_A,0.41109204292297363,0.31983107328414917,0.26907679438591003,0.41109204292297363,0.0537511627906976,1.0305376687421284,0.7713382684117818,1.1744186046511629,0.0
13650,SEG_A,SEG_C,0.33674705028533936,0.2522079050540924,0.41104504466056824,0.41104504466056824,0.0304465116279069,4.091526739164431,3.373613107770168,5.233597433510655,0.0023255813953488
732,SEG_A,SEG_C,0.3366881012916565,0.2523766756057739,0.4109352231025696,0.4109352231025696,0.0621348837209302,0.7175775637273164,0.4695118929940219,0.872093023255814,0.0
1466,SEG_C,SEG_B,0.21084623038768768,0.41067248582839966,0.37848126888275146,0.41067248582839966,0.0520581395348837,0.7653220513366328,0.3810717502110746,0.6046511627906976,0.0194976744186046
12635,SEG_C,SEG_B,0.34801289439201355,0.41061973571777344,0.2413674294948578,0.41061973571777344,0.0455232558139534,0.5227591222748479,0.4362762950245391,0.5116279069767442,0.0482418604651162
2783,SEG_C,SEG_B,0.18426844477653503,0.41044220328330994,0.40528932213783264,0.41044220328330994,0.043561759649563,2.585484792661897,2.0128400104000126,3.3372093023255816,0.0929404499272439
5052,SEG_A,SEG_C,0.20331300795078278,0.3863270580768585,0.4103599190711975,0.4103599190711975,0.0688697674418604,0.8734766643605982,0.5108084907132824,0.9418604651162792,0.0024372093023255
4264,SEG_A,SEG_C,0.32676661014556885,0.26294174790382385,0.4102916717529297,0.4102916717529297,0.0301826020537303,0.7144200237702447,0.4281679257577302,1.0465116279069768,0.0097488372093023
3712,SEG_A,SEG_C,0.32076549530029297,0.2691000998020172,0.4101344645023346,0.4101344645023346,0.0539372093023255,0.6600322849591117,0.5410370849343847,0.813953488372093,0.0096860465116279
19224,SEG_B,SEG_A,0.4097413718700409,0.38134923577308655,0.20890940725803375,0.4097413718700409,0.0903116279069767,1.428893264506058,0.9600610710226224,1.558139534883721,0.0073116279069767
2356,SEG_C,SEG_B,0.29289939999580383,0.409694105386734,0.29740649461746216,0.409694105386734,0.0916571963151632,0.6254057793624608,0.2561091380803239,0.3837209302325581,0.0
6547,SEG_A,SEG_B,0.2458650767803192,0.4095551371574402,0.3445798456668854,0.4095551371574402,0.0904258448805215,1.416724318379366,1.0824023343803142,1.3953488372093024,0.020560465116279
2165,SEG_A,SEG_C,0.24703136086463928,0.34342002868652344,0.4095485806465149,0.4095485806465149,0.0443674418604651,0.7970393628155322,0.5246865407627075,0.7441860465116279,0.013813953488372
11992,SEG_C,SEG_A,0.4095194935798645,0.27771779894828796,0.3127627372741699,0.4095194935798645,0.0406372093023255,1.220513366327852,0.7774278381036616,1.2674418604651163,0.0
6983,SEG_B,SEG_A,0.4088954031467438,0.3380444645881653,0.25306013226509094,0.4088954031467438,0.0582141291451538,0.6221684139570363,0.2645854085266462,0.6511627906976745,0.0048744186046511
12211,SEG_A,SEG_B,0.3632064163684845,0.40889397263526917,0.22789964079856873,0.40889397263526917,0.0620198113560559,4.156427863526193,3.6657742491373697,4.616798716755327,0.0
7077,SEG_C,SEG_A,0.4086931347846985,0.20634934306144714,0.38495758175849915,0.4086931347846985,0.0171837209302325,0.9439980132332856,0.5622514808951519,0.9534883720930232,0.0097488372093023
8009,SEG_C,SEG_A,0.40867385268211365,0.2257857322692871,0.36554035544395447,0.40867385268211365,0.0241744186046511,0.6219555460947618,0.1609728694557787,0.8953488372093024,0.0135558139534883
7036,SEG_B,SEG_C,0.3209916651248932,0.27046650648117065,0.4085417687892914,0.4085417687892914,0.0366000878283909,1.2898018554981996,0.9006698017336,1.3255813953488371,0.0012186046511627
1848,SEG_C,SEG_B,0.19866210222244263,0.4085026979446411,0.39283517003059387,0.4085026979446411,0.0711907855028095,0.7912475830628138,0.3899343957664162,0.6627906976744186,0.088860465116279
107,SEG_B,SEG_A,0.4084870219230652,0.2443190962076187,0.3471938967704773,0.4084870219230652,0.0391906976744186,0.5720646408741774,0.2057601928446317,0.5813953488372093,0.0
1181,SEG_A,SEG_B,0.2941702902317047,0.40824374556541443,0.29758596420288086,0.40824374556541443,0.0392001756567817,1.0178986394195804,0.563089367863568,1.0,0.0397744186046511
2436,SEG_A,SEG_B,0.29708534479141235,0.40822166204452515,0.2946930229663849,0.40822166204452515,0.1057735632133216,2.011902861298849,1.4069641697448028,2.6744186046511627,0.040881547856091
7776,SEG_A,SEG_C,0.39122697710990906,0.2007993757724762,0.40797367691993713,0.40797367691993713,0.0194930232558139,0.7285934756000214,0.5486589568453155,0.7674418604651163,0.0097488372093023
9286,SEG_B,SEG_C,0.3740467131137848,0.21801742911338806,0.4079359173774719,0.4079359173774719,0.0323093023255813,0.418569173185745,0.1373641002501221,0.4186046511627907,0.0449189096656704
17561,SEG_A,SEG_B,0.3001364469528198,0.4077182710170746,0.2921452224254608,0.4077182710170746,0.0244372093023255,1.1836783566601032,0.8664048003052217,1.4651162790697674,0.0385558139534883
14671,SEG_A,SEG_B,0.39872434735298157,0.40752214193344116,0.19375352561473846,0.40752214193344116,0.0498302325581395,0.3878008975928192,0.0155726251793053,0.2209302325581395,0.0060930232558139
4129,SEG_A,SEG_C,0.3511769473552704,0.24141530692577362,0.4074077904224396,0.4074077904224396,0.0521186046511627,0.6244212654994413,0.2907918174813757,0.6976744186046512,0.0
2109,SEG_C,SEG_A,0.4071580171585083,0.2557564079761505,0.33708563446998596,0.4071580171585083,0.029153488372093,3.990005900877856,3.122944773511843,4.886059341678044,0.0
10799,SEG_B,SEG_C,0.20159083604812622,0.3912670910358429,0.40714213252067566,0.40714213252067566,0.0822698552702513,1.343905770492967,0.9121893203157064,1.5930232558139534,0.033806976744186
2915,SEG_C,SEG_B,0.2344328761100769,0.40690481662750244,0.35866230726242065,0.40690481662750244,0.0447152480216561,1.0313980096854878,0.5618230486784042,1.7325581395348837,0.0368234083212073
12827,SEG_A,SEG_B,0.3767581880092621,0.4064651429653168,0.21677666902542114,0.4064651429653168,0.0485384160072187,0.4881326166781971,0.2481414614574746,0.686046511627907,0.0
3653,SEG_C,SEG_B,0.2334362119436264,0.4064283072948456,0.3601354956626892,0.4064283072948456,0.0569674418604651,1.0234243343444556,0.6791802616681655,1.9069767441860463,0.0382976744186046
5037,SEG_A,SEG_B,0.26471999287605286,0.40639275312423706,0.32888728380203247,0.40639275312423706,0.0393651162790697,1.1209355542546966,0.8579802349117162,0.872093023255814,0.0263697674418604
4644,SEG_C,SEG_B,0.21869392693042755,0.4063011407852173,0.37500494718551636,0.4063011407852173,0.0707744186046511,1.47488159225161,1.1033316479147526,1.8604651162790693,0.0518699199491142
16692,SEG_A,SEG_B,0.27918702363967896,0.4061383008956909,0.31467461585998535,0.4061383008956909,0.1094025012381771,1.968353644475192,1.353365427395969,2.127906976744186,0.0
1489,SEG_A,SEG_C,0.18906912207603455,0.40480679273605347,0.4061240553855896,0.4061240553855896,0.1276792454242236,1.483343089777021,1.0967190880395656,1.6162790697674418,0.1210514678052053
10510,SEG_B,SEG_C,0.2356865108013153,0.3582029938697815,0.4061104953289032,0.4061104953289032,0.0867245503472375,0.9906338140599223,0.7187398930295189,0.9767441860465116,0.0268465116279069
7978,SEG_A,SEG_C,0.29254981875419617,0.30141744017601013,0.4060327410697937,0.4060327410697937,0.0553883720930232,1.633725364979689,1.231586360156674,2.011627906976744,0.0215581395348837
15495,SEG_A,SEG_B,0.23357191681861877,0.4060156047344208,0.36041250824928284,0.4060156047344208,0.0974744186046511,1.4089812498891314,0.9492787644711632,2.0348837209302326,0.0608770492005541
5668,SEG_A,SEG_B,0.3261554539203644,0.405939519405365,0.26790502667427063,0.405939519405365,0.065713953488372,0.8308676139286539,0.4491367328888789,0.7093023255813954,0.0698232558139534
18343,SEG_A,SEG_B,0.3866235315799713,0.40588629245758057,0.2074902206659317,0.40588629245758057,0.0550999999999999,0.6439252833803416,0.2174686169145354,0.5232558139534884,0.0374883720930232
8398,SEG_C,SEG_B,0.23914434015750885,0.40578943490982056,0.3550662100315094,0.40578943490982056,0.0419186046511627,0.6828446241995282,0.381554401064312,0.6976744186046512,0.0048116279069767
9949,SEG_C,SEG_B,0.23257684707641602,0.40558111667633057,0.3618420660495758,0.40558111667633057,0.0825781265477214,1.1274457630425914,0.8773470009558216,1.0348837209302326,0.0071232558139534
2599,SEG_A,SEG_B,0.2842515707015991,0.4054913818836212,0.3102570176124573,0.4054913818836212,0.0552325581395348,1.3836854522555126,0.9901292237408984,1.4883720930232558,0.0
5969,SEG_A,SEG_B,0.26816999912261963,0.4053659737110138,0.3264639973640442,0.4053659737110138,0.0391767441860465,1.171110283291647,0.7003098049999876,1.441860465116279,0.0178744186046511
9353,SEG_C,SEG_B,0.2117382436990738,0.40534502267837524,0.38291671872138977,0.40534502267837524,0.0324453927514047,0.4323612367622798,0.2589284282834895,0.6744186046511628,0.0144976744186046
4971,SEG_B,SEG_C,0.27703359723091125,0.3176572024822235,0.4053092300891876,0.4053092300891876,0.0021441860465116,1.2402657300480728,1.5210262595371995,1.6162790697674418,0.0142465116279069
585,SEG_B,SEG_C,0.20589138567447662,0.3888268768787384,0.4052817225456238,0.4052817225456238,0.0560581395348837,1.626807159455768,1.12523133180227,1.872093023255814,0.021206976744186
15329,SEG_A,SEG_C,0.24072864651679993,0.3539959490299225,0.4052753448486328,0.4052753448486328,0.0234581395348837,0.267335426533979,-0.1372556306222609,0.4767441860465116,0.0267116279069767
5896,SEG_B,SEG_C,0.2551179528236389,0.3396300971508026,0.40525197982788086,0.40525197982788086,0.1065292893384191,0.8160112110407465,0.573709431410288,0.5930232558139535,0.0361186046511627
4361,SEG_C,SEG_B,0.22418907284736633,0.40516650676727295,0.3706444203853607,0.40516650676727295,0.0622023255813953,1.6750749472265092,1.301649857175064,1.6162790697674418,0.0373906976744186
2486,SEG_A,SEG_C,0.359848290681839,0.23508167266845703,0.4050700068473816,0.4050700068473816,0.0368627906976744,0.9557412236354283,0.5762286289053886,1.2209302325581397,0.0024465116279069
3045,SEG_A,SEG_B,0.3940759003162384,0.40494897961616516,0.20097514986991882,0.40494897961616516,0.0855267881002419,1.5304134958224682,1.0785936753718677,1.4651162790697674,0.0048116279069767
6423,SEG_B,SEG_A,0.4047563374042511,0.267054945230484,0.3281887471675873,0.4047563374042511,0.0477093023255813,0.9232345271672612,0.6018658907296335,1.1395348837209305,0.0
8491,SEG_A,SEG_C,0.3092159926891327,0.28608423471450806,0.40469974279403687,0.40469974279403687,0.0456630541828471,0.6266563780533234,0.3566945496596873,0.8604651162790697,0.0484768966933003
19936,SEG_C,SEG_B,0.2679813504219055,0.4046446979045868,0.3273739516735077,0.4046446979045868,0.0854722686800376,0.8110088162772959,0.4132788019133439,0.7209302325581395,0.0266837209302325
5361,SEG_A,SEG_C,0.2441968321800232,0.3511629104614258,0.4046403169631958,0.4046403169631958,0.0514419482935071,1.1977985915243112,0.7335404714623937,1.3837209302325582,0.0
4705,SEG_B,SEG_A,0.40458929538726807,0.20580631494522095,0.3896044194698334,0.40458929538726807,0.023,1.1278892377556633,0.7609391761491028,1.3488372093023255,0.0
12578,SEG_B,SEG_C,0.39700761437416077,0.19849811494350433,0.4044942855834961,0.4044942855834961,0.0043302325581395,1.1706756780728365,0.971433774071514,1.430232558139535,0.0214860465116279
676,SEG_C,SEG_A,0.4043905735015869,0.3349235951900482,0.2606858015060425,0.4043905735015869,0.0432209302325581,0.6139552622709453,0.3195488069844242,0.8953488372093024,0.0036558139534883
8482,SEG_A,SEG_C,0.31692928075790405,0.27886149287223816,0.4042092561721802,0.4042092561721802,0.0372767441860465,0.8044719990066167,0.452646789045903,0.627906976744186,0.0
11863,SEG_C,SEG_A,0.40416234731674194,0.29929104447364807,0.29654666781425476,0.40416234731674194,0.0689757131379351,2.025499796001632,1.446992845529389,2.3488372093023258,0.0362232558139534
3632,SEG_B,SEG_C,0.3166922330856323,0.2792569398880005,0.4040507674217224,0.4040507674217224,0.0675037957714611,1.3214393415287462,0.9437660149623852,2.2209302325581395,0.0096581395348837
7463,SEG_A,SEG_C,0.3930491507053375,0.2029750794172287,0.40397578477859497,0.40397578477859497,0.0281279069767441,0.9561048729001472,0.5300985281475371,1.0930232558139534,0.0
14932,SEG_C,SEG_B,0.298154354095459,0.40392571687698364,0.29791995882987976,0.40392571687698364,0.0380860465116279,1.4577102513614677,1.0081340931706635,1.9534883720930232,0.1587168890987827
4169,SEG_C,SEG_B,0.3697271943092346,0.40392136573791504,0.22635141015052795,0.40392136573791504,0.0058232558139534,1.2445230872935626,0.91297031272839,2.488372093023256,0.0046046511627906
8455,SEG_B,SEG_C,0.3005145788192749,0.29563164710998535,0.40385377407073975,0.40385377407073975,0.0401186046511627,0.4289110034945807,0.0869670291560743,0.5,0.0073116279069767
7379,SEG_B,SEG_A,0.40366241335868835,0.34727713465690613,0.2490604817867279,0.40366241335868835,0.0418116279069767,1.047425185815905,0.6101560545137883,1.1395348837209305,0.0
5187,SEG_B,SEG_A,0.4036373198032379,0.29279178380966187,0.30357086658477783,0.4036373198032379,0.0376744186046511,0.7673620350167634,0.507099749529904,0.8023255813953488,0.0
14098,SEG_A,SEG_C,0.40060338377952576,0.19581639766693115,0.40358027815818787,0.40358027815818787,0.0043395348837209,1.1810618558529795,0.7225436712326052,1.569767441860465,0.0194348837209302
6116,SEG_A,SEG_C,0.3146144449710846,0.2818922996520996,0.40349331498146057,0.40349331498146057,0.0397186046511627,1.2439199616837848,0.8011629861277012,1.7674418604651163,0.0183279069767441
2928,SEG_A,SEG_B,0.2038557529449463,0.40347808599472046,0.39266619086265564,0.40347808599472046,0.0918850154635165,1.3123658488992958,0.8595748096431849,1.9069767441860463,0.0366491422238099
5411,SEG_B,SEG_C,0.3849317729473114,0.21166539192199707,0.4034028947353363,0.4034028947353363,0.0226209302325581,1.7007432636191089,1.8047374722021616,2.6627906976744184,0.0150652687863236
8841,SEG_C,SEG_A,0.4033738374710083,0.24101832509040833,0.3556078374385834,0.4033738374710083,0.015260465116279,0.2192095506714207,-0.0262258236230998,0.4186046511627907,0.028806976744186
14853,SEG_A,SEG_C,0.25006645917892456,0.34660881757736206,0.4033246636390686,0.4033246636390686,0.0796851911202983,1.783842769294844,1.1789310079591504,1.7674418604651163,0.0486955013444631
9805,SEG_A,SEG_B,0.2367125153541565,0.4033105969429016,0.3599768579006195,0.4033105969429016,0.0428348837209302,1.146790130026786,0.6866869321996526,1.662790697674419,0.0024372093023255
4272,SEG_A,SEG_C,0.2556804418563843,0.3410658538341522,0.4032536745071411,0.4032536745071411,0.0400465116279069,0.4597945825129051,0.1050958648898401,0.313953488372093,0.0169348837209302
6486,SEG_A,SEG_C,0.327089786529541,0.2696800231933594,0.403230220079422,0.403230220079422,0.0132093023255813,0.449488230181115,0.1422452129491305,0.7325581395348838,0.0189953488372093
10036,SEG_A,SEG_B,0.311384916305542,0.403205931186676,0.285409152507782,0.403205931186676,0.0374581395348837,0.2308463271424263,-0.1026264675788634,0.1627906976744186,0.0073116279069767
302,SEG_C,SEG_A,0.4031856060028076,0.22343887388706207,0.3733755052089691,0.4031856060028076,0.0297697674418604,0.4674933035318326,0.0708147834337938,0.5465116279069767,0.0
6004,SEG_C,SEG_A,0.4028582274913788,0.2552248239517212,0.3419169783592224,0.4028582274913788,0.0233837209302325,0.4133006935944512,0.1025682475268865,0.4883720930232558,0.0178093023255813
2088,SEG_B,SEG_C,0.38518399000167847,0.21201035380363464,0.4028056561946869,0.4028056561946869,0.0129581395348837,0.6446259734269952,0.3425308628211702,0.813953488372093,0.0193162790697674
13188,SEG_A,SEG_C,0.31367117166519165,0.2839573323726654,0.40237146615982056,0.40237146615982056,0.0107,1.302937576499388,0.9417644639667428,1.7325581395348837,0.017060465116279
5514,SEG_B,SEG_C,0.39549997448921204,0.20214883983135223,0.40235117077827454,0.40235117077827454,0.0172256692237397,1.0788143260071312,0.6507100602801796,1.186046511627907,0.0073116279069767
8044,SEG_A,SEG_C,0.30276596546173096,0.2950730621814728,0.40216097235679626,0.40216097235679626,0.0581348837209302,1.011947208770156,0.5326924172717835,1.1511627906976745,0.0204651162790697
9995,SEG_B,SEG_C,0.20698119699954987,0.3911319673061371,0.40188679099082947,0.40188679099082947,0.0756325581395348,1.1677930924378694,0.9405480364977792,1.255813953488372,0.0322325581395348
1682,SEG_B,SEG_A,0.4018512964248657,0.3882945775985718,0.2098541259765625,0.4018512964248657,0.1068255813953488,0.6895233533783904,0.351896239480132,0.7906976744186046,0.0
7812,SEG_C,SEG_A,0.4017128646373749,0.39975059032440186,0.19853654503822327,0.4017128646373749,0.0609,1.082566122079719,0.6178064983216759,0.9418604651162792,0.048556118967996
7188,SEG_B,SEG_C,0.24448688328266144,0.35380542278289795,0.4017077088356018,0.4017077088356018,0.0351465116279069,0.6766537172050451,0.2677199541176441,0.7441860465116279,0.0142883720930232
13265,SEG_C,SEG_A,0.4016236662864685,0.2514249086380005,0.3469513952732086,0.4016236662864685,0.039160465116279,1.3982402923385309,0.9865152449825464,1.813953488372093,0.0169348837209302
11925,SEG_A,SEG_B,0.2735508680343628,0.40154579281806946,0.3249033987522125,0.40154579281806946,0.0711465116279069,1.3891047132492509,1.029794421280296,1.5116279069767442,0.0382232558139534
2157,SEG_A,SEG_C,0.2407749742269516,0.35775741934776306,0.40146753191947937,0.40146753191947937,0.039406976744186,1.14508718712859,0.7138920834151777,1.5348837209302326,0.0168720930232558
15410,SEG_A,SEG_B,0.30453044176101685,0.40144994854927063,0.2940196394920349,0.40144994854927063,0.0919977622469955,0.7665460415447112,0.3930816065932579,0.7906976744186046,0.0097488372093023
3583,SEG_A,SEG_C,0.3331451117992401,0.2654799222946167,0.4013749361038208,0.4013749361038208,0.0453687363937491,0.9271637131250776,0.5584495607788308,0.8372093023255814,0.0
4122,SEG_B,SEG_C,0.3492142856121063,0.24947069585323334,0.40131503343582153,0.40131503343582153,0.0275581395348837,0.7543504869352351,0.3374694344727121,1.3488372093023255,0.0385046511627907
16533,SEG_A,SEG_B,0.3251075744628906,0.40123414993286133,0.27365827560424805,0.40123414993286133,0.0437267881002419,0.3883419367427669,0.4452654208090258,0.2325581395348837,0.0
15219,SEG_A,SEG_B,0.2649708390235901,0.4012020230293274,0.3338271677494049,0.4012020230293274,0.0844327337963166,1.714136199953879,1.3787586466268391,2.302325581395349,0.0
7398,SEG_A,SEG_C,0.20105119049549103,0.39785119891166687,0.4010975956916809,0.4010975956916809,0.0517348837209302,1.3679332304472,1.080707237371823,1.802325581395349,0.0312441860465116
13806,SEG_C,SEG_A,0.4008997678756714,0.2397468239068985,0.3593533933162689,0.4008997678756714,0.0402651162790697,2.325936175119295,1.5861272764659688,3.0348837209302326,0.0307
10044,SEG_B,SEG_A,0.4007406532764435,0.25434041023254395,0.34491896629333496,0.4007406532764435,0.0481779508909396,0.819062317066681,0.9921916904637328,0.6744186046511628,0.0
15304,SEG_C,SEG_A,0.400675892829895,0.2068982720375061,0.3924258351325989,0.400675892829895,0.0232906976744186,1.1147002997889062,0.6346310980510567,1.302325581395349,0.0267210827398119
7310,SEG_C,SEG_B,0.3239729404449463,0.4005226492881775,0.2755044400691986,0.4005226492881775,0.0982570206583815,1.91974055339842,1.5106521558244594,1.6395348837209305,0.0094976744186046
4316,SEG_A,SEG_C,0.2648370862007141,0.3346743881702423,0.4004884958267212,0.4004884958267212,0.0752814831772281,1.6835187057633976,1.3325151791853456,1.4186046511627908,0.0
10491,SEG_A,SEG_B,0.3651973605155945,0.40042850375175476,0.23437415063381195,0.40042850375175476,0.091336353910996,0.969586504177532,0.555586295855555,0.813953488372093,0.0073116279069767
13125,SEG_C,SEG_B,0.20124799013137817,0.4003644585609436,0.3983875513076782,0.4003644585609436,0.079915335850047,1.9718038777428912,1.4194894173576855,2.0232558139534884,0.0
8259,SEG_A,SEG_C,0.2730403244495392,0.3266005516052246,0.40035906434059143,0.40035906434059143,0.0534744186046511,2.902853036324644,2.283372519412956,3.639794707214873,0.0
7109,SEG_A,SEG_C,0.3205415606498718,0.27947407960891724,0.3999844491481781,0.3999844491481781,0.0435,0.7036879357139056,0.4725771819231412,0.7674418604651163,0.0335348837209302
2544,SEG_B,SEG_C,0.37190449237823486,0.22859521210193634,0.3995002806186676,0.3995002806186676,0.0473418604651162,1.5385290830716831,0.9793634177593296,2.116279069767442,0.0
19582,SEG_A,SEG_C,0.31618693470954895,0.28431886434555054,0.3994942009449005,0.3994942009449005,0.0714593462397768,1.0440725169850815,0.5518307371728365,1.1395348837209305,0.0441933282703216
1880,SEG_A,SEG_C,0.39119842648506165,0.20940960943698883,0.3993919789791107,0.3993919789791107,0.0155395348837209,1.4147020736877585,1.3379376723375476,2.7209302325581395,0.0060627906976744
1058,SEG_B,SEG_C,0.26114746928215027,0.3395392596721649,0.3993132710456848,0.3993132710456848,0.1184524573239817,0.7784577723378213,0.533767974914164,0.4069767441860465,0.0024372093023255
13496,SEG_A,SEG_B,0.2584361433982849,0.3991875946521759,0.3423762619495392,0.3991875946521759,0.0847372093023255,2.0054015220052155,1.5703013321243384,3.5232558139534884,0.0602511627906976
1037,SEG_A,SEG_C,0.21065250039100647,0.3902425765991211,0.3991049528121948,0.3991049528121948,0.0716512506190885,1.2381725294023735,1.055906137982891,1.255813953488372,0.0024372093023255
3783,SEG_C,SEG_B,0.2092786580324173,0.39901989698410034,0.39170143008232117,0.39901989698410034,0.1176036201146793,1.1933638443935928,0.7598482046232371,1.1744186046511629,0.0446790697674418
580,SEG_A,SEG_B,0.2818470299243927,0.3989601135253906,0.3191928267478943,0.3989601135253906,0.0363593462397768,1.240274599542334,0.9444108172896736,1.0116279069767442,0.0428697674418604
7690,SEG_B,SEG_C,0.3786331117153168,0.22265563905239105,0.3987112045288086,0.3987112045288086,0.0108255813953488,1.110966242704841,0.7040043008514992,1.441860465116279,0.0096860465116279
1057,SEG_A,SEG_C,0.20793761312961578,0.39339128136634827,0.39867109060287476,0.39867109060287476,0.0691348837209302,1.078361981799798,0.7680537903731286,1.4534883720930232,0.0193093023255813
10109,SEG_B,SEG_C,0.3716328740119934,0.22969843447208405,0.39866867661476135,0.39866867661476135,0.032313953488372,1.1306033029996632,0.663445363578031,1.255813953488372,0.026660465116279
1906,SEG_A,SEG_B,0.3071936368942261,0.3984408974647522,0.29436543583869934,0.3984408974647522,0.0413,0.5253312756106647,0.3323231534953089,0.7558139534883721,0.0060930232558139
1147,SEG_B,SEG_A,0.39835071563720703,0.3560980260372162,0.24555128812789917,0.39835071563720703,0.0202720930232558,0.8842708388767673,0.4296063828996558,1.1162790697674418,0.0073116279069767
2722,SEG_C,SEG_B,0.3578699827194214,0.39833763241767883,0.24379242956638336,0.39833763241767883,0.0969151601932652,1.3798360917460488,0.942032349837544,1.7209302325581397,0.0073116279069767
12472,SEG_B,SEG_C,0.22199591994285583,0.3798193335533142,0.39818474650382996,0.39818474650382996,0.0346128346118698,1.7770563922445144,1.279494555046254,2.3488372093023258,0.1802356462571994
3940,SEG_B,SEG_C,0.20724382996559143,0.3946542739868164,0.3981018662452698,0.3981018662452698,0.0802907855028095,2.4461012973135765,1.961795986181486,2.2674418604651163,0.0
6300,SEG_A,SEG_C,0.30850428342819214,0.2934845983982086,0.39801114797592163,0.39801114797592163,0.0021325581395348,0.4197310769339932,0.1333016219858735,1.7325581395348837,0.0097488372093023
13660,SEG_B,SEG_A,0.39795368909835815,0.21551567316055298,0.38653066754341125,0.39795368909835815,0.0177047389911815,0.7694108881911553,0.3962391676844962,1.058139534883721,0.0168720930232558
1601,SEG_B,SEG_C,0.3031739890575409,0.2991708219051361,0.3976552486419678,0.3976552486419678,0.037840741588614,1.326264346406968,0.9041298978926964,1.5232558139534884,0.0052652687863235
858,SEG_A,SEG_B,0.289396733045578,0.3975816071033478,0.3130216896533966,0.3975816071033478,0.0770581395348837,1.1218668511521477,0.6007350164850934,1.1511627906976745,0.0197398398982285
9125,SEG_C,SEG_A,0.39749670028686523,0.27422425150871277,0.3282790780067444,0.39749670028686523,0.0282536640288748,1.4756975857236625,1.0126858244903367,1.7790697674418603,0.0215581395348837
19704,SEG_B,SEG_A,0.39735010266304016,0.2703469693660736,0.3323029577732086,0.39735010266304016,0.0733255813953488,2.517945414771548,1.82861396249008,2.5930232558139537,0.0
10258,SEG_B,SEG_C,0.26762571930885315,0.335075318813324,0.39729899168014526,0.39729899168014526,0.0725128346118698,2.0122399020807835,1.445532365940963,2.0,0.0721116279069767
16069,SEG_A,SEG_B,0.2954308092594147,0.3972530663013458,0.3073161542415619,0.3972530663013458,0.0658023255813953,1.0460149362283364,0.579075877808572,1.5813953488372092,0.053774571111905
280,SEG_A,SEG_B,0.27088871598243713,0.39719390869140625,0.3319173753261566,0.39719390869140625,0.0819060335244656,0.9366274635020312,0.6369933891846469,0.7558139534883721,0.0180418604651162
14322,SEG_B,SEG_A,0.3968806862831116,0.3590160012245178,0.2441033273935318,0.3968806862831116,0.0504511627906976,0.7367179323434978,0.4281174360384598,0.8023255813953488,0.0
14829,SEG_A,SEG_B,0.3447263836860657,0.39679956436157227,0.2584739923477173,0.39679956436157227,0.0425023255813953,1.0433806964326895,0.6591177257101746,1.569767441860465,0.0121255813953488
12641,SEG_C,SEG_B,0.37118270993232727,0.396601140499115,0.23221619427204132,0.396601140499115,0.0737906976744186,0.730677806751459,0.3805293565321659,0.3837209302325581,0.0242465116279069
7475,SEG_A,SEG_C,0.35981813073158264,0.24360676109790802,0.39657506346702576,0.39657506346702576,0.015460465116279,0.9635197701027088,0.7081193436742056,2.232558139534884,0.1020558139534883
5110,SEG_B,SEG_C,0.34448009729385376,0.25926268100738525,0.39625728130340576,0.39625728130340576,0.0021441860465116,1.1597041136714386,0.7770884275878814,2.0348837209302326,0.0338348837209302
4027,SEG_A,SEG_C,0.371061772108078,0.23269933462142944,0.39623892307281494,0.39623892307281494,0.0669906976744186,1.878620971032232,1.3485392960576357,2.36046511627907,0.0036558139534883
7442,SEG_A,SEG_B,0.28344088792800903,0.3962068259716034,0.32035231590270996,0.3962068259716034,0.0648304082149213,1.1496283681904458,0.8140235230888438,1.5,0.019406976744186
15473,SEG_A,SEG_B,0.3733859062194824,0.39612987637519836,0.23048417270183563,0.39612987637519836,0.0817813953488372,1.2130724676126712,0.7261075240333974,1.1395348837209305,0.0
19168,SEG_A,SEG_B,0.23752978444099426,0.3961288630962372,0.36634132266044617,0.3961288630962372,0.0690546950769861,2.5557359019388715,1.8493410721923096,3.116279069767442,0.0412488372093023
6586,SEG_C,SEG_A,0.3959067165851593,0.25742995738983154,0.34666332602500916,0.3959067165851593,0.0431071524009678,0.915970411367144,0.566690496959189,1.372093023255814,0.0289325581395348
12878,SEG_A,SEG_C,0.27355891466140747,0.33081522583961487,0.39562591910362244,0.39562591910362244,0.0462279069767441,0.5901850176502936,0.2479777822371859,1.2674418604651163,0.031453488372093
10153,SEG_A,SEG_C,0.39180082082748413,0.21260195970535278,0.3955972492694855,0.3955972492694855,0.0173348837209302,0.9697638940627604,0.581859251166259,2.569767441860465,0.0336813953488372
5217,SEG_C,SEG_B,0.2700499892234802,0.39557790756225586,0.3343721330165863,0.39557790756225586,0.0605744186046511,1.3075763219981198,0.8597637418868935,1.6162790697674418,0.0
1509,SEG_B,SEG_A,0.39520689845085144,0.25140151381492615,0.3533916175365448,0.39520689845085144,0.0367989689518886,0.4292036968052082,0.0907994707235588,0.4186046511627907,0.0069767441860465
4952,SEG_B,SEG_A,0.39514628052711487,0.3620739281177521,0.24277973175048828,0.39514628052711487,0.0452164547265492,0.3645539531335923,0.0089064760098801,0.627906976744186,0.0048744186046511
11080,SEG_B,SEG_C,0.22659094631671906,0.3784465491771698,0.39496245980262756,0.39496245980262756,0.0508360904258233,0.6700104660032286,0.3707127861658651,0.872093023255814,0.0238697674418604
10444,SEG_A,SEG_B,0.3644976317882538,0.3949577808380127,0.24054452776908875,0.3949577808380127,0.043561759649563,0.7438578752239547,1.0345143600004731,0.8953488372093024,0.0289418604651162
3996,SEG_C,SEG_A,0.39483848214149475,0.2934243381023407,0.31173717975616455,0.39483848214149475,0.032153488372093,1.5961453177939795,1.5056337190721458,1.6511627906976745,0.0097488372093023
15040,SEG_A,SEG_B,0.3358997702598572,0.39472681283950806,0.26937344670295715,0.39472681283950806,0.0862639974025675,0.8730509286360493,0.4807689664119612,0.5813953488372093,0.0192465116279069
1122,SEG_B,SEG_A,0.3946720063686371,0.22137339413166046,0.38395464420318604,0.3946720063686371,0.0325036201146793,0.3390985046032675,0.2698081690470691,0.6976744186046512,0.0
13535,SEG_C,SEG_B,0.21891765296459198,0.3943719267845154,0.3867104649543762,0.3943719267845154,0.0243151601932652,2.1388696716513227,1.773889123554783,5.607769044718012,0.0293581395348837
10453,SEG_C,SEG_A,0.3943081498146057,0.27401813864707947,0.3316737711429596,0.3943081498146057,0.0109162790697674,0.9476345058804748,0.5353624879534041,1.5232558139534884,0.0097488372093023
7357,SEG_C,SEG_B,0.22940881550312042,0.3942086398601532,0.3763825297355652,0.3942086398601532,0.069621018060949,1.4158551079417452,1.024953509285608,1.7325581395348837,0.0
15177,SEG_B,SEG_C,0.22024163603782654,0.3855634033679962,0.39419496059417725,0.39419496059417725,0.0869790697674418,1.1975945931562983,0.6234558178428472,3.865401762663983,0.0370886771075309
2608,SEG_B,SEG_A,0.39414212107658386,0.22788949310779572,0.37796837091445923,0.39414212107658386,0.0,0.3721639792099054,0.0249640150529801,0.6627906976744186,0.011660465116279
13985,SEG_C,SEG_A,0.3941071927547455,0.34420832991600037,0.26168450713157654,0.3941071927547455,0.0482372093023255,0.9129725223067782,0.5591570424390558,1.5465116279069768,0.0146232558139534
11588,SEG_C,SEG_A,0.39374396204948425,0.324047327041626,0.28220874071121216,0.39374396204948425,0.0324279069767441,0.3374133006935944,0.03669284067829,0.3720930232558139,0.0023023255813953
8889,SEG_C,SEG_A,0.39371445775032043,0.2727894186973572,0.33349618315696716,0.39371445775032043,0.0196720930232558,0.8906302662622179,0.5615051493777887,0.8953488372093024,0.0408046511627906
14669,SEG_C,SEG_A,0.39344555139541626,0.3354250490665436,0.27112939953804016,0.39344555139541626,0.0564767441860465,0.7693754102141096,0.5526792372429956,0.8837209302325582,0.0313697674418604
5666,SEG_B,SEG_C,0.3468823730945587,0.25974881649017334,0.39336881041526794,0.39336881041526794,0.0442488372093023,1.5193443669841948,1.252588934226206,1.9069767441860463,0.0107558139534883
7867,SEG_B,SEG_C,0.2351483255624771,0.3715856373310089,0.3932660222053528,0.3932660222053528,0.0544699430986422,1.470420236638107,1.092742112132078,1.7906976744186047,0.0406186046511627
10813,SEG_A,SEG_B,0.33165237307548523,0.3931473195552826,0.2752003073692322,0.3931473195552826,0.0581511627906976,0.8021215830273358,0.5823892063361796,1.2209302325581397,0.0216837209302325
1429,SEG_A,SEG_B,0.25675153732299805,0.39304119348526,0.35020723938941956,0.39304119348526,0.0574418604651162,0.8809536480229898,0.595407221750342,1.3488372093023255,0.0147629432049282
10193,SEG_A,SEG_C,0.24314604699611664,0.364056795835495,0.3927971422672272,0.3927971422672272,0.0633488372093023,0.5940166391712345,0.1786646453517278,0.5232558139534884,0.0704491422238099
8984,SEG_A,SEG_B,0.30137357115745544,0.3926042318344116,0.30602213740348816,0.3926042318344116,0.0666384160072187,0.9800436379117664,0.6274056146941862,0.6046511627906976,0.0119348837209302
1056,SEG_A,SEG_C,0.3685968220233917,0.23897495865821838,0.39242827892303467,0.39242827892303467,0.0085046511627906,1.371889024887801,0.9059355962352684,1.7093023255813953,0.013813953488372
14291,SEG_B,SEG_C,0.36540529131889343,0.24223370850086212,0.39236095547676086,0.39236095547676086,0.0236116279069767,1.0318858318698667,0.5933738148503249,1.4534883720930232,0.0317511627906976
13266,SEG_A,SEG_C,0.2947376072406769,0.3130737841129303,0.3921886682510376,0.3921886682510376,0.0380046511627907,0.7025082929771345,0.3164104471740817,1.1162790697674418,0.0023767441860465
15183,SEG_B,SEG_A,0.39198172092437744,0.37887802720069885,0.2291402369737625,0.39198172092437744,0.0584232558139534,1.5594699590229366,1.09193503633179,1.697674418604651,0.0
11878,SEG_C,SEG_B,0.2465459704399109,0.3917215168476105,0.36173251271247864,0.3917215168476105,0.0582837209302325,0.9091054228087916,0.4837473962978478,0.9883720930232558,0.0753305375726472
1233,SEG_B,SEG_A,0.3916977643966675,0.22270680963993073,0.385595440864563,0.3916977643966675,0.0385500439141954,0.8601369449913967,0.4872346459372957,0.8023255813953488,0.0158418604651162
10607,SEG_A,SEG_B,0.27063649892807007,0.391544908285141,0.33781853318214417,0.391544908285141,0.0839513384474794,2.4260195483653524,1.891048651854257,2.686046511627907,0.0
11213,SEG_A,SEG_C,0.2447660118341446,0.36379748582839966,0.39143651723861694,0.39143651723861694,0.0628976744186046,1.6034803895481882,1.0618025244934473,1.7674418604651163,0.0581537933866006
12991,SEG_C,SEG_A,0.3911178410053253,0.27996090054512024,0.32892125844955444,0.3911178410053253,0.0711232558139534,1.6131215298103705,1.0834895290142603,1.5930232558139534,0.0158418604651162
1610,SEG_A,SEG_B,0.3600700795650482,0.39102935791015625,0.2489006072282791,0.39102935791015625,0.0636826898821212,0.4722916999272702,0.1429689728306292,0.4418604651162791,0.0
22,SEG_A,SEG_C,0.30319634079933167,0.30609366297721863,0.3907099664211273,0.3907099664211273,0.0325209302325581,1.2051247937842584,0.765907080797045,1.4534883720930232,0.0384744186046511
11868,SEG_B,SEG_A,0.390651673078537,0.25599077343940735,0.35335758328437805,0.390651673078537,0.0200720930232558,1.3565181913327304,0.9884773846066184,1.6046511627906976,0.0121232558139534
3964,SEG_A,SEG_B,0.3018777370452881,0.3903452157974243,0.3077770173549652,0.3903452157974243,0.0711139534883721,0.7873538750820429,1.0280699780650608,0.7441860465116279,0.0311186046511627
3225,SEG_A,SEG_C,0.36980241537094116,0.23995347321033478,0.39024412631988525,0.39024412631988525,0.0368395348837209,0.9250705124793784,0.5236150440614308,1.1744186046511629,0.0
2455,SEG_B,SEG_C,0.3708420395851135,0.23912709951400757,0.3900308609008789,0.3900308609008789,0.0143813953488372,0.1332552817838327,-0.0847591052445118,1.5,0.0095
7974,SEG_A,SEG_C,0.22947384417057037,0.38050326704978943,0.3900228440761566,0.3900228440761566,0.0656222247658421,0.8433381228602346,0.4932336444743631,0.5116279069767442,0.0361186046511627
10152,SEG_A,SEG_C,0.34210437536239624,0.26802515983581543,0.3898704946041107,0.3898704946041107,0.051753488372093,0.4834406542138967,0.1073559177586022,0.6976744186046512,0.0143744186046511
6966,SEG_B,SEG_A,0.3896433413028717,0.3769855499267578,0.23337112367153168,0.3896433413028717,0.0449046511627907,1.3182019761233217,0.9337610649066868,0.9883720930232558,0.0
12188,SEG_B,SEG_C,0.27508285641670227,0.3353199362754822,0.38959723711013794,0.38959723711013794,0.0846093901539722,3.575049039737176,2.947186681234325,4.991230151456627,0.0207162790697674
6178,SEG_A,SEG_C,0.3386804461479187,0.27174094319343567,0.38957858085632324,0.38957858085632324,0.0452524573239816,2.7463727978612624,2.4730580904396264,3.046511627906977,0.0
12514,SEG_A,SEG_C,0.26355645060539246,0.34711581468582153,0.3893277645111084,0.3893277645111084,0.0528838087586234,2.1250598690862645,1.6806450767923775,2.627906976744186,0.0382418604651162
9425,SEG_A,SEG_B,0.3370653986930847,0.38916513323783875,0.27376946806907654,0.38916513323783875,0.061153488372093,1.3206322175509555,0.905718200083738,1.4767441860465116,0.0168720930232558
3072,SEG_A,SEG_B,0.3132357597351074,0.38908326625823975,0.29768097400665283,0.38908326625823975,0.058060465116279,1.1449541447146685,0.7524638230506813,1.186046511627907,0.0254488372093023
11297,SEG_A,SEG_B,0.24237042665481567,0.38900312781333923,0.3686264455318451,0.38900312781333923,0.0591767441860465,1.906497791495929,1.4099800317608966,3.255813953488372,0.0218093023255813
2106,SEG_B,SEG_C,0.3525759279727936,0.2585560381412506,0.3888680636882782,0.3888680636882782,0.0331325581395348,0.6444663225302893,0.3393281406001868,0.8488372093023255,0.0
5570,SEG_A,SEG_C,0.2623172104358673,0.34890782833099365,0.38877496123313904,0.38877496123313904,0.0551594340681677,1.0842956734606992,0.5920394339582155,0.9883720930232558,0.0243418604651162
2344,SEG_B,SEG_A,0.3885989487171173,0.3761127293109894,0.23528830707073212,0.3885989487171173,0.0468976744186046,1.0443829492842318,0.6110101550635342,1.0348837209302326,0.0108767441860465
12496,SEG_A,SEG_B,0.32417646050453186,0.38859009742736816,0.2872333824634552,0.38859009742736816,0.0634430671700094,0.4694534617636102,0.1927055966088083,0.3488372093023256,0.0023744186046511
11390,SEG_A,SEG_B,0.33038070797920227,0.3882753849029541,0.28134387731552124,0.3882753849029541,0.0625860465116279,1.7149255849431468,1.168859828411881,2.232558139534884,0.0073116279069767
4938,SEG_B,SEG_C,0.23752014338970184,0.3742389380931854,0.38824090361595154,0.38824090361595154,0.0921466872846887,0.6082787859436255,0.2488368844669001,0.872093023255814,0.0
10779,SEG_A,SEG_C,0.33579322695732117,0.27607613801956177,0.38813069462776184,0.38813069462776184,0.0882152480216561,1.3842885778652902,0.8254634419256915,1.4651162790697674,0.0132790697674418
17815,SEG_A,SEG_C,0.3088321089744568,0.3030959665775299,0.3880719244480133,0.3880719244480133,0.0345697674418604,0.7603107870789209,0.3573497241360515,0.813953488372093,0.084360465116279
3710,SEG_B,SEG_A,0.38805875182151794,0.35812908411026,0.25381219387054443,0.38805875182151794,0.0373651162790697,0.9158284994589608,0.5430464263473663,1.058139534883721,0.0
11644,SEG_B,SEG_C,0.23981960117816925,0.37241658568382263,0.3877637982368469,0.3877637982368469,0.0350976744186046,0.8021570610043816,0.3960834008438191,1.0116279069767442,0.0
9710,SEG_B,SEG_C,0.26488620042800903,0.34750983119010925,0.3876039683818817,0.3876039683818817,0.0791035322862884,0.7846043318609973,0.3691802788912674,0.5930232558139535,0.0185348837209302
13921,SEG_B,SEG_C,0.325603187084198,0.28689056634902954,0.38750630617141724,0.38750630617141724,0.010794229960707,1.6104074645663706,1.266521850147299,1.848837209302325,0.0655094548328352
8497,SEG_B,SEG_A,0.38740095496177673,0.23824472725391388,0.3743543326854706,0.38740095496177673,0.0324581395348837,1.021499654089724,0.8377859285850545,1.3604651162790695,0.0214325581395348
568,SEG_B,SEG_A,0.38703325390815735,0.30807599425315857,0.30489081144332886,0.38703325390815735,0.0153627906976744,0.2694463661682011,-0.0336592417519528,0.5465116279069767,0.0072511627906976
17274,SEG_A,SEG_C,0.3336915969848633,0.27958858013153076,0.38671982288360596,0.38671982288360596,0.0455232558139534,0.6126780550972984,0.2059119365971246,2.197674418604651,0.012060465116279
8587,SEG_A,SEG_C,0.25887760519981384,0.35458841919898987,0.3865339756011963,0.3865339756011963,0.0809046511627906,1.276196051301155,0.8541748732165464,1.7790697674418603,0.0060930232558139
8411,SEG_C,SEG_B,0.3647032082080841,0.3864472806453705,0.2488495111465454,0.3864472806453705,0.0256988811234977,0.2454721231795363,-0.0101113867997155,0.2093023255813953,0.0097488372093023
324,SEG_A,SEG_C,0.36104705929756165,0.2525080442428589,0.3864448666572571,0.3864448666572571,0.0302558139534883,1.370390080357618,0.883635458241358,1.6046511627906976,0.0580418604651162
501,SEG_B,SEG_C,0.2471410632133484,0.3664703965187073,0.38638854026794434,0.38638854026794434,0.0524838087586234,1.2141982864137089,0.7602786379279631,1.244186046511628,0.0146651162790697
6801,SEG_B,SEG_A,0.3863711357116699,0.24044793844223022,0.37318089604377747,0.3863711357116699,0.0100581395348837,1.255929863883936,0.9515739144838063,1.697674418604651,0.0
8453,SEG_A,SEG_C,0.29718324542045593,0.31656721234321594,0.38624951243400574,0.38624951243400574,0.0438255813953488,2.095080978482607,1.5424052561558417,2.209302325581396,0.0169976744186046
12355,SEG_A,SEG_C,0.32874080538749695,0.2852497100830078,0.3860095143318176,0.3860095143318176,0.057306976744186,2.521499654089724,2.0917158227101056,2.488372093023256,0.0689141059956259
3935,SEG_C,SEG_A,0.38586702942848206,0.3385699689388275,0.27556300163269043,0.38586702942848206,0.0466802764723349,0.540125592038742,0.2531811469982432,0.4418604651162791,0.0192465116279069
12975,SEG_A,SEG_C,0.34022167325019836,0.27412617206573486,0.3856521546840668,0.3856521546840668,0.0327279069767441,0.9828470050685456,0.659646237890513,1.244186046511628,0.0142465116279069
10434,SEG_B,SEG_C,0.34620240330696106,0.26816239953041077,0.38563522696495056,0.38563522696495056,0.0179244625188466,1.4493285792844093,1.1121113143762236,1.430232558139535,0.0237465116279069
10559,SEG_B,SEG_A,0.38549765944480896,0.3273082673549652,0.28719407320022583,0.38549765944480896,0.0812930232558139,0.3791974881592251,0.1055628640301654,1.313953488372093,0.0
3785,SEG_C,SEG_A,0.38523173332214355,0.24707189202308655,0.3676963746547699,0.38523173332214355,0.0237395348837209,0.672289926028418,0.2291912863163057,0.7906976744186046,0.0046046511627906
3809,SEG_A,SEG_C,0.38177770376205444,0.2330770045518875,0.38514530658721924,0.38514530658721924,0.0490744186046511,0.9228797473968036,0.6725828149271258,0.9302325581395348,0.0070674418604651
5170,SEG_A,SEG_B,0.3552444875240326,0.38454169034957886,0.2602137625217438,0.38454169034957886,0.0103720930232558,1.0305820162134356,0.6649619628202832,1.662790697674419,0.0023255813953488
5469,SEG_C,SEG_B,0.25898218154907227,0.3845086991786957,0.35650911927223206,0.3845086991786957,0.100506976744186,1.001215120713817,0.7189773833678937,0.8953488372093024,0.0072488372093023
16092,SEG_B,SEG_A,0.38438546657562256,0.27642473578453064,0.3391897976398468,0.38438546657562256,0.0237837209302325,0.5039025774750324,0.0874863548794713,0.7674418604651163,0.0409328631540425
7074,SEG_A,SEG_B,0.2751687169075012,0.38420844078063965,0.3406228721141815,0.38420844078063965,0.0630813953488372,1.5658293864083872,1.1446824034228436,1.872093023255814,0.0012186046511627
5476,SEG_B,SEG_A,0.3840563893318176,0.3674147427082062,0.2485288679599762,0.3840563893318176,0.0479372093023255,0.411429230305288,0.1267041752448338,0.2906976744186046,0.0097488372093023
347,SEG_B,SEG_A,0.38404160737991333,0.2437097132205963,0.37224867939949036,0.38404160737991333,0.0198395348837209,0.9034732939527788,0.617846056272777,1.3953488372093024,0.0360558139534883
11980,SEG_C,SEG_B,0.3068421185016632,0.38385868072509766,0.3092992305755615,0.38385868072509766,0.0486302325581395,1.8491299026129533,1.4285850545410403,2.244186046511628,0.0288581395348837
14997,SEG_A,SEG_C,0.37074393033981323,0.24562524259090424,0.38363081216812134,0.38363081216812134,0.0439023255813953,0.7486030546538237,0.3389552845226327,1.1511627906976745,0.0
3449,SEG_A,SEG_B,0.30102410912513733,0.3836232125759125,0.3153527081012726,0.3836232125759125,0.050253488372093,0.8042325226615579,0.4534282939542811,0.8837209302325582,0.0432418604651162
1765,SEG_C,SEG_A,0.38341331481933594,0.31824588775634766,0.2983407974243164,0.38341331481933594,0.0355046511627906,0.6488389832011779,0.2771856674619278,0.627906976744186,0.0385767441860465
12169,SEG_A,SEG_B,0.32624930143356323,0.38325920701026917,0.2904914617538452,0.38325920701026917,0.084660465116279,1.0055966508789669,0.6419931325113157,1.1046511627906976,0.0060930232558139
12993,SEG_B,SEG_A,0.38280877470970154,0.2601625919342041,0.357028603553772,0.38280877470970154,0.0063209302325581,1.4239884341794833,0.8426113799143299,2.0232558139534884,0.0036558139534883
5582,SEG_C,SEG_A,0.3827231824398041,0.3404247760772705,0.276852011680603,0.3827231824398041,0.0129906976744186,1.795389636882905,1.2806603709461122,2.3488372093023258,0.1166375143168332
3247,SEG_A,SEG_C,0.35107147693634033,0.2662086486816406,0.38271990418434143,0.38271990418434143,0.004460465116279,1.589972149788019,1.1405482416034536,1.9186046511627908,0.0373444910610192
7298,SEG_A,SEG_C,0.3610166907310486,0.25663813948631287,0.38234516978263855,0.38234516978263855,0.0477700309270331,0.6015113618221489,0.3136197222894999,0.6511627906976745,0.0
5620,SEG_A,SEG_C,0.2753608524799347,0.3423795700073242,0.3822595477104187,0.3822595477104187,0.0652930232558139,1.3914906072055773,0.9634186209934872,1.2674418604651163,0.014413953488372
17746,SEG_B,SEG_C,0.35499152541160583,0.26282814145088196,0.38218027353286743,0.38218027353286743,0.0412581395348837,0.4175491813456797,0.064004895439264,0.4534883720930232,0.012060465116279
2231,SEG_A,SEG_B,0.3551435172557831,0.3821553587913513,0.262701153755188,0.3821553587913513,0.0902012067048931,0.9754403703900806,0.764693452153711,0.9186046511627908,0.0
10322,SEG_C,SEG_A,0.3821130096912384,0.31096696853637695,0.30692005157470703,0.3821130096912384,0.0021976744186046,1.733187873627446,1.3094234728384877,2.4651162790697674,0.040213953488372
9983,SEG_A,SEG_C,0.3595542311668396,0.25842759013175964,0.38201817870140076,0.38201817870140076,0.0193674418604651,0.5550529508807408,0.901873348906218,0.8604651162790697,0.0560720930232558
13934,SEG_B,SEG_A,0.38201552629470825,0.24962648749351501,0.36835798621177673,0.38201552629470825,0.0565850154635165,1.5664419884825913,1.095981717096857,1.848837209302325,0.0244441860465116
2575,SEG_C,SEG_B,0.24944059550762177,0.3820081651210785,0.36855122447013855,0.3820081651210785,0.0425348837209302,0.7824490447554681,0.3865193713674258,0.813953488372093,0.039665726308085
7376,SEG_C,SEG_A,0.38197147846221924,0.2446555644273758,0.37337297201156616,0.38197147846221924,0.033806976744186,0.588366771326699,0.3454870788646346,0.5813953488372093,0.0097488372093023
6289,SEG_C,SEG_A,0.3817739486694336,0.2608685791492462,0.3573575019836426,0.3817739486694336,0.0588441860465116,1.1557926667021448,0.7142095327283403,2.5,0.0048744186046511
1600,SEG_A,SEG_B,0.3479843735694885,0.3816284239292145,0.270387202501297,0.3816284239292145,0.0469046511627907,0.3040285242935447,-0.0856101089829824,0.5813953488372093,0.0
10851,SEG_B,SEG_A,0.3815734386444092,0.3752116858959198,0.2432149201631546,0.3815734386444092,0.0130988811234977,0.892928072246095,0.5490216475262438,1.3255813953488371,0.0
14642,SEG_A,SEG_B,0.32936590909957886,0.38152217864990234,0.2891119420528412,0.38152217864990234,0.0492,1.934729391730084,1.41280308491952,1.5465116279069768,0.036253488372093
4328,SEG_C,SEG_A,0.381509006023407,0.2762596607208252,0.3422313332557678,0.381509006023407,0.0328348837209302,0.7094619764781013,0.4733915781598004,1.0813953488372092,0.0
6553,SEG_C,SEG_A,0.38135382533073425,0.34863215684890747,0.2700140178203583,0.38135382533073425,0.0716081834490791,1.9626860376421336,1.390588120931164,3.46537610256371,0.0239395348837209
392,SEG_A,SEG_B,0.35030773282051086,0.3813188374042511,0.2683734595775604,0.3813188374042511,0.0132116279069767,0.2335426533979032,0.051912466771215,0.2790697674418604,0.0
2882,SEG_A,SEG_C,0.24118389189243317,0.37770676612854004,0.3811093866825104,0.3811093866825104,0.1186281704619168,1.106052542884005,0.6917620566906139,0.7906976744186046,0.0445
11988,SEG_B,SEG_A,0.3810657560825348,0.33967310190200806,0.27926114201545715,0.3810657560825348,0.017060465116279,0.4498784879286183,0.0650169739806653,0.4767441860465116,0.0483629432049282
15291,SEG_C,SEG_B,0.26879948377609253,0.3800363838672638,0.3511641323566437,0.3800363838672638,0.0762361782542142,0.5788143260071311,0.0979042402802655,0.3720930232558139,0.0106348837209302
1618,SEG_B,SEG_C,0.33487918972969055,0.28519946336746216,0.3799213171005249,0.3799213171005249,0.0460651162790697,0.771450871871286,0.4615437975825052,0.872093023255814,0.0
10169,SEG_B,SEG_A,0.3797314465045929,0.37179791927337646,0.24847061932086945,0.3797314465045929,0.0768896666263072,1.1054760257570115,0.7618852870801729,1.0930232558139534,0.0409930232558139
14341,SEG_A,SEG_C,0.3598771393299103,0.26040971279144287,0.3797130882740021,0.3797130882740021,0.0491720930232558,1.139667926134852,0.6619366783578962,1.697674418604651,0.0684770492005541
14865,SEG_B,SEG_C,0.28413358330726624,0.33622580766677856,0.3796406090259552,0.3796406090259552,0.0525861343400188,0.958473027867951,0.4415378007723498,0.8604651162790697,0.0798
4468,SEG_C,SEG_B,0.2599964439868927,0.37947240471839905,0.36053118109703064,0.37947240471839905,0.0730046511627907,0.7393610416334061,0.3569932042624269,0.5116279069767442,0.0048744186046511
1926,SEG_C,SEG_A,0.3793264627456665,0.37062904238700867,0.2500445246696472,0.3793264627456665,0.0862128346118698,0.6190906994483175,0.3938447276683389,0.686046511627907,0.0119162790697674
17663,SEG_A,SEG_C,0.26880213618278503,0.3519001305103302,0.37929773330688477,0.37929773330688477,0.049460465116279,0.8045518244549696,0.4509372595809884,3.5930232558139537,0.0312536408793468
7793,SEG_B,SEG_A,0.3790788948535919,0.3472691774368286,0.27365195751190186,0.3790788948535919,0.0150790697674418,0.163021304525216,-0.1554772681665143,0.127906976744186,0.0048744186046511
6416,SEG_A,SEG_C,0.3156096637248993,0.3053324222564697,0.379057914018631,0.379057914018631,0.0213906976744186,1.1597041136714386,0.6765857531816639,1.186046511627907,0.0097488372093023
9996,SEG_A,SEG_C,0.2519805133342743,0.3689899146556854,0.3790295720100403,0.3790295720100403,0.0895874288733028,1.9345963493161624,1.4537612596437923,1.988372093023256,0.0
8225,SEG_B,SEG_A,0.37888312339782715,0.3655502200126648,0.25556668639183044,0.37888312339782715,0.0305198113560559,0.2674950774306849,-0.0573409078751973,0.1976744186046511,0.0216209302325581
7863,SEG_A,SEG_C,0.3147217333316803,0.30662018060684204,0.3786580264568329,0.3786580264568329,0.0860023255813953,0.9100189807177196,0.4570435114371434,0.9651162790697676,0.0340581395348837
7831,SEG_B,SEG_C,0.3245517313480377,0.29721203446388245,0.37823617458343506,0.37823617458343506,0.0661802764723349,2.987638352880217,2.260947099413177,3.0232558139534884,0.0
5330,SEG_A,SEG_C,0.3445415794849396,0.27728092670440674,0.3781774640083313,0.3781774640083313,0.0285372093023255,0.7757703155766059,0.429828114586972,0.9302325581395348,0.0
3079,SEG_B,SEG_A,0.3781225383281708,0.3629418909549713,0.2589355707168579,0.3781225383281708,0.0414502195709772,0.7124953435155128,0.3212909030374506,1.2209302325581397,0.0177793747819495
3196,SEG_C,SEG_A,0.3777923285961151,0.31358492374420166,0.3086227774620056,0.3777923285961151,0.0386837209302325,0.3394355453852022,-0.0040775970382177,0.3488372093023256,0.0060930232558139
7409,SEG_A,SEG_B,0.34185394644737244,0.3774893581867218,0.28065672516822815,0.3774893581867218,0.0305744186046511,0.2319638834193674,-0.0307439036173233,0.1511627906976744,0.0302465116279069
12308,SEG_A,SEG_C,0.357022762298584,0.26550042629241943,0.37747687101364136,0.37747687101364136,0.0363360904258233,0.7618629485746724,0.3690572308580546,0.872093023255814,0.0048744186046511
1808,SEG_B,SEG_A,0.37737056612968445,0.3273973762989044,0.2952320873737335,0.37737056612968445,0.0698813953488372,0.4930906639703404,0.1283665435374503,0.5581395348837209,0.0144488372093023
14018,SEG_B,SEG_C,0.27871617674827576,0.3440212607383728,0.37726256251335144,0.37726256251335144,0.0346023255813953,1.864039522466429,1.4207079530661442,1.988372093023256,0.0096372093023255
2065,SEG_B,SEG_A,0.37707751989364624,0.3363838493824005,0.28653866052627563,0.37707751989364624,0.0559883720930232,1.2239990775725968,0.8064232820749131,2.069767441860465,0.0
15251,SEG_B,SEG_C,0.2528461217880249,0.3701169788837433,0.3770368695259094,0.3770368695259094,0.0474779508909396,2.721817181984284,2.0655006408233105,5.047550921882748,0.0255
12795,SEG_B,SEG_C,0.2966984808444977,0.32630884647369385,0.3769926428794861,0.3769926428794861,0.0565663229839628,0.9311638550369856,0.5812005711034707,1.337209302325581,0.0194232558139534
12074,SEG_A,SEG_B,0.36539289355278015,0.37693288922309875,0.2576742470264435,0.37693288922309875,0.037553488372093,0.6356056977631136,0.242666713500922,0.6511627906976745,0.023
3575,SEG_C,SEG_B,0.287820041179657,0.37679585814476013,0.3353840410709381,0.37679585814476013,0.0584395348837209,0.770235751157469,0.475920474863876,0.5813953488372093,0.031635036228184
1580,SEG_A,SEG_B,0.28119978308677673,0.3763797879219055,0.34242045879364014,0.3763797879219055,0.0757627906976744,1.7246376811594204,1.2911454733290226,1.5348837209302326,0.0
4645,SEG_A,SEG_B,0.2964131832122803,0.37635618448257446,0.32723066210746765,0.37635618448257446,0.0414930232558139,1.3746385681088469,1.0100739270787655,1.686046511627907,0.0527395348837209
6451,SEG_A,SEG_C,0.2544209957122803,0.3692276179790497,0.37635138630867004,0.37635138630867004,0.069306976744186,1.690046653539815,1.2185142269801637,1.697674418604651,0.0218209302325581
9364,SEG_A,SEG_B,0.3361945152282715,0.37631064653396606,0.28749486804008484,0.37631064653396606,0.0064860465116279,0.8579373104145603,0.4930774286916586,1.2093023255813953,0.0650652687863236
7228,SEG_A,SEG_C,0.31118690967559814,0.3127819299697876,0.37603119015693665,0.37603119015693665,0.0326164547265492,0.7913894949709969,0.4274318488040214,0.7093023255813954,0.0264953488372093
11693,SEG_A,SEG_C,0.34542787075042725,0.27869585156440735,0.3758762776851654,0.3758762776851654,0.0417616718211721,1.523530768275593,1.012893585440468,1.872093023255814,0.0023767441860465
15829,SEG_A,SEG_B,0.277102530002594,0.37577730417251587,0.34712016582489014,0.37577730417251587,0.0605837209302325,0.9186756071168822,0.5087782212411524,1.2906976744186047,0.0493976744186046
16976,SEG_A,SEG_B,0.28306740522384644,0.37557560205459595,0.3413569927215576,0.37557560205459595,0.0339162790697674,1.1040125592038743,0.3981493395139941,1.825581395348837,0.1048339307048193
6248,SEG_A,SEG_C,0.28129929304122925,0.34360092878341675,0.3750998079776764,0.3750998079776764,0.0192279069767441,0.776870132865024,0.3771377288233851,1.0813953488372092,0.0363
9275,SEG_B,SEG_C,0.317354291677475,0.3079485595226288,0.37469711899757385,0.37469711899757385,0.0621244625188466,0.6072144466322531,0.7567815692656478,0.7906976744186046,0.0146232558139534
7537,SEG_A,SEG_C,0.2764439284801483,0.3489437401294708,0.37461236119270325,0.37461236119270325,0.0862255813953488,0.8834814538874994,0.4595816579584333,0.7441860465116279,0.014560465116279
1335,SEG_C,SEG_A,0.37450939416885376,0.2718390226364136,0.35365158319473267,0.37450939416885376,0.0366767441860465,0.685053128270626,0.3099709890719723,1.1046511627906976,0.0048744186046511
3374,SEG_A,SEG_B,0.3328942060470581,0.3744679093360901,0.2926378846168518,0.3744679093360901,0.0258488372093023,0.3263619108438437,0.023748039289736,0.4651162790697674,0.0188511627906976
4983,SEG_A,SEG_C,0.3358847200870514,0.28973388671875,0.3743813931941986,0.3743813931941986,0.0324023255813953,0.6131215298103703,0.3137113177303594,0.686046511627907,0.0314325581395348
10238,SEG_B,SEG_A,0.3743375539779663,0.3185105323791504,0.3071519434452057,0.3743375539779663,0.0593908733312003,1.2597520089404504,0.7852274091339755,1.5,0.0046046511627906
11628,SEG_A,SEG_C,0.3608074188232422,0.26487916707992554,0.37431347370147705,0.37431347370147705,0.0257767441860465,1.4846291664449296,0.9591390334566074,2.767701683959059,0.0256094548328352
19592,SEG_B,SEG_A,0.37422770261764526,0.36141377687454224,0.2643585503101349,0.37422770261764526,0.0593384160072187,1.704237844358115,1.2183471939688388,1.965116279069768,0.0
13460,SEG_B,SEG_C,0.3088061809539795,0.3174331486225128,0.3737606704235077,0.3737606704235077,0.0432384160072187,0.8830113706916431,0.5323681928267346,1.3604651162790695,0.0236883720930232
4261,SEG_C,SEG_B,0.28962433338165283,0.37373971939086914,0.336635947227478,0.37373971939086914,0.0605186046511627,1.4765934046440674,1.081392871388189,1.6744186046511629,0.0673627906976744
11454,SEG_C,SEG_A,0.37372562289237976,0.2642131447792053,0.3620612323284149,0.37372562289237976,0.0062232558139534,0.6703741152679474,0.3066054909705533,0.872093023255814,0.026306976744186
11578,SEG_A,SEG_C,0.2550678551197052,0.3713464140892029,0.3735857307910919,0.3735857307910919,0.062495524493991,1.1155340322494811,0.7097390227531495,1.255813953488372,0.0
5859,SEG_C,SEG_A,0.3732908368110657,0.2625454068183899,0.36416375637054443,0.3732908368110657,0.0233023255813953,1.6452113600482503,1.266287988583915,2.244186046511628,0.0
5041,SEG_A,SEG_B,0.2643105983734131,0.37319281697273254,0.36249661445617676,0.37319281697273254,0.0846441860465116,3.5180714086017035,3.1462180991488777,3.581914995825094,0.0263186046511627
2046,SEG_A,SEG_C,0.3666171729564667,0.2603777348995209,0.37300512194633484,0.37300512194633484,0.0409302325581395,0.3758625583169248,-0.0224686045272903,0.5465116279069767,0.0073116279069767
9836,SEG_B,SEG_A,0.37242817878723145,0.26002371311187744,0.3675481379032135,0.37242817878723145,0.0602686485653582,1.0697940503432497,0.5970591565742384,1.302325581395349,0.1024426230013854
3461,SEG_C,SEG_A,0.372421532869339,0.2591104805469513,0.3684679865837097,0.372421532869339,0.0266581395348837,1.223857165664414,0.7842494939810376,1.5348837209302326,0.0208558139534883
1988,SEG_B,SEG_A,0.3723280429840088,0.30829137563705444,0.31938058137893677,0.3723280429840088,0.0454581395348837,0.617538537952566,0.2786411687613497,0.686046511627907,0.0337441860465116
17593,SEG_B,SEG_A,0.37230923771858215,0.33190059661865234,0.2957901358604431,0.37230923771858215,0.044594229960707,1.506182037500222,0.9457769115039428,1.5116279069767442,0.0429906976744186
7682,SEG_A,SEG_C,0.27592021226882935,0.35180553793907166,0.3722741901874542,0.3722741901874542,0.0369441860465116,1.219874762741029,1.3490041061480265,3.895348837209302,0.0170302325581395
19697,SEG_C,SEG_A,0.3722255825996399,0.2758241295814514,0.3519503176212311,0.3722255825996399,0.0131953488372093,0.9956007308463272,0.5181032870386594,1.5,0.032806976744186
1868,SEG_A,SEG_C,0.34423449635505676,0.28367194533348083,0.3720935583114624,0.3720935583114624,0.0130372093023255,0.3447306334592802,0.0083000735802358,1.127906976744186,0.0383674418604651
4147,SEG_C,SEG_B,0.2914888858795166,0.3720109462738037,0.3365001678466797,0.3720109462738037,0.0621780387193305,0.8217497738278965,0.4043144506190601,0.7790697674418605,0.0603023255813953
2129,SEG_A,SEG_C,0.333966463804245,0.29410436749458313,0.3719291687011719,0.3719291687011719,0.0556558139534883,1.7623773792418358,1.2672882586258585,2.476744186046512,0.0
1256,SEG_B,SEG_C,0.2880531847476959,0.3400372862815857,0.371909499168396,0.371909499168396,0.0515674418604651,0.6404484416298584,0.2786422675590753,0.7325581395348837,0.0114930232558139
5416,SEG_B,SEG_C,0.27123913168907166,0.35690924525260925,0.3718516230583191,0.3718516230583191,0.0948441860465116,1.7166196583470814,1.3038857549158784,1.6511627906976745,0.0097186046511627
15166,SEG_C,SEG_B,0.303205668926239,0.371702641248703,0.3250916600227356,0.371702641248703,0.0434976744186046,0.7951767690206305,0.6391868021335791,0.627906976744186,0.0215581395348837
9181,SEG_A,SEG_B,0.3234157860279083,0.37123963236808777,0.3053445816040039,0.37123963236808777,0.0388187803079445,1.0562503326060348,1.0736827103393796,0.9767441860465116,0.036535036228184
1402,SEG_A,SEG_C,0.305654376745224,0.32320377230644226,0.37114188075065613,0.37114188075065613,0.0153697674418604,1.047203448459369,0.633753137069822,1.5930232558139534,0.0533441860465116
362,SEG_C,SEG_B,0.2614903450012207,0.37081512808799744,0.3676944673061371,0.37081512808799744,0.0584581395348837,0.8406861440760648,0.6136685797121436,0.8255813953488372,0.0588167365915289
880,SEG_A,SEG_C,0.3323781490325928,0.2968251705169678,0.37079668045043945,0.37079668045043945,0.039660465116279,1.200246571940468,0.777474909635047,2.3488372093023258,0.0096860465116279
9526,SEG_A,SEG_C,0.31670665740966797,0.31275710463523865,0.370536208152771,0.370536208152771,0.0108930232558139,0.8048090397885513,0.7635683689218886,0.8488372093023255,0.0
4453,SEG_C,SEG_A,0.3703712224960327,0.34713640809059143,0.28249233961105347,0.3703712224960327,0.0472930232558139,0.4712362301101591,0.176350395524736,0.4651162790697674,0.0
8159,SEG_A,SEG_B,0.3283895254135132,0.37031468749046326,0.30129578709602356,0.37031468749046326,0.0596396227121118,0.8029641849821725,0.4640002255419647,0.6395348837209303,0.0325441860465116
12994,SEG_C,SEG_A,0.36986976861953735,0.3439149260520935,0.28621527552604675,0.36986976861953735,0.0482,1.3497418977169922,0.9415315837588352,1.848837209302325,0.0024372093023255
4980,SEG_C,SEG_A,0.36973488330841064,0.3106148838996887,0.31965023279190063,0.36973488330841064,0.0318883720930232,1.0376598726340625,0.6677703702052071,1.2093023255813953,0.0286186046511627
2725,SEG_A,SEG_B,0.29548439383506775,0.369637131690979,0.33487850427627563,0.369637131690979,0.0564186046511627,0.7028187252762849,0.4794099211923466,0.7674418604651163,0.0121860465116279
5627,SEG_A,SEG_C,0.3630183935165405,0.26736047863960266,0.36962106823921204,0.36962106823921204,0.034653488372093,0.54832100473631,0.2097030529604276,0.5116279069767442,0.0
1679,SEG_B,SEG_A,0.3695887625217438,0.32186755537986755,0.30854371190071106,0.3695887625217438,0.0499093023255814,0.3748336969825981,0.1919601824393458,0.5581395348837209,0.0048837209302325
2895,SEG_B,SEG_C,0.35504427552223206,0.2755889296531677,0.3693667948246002,0.3693667948246002,0.0261767441860465,0.7751760594610896,0.4631937786300202,0.8953488372093024,0.0094976744186046
10694,SEG_A,SEG_C,0.2905915379524231,0.3400738537311554,0.3693346679210663,0.3693346679210663,0.0434976744186046,1.5441168644563887,1.091144730094317,1.7674418604651163,0.0218720930232558
17045,SEG_B,SEG_C,0.3234199285507202,0.3073488175868988,0.3692311942577362,0.3692311942577362,0.0608116279069767,1.6461870044170082,1.2171413747234348,2.8372093023255816,0.0673418604651162
9675,SEG_B,SEG_C,0.35189464688301086,0.27895572781562805,0.3691496253013611,0.3691496253013611,0.0331988811234977,1.0166746492115022,0.6375297101156127,1.244186046511628,0.0146232558139534
5961,SEG_A,SEG_B,0.32206830382347107,0.36860954761505127,0.30932220816612244,0.36860954761505127,0.0409767441860465,1.018519504017881,0.6229681821222324,0.9302325581395348,0.0094976744186046
14690,SEG_C,SEG_B,0.36447909474372864,0.3684042692184448,0.26711660623550415,0.3684042692184448,0.0342837209302325,1.2310148475333935,0.9131764578315558,1.872093023255814,0.0331209302325581
4759,SEG_A,SEG_C,0.3308136761188507,0.3012021780014038,0.3679841160774231,0.3679841160774231,0.0391837209302325,0.714366806804676,0.3232476383717214,1.162790697674419,0.0024372093023255
12006,SEG_A,SEG_C,0.3425341248512268,0.2895317077636719,0.3679341971874237,0.3679341971874237,0.0545697674418604,0.5847834956450784,0.1761026506227067,0.5930232558139535,0.013813953488372
3110,SEG_B,SEG_A,0.36784031987190247,0.3385721445083618,0.2935875654220581,0.36784031987190247,0.0318953488372093,0.9391292678539216,0.6133267831567448,1.0,0.0064838734374863
6974,SEG_A,SEG_B,0.3527795076370239,0.36715540289878845,0.28006505966186523,0.36715540289878845,0.0192395348837209,1.119489826690082,0.6980361261616139,1.2906976744186047,0.0431697674418604
4907,SEG_C,SEG_A,0.3669002056121826,0.29111891984939575,0.341980904340744,0.3669002056121826,0.0229372093023255,1.089156156315967,0.8223311637556239,1.1744186046511629,0.0337441860465116
5807,SEG_C,SEG_B,0.321494460105896,0.3668338656425476,0.3116716742515564,0.3668338656425476,0.0826164547265492,0.5307061891330956,0.3155527284966196,0.2674418604651162,0.0119348837209302
15408,SEG_B,SEG_C,0.3463456630706787,0.28754928708076477,0.3661050796508789,0.3661050796508789,0.0540279069767441,0.5953648022989729,0.1889098233331103,0.5813953488372093,0.0290162790697674
13788,SEG_A,SEG_C,0.31375494599342346,0.32071855664253235,0.3655264973640442,0.3655264973640442,0.0275023255813953,1.384953789934898,1.03418508030651,1.7674418604651163,0.0602395348837209
386,SEG_A,SEG_C,0.3520168662071228,0.2824745774269104,0.3655085563659668,0.3655085563659668,0.0256,0.5754705266705693,0.2030442893561357,0.7790697674418605,0.0433046511627907
13935,SEG_A,SEG_B,0.33166417479515076,0.36521661281585693,0.3031192123889923,0.36521661281585693,0.0643976744186046,1.223209692583329,0.9867190151644656,1.7093023255813953,0.0266837209302325
13258,SEG_A,SEG_B,0.29877278208732605,0.3651522696018219,0.33607491850852966,0.3651522696018219,0.0649813953488372,0.9801057243715964,0.5412067901922748,1.244186046511628,0.0399418604651162
1835,SEG_A,SEG_C,0.2994188368320465,0.3360605239868164,0.3645206391811371,0.3645206391811371,0.0784419482935071,1.0871339116243592,0.62583523339193,1.1395348837209305,0.0311813953488372
2450,SEG_B,SEG_C,0.27689996361732483,0.3588513731956482,0.36424869298934937,0.36424869298934937,0.0927526329807634,1.1503379277313608,0.6717154799572691,1.6395348837209305,0.0108162790697674
12775,SEG_B,SEG_C,0.3130192458629608,0.3231053650379181,0.3638754189014435,0.3638754189014435,0.037606976744186,1.6243065690442078,1.3059848159834224,1.965116279069768,0.0
14242,SEG_B,SEG_A,0.3634849786758423,0.300846129655838,0.3356688320636749,0.3634849786758423,0.0160162790697674,0.6204211235875331,0.1951368914456162,0.9534883720930232,0.0230930232558139
12246,SEG_B,SEG_A,0.36339858174324036,0.34255459904670715,0.2940467894077301,0.36339858174324036,0.0505047389911815,0.634621183900094,0.1995201821323448,0.6046511627906976,0.046328059483998
5290,SEG_B,SEG_C,0.33030450344085693,0.3064913749694824,0.36320415139198303,0.36320415139198303,0.0429720930232558,0.6594291593493339,0.3961527694163873,1.2325581395348837,0.0073209302325581
4015,SEG_C,SEG_B,0.28306689858436584,0.3630770444869995,0.35385608673095703,0.3630770444869995,0.0852049146479633,1.0127277242651624,0.8667882557140034,0.7674418604651163,0.0213697674418604
284,SEG_B,SEG_A,0.36294078826904297,0.29378777742385864,0.34327149391174316,0.36294078826904297,0.0543279069767441,1.555585727506592,1.150702209086412,1.4186046511627908,0.0
329,SEG_C,SEG_B,0.31744566559791565,0.36280325055122375,0.3197510838508606,0.36280325055122375,0.0367664108123537,1.0133840668405087,0.6162214780067282,1.058139534883721,0.0254976744186046
10568,SEG_A,SEG_B,0.3034626543521881,0.3625793159008026,0.3339580297470093,0.3625793159008026,0.059367529688856,2.3999166267539427,2.017642557226724,3.0005196469878856,0.0308674418604651
12243,SEG_B,SEG_A,0.36248689889907837,0.3267064094543457,0.3108066916465759,0.36248689889907837,0.0691989689518886,0.9156245010909478,0.5436833452556307,1.069767441860465,0.0563651162790697
9541,SEG_A,SEG_C,0.3272685408592224,0.31034743785858154,0.36238402128219604,0.36238402128219604,0.0520046511627907,0.6671544888510458,0.6111036787640503,0.7093023255813954,0.0072023255813953
18076,SEG_B,SEG_A,0.3616798222064972,0.35073545575141907,0.28758469223976135,0.3616798222064972,0.057053488372093,0.5275397796817626,0.1150434420685707,0.4069767441860465,0.0244232558139534
2000,SEG_C,SEG_B,0.31761643290519714,0.3612155318260193,0.3211680054664612,0.3612155318260193,0.0346976744186046,0.8343267166906143,0.4453090741525266,1.976744186046512,0.0
8301,SEG_B,SEG_C,0.3253380358219147,0.3135410249233246,0.36112096905708313,0.36112096905708313,0.0391488372093023,1.3646515175704683,0.941277685850867,1.6046511627906976,0.0169117804142305
9381,SEG_A,SEG_B,0.3221374750137329,0.36103302240371704,0.31682953238487244,0.36103302240371704,0.0439023255813953,1.1272240256860555,0.976637036376384,1.302325581395349,0.0
10582,SEG_A,SEG_C,0.3500559628009796,0.2889496386051178,0.360994428396225,0.360994428396225,0.0190418604651162,0.4931084029588634,0.3149711005571782,0.4534883720930232,0.0097488372093023
14439,SEG_C,SEG_B,0.3246755599975586,0.360948383808136,0.31437602639198303,0.360948383808136,0.0367255813953488,0.4503663101129974,0.1249612898590578,0.3837209302325581,0.026306976744186
34,SEG_A,SEG_B,0.339147686958313,0.3608056902885437,0.3000466525554657,0.3608056902885437,0.0352930232558139,1.3896907068406703,0.9182541345115204,1.4186046511627908,0.0024372093023255
1905,SEG_A,SEG_C,0.30500829219818115,0.33456963300704956,0.3604220449924469,0.3604220449924469,0.0437536640288748,1.722296134674401,1.140050859261334,2.2209302325581395,0.0120744186046511
8994,SEG_A,SEG_B,0.30151328444480896,0.3603120446205139,0.33817464113235474,0.3603120446205139,0.0451511627906976,1.8797473968034344,1.5414910774673536,2.546511627906977,0.0189186046511627
4526,SEG_B,SEG_C,0.3470582365989685,0.2929013967514038,0.3600403368473053,0.3600403368473053,0.0524906976744186,0.8446951554822345,0.4427442950542685,1.4767441860465116,0.0
961,SEG_A,SEG_C,0.2961624264717102,0.34381991624832153,0.36001765727996826,0.36001765727996826,0.0719093023255814,1.2095506714207156,0.7823206952889894,1.2906976744186047,0.0
7198,SEG_B,SEG_A,0.35993823409080505,0.3281480073928833,0.3119138181209564,0.35993823409080505,0.0657720930232558,1.712309084136023,1.193493104020652,2.4651162790697674,0.0
7852,SEG_A,SEG_C,0.35848525166511536,0.28186577558517456,0.3596489131450653,0.3596489131450653,0.0192813953488372,1.119010873999965,1.2955923556233366,1.1395348837209305,0.0456790697674418
4280,SEG_B,SEG_C,0.31297236680984497,0.3278830647468567,0.35914453864097595,0.35914453864097595,0.0712723565084285,1.0800560552037324,0.6520466908085553,1.0930232558139534,0.0
4324,SEG_C,SEG_A,0.3587414622306824,0.28306305408477783,0.3581954836845398,0.3587414622306824,0.0089209302325581,1.3723324996008728,1.141977029092684,2.069767441860465,0.0226697674418604
15433,SEG_B,SEG_A,0.3582168519496918,0.2879593074321747,0.35382384061813354,0.3582168519496918,0.0595558139534883,2.726819576747734,2.253312349340132,3.63953488372093,0.0241837209302325
9921,SEG_A,SEG_B,0.3023673892021179,0.3569897711277008,0.3406428396701813,0.3569897711277008,0.0454348837209302,0.7041491494155003,0.3579195374107189,1.7325581395348837,0.017913953488372
9092,SEG_A,SEG_C,0.34456104040145874,0.29878348112106323,0.3566555380821228,0.3566555380821228,0.0433651162790697,0.606726624447874,0.2402565560460101,0.8255813953488372,0.0
5790,SEG_A,SEG_C,0.32326221466064453,0.32052698731422424,0.35621076822280884,0.35621076822280884,0.0154162790697674,0.3048622567541199,0.0964923038046184,0.2790697674418604,0.0
11720,SEG_A,SEG_C,0.35443687438964844,0.2894512116909027,0.3561118543148041,0.3561118543148041,0.055260465116279,0.9357405140758874,0.4652120612988816,1.1046511627906976,0.0060930232558139
13348,SEG_A,SEG_C,0.338520348072052,0.3054824471473694,0.3559971749782562,0.3559971749782562,0.0513488372093023,0.4992993099533465,0.1409259713458245,0.6627906976744186,0.0024372093023255
13939,SEG_A,SEG_B,0.30580762028694153,0.35586151480674744,0.3383309245109558,0.35586151480674744,0.0457790697674418,0.6293793127915847,0.3178362703491468,1.0348837209302326,0.0558674418604651
1893,SEG_A,SEG_B,0.31588512659072876,0.35423967242240906,0.32987526059150696,0.35423967242240906,0.054253488372093,0.7237950792045839,0.3269923025658939,0.627906976744186,0.0023255813953488
2605,SEG_C,SEG_A,0.3538086414337158,0.30453231930732727,0.3416590988636017,0.3538086414337158,0.0564581395348837,1.1200663438170757,0.773810762534034,1.302325581395349,0.0
5375,SEG_B,SEG_C,0.3309614658355713,0.31562572717666626,0.35341277718544006,0.35341277718544006,0.0433790697674418,0.5127632022422083,0.1364523177774309,0.5116279069767442,0.0
2644,SEG_A,SEG_C,0.3015996217727661,0.34539106488227844,0.35300931334495544,0.35300931334495544,0.0825152480216561,0.8949319709790149,0.4867577603918532,1.4767441860465116,0.0131930232558139
13793,SEG_A,SEG_C,0.3146079480648041,0.3326071500778198,0.3527849614620209,0.3527849614620209,0.0409395348837209,0.8690330477356182,0.4452317189994045,0.9651162790697676,0.0585023255813953
2542,SEG_B,SEG_C,0.31273311376571655,0.33557119965553284,0.351695716381073,0.351695716381073,0.0450093023255813,0.622567541198801,0.1768130591292757,0.7906976744186046,0.025453488372093
953,SEG_B,SEG_C,0.30264145135879517,0.3459029793739319,0.35145553946495056,0.35145553946495056,0.0043767441860465,1.1326255476912708,0.7193682415674567,1.7325581395348837,0.0723792222746956
4314,SEG_A,SEG_C,0.3197764456272125,0.3289829194545746,0.3512406349182129,0.3512406349182129,0.0450209302325581,0.9277757082291168,0.6646017129082527,1.1046511627906976,0.0
5365,SEG_A,SEG_C,0.32909414172172546,0.3203471601009369,0.35055866837501526,0.35055866837501526,0.0343663229839628,1.1606354105688894,0.7572970281036268,1.441860465116279,0.0408046511627906
9138,SEG_A,SEG_B,0.32335618138313293,0.35053926706314087,0.3261045515537262,0.35053926706314087,0.0192116279069767,1.1529455590442232,0.755211933376441,1.255813953488372,0.007160465116279
17430,SEG_B,SEG_A,0.3501579165458679,0.33447420597076416,0.3153678774833679,0.3501579165458679,0.0409883720930232,1.3859560427864404,0.8609618448076386,2.058139534883721,0.0035651162790697
17419,SEG_B,SEG_A,0.35010185837745667,0.3349210023880005,0.31497713923454285,0.35010185837745667,0.045560465116279,1.3087116172635838,0.8658083544535863,1.6162790697674418,0.0241302325581395
370,SEG_A,SEG_B,0.3226727247238159,0.3497903645038605,0.327536940574646,0.3497903645038605,0.0065930232558139,1.0391588171642454,0.7010400330987189,3.616279069767442,0.0047488372093023
1531,SEG_A,SEG_C,0.33906516432762146,0.3113032877445221,0.34963157773017883,0.34963157773017883,0.0633860465116279,0.6184964433328012,0.2383764285590412,0.6162790697674418,0.0
9310,SEG_B,SEG_C,0.33569958806037903,0.3153075873851776,0.34899282455444336,0.34899282455444336,0.035313953488372,1.099905983360829,0.7174884365066978,1.686046511627907,0.0073116279069767
18073,SEG_A,SEG_C,0.3144342303276062,0.3374188542366028,0.3481469750404358,0.3481469750404358,0.0349906976744186,2.1914657726216453,1.5957488501781087,2.372093023255814,0.0109372093023255
3981,SEG_A,SEG_C,0.3043769896030426,0.34760934114456177,0.34801366925239563,0.34801366925239563,0.0522023255813953,0.3787983609174605,0.0145568710809852,1.5232558139534884,0.0
5161,SEG_B,SEG_C,0.3113325238227844,0.34099382162094116,0.347673624753952,0.347673624753952,0.1014652919358515,1.358416263104678,0.9249849797430422,1.5232558139534884,0.0
11762,SEG_B,SEG_A,0.3472703993320465,0.33425775170326233,0.31847184896469116,0.3472703993320465,0.0065058578676838,0.9357759920529332,0.630069034857448,1.7674418604651163,0.1118308425871548
6494,SEG_B,SEG_A,0.34712207317352295,0.34345173835754395,0.3094262182712555,0.34712207317352295,0.0568441860465116,0.3584694800702463,0.0293762354301079,0.4186046511627907,0.0168955013444631
15637,SEG_A,SEG_B,0.3115365207195282,0.34648260474205017,0.34198087453842163,0.34648260474205017,0.0518046511627907,0.9341440051088288,0.45159931721505,2.2674418604651163,0.0266837209302325
5381,SEG_B,SEG_A,0.34622031450271606,0.3334452509880066,0.32033443450927734,0.34622031450271606,0.0584186046511627,0.5205594876980115,0.3253675754440523,0.6162790697674418,0.0
6313,SEG_C,SEG_A,0.3455348610877991,0.33726659417152405,0.3171985447406769,0.3455348610877991,0.0607430671700094,0.871587462082912,0.4012692238631551,0.8372093023255814,0.0316023255813953
10604,SEG_B,SEG_C,0.31524762511253357,0.33936065435409546,0.3453916907310486,0.3453916907310486,0.0483186046511627,1.244407783868164,0.9446736084788216,1.6162790697674418,0.0072790697674418
3335,SEG_A,SEG_C,0.3232331871986389,0.3330792486667633,0.3436875641345978,0.3436875641345978,0.0477627906976744,0.5833200290919411,0.2969866787566178,0.4069767441860465,0.0
7977,SEG_C,SEG_B,0.3284432888031006,0.34352296590805054,0.32803377509117126,0.34352296590805054,0.0397488372093023,2.2204512798680223,1.6689898421705711,2.697674418604651,0.0437465116279069
14262,SEG_A,SEG_C,0.3144952952861786,0.34211575984954834,0.34338897466659546,0.34338897466659546,0.008660465116279,0.1400759228708779,-0.1711706689855589,0.7441860465116279,0.0073116279069767
13571,SEG_B,SEG_C,0.3201121985912323,0.3365800678730011,0.3433076739311218,0.3433076739311218,0.0112441860465116,0.3429922125840385,0.0861947869517714,0.3372093023255814,0.0230697674418604
1325,SEG_A,SEG_B,0.3328828513622284,0.3425811529159546,0.32453596591949463,0.3425811529159546,0.0560837209302325,0.4116243591790396,0.1147548192577066,0.7325581395348837,0.0
4784,SEG_C,SEG_A,0.3419041335582733,0.32024815678596497,0.33784767985343933,0.3419041335582733,0.0352930232558139,0.5642151384528055,0.2368125388649814,1.1744186046511629,0.0156
11841,SEG_B,SEG_A,0.34168294072151184,0.32230815291404724,0.3360089063644409,0.34168294072151184,0.0784372971307164,1.8527930037429268,1.9522370404018776,1.7906976744186047,0.0267465116279069
11653,SEG_A,SEG_C,0.3312433063983917,0.32937929034233093,0.33937743306159973,0.33937743306159973,0.0718883720930232,1.1821794121299205,0.7589801333363063,1.837209302325581,0.0288302325581395
